subject,topic,question,option_a,option_b,option_c,option_d,correct_letter,explanation,difficulty,source,tags
Computer Networks,networking miscellaneous,Protocols are,Agreements on how communication components and DTE,Logical communication channels used for transferri,Physical communication channels used for transferr,None of the above,A,,medium,web:Examveda.com https://www.examveda.com/networking/practice-mcq-question-on-networking-miscellaneous/,
Computer Networks,networking miscellaneous,"The method of communication in which transmission takes place in both directions, but only one direction at a time is called",Simplex,Four wire circuit,Full Duplex,Half Duplex,D,"A. Simplex: 
Simplex communication is a method of communication where transmission occurs in only one direction. It does not support two-way communication. 
B. Four wire circuit: 
A four-wire circuit refers to a communication channel that uses separate wires for transmission and reception, allowing for simultaneous two-way communication. However, this option does not describe the scenario where only one direction is allowed at a time. 
C. Full Duplex: 
Full duplex communication is a method where transmission can occur simultaneously in both directions. It allows for two-way communication simultaneously, which is not the case in the given scenario. 
D. Half Duplex: 
Half duplex communication is the correct answer. In this method, transmission can take place in both directions, but only one direction can occur at a time. The communication switches between the two directions, allowing commu",medium,web:Examveda.com https://www.examveda.com/networking/practice-mcq-question-on-networking-miscellaneous/,
Computer Networks,networking miscellaneous,Error detection at the data link level is achieved by,Bit Stuffing,Cyclic Redundancy Code,Hamming Code,Equalization,B,,medium,web:Examveda.com https://www.examveda.com/networking/practice-mcq-question-on-networking-miscellaneous/,
Computer Networks,networking miscellaneous,Which of the following is a wrong example of network layer?,Internet Protocol (IP) - ARPANET,X.25 Packet Level Protocol (PLP)-ISO,Source routing and domain naming-USENet,X.25 level 2-ISO,D,,medium,web:Examveda.com https://www.examveda.com/networking/practice-mcq-question-on-networking-miscellaneous/,
Computer Networks,networking miscellaneous,The topology with highest reliability is:,Bus topology,Star topology,Ring topology,Mesh topology,D,"Mess Topology is a network setup where each computer and network device is interconnected with one another, allowing for most transmissions to be distributed, even if one of the connections go down. This topology is not commonly used for most computer networks as it is difficult and expensive to have redundant connection to every computer. However, this topology is commonly used for wireless networks.",medium,web:Examveda.com https://www.examveda.com/networking/practice-mcq-question-on-networking-miscellaneous/,
Computer Networks,networking miscellaneous,"""BAUD"" rate means",The number of bits transmitted per unit time.,The number of bytes transmitted per unit time.,The rate at which the signal changes.,None of the above,C,,medium,web:Examveda.com https://www.examveda.com/networking/practice-mcq-question-on-networking-miscellaneous/,
Computer Networks,networking miscellaneous,Start and stop bits are used in serial communication for,Error detection,Error correction,Synchronization,Slowing down the communication,C,,medium,web:Examveda.com https://www.examveda.com/networking/practice-mcq-question-on-networking-miscellaneous/,
Computer Networks,networking miscellaneous,Unmodulated signal coming from a transmitter is know as,Carrier signal,Baseband signal,Primary signal,None of these,B,,medium,web:Examveda.com https://www.examveda.com/networking/practice-mcq-question-on-networking-miscellaneous/,
Computer Networks,networking miscellaneous,"How many Character per sec(7bits + 1parity) can be transmitted over a 2400 bps line if the transfer is synchronous (1 ""Start"" and 1 ""stop"" bit)?",300,240,250,275,A,"Start and stop bits are not needed in synchronous transfer of data. So, it is 2400/8=300.",medium,web:Examveda.com https://www.examveda.com/networking/practice-mcq-question-on-networking-miscellaneous/,
Computer Networks,networking miscellaneous,Which one of the following network uses dynamic or adaptive routing?,TYMNET,ARPANET,SNA(IBM's System Network Architechture),None of these,B,,medium,web:Examveda.com https://www.examveda.com/networking/practice-mcq-question-on-networking-miscellaneous/,
Computer Networks,networking miscellaneous,The number of cross point needed for 10 lines in a cross point switch which is full duplex in nature and there are no self connection is,100,45,50,90,B,"As all lines are full-duplex and there are no self connections, only the cross points above the diagonals are needed. Hence formula for the number of cross points required is n(n-1)/2.",medium,web:Examveda.com https://www.examveda.com/networking/practice-mcq-question-on-networking-miscellaneous/?page=2,
Computer Networks,networking miscellaneous,A terminal multiplexer has six 1200 bps terminals and 'n' 300bps terminals connected to it. The outgoing line is 9600bps. What is the maximum value of n?,4,16,8,28,C,"Since there are six 1200bps terminals, 6*1200 + n*300 =9600 by solving this, n=8.",medium,web:Examveda.com https://www.examveda.com/networking/practice-mcq-question-on-networking-miscellaneous/?page=2,
Computer Networks,networking miscellaneous,Maximum data rate of a channel for a noiseless 3-kHz binary channel is,3000bps,6000 bps,1500 bps,None of these,B,"Maximum data rate = 2Hlog2V bps, where H is the bandwidth, V is the discrete levels. Here H is 3 kHz and V is 2. 

So, data rate = 2*3000 log22 bps = 6000 bps.",medium,web:Examveda.com https://www.examveda.com/networking/practice-mcq-question-on-networking-miscellaneous/?page=2,
Computer Networks,networking miscellaneous,The ________ measures the number of lost or garbled messages as a fraction of the total sent in the sampling period.,Residual Error Rate.,Transfer Failure Probability.,Connection release failure probability.,Connection establish.,A,,medium,web:Examveda.com https://www.examveda.com/networking/practice-mcq-question-on-networking-miscellaneous/?page=2,
Computer Networks,networking miscellaneous,"In session layer, during data transfer, the data stream responsible for the ""control"" purpose (i.e control of the session layer itself) is",Regular Data,Typed data,Capability Data,Expedited Data,C,,medium,web:Examveda.com https://www.examveda.com/networking/practice-mcq-question-on-networking-miscellaneous/?page=2,
Computer Networks,networking miscellaneous,A high speed communication equipment typically would not be needed for,E-mail,Transferring large volume of data,Supporting communication between nodes in a LAN,All of these,A,,medium,web:Examveda.com https://www.examveda.com/networking/practice-mcq-question-on-networking-miscellaneous/?page=2,
Computer Networks,networking miscellaneous,Which of the following ISO level is more closely related to the physical communications facilities?,Application,Session,Networking,Data Link,D,,medium,web:Examveda.com https://www.examveda.com/networking/practice-mcq-question-on-networking-miscellaneous/?page=2,
Computer Networks,networking miscellaneous,which of the following is not a field in the Ethernet Message packet?,Type,Data,Pin-code,Address,C,,medium,web:Examveda.com https://www.examveda.com/networking/practice-mcq-question-on-networking-miscellaneous/?page=2,
Computer Networks,networking miscellaneous,The Network topology that supports bi-directional links between each possible node is,Ring,Star,Tree,Mesh,D,"A mesh network is a local area network topology in which the infrastructure nodes connect directly, dynamically and non-hierarchically to as many other nodes as possible and cooperate with one another to efficiently route data to and from clients.",medium,web:Examveda.com https://www.examveda.com/networking/practice-mcq-question-on-networking-miscellaneous/?page=2,
Computer Networks,networking miscellaneous,"In a broad Sense, a railway track is an example of",Simplex,Half Duplex,Full Duplex,All of these,B,,medium,web:Examveda.com https://www.examveda.com/networking/practice-mcq-question-on-networking-miscellaneous/?page=2,
Computer Networks,networking miscellaneous,Which network has connectivity range up to 10 meters?,LAN,PAN,MAN,WAN,B,,medium,web:Examveda.com https://www.examveda.com/networking/practice-mcq-question-on-networking-miscellaneous/?page=3,
Computer Networks,networking miscellaneous,What is Unicode?,Represents symbol or characters used in any langua,Only few languages are supported,Supports only few characters,Characters from A to Z,A,,medium,web:Examveda.com https://www.examveda.com/networking/practice-mcq-question-on-networking-miscellaneous/?page=3,
Computer Networks,networking miscellaneous,"For data communications to occur, the communicating devices must be part of a communication system made up of a combination of?",WAN and LAN,Hardware and software,Full duplex and half duplex,All of the above,B,,medium,web:Examveda.com https://www.examveda.com/networking/practice-mcq-question-on-networking-miscellaneous/?page=3,
Computer Networks,networking miscellaneous,Correct method for full duplex mode of communication is:,Both stations can transmit and receive data at the,One device can send other device can only accepts.,One device sends and other device receives and vic,None of these,A,,medium,web:Examveda.com https://www.examveda.com/networking/practice-mcq-question-on-networking-miscellaneous/?page=3,
Computer Networks,networking miscellaneous,Data communications system depends on four fundamental characteristics,Receiver,Sender,Timeliness,Medium,C,"Data communications means the exchange of data between two devices via some form of transmission medium such as a wire cable. For data communications to occur, the communicating devices must be part of a communication system made up of a combination of hardware (physical equipment) and software (programs). 
The effectiveness of a data communications system depends on four fundamental characteristics: delivery, accuracy, timeliness, and jitter. 
1. Delivery: The system must deliver data to the correct destination. Data must be received by the intended device or user and only by that device or user. 
2. Accuracy: The system must deliver the data accurately. Data that have been altered in transmission and left uncorrected are unusable. 
3. Timeliness: The system must deliver data in a timely manner. Data delivered late are useless. In the case of video and audio, timely delivery means deliv",medium,web:Examveda.com https://www.examveda.com/networking/practice-mcq-question-on-networking-miscellaneous/?page=3,
Computer Networks,networking miscellaneous,A data communications system has:,4 components,5 components,6 components,7 components,B,,medium,web:Examveda.com https://www.examveda.com/networking/practice-mcq-question-on-networking-miscellaneous/?page=3,
Computer Networks,networking miscellaneous,00 represents a pixel that pixel is known as :,Black pixel,Light gray,White pixel,Dark gray pixel,A,,medium,web:Examveda.com https://www.examveda.com/networking/practice-mcq-question-on-networking-miscellaneous/?page=3,
Computer Networks,networking miscellaneous,Select correct type of line configuration:,Multi-point,Single point,Link,Dedicated point,A,,medium,web:Examveda.com https://www.examveda.com/networking/practice-mcq-question-on-networking-miscellaneous/?page=3,
Computer Networks,networking miscellaneous,Select the wrong data communication system component:,Medium,Protocol,Receiver,Transits,D,,medium,web:Examveda.com https://www.examveda.com/networking/practice-mcq-question-on-networking-miscellaneous/?page=3,
Computer Networks,networking miscellaneous,Time required for a message to travel from one device to another is known as:,Transit time,Dialogue time,Response time,Wait time,A,,medium,web:Examveda.com https://www.examveda.com/networking/practice-mcq-question-on-networking-miscellaneous/?page=3,
Computer Networks,networking miscellaneous,"If one link fails, only that link is affected. All other links remain active. Which topology does this?",Mesh topology,Star topology,Bus topology,Physical topology,B,,medium,web:Examveda.com https://www.examveda.com/networking/practice-mcq-question-on-networking-miscellaneous/?page=4,
Computer Networks,networking miscellaneous,OSI model means:,Open systems interconnection,Operating system interconnection,Open source interconnection,Operating source interconnection,A,,medium,web:Examveda.com https://www.examveda.com/networking/practice-mcq-question-on-networking-miscellaneous/?page=4,
Computer Networks,networking miscellaneous,Select the correct cable that transport signals in the form of light:,Twisted-Pair cable,Fiber optic cable,Coaxial Cable,Shielded Twisted Pair cable,B,,medium,web:Examveda.com https://www.examveda.com/networking/practice-mcq-question-on-networking-miscellaneous/?page=4,
Computer Networks,networking miscellaneous,"Twisted pair wires, coaxial cable, optical fiber cables are the examples of:",Wired Media,Wireless Media,Both A & B,None of these,A,,medium,web:Examveda.com https://www.examveda.com/networking/practice-mcq-question-on-networking-miscellaneous/?page=4,
Computer Networks,networking miscellaneous,Which of the followings is used in communications is referred to as unshielded twisted-pair (UTP)?,Coaxial cable,Fiber-optic cable,Twisted-pair cable,None of these,C,,medium,web:Examveda.com https://www.examveda.com/networking/practice-mcq-question-on-networking-miscellaneous/?page=4,
Computer Networks,networking miscellaneous,What is Cladding?,Cables with shield,Coxial Cable,A typical optical fiber consists of a very narrow,None of these,C,,medium,web:Examveda.com https://www.examveda.com/networking/practice-mcq-question-on-networking-miscellaneous/?page=4,
Computer Networks,networking miscellaneous,Which network is a cross between circuits switched network and a data-gram network?,Circuit-switched network,Virtual-circuit network,Virtual-circuit identifier,None of these,B,,medium,web:Examveda.com https://www.examveda.com/networking/practice-mcq-question-on-networking-miscellaneous/?page=4,
Computer Networks,networking miscellaneous,"Select the cable that uses copper conductor, accept and transport signals in the form of electric current?",Fiber-optic cable,Metallic cable,Twisted pair cable,All of the above,C,,medium,web:Examveda.com https://www.examveda.com/networking/practice-mcq-question-on-networking-miscellaneous/?page=4,
Computer Networks,networking miscellaneous,Number of Unguided Media is:,6,5,4,3,D,"Unguided Media: Unguided media refer to the transmission media that do not require any physical conductor or wire. These are primarily used for wireless communication.
 
There are three main types of unguided media: 

 1. Radio waves: These are used for long-range communication like broadcasting and mobile communication. 
 2. Microwaves: These are used for point-to-point communication and satellite communications. 
 3. Infrared: This is used for short-range communication, such as remote controls and wireless data transfers.
 
 Therefore, the correct answer is Option D: 3 types of unguided media in network communication.",medium,web:Examveda.com https://www.examveda.com/networking/practice-mcq-question-on-networking-miscellaneous/?page=4,
Computer Networks,networking miscellaneous,Switching at the network layer in the Internet uses the datagram approach to:,Message switching,Circuit switching,IP switching,Packet switching,D,,medium,web:Examveda.com https://www.examveda.com/networking/practice-mcq-question-on-networking-miscellaneous/?page=4,
Computer Networks,networking miscellaneous,Which is also known as a connectionless protocol for a packet-switching network that uses the Datagram approach?,IPV5,IPV4,IPV6,None of these,B,"IPV4 (Internet Protocol version 4) is a connectionless protocol used in packet-switching networks. It is the most widely used version of the Internet Protocol. IPV4 uses the Datagram approach, where data is divided into small packets, each packet is individually routed to its destination, and packets can take different paths to reach the destination. The packets are then reassembled at the destination to form the complete data.
 
IPV5 and IPV6 are also Internet Protocol versions, but they are not specifically known for being connectionless or using the Datagram approach. Therefore, option B, IPV4, is the correct choice in this context.",medium,web:Examveda.com https://www.examveda.com/networking/practice-mcq-question-on-networking-miscellaneous/?page=5,
Computer Networks,networking miscellaneous,Which switch is a multistage switch with micro switches at each stage that route the packets based on the output port represented as a binary string?,Banyan switch,Crossbar switch,Multistage crossbar,Packet switch,A,,medium,web:Examveda.com https://www.examveda.com/networking/practice-mcq-question-on-networking-miscellaneous/?page=5,
Computer Networks,networking miscellaneous,How many digits of the DNIC (Data Network Identification Code) identify the country?,first three,first four,first five,first six,A,,medium,web:Examveda.com https://www.examveda.com/networking/practice-mcq-question-on-networking-miscellaneous/?page=5,
Computer Networks,networking miscellaneous,A station in a network forwards incoming packets by placing them on its shortest output queue. What routing algorithm is being used?,hot potato routing,flooding,static routing,delta routing,A,,medium,web:Examveda.com https://www.examveda.com/networking/practice-mcq-question-on-networking-miscellaneous/?page=5,
Computer Networks,networking miscellaneous,"The probability that a single bit will be in error on a typical public telephone line using 4800 bps modem is 10 to the power -3. If no error detection mechanism is used, the residual error rate for a communication line using 9-bit frames is approximately equal to",0.003,0.009,0.991,0.999,B,,medium,web:Examveda.com https://www.examveda.com/networking/practice-mcq-question-on-networking-miscellaneous/?page=5,
Computer Networks,networking miscellaneous,Frames from one LAN can be transmitted to another LAN via the device,Router,Bridge,Repeater,Modem,B,,medium,web:Examveda.com https://www.examveda.com/networking/practice-mcq-question-on-networking-miscellaneous/?page=5,
Computer Networks,networking miscellaneous,Which of the following condition is used to transmit two packets over a medium at the same time?,Contention,Collision,Synchronous,Asynchronous,B,,medium,web:Examveda.com https://www.examveda.com/networking/practice-mcq-question-on-networking-miscellaneous/?page=5,
Computer Networks,networking miscellaneous,"You have a class A network address 10.0.0.0 with 40 subnets, but are required to add 60 new subnets very soon. You would like to still allow for the largest possible number of host IDs per subnet. Which subnet mask should you assign?",255.240.0.0,255.248.0.0,255.252.0.0,255.254.0.0,D,,medium,web:Examveda.com https://www.examveda.com/networking/practice-mcq-question-on-networking-miscellaneous/?page=5,
Computer Networks,networking miscellaneous,What are the most commonly used transmission speeds in BPS used in data communication?,300,1200,2400,9600,D,,medium,web:Examveda.com https://www.examveda.com/networking/practice-mcq-question-on-networking-miscellaneous/?page=5,
Computer Networks,networking miscellaneous,What is the default subnet mask for a class C network?,127.0.0.1,255.0.0.0,255.255.0.0,255.255.255.0,D,,medium,web:Examveda.com https://www.examveda.com/networking/practice-mcq-question-on-networking-miscellaneous/?page=5,
Computer Networks,networking miscellaneous,Which of the following is used for modulation and demodulation?,modem,protocols,gateway,multiplexer,A,,medium,web:Examveda.com https://www.examveda.com/networking/practice-mcq-question-on-networking-miscellaneous/?page=6,
Computer Networks,networking miscellaneous,Which of the following is not a disadvantage of wireless LAN?,Slower data transmission,higher error rate,interference of transmissions from different computers,All of the above,D,,medium,web:Examveda.com https://www.examveda.com/networking/practice-mcq-question-on-networking-miscellaneous/?page=6,
Computer Networks,networking miscellaneous,The Internet Control Message Protocol (ICMP),allows gateways to send error a control messages to other gateways or hosts,provides communication between the Internet Protocol Software on one machine and the Internet Protocol Software on another,"reports error conditions to the original source, the source must relate errors to individual application programs and take action to correct the problem",All of the above,D,,medium,web:Examveda.com https://www.examveda.com/networking/practice-mcq-question-on-networking-miscellaneous/?page=6,
Computer Networks,networking miscellaneous,"Your company has a LAN in its downtown office and has now set up a LAN in the manufacturing plant in the suburbs. To enable everyone to share data and resources between the two LANs, what type of device(s) are needed to connect them? Choose the most correct answer.",Modem,Cable,Hub,Router,D,,medium,web:Examveda.com https://www.examveda.com/networking/practice-mcq-question-on-networking-miscellaneous/?page=6,
Computer Networks,networking miscellaneous,"The term 'duplex' refers to the ability of the data receiving stations to echo back a confirming message to the sender. In full duplex data transmission, both the sender and the receiver",cannot talk at once,can receive and send data simultaneously,can send or receive data one at a time,can do one way data transmission only,B,,medium,web:Examveda.com https://www.examveda.com/networking/practice-mcq-question-on-networking-miscellaneous/?page=6,
Computer Networks,networking miscellaneous,How many hosts are attached to each of the local area networks at your site?,128,254,256,64,B,,medium,web:Examveda.com https://www.examveda.com/networking/practice-mcq-question-on-networking-miscellaneous/?page=6,
Computer Networks,networking miscellaneous,Which of the following technique is used for fragment?,a technique used in best-effort delivery systems to avoid endlessly looping packets,a technique used by protocols in which a lower level protocol accepts a message from a higher level protocol and places it in the data portion of the low level frame,one of the pieces that results when an IP gateway divides an IP datagram into smaller pieces for transmission across a network that cannot handle the original datagram size,All of the above,C,,medium,web:Examveda.com https://www.examveda.com/networking/practice-mcq-question-on-networking-miscellaneous/?page=6,
Computer Networks,networking miscellaneous,Contention is,One or more conductors that serve as a common connection for a related group of devices,a continuous frequency capable of being modulated or impressed with a second signal,the condition when two or more stations attempt to use the same channel at the same time,a collection of interconnected functional units that provides a data communications service among stations attached to the network,C,,medium,web:Examveda.com https://www.examveda.com/networking/practice-mcq-question-on-networking-miscellaneous/?page=6,
Computer Networks,networking miscellaneous,Avalanche photodiode receivers can detect hits of transmitted data by receiving,100 photons,200 photons,300 photons,400 photons,B,,medium,web:Examveda.com https://www.examveda.com/networking/practice-mcq-question-on-networking-miscellaneous/?page=6,
Computer Networks,networking miscellaneous,Satellite-Switched Time-Division Multiple Access (SS/TDMA) is,the method of determining which device has access to the transmission medium at any time.,a medium access control technique for multiple access transmission media,a form of TDMA in which circuit switching is used to dynamically change the channel assignments,All of the above,C,,medium,web:Examveda.com https://www.examveda.com/networking/practice-mcq-question-on-networking-miscellaneous/?page=6,
Computer Networks,networking miscellaneous,"When you ping the loopback address, a packet is sent where?",On the network,Down through the layers of the IP architecture and then up the layers again,Across the wire,through the loopback dongle,B,,medium,web:Examveda.com https://www.examveda.com/networking/practice-mcq-question-on-networking-miscellaneous/?page=7,
Computer Networks,networking miscellaneous,Which of the following TCP/IP protocol is used for transferring electronic mail messages from one machine to another?,FTP,SNMP,SMTP,RPC,C,,medium,web:Examveda.com https://www.examveda.com/networking/practice-mcq-question-on-networking-miscellaneous/?page=7,
Computer Networks,networking miscellaneous,"Which of the following device is used to connect two systems, especially if the systems use different protocols?",hub,bridge,gateway,repeater,C,,medium,web:Examveda.com https://www.examveda.com/networking/practice-mcq-question-on-networking-miscellaneous/?page=7,
Computer Networks,networking miscellaneous,The synchronous modems are more costly than the asynchronous modems because,they produce large volume of data,they contain clock recovery circuits,they transmit the data with stop and start bits.,they operate with a larger bandwidth,B,,medium,web:Examveda.com https://www.examveda.com/networking/practice-mcq-question-on-networking-miscellaneous/?page=7,
Computer Networks,networking miscellaneous,A distributed network configuration in which all data/information pass through a central computer is,bus network,star network,ring network,Point-to-point network,B,,medium,web:Examveda.com https://www.examveda.com/networking/practice-mcq-question-on-networking-miscellaneous/?page=7,
Computer Networks,networking miscellaneous,Which of the following TCP/IP protocol allows an application program on one machine to send a datagram to an application program on another machine?,UDP,VMTP,X.25,SMTP,A,,medium,web:Examveda.com https://www.examveda.com/networking/practice-mcq-question-on-networking-miscellaneous/?page=7,
Computer Networks,networking miscellaneous,A remote batch-processing operation in which data is solely input to a central computer would require a:,telegraph line,simplex lines,mixedband channel,All the above,B,,medium,web:Examveda.com https://www.examveda.com/networking/practice-mcq-question-on-networking-miscellaneous/?page=7,
Computer Networks,networking miscellaneous,ICMP (Internet Control Message Protocol) is,a TCP/IP protocol used to dynamically bind a high level IP Address to a low-level physical hardware address,a TCP/IP high level protocol for transferring files from one machine to another,a protocol used to monitor computers,a protocol that handles error and control messages,D,,medium,web:Examveda.com https://www.examveda.com/networking/practice-mcq-question-on-networking-miscellaneous/?page=7,
Computer Networks,networking miscellaneous,"If you get both local and remote echoes, every character you type will appear on the screen",once,twice,three times,never,B,,medium,web:Examveda.com https://www.examveda.com/networking/practice-mcq-question-on-networking-miscellaneous/?page=7,
Computer Networks,networking miscellaneous,"What part of 192.168.10.51 is the Network ID, assuming a default subnet mask?",192,192.168.10,0.0.0.5,51,B,,medium,web:Examveda.com https://www.examveda.com/networking/practice-mcq-question-on-networking-miscellaneous/?page=7,
Computer Networks,networking miscellaneous,The slowest transmission speeds are those of,twisted-pair wire,coaxial cable,fiber-optic cable,microwaves,A,"Twisted-pair wire has the slowest transmission speeds among the given options. 
It is commonly used in telephone networks and older data communication networks. 
Coaxial cable has higher transmission speeds compared to twisted-pair wire and is used in cable TV and internet services. 
Fiber-optic cable offers the highest transmission speeds as it uses light to transmit data. 
Microwaves are used for wireless transmission and offer higher speeds compared to twisted-pair wire.",medium,web:Examveda.com https://www.examveda.com/networking/practice-mcq-question-on-networking-miscellaneous/?page=8,
Computer Networks,networking miscellaneous,A noiseless 3 KHz Channel transmits bits with binary level signals. What is the maximum data rate?,3 Kbps,6 Kbps,12 Kbps,24 Kbps.,B,,medium,web:Examveda.com https://www.examveda.com/networking/practice-mcq-question-on-networking-miscellaneous/?page=8,
Computer Networks,networking miscellaneous,Carrier is,One or more conductors that serve as a common connection for a related group of devices,a continuous frequency capable of being modulated or impressed with a second signal,the condition when two or more sections attempt to use the same channel at the same time,a collection of interconnected functional units that provides a data communications service among stations attached to the network,B,,medium,web:Examveda.com https://www.examveda.com/networking/practice-mcq-question-on-networking-miscellaneous/?page=8,
Computer Networks,networking miscellaneous,What can greatly reduce TCP/IP configuration problems?,WINS Server,WINS Proxy,DHCP Server,PDC,C,,medium,web:Examveda.com https://www.examveda.com/networking/practice-mcq-question-on-networking-miscellaneous/?page=8,
Computer Networks,networking miscellaneous,In CRC there is no error if the remainder at the receiver is _____.,equal to the remainder at the sender,zero,nonzero,the quotient at the sender,B,,medium,web:Examveda.com https://www.examveda.com/networking/practice-mcq-question-on-networking-miscellaneous/?page=8,
Computer Networks,networking miscellaneous,Which of the following statements is correct for the use of packet switching?,the subdivision of information into individually addressed packets in conjunction with alternative routing arrangement enabled the transmission path to be altered in the event of congestion or individ,the employment of additional intelligence within the network enabled more sophisticated error control and link control procedures to be applied,by employing wide bandwidth circuits for the trunk networks substantial economies through extensive sharing of capacity could be achieved.,All of the above,D,,medium,web:Examveda.com https://www.examveda.com/networking/practice-mcq-question-on-networking-miscellaneous/?page=8,
Computer Networks,networking miscellaneous,A front-end processor is,a user computer system,a processor in a large-scale computer that executes operating system instructions,a minicomputer that relieves main-frame computers at a computer centre of communications control functions,preliminary processor of batch jobs.,C,,medium,web:Examveda.com https://www.examveda.com/networking/practice-mcq-question-on-networking-miscellaneous/?page=8,
Computer Networks,networking miscellaneous,What is the port number for NNTP?,119,80,79,70,A,,medium,web:Examveda.com https://www.examveda.com/networking/practice-mcq-question-on-networking-miscellaneous/?page=8,
Computer Networks,networking miscellaneous,"Eight stations are competing for the use of a shared channel using the 'Adaptive tree Walk Protocol'. If the stations 7 and 8 are suddenly become ready at once, how many bit slots are needed to resolve the contention?",7 slots,5 slots,10 slots,14 slots,A,,medium,web:Examveda.com https://www.examveda.com/networking/practice-mcq-question-on-networking-miscellaneous/?page=8,
Computer Networks,networking miscellaneous,"Usually, it takes 10-bits to represent one character. How many characters can be transmitted at a speed of 1200 BPS?",10,12,120,1200,C,,medium,web:Examveda.com https://www.examveda.com/networking/practice-mcq-question-on-networking-miscellaneous/?page=8,
Computer Networks,networking miscellaneous,"To connect a computer with a device in the same room, you might be likely to use",a coaxial cable,a dedicated line,a ground station,All of the above,A,,medium,web:Examveda.com https://www.examveda.com/networking/practice-mcq-question-on-networking-miscellaneous/?page=9,
Computer Networks,networking miscellaneous,Internet-like networks within an enterprise.,Intranets,Switching alternating,Inter organizational networks,Extranets,A,,medium,web:Examveda.com https://www.examveda.com/networking/practice-mcq-question-on-networking-miscellaneous/?page=9,
Computer Networks,networking miscellaneous,How many bits internet address is assigned to each host on a TCP/IP internet which is used in all communications with the host?,16 - bits,32 - bits,48 - bits,64 - bits,B,,medium,web:Examveda.com https://www.examveda.com/networking/practice-mcq-question-on-networking-miscellaneous/?page=9,
Computer Networks,networking miscellaneous,Which of the following types of channels moves data relatively slowly?,wideband channel,voiceband channel,narrowband channel,broadband channel,C,,medium,web:Examveda.com https://www.examveda.com/networking/practice-mcq-question-on-networking-miscellaneous/?page=9,
Computer Networks,networking miscellaneous,Which of the following does not allow multiple users or devices to share one communications line?,doubleplexer,multipplexer,concentrator,controller,A,,medium,web:Examveda.com https://www.examveda.com/networking/practice-mcq-question-on-networking-miscellaneous/?page=9,
Computer Networks,networking miscellaneous,The geostationary satellite used for communication systems,rotates with the earth,remains stationary relative to the earth,is positioned over equator,All of the above,D,,medium,web:Examveda.com https://www.examveda.com/networking/practice-mcq-question-on-networking-miscellaneous/?page=9,
Computer Networks,networking miscellaneous,Telecommunication networks frequently interconnect an organization with its customers and suppliers. Select the best fit for answer:,Bandwidth alternatives,Switching alternating,Inter organizational networks,Extranets,C,,medium,web:Examveda.com https://www.examveda.com/networking/practice-mcq-question-on-networking-miscellaneous/?page=9,
Computer Networks,networking miscellaneous,The packets switching concept was first proposed,in the late 1980s for the Defense Ministry of US.,"in the early 1960s for military communication systems, mainly to handle speech",in the late 1950s for Defense Ministry of US,All of the above,B,,medium,web:Examveda.com https://www.examveda.com/networking/practice-mcq-question-on-networking-miscellaneous/?page=9,
Computer Networks,networking miscellaneous,The _____ houses the switches in token ring.,transceiver,nine-pin connector,MAU,NIC,C,,medium,web:Examveda.com https://www.examveda.com/networking/practice-mcq-question-on-networking-miscellaneous/?page=10,
Computer Networks,networking miscellaneous,What device separates a single network into two segments but lets the two segments appear as one to higher protocols?,Switch,Bridge,Gateway,Router,B,,medium,web:Examveda.com https://www.examveda.com/networking/practice-mcq-question-on-networking-miscellaneous/?page=10,
Computer Networks,networking miscellaneous,"Which of the following refers to the terms ""residual error rate""?",the number of bit errors per twenty four hours of continuous operation on an asynchronous line,The probability that one or more errors will be undetected when an error detection scheme is used,the probability that one or more errors will be detected when an error detection mechanism is used,signal to noise ratio divided by the ratio of energy per bit to noise per hertz,B,,medium,web:Examveda.com https://www.examveda.com/networking/practice-mcq-question-on-networking-miscellaneous/?page=10,
Computer Networks,networking miscellaneous,Which of the following summation operations is performed on the bits to check an error-detecting code?,Codec,Coder-decoder,Checksum,Attenuation,C,,medium,web:Examveda.com https://www.examveda.com/networking/practice-mcq-question-on-networking-miscellaneous/?page=10,
Computer Networks,networking miscellaneous,The research and development department at your office has been experimenting with different technologies to help improve the performance of the network. One group has been examining the use of a broadband network versus a based band network. Select the correct statement about broadband and baseband.,"Broadband networks carry several channels on a single cable, whereas in a baseband network several cables carry one channel","Baseband networks carry a single channel on a single cable, whereas broadband networks carry several channels on a single cable","Baseband refers to local area networks, and broadband refers to wide area networks.","Baseband operates at a standard bit rate, whereas broadband may operate at different rates as needed",B,,medium,web:Examveda.com https://www.examveda.com/networking/practice-mcq-question-on-networking-miscellaneous/?page=10,
Computer Networks,networking miscellaneous,An error-detecting code inserted as a field in a block of data to be transmitted is known as,Frame check sequence,Error detecting code,Checksum,flow control,A,,medium,web:Examveda.com https://www.examveda.com/networking/practice-mcq-question-on-networking-miscellaneous/?page=10,
Computer Networks,networking miscellaneous,The cheapest modems can transmit,300 bits per second,"1,200 bits per second","2,400 bits per second","4,800 bits per second",A,,medium,web:Examveda.com https://www.examveda.com/networking/practice-mcq-question-on-networking-miscellaneous/?page=10,
Computer Networks,networking miscellaneous,Computers cannot communicate with each other directly over telephone lines because they use digital pulses whereas telephone lines use analog sound frequencies. What is the name of the device which permits digital to analog conversion at the start of a long distance transmission?,Interface,Modem,Attenuation,Teleprocessor,B,,medium,web:Examveda.com https://www.examveda.com/networking/practice-mcq-question-on-networking-miscellaneous/?page=10,
Computer Networks,networking miscellaneous,What is the usual number of bits transmitted simultaneously in parallel data transmission used by microcomputers?,16,9,8,4,B,,medium,web:Examveda.com https://www.examveda.com/networking/practice-mcq-question-on-networking-miscellaneous/?page=10,
Computer Networks,networking miscellaneous,The receive equalizer reduces delay distortions using a,tapped delay lines,gearshift,descrambler,difference engine,A,,medium,web:Examveda.com https://www.examveda.com/networking/practice-mcq-question-on-networking-miscellaneous/?page=10,
Computer Networks,networking basics,How long is an IPv6 address?,32 bits,128 bytes,64 bits,128 bits,D,An IPv6 address is 128 bits long.,medium,web:Examveda.com https://www.examveda.com/networking/practice-mcq-question-on-networking-basics/,
Computer Networks,networking basics,What flavor of Network Address Translation can be used to have one IP address allow many users to connect to the global Internet?,NAT,Static,Dynamic,PAT,D,Port Address Translation (PAT) allows a one-to-many approach to network address translation.,medium,web:Examveda.com https://www.examveda.com/networking/practice-mcq-question-on-networking-basics/,
Computer Networks,networking basics,"What are the two main types of access control lists (ACLs)? 
1. Standard 
2. IEEE 
3. Extended 
4. Specialized",1 and 3,2 and 4,3 and 4,1 and 2,A,Standard and extended access control lists (ACLs) are used to configure security on a router.,medium,web:Examveda.com https://www.examveda.com/networking/practice-mcq-question-on-networking-basics/,
Computer Networks,networking basics,What command is used to create a backup configuration?,copy running backup,copy running-config startup-config,config mem,wr mem,B,The command to back up the configuration on a router is copy running-config startup-config.,medium,web:Examveda.com https://www.examveda.com/networking/practice-mcq-question-on-networking-basics/,
Computer Networks,networking basics,"You have 10 users plugged into a hub running 10Mbps half-duplex. There is a server connected to the switch running 10Mbps half-duplex as well. How much bandwidth does each 
host have to the server?",100 kbps,1 Mbps,2 Mbps,10 Mbps,D,Each device has 10 Mbps to the server.,medium,web:Examveda.com https://www.examveda.com/networking/practice-mcq-question-on-networking-basics/,
Computer Networks,networking basics,Which WLAN IEEE specification allows up to 54Mbps at 2.4GHz?,A,B,G,N,C,"IEEE 802.11B is 2.4GHz, but with a maximum of only 11Mbps. IEEE 802.11G is in the 2.4GHz range, with a top speed of 54Mbps.",medium,web:Examveda.com https://www.examveda.com/networking/practice-mcq-question-on-networking-basics/,
Computer Networks,networking basics,Which of the following is the valid host range for the subnet on which the IP address 192.168.168.188 255.255.255.192 resides?,192.168.168.129-190,192.168.168.129-191,192.168.168.128-190,192.168.168.128-192,A,"256 - 192 = 64. 64 + 64 = 128. 128 + 64 = 192. The subnet is 128, the broadcast address is 191, and the valid host range is the numbers in between, or 129-190.",medium,web:Examveda.com https://www.examveda.com/networking/practice-mcq-question-on-networking-basics/,
Computer Networks,networking basics,"To back up an IOS, what command will you use?",backup IOS disk,copy ios tftp,copy tftp flash,copy flash tftp,D,The command copy flash tftp will prompt you to back up an existing IOS in flash to a TFTP host.,medium,web:Examveda.com https://www.examveda.com/networking/practice-mcq-question-on-networking-basics/,
Computer Networks,networking basics,What protocol does PPP use to identify the Network layer protocol?,NCP,ISDN,HDLC,LCP,A,Network Control Protocol is used to help identify the Network layer protocol used in the packet.,medium,web:Examveda.com https://www.examveda.com/networking/practice-mcq-question-on-networking-basics/,
Computer Networks,networking basics,Which of the following commands will allow you to set your Telnet password on a Cisco router?,line telnet 0 4,line aux 0 4,line vty 0 4,line con 0,C,"The command line vty 0 4 places you in a prompt that will allow you to set or change your Telnet password. 

 
 
 
 



 
 
 
 
 
 
 
 
 
 
 
 
 1
2
3
4

 
 
 
 
 
 
 
 
 
 

 
 

 -->
 
 
 


 

-->
 
 
 Copyright © 2026 Examveda.com
 
 
 
 
 
 
 
 
 
 About Us |
 Terms & Condition |
 Privacy Policy |
 Contact Us",medium,web:Examveda.com https://www.examveda.com/networking/practice-mcq-question-on-networking-basics/,
Computer Networks,networking basics,Which protocol does DHCP use at the Transport layer?,IP,TCP,UDP,ARP,C,"User Datagram Protocol is a connection network service at the Transport layer, and DHCP uses this connectionless service.",medium,web:Examveda.com https://www.examveda.com/networking/practice-mcq-question-on-networking-basics/?page=2,
Computer Networks,networking basics,Which command is used to determine if an IP access list is enabled on a particular interface?,show access-lists,show interface,show ip interface,show interface access-lists,C,The show ip interface command will show you if any outbound or inbound interfaces have an access list set.,medium,web:Examveda.com https://www.examveda.com/networking/practice-mcq-question-on-networking-basics/?page=2,
Computer Networks,networking basics,Where is a hub specified in the OSI model?,Session layer,Physical layer,Data Link layer,Application layer,B,"Hubs regenerate electrical signals, which are specified at the Physical layer.",medium,web:Examveda.com https://www.examveda.com/networking/practice-mcq-question-on-networking-basics/?page=2,
Computer Networks,networking basics,What does the passive command provide to dynamic routing protocols?,Stops an interface from sending or receiving periodic dynamic updates.,Stops an interface from sending periodic dynamic updates but not from receiving updates.,Stops the router from receiving any dynamic updates.,Stops the router from sending any dynamic updates.,B,"The passive command, short for passive-interface, stops regular updates from being sent out an interface. However, the interface can still receive updates.",medium,web:Examveda.com https://www.examveda.com/networking/practice-mcq-question-on-networking-basics/?page=2,
Computer Networks,networking basics,Which protocol is used to send a destination network unknown message back to originating hosts?,TCP,ARP,ICMP,BootP,C,ICMP is the protocol at the Network layer that is used to send messages back to an originating router.,medium,web:Examveda.com https://www.examveda.com/networking/practice-mcq-question-on-networking-basics/?page=2,
Computer Networks,networking basics,How often are BPDUs sent from a layer 2 device?,Never,Every 2 seconds,Every 10 minutes,Every 30 seconds,B,"Every 2 seconds, BPDUs are sent out from all active bridge ports by default.",medium,web:Examveda.com https://www.examveda.com/networking/practice-mcq-question-on-networking-basics/?page=2,
Computer Networks,networking basics,How many broadcast domains are created when you segment a network with a 12-port switch?,1,2,5,12,A,"By default, switches break up collision domains but are one large broadcast domain.",medium,web:Examveda.com https://www.examveda.com/networking/practice-mcq-question-on-networking-basics/?page=2,
Computer Networks,networking basics,What does the command routerA (config) #line cons 0 allow you to perform next?,Set the Telnet password.,Shut down the router.,Set your console password.,Disable console connections.,C,The command line console 0 places you at a prompt where you can then set your console user-mode password.,medium,web:Examveda.com https://www.examveda.com/networking/practice-mcq-question-on-networking-basics/?page=2,
Computer Networks,networking basics,Which router command allows you to view the entire contents of all access lists?,show all access-lists,show access-lists,show ip interface,show interface,B,"To see the contents of all access lists, use the show access-lists command.",medium,web:Examveda.com https://www.examveda.com/networking/practice-mcq-question-on-networking-basics/?page=2,
Computer Networks,networking basics,Which class of IP address has the most host addresses available by default?,A,B,C,A and B,A,"Class A addressing provides 24 bits for host addressing. 

 
 
 
 



 
 
 
 
 
 
 
 
 
 
 
 
 
1
2
3
4

 
 
 
 
 
 
 
 
 
 

 
 

 -->
 
 
 


 

-->
 
 
 Copyright © 2026 Examveda.com
 
 
 
 
 
 
 
 
 
 About Us |
 Terms & Condition |
 Privacy Policy |
 Contact Us",medium,web:Examveda.com https://www.examveda.com/networking/practice-mcq-question-on-networking-basics/?page=2,
Computer Networks,networking basics,"In a network with dozens of switches, how many root bridges would you have?",1,2,5,12,A,You should have only one root bridge per network.,medium,web:Examveda.com https://www.examveda.com/networking/practice-mcq-question-on-networking-basics/?page=3,
Computer Networks,networking basics,"What PPP protocol provides dynamic addressing, authentication, and multilink?",NCP,HDLC,LCP,X.25,C,"LCP (Link Control Protocol) is a part of the PPP (Point-to-Point Protocol) suite that provides essential services for the establishment, configuration, and maintenance of the link. 
LCP is responsible for dynamic addressing, authentication (like PAP or CHAP), and multilink capabilities, which allow multiple physical connections to be bundled together. 
Other protocols like NCP are used for configuring network layer protocols, but LCP handles these specific tasks. 
Therefore, LCP is the correct answer.",medium,web:Examveda.com https://www.examveda.com/networking/practice-mcq-question-on-networking-basics/?page=3,
Computer Networks,networking basics,What is a stub network?,A network with more than one exit point.,A network with more than one exit and entry point.,A network with only one entry and no exit point.,A network that has only one entry and exit point.,D,Stub networks have only one connection to an internetwork. Only default routes can be set on a stub network or network loops may occur.,medium,web:Examveda.com https://www.examveda.com/networking/practice-mcq-question-on-networking-basics/?page=3,
Computer Networks,networking basics,"If your router is facilitating a CSU/DSU, which of the following commands do you need to use to provide the router with a 64000bps serial link?",RouterA (config) #bandwidth 64,RouterA (config-if) #bandwidth 64000,RouterA (config-if) #clock rate 64,RouterA (config-if) #clock rate 64000,D,"The clock rate command is two words, and the speed of the line is in bps.",medium,web:Examveda.com https://www.examveda.com/networking/practice-mcq-question-on-networking-basics/?page=3,
Computer Networks,networking basics,Which one of the following is true regarding VLANs?,Two VLANs are configured by default on all Cisco switches.,VLANs only work if you have a complete Cisco switched internetwork. No off-brand switches are allowed.,You should not have more than 10 switches in the same VTP domain.,VTP is used to send VLAN information to switches in a configured VTP domain.,D,Switches do not propagate VLAN information by default; you must configure the VTP domain. VLAN Trunking Protocol (VTP) is used to propagate VLAN information across a trunk link.,medium,web:Examveda.com https://www.examveda.com/networking/practice-mcq-question-on-networking-basics/?page=3,
Computer Networks,networking basics,What does a VLAN do?,Acts as the fastest port to all servers.,Provides multiple collision domains on one switch port.,Breaks up broadcast domains in a layer 2 switch internetwork.,Provides multiple broadcast domains within a single collision domain.,C,VLANs break up broadcast domains at layer 2.,medium,web:Examveda.com https://www.examveda.com/networking/practice-mcq-question-on-networking-basics/?page=3,
Computer Networks,networking basics,What is the main reason the OSI model was created?,To create a layered model larger than the DoD model.,So application developers can change only one layer's protocols at a time.,So different networks could communicate.,So Cisco could use the model.,C,The primary reason the OSI model was created was so that different networks could inter-operate.,medium,web:Examveda.com https://www.examveda.com/networking/practice-mcq-question-on-networking-basics/?page=3,
Computer Networks,networking basics,How many collision domains are created when you segment a network with a 12-port switch?,1,2,5,12,D,Layer 2 switching creates individual collision domains.,medium,web:Examveda.com https://www.examveda.com/networking/practice-mcq-question-on-networking-basics/?page=3,
Computer Networks,networking basics,"What command will display the line, protocol, DLCI, and LMI information of an interface?",sh pvc,show interface,show frame-relay pvc,show run,B,"The show interface command shows the line, protocol, DLCI, and LMI information of an interface.",medium,web:Examveda.com https://www.examveda.com/networking/practice-mcq-question-on-networking-basics/?page=3,
Computer Networks,networking basics,Which protocol does Ping use?,TCP,ARP,ICMP,BootP,C,"ICMP is the protocol at the Network layer that is used to send echo requests and replies. 

 
 
 
 



 
 
 
 
 
 
 
 
 
 
 
 
 
1
2
3
4

 
 
 
 
 
 
 
 
 
 

 
 

 -->
 
 
 


 

-->
 
 
 Copyright © 2026 Examveda.com
 
 
 
 
 
 
 
 
 
 About Us |
 Terms & Condition |
 Privacy Policy |
 Contact Us",medium,web:Examveda.com https://www.examveda.com/networking/practice-mcq-question-on-networking-basics/?page=3,
Computer Networks,networking basics,Which command is used to upgrade an IOS on a Cisco router?,copy tftp run,copy tftp start,config net,copy tftp flash,D,"The copy tftp flash command places a new file in flash memory, which is the default location for the Cisco IOS in Cisco routers.",medium,web:Examveda.com https://www.examveda.com/networking/practice-mcq-question-on-networking-basics/?page=4,
Computer Networks,networking basics,"If you wanted to delete the configuration stored in NVRAM, what would you type?",erase startup,erase nvram,delete nvram,erase running,A,The command erase startup-config deletes the configuration stored in NVRAM.,medium,web:Examveda.com https://www.examveda.com/networking/practice-mcq-question-on-networking-basics/?page=4,
Computer Networks,networking basics,"What protocols are used to configure trunking on a switch? 
1. VLAN Trunking Protocol 
2. VLAN 
3. 802.1Q 
4. ISL",1 and 2,3 and 4,1 only,2 only,B,VTP is not right because it has nothing to do with trunking except that it sends VLAN information across a trunk link. 802.1Q and ISL are used to configure trunking on a port.,medium,web:Examveda.com https://www.examveda.com/networking/practice-mcq-question-on-networking-basics/?page=4,
Computer Networks,tcp ip,"Which of the following services use TCP? 
1. DHCP 
2. SMTP 
3. HTTP 
4. TFTP 
5. FTP",1 and 2,"2, 3 and 5","1, 2 and 4","1, 3 and 4",B,"SMTP, HTTP and FTP use TCP.",medium,web:Examveda.com https://www.examveda.com/networking/practice-mcq-question-on-tcp-ip/,
Computer Networks,tcp ip,What layer in the TCP/IP stack is equivalent to the Transport layer of the OSI model?,Application,Host-to-Host,Internet,Network Access,B,"The four layers of the TCP/IP stack (also called the DoD model) are Application/Process, Host-to-Host, Internet, and Network Access. The Host-to-Host layer is equivalent to the Transport layer of the OSI model.",medium,web:Examveda.com https://www.examveda.com/networking/practice-mcq-question-on-tcp-ip/,
Computer Networks,tcp ip,"Which of the following describe the DHCP Discover message? 
1. It uses FF:FF:FF:FF:FF:FF as a layer 2 broadcast. 
2. It uses UDP as the Transport layer protocol. 
3. It uses TCP as the Transport layer protocol. 
4. It does not use a layer 2 destination address.",1 only,1 and 2,3 and 4,4 only,B,"A client that sends out a DHCP Discover message in order to receive an IP address sends out a broadcast at both layer 2 and layer 3. The layer 2 broadcast is all Fs in hex, or FF:FF:FF:FF:FF:FF. The layer 3 broadcast is FF:FF:FF:FF:FF:FF, which means all networks and all hosts. DHCP is connectionless, which means it uses User Datagram Protocol (UDP) at the Transport layer, also called the Host-to-Host layer.",medium,web:Examveda.com https://www.examveda.com/networking/practice-mcq-question-on-tcp-ip/,
Computer Networks,tcp ip,"You want to implement a mechanism that automates the IP configuration, including IP address, subnet mask, default gateway, and DNS information. Which protocol will you use to accomplish this?",SMTP,SNMP,DHCP,ARP,C,"Dynamic Host Configuration Protocol (DHCP) is used to provide IP information to hosts on your network. DHCP can provide a lot of information, but the most common is IP address, subnet mask, default gateway, and DNS information.",medium,web:Examveda.com https://www.examveda.com/networking/practice-mcq-question-on-tcp-ip/,
Computer Networks,tcp ip,Which of the following is private IP address?,12.0.0.1,168.172.19.39,172.15.14.36,192.168.24.43,D,"Class A private address range is 10.0.0.0 through 10.255.255.255. Class B private address range is 172.16.0.0 through 172.31.255.255, and Class C private address range is 192.168.0.0 through 192.168.255.255.",medium,web:Examveda.com https://www.examveda.com/networking/practice-mcq-question-on-tcp-ip/,
Computer Networks,tcp ip,Which of the following allows a router to respond to an ARP request that is intended for a remote host?,Gateway DP,Reverse ARP (RARP),Proxy ARP,Inverse ARP (IARP),C,Proxy ARP can help machines on a subnet reach remote subnets without configuring routing or a default gateway.,medium,web:Examveda.com https://www.examveda.com/networking/practice-mcq-question-on-tcp-ip/,
Computer Networks,tcp ip,The DoD model (also called the TCP/IP stack) has four layers. Which layer of the DoD model is equivalent to the Network layer of the OSI model?,Application,Host-to-Host,Internet,Network Access,C,"The four layers of the DoD model are Application/Process, Host-to-Host, Internet, and Network Access. The Internet layer is equivalent to the Network layer of the OSI model.",medium,web:Examveda.com https://www.examveda.com/networking/practice-mcq-question-on-tcp-ip/,
Computer Networks,tcp ip,"Which of the following services use UDP? 
1. DHCP 
2. SMTP 
3. SNMP 
4. FTP 
5. HTTP 
6. TFTP","1, 3 and 6",2 and 4,"1, 2 and 4",All of the above,A,"DHCP, SNMP, and TFTP use UDP.",medium,web:Examveda.com https://www.examveda.com/networking/practice-mcq-question-on-tcp-ip/,
Computer Networks,tcp ip,Which class of IP address provides a maximum of only 254 host addresses per network ID?,Class A,Class B,Class C,Class D,C,A Class C network address has only 8 bits for defining hosts: 28 - 2 = 254.,medium,web:Examveda.com https://www.examveda.com/networking/practice-mcq-question-on-tcp-ip/,
Computer Networks,tcp ip,"If you use either Telnet or FTP, which is the highest layer you are using to transmit data?",Application,Presentation,Session,Transport,A,"Both FTP and Telnet use TCP at the Transport layer; however, they both are Application layer protocols, so the Application layer is the best answer. 

 
 
 
 



 
 
 
 
 
 
 
 
 
 
 
 
 1
2

 
 
 
 
 
 
 
 
 
 

 
 

 -->
 
 
 


 

-->
 
 
 Copyright © 2026 Examveda.com
 
 
 
 
 
 
 
 
 
 About Us |
 Terms & Condition |
 Privacy Policy |
 Contact Us",medium,web:Examveda.com https://www.examveda.com/networking/practice-mcq-question-on-tcp-ip/,
Computer Networks,tcp ip,Which of the following is the decimal and hexadecimal equivalents of the binary number 10011101?,"155, 0x9B","157, 0x9D","159, 0x9F","185, 0xB9",B,"To turn a binary number into decimal, you just have to add the values of each bit that is a 1. The values of 10011101 are 128, 16, 8, 4, and 1. 128 + 16 + 8 + 4 + 1 = 157. 
Hexadecimal is a base-16 number system. The values of hexadecimal are 0, 1, 2, 3, 4, 5, 6, 7, 8, 9, A, B, C, D, E, F-16 characters total, from which to create all the numbers you'll ever need. So, if 1001 in binary is 9, then the hexadecimal equivalent is 9. Since we then have 1101, which is 13 in binary, the hexadecimal answer is D and the complete hexadecimal answer is 0x9D.",medium,web:Examveda.com https://www.examveda.com/networking/practice-mcq-question-on-tcp-ip/?page=2,
Computer Networks,tcp ip,"Which statements are true regarding ICMP packets? 
1. They acknowledge receipt of a TCP segment. 
2. They guarantee datagram delivery. 
3. They can provide hosts with information about network problems. 
4. They are encapsulated within IP datagrams.",1 only,2 and 3,3 and 4,"2, 3 and 4",C,"Internet Control Message Protocol (ICMP) is used to send error messages through the network, but they do not work alone. Every segment or ICMP payload must be encapsulated within an IP datagram (or packet).",medium,web:Examveda.com https://www.examveda.com/networking/practice-mcq-question-on-tcp-ip/?page=2,
Computer Networks,tcp ip,"Which of the following are layers in the TCP/IP model? 
1. Application 
2. Session 
3. Transport 
4. Internet 
5. Data Link 
6. Physical",1 and 2,"1, 3 and 4","2, 3 and 5","3, 4 and 5",B,"This seems like a hard question at first because it doesn't make sense. The listed answers are from the OSI model and the question asked about the TCP/IP protocol stack (DoD model). However, let's just look for what is wrong. First, the Session layer is not in the TCP/IP model; neither are the Data Link and Physical layers. This leaves us with the Transport layer (Host-to-Host in the DoD model), Internet layer (Network layer in the OSI), and Application layer (Application/Process in the DoD).",medium,web:Examveda.com https://www.examveda.com/networking/practice-mcq-question-on-tcp-ip/?page=2,
Computer Networks,tcp ip,Which layer 4 protocol is used for a Telnet connection?,IP,TCP,TCP/IP,UDP,B,"Although Telnet does use TCP and IP (TCP/IP), the question specifically asks about layer 4, and IP works at layer 3. Telnet uses TCP at layer 4.",medium,web:Examveda.com https://www.examveda.com/networking/practice-mcq-question-on-tcp-ip/?page=2,
Computer Networks,tcp ip,"Which statements are true regarding ICMP packets? 
1. ICMP guarantees datagram delivery. 
2. ICMP can provide hosts with information about network problems. 
3. ICMP is encapsulated within IP datagrams. 
4. ICMP is encapsulated within UDP datagrams.",1 only,2 and 3,1 and 4,All of the above,B,"ICMP is used for diagnostics and destination unreachable messages. ICMP is encapsulated within IP datagrams, and because it is used for diagnostics, it will provide hosts with information about network problems.",medium,web:Examveda.com https://www.examveda.com/networking/practice-mcq-question-on-tcp-ip/?page=2,
Computer Networks,tcp ip,"Which of the following are TCP/IP protocols used at the Application layer of the OSI model? 
1. IP 
2. TCP 
3. Telnet 
4. FTP 
5. TFTP",1 and 3,"1, 3 and 5","3, 4 and 5",All of the above,C,"Telnet, File Transfer Protocol (FTP), and Trivial FTP (TFTP) are all Application layer protocols. IP is a Network layer protocol. Transmission Control Protocol (TCP) is a Transport layer protocol.",medium,web:Examveda.com https://www.examveda.com/networking/practice-mcq-question-on-tcp-ip/?page=2,
Computer Networks,tcp ip,What protocol is used to find the hardware address of a local device?,RARP,ARP,IP,ICMP,B,Address Resolution Protocol (ARP) is used to find the hardware address from a known IP address.,medium,web:Examveda.com https://www.examveda.com/networking/practice-mcq-question-on-tcp-ip/?page=2,
Computer Networks,tcp ip,Which of the following protocols uses both TCP and UDP?,FTP,SMTP,Telnet,DNS,D,DNS uses TCP for zone exchanges between servers and UDP when a client is trying to resolve a hostname to an IP address.,medium,web:Examveda.com https://www.examveda.com/networking/practice-mcq-question-on-tcp-ip/?page=2,
Computer Networks,tcp ip,What is the address range of a Class B network address in binary?,01xxxxxx,0xxxxxxx,10xxxxxx,110xxxxx,C,"The range of a Class B network address is 128-191. This makes our binary range 10xxxxxx. 

 
 
 
 



 
 
 
 
 
 
 
 
 
 
 
 
 
1
2
 
 
 
 
 
 
 
 
 
 

 
 

 -->
 
 
 


 

-->
 
 
 Copyright © 2026 Examveda.com
 
 
 
 
 
 
 
 
 
 About Us |
 Terms & Condition |
 Privacy Policy |
 Contact Us",medium,web:Examveda.com https://www.examveda.com/networking/practice-mcq-question-on-tcp-ip/?page=2,
Computer Networks,ios and security device manager,"You type the following command into the router and receive the following output: 


Router#show serial 0/0
 ^
% Invalid input detected at '^' marker.",You need to be in privileged mode.,You cannot have a space between serial and 0/0.,The router does not have a serial0/0 interface.,Part of the command is missing.,D,"You can view the interface statistics from user mode, but the command is show interface serial 0/0",medium,web:Examveda.com https://www.examveda.com/networking/practice-mcq-question-on-ios-and-security-device-manager/,
Computer Networks,ios and security device manager,"Which of the following commands will display the current IP addressing and the layer 1 and 2 status of an interface? 
1. show version 
2. show protocols 
3. show interfaces 
4. show controllers 
5. show ip interface","1, 2 and 4","2, 3 and 5",3 and 4 only,None of the above,B,"The commands show protocols, show interfaces, and show ip interface will show you the layer 1 and 2 status and the IP addresses of your router's interfaces.",medium,web:Examveda.com https://www.examveda.com/networking/practice-mcq-question-on-ios-and-security-device-manager/,
Computer Networks,ios and security device manager,"You type show running-config and get this output: 


[output cut]
Line console 0
 Exec-timeout 1 35
 Password BIXPASSWD
 Login
[output cut]","If no command has been typed in 35 seconds, the console connection will be closed.","If no router activity has been detected in 1 hour and 35 minutes, the console will be locked out.","If no commands have been typed in 1 minute and 35 seconds, the console connection will be closed.","If you're connected to the router by a Telnet connection, input must be detected within 1 minute and 35 seconds or the connection will be closed.",C,The exec-timeout command is set in minutes and seconds.,medium,web:Examveda.com https://www.examveda.com/networking/practice-mcq-question-on-ios-and-security-device-manager/,
Computer Networks,ios and security device manager,"What layer of the OSI model would you assume the problem is in if you type show interface serial 1 and receive the following message? ""Serial1 is down, line protocol is down.""",Physical layer,Data Link layer,Network layer,None. It is a router problem.,A,"If you see that a serial interface and the protocol are both down, then you have a Physical layer problem. If you see serial1 is up, line protocol is down, then you are not receiving (Data Link) keepalives from the remote end.",medium,web:Examveda.com https://www.examveda.com/networking/practice-mcq-question-on-ios-and-security-device-manager/,
Computer Networks,ios and security device manager,Which of the following commands displays the configurable parameters and statistics of all interfaces on a router?,show running-config,show startup-config,show interfaces,show versions,C,"With the show interfaces command, you can view the configurable parameters, get statistics for the interfaces on the router, verify if the interfaces are shut down, and see the IP address of each interface.",medium,web:Examveda.com https://www.examveda.com/networking/practice-mcq-question-on-ios-and-security-device-manager/,
Computer Networks,ios and security device manager,Which of the following commands will configure all the default VTY ports on a router?,Router#line vty 0 4,Router (config) #line vty 0 4,Router (config-if) #line console 0,Router (config) #line vty all,B,"From global configuration mode, use the line vty 0 4 command to set all five default VTY lines.",medium,web:Examveda.com https://www.examveda.com/networking/practice-mcq-question-on-ios-and-security-device-manager/,
Computer Networks,ios and security device manager,You need to find the broadcast address used on a LAN on your router. What command will you type into the router from user mode to find the broadcast address?,show running-config,show startup-config,show interfaces,show protocols,C,"The command show ip protocols will actually show you the broadcast address for each interface - too bad it isn't a possible answer. Your best answer is show interfaces, which will provide the IP address and mask for each interface.",medium,web:Examveda.com https://www.examveda.com/networking/practice-mcq-question-on-ios-and-security-device-manager/,
Computer Networks,ios and security device manager,Which command will delete the contents of NVRAM on a router?,delete NVRAM,delete startup-config,erase NVRAM,erase start,D,The erase startup-config command erases the contents of NVRAM and will put you in setup mode if the router is restarted.,medium,web:Examveda.com https://www.examveda.com/networking/practice-mcq-question-on-ios-and-security-device-manager/,
Computer Networks,ios and security device manager,What keystroke will terminate setup mode?,Ctrl+Z,Ctrl+^,Ctrl+C,Ctrl+Shift+^,C,"You can exit setup mode at any time by using the keystroke Ctrl+C. 

 
 
 
 



 
 
 
 
 
 
 
 
 
 
 
 
 1
2

 
 
 
 
 
 
 
 
 
 

 
 

 -->
 
 
 


 

-->
 
 
 Copyright © 2026 Examveda.com
 
 
 
 
 
 
 
 
 
 About Us |
 Terms & Condition |
 Privacy Policy |
 Contact Us",medium,web:Examveda.com https://www.examveda.com/networking/practice-mcq-question-on-ios-and-security-device-manager/,
Computer Networks,ios and security device manager,What command do you type to save the configuration stored in RAM to NVRAM?,Router (config) #copy current to starting,Router#copy starting to running,Router (config) #copy running-config startup-config,Router#copy run startup,D,"To copy the running-config to NVRAM so that it will be used if the router is restarted, use the copy running-config startup-config command (copy run start for short).",medium,web:Examveda.com https://www.examveda.com/networking/practice-mcq-question-on-ios-and-security-device-manager/?page=2,
Computer Networks,ios and security device manager,You type Router#sh ru and receive an % ambiguous command error. Why did you receive this message?,The command requires additional options or parameters.,There is more than one show command that starts with the letters <code class=,There is no show command that starts with <code class=,The command is being executed from the wrong router mode.,B,The % ambiguous command error means that there is more then one possible command that starts with ru. Use a question mark to find the correct command.,medium,web:Examveda.com https://www.examveda.com/networking/practice-mcq-question-on-ios-and-security-device-manager/?page=2,
Computer Networks,ios and security device manager,"If you wanted administrators to see a message when logging into the router, which command would you use?",message banner motd,banner message motd,banner motd,message motd,C,The typical banner is a message of the day (MOTD) and is set by using the global configuration mode command banner motd.,medium,web:Examveda.com https://www.examveda.com/networking/practice-mcq-question-on-ios-and-security-device-manager/?page=2,
Computer Networks,ios and security device manager,How many simultaneous Telnet sessions does a Cisco router support by default?,2,3,4,5,D,"Cisco routers, if they do not have the Enterprise edition of the IOS, will default to 5 simultaneous Telnet sessions.",medium,web:Examveda.com https://www.examveda.com/networking/practice-mcq-question-on-ios-and-security-device-manager/?page=2,
Computer Networks,ios and security device manager,"You set the console password, but when you display the configuration, the password doesn't show up; it looks like this:


[output cut]
Line console 0
 Exec-timeout 1 44
 Password 7098C0BQR
 Login
[output cut]",encrypt password,service password-encryption,service-password-encryption,exec-timeout 1 35,B,"The command service password-encryption, from global configuration mode, will encrypt the passwords.",medium,web:Examveda.com https://www.examveda.com/networking/practice-mcq-question-on-ios-and-security-device-manager/?page=2,
Computer Networks,ios and security device manager,Which command will show you whether a DTE or a DCE cable is plugged into serial 0?,sh int s0,sh int serial 0,show controllers serial 0,show serial 0 controllers,C,"The show controllers serial 0 command will show you whether either a DTE or DCE cable is connected to the interface. If it is a DCE connection, you need to add clocking with the clock rate command.",medium,web:Examveda.com https://www.examveda.com/networking/practice-mcq-question-on-ios-and-security-device-manager/?page=2,
Computer Networks,ios and security device manager,You want to totally reinitialize the router and replace the current running-config with the current startup-config. What command will you use?,replace run start,copy run start,copy start run,reload,D,"To completely replace the running-config with the startup-config, you must reload the router. Note : You may have picked option C, which isn't a bad answer. Remember, though, it doesn't replace the configuration, it appends it.",medium,web:Examveda.com https://www.examveda.com/networking/practice-mcq-question-on-ios-and-security-device-manager/?page=2,
Computer Networks,ios and security device manager,"If you delete the contents of NVRAM and reboot the router, what mode will you be in?",Privileged mode,Global mode,Setup mode,NVRAM loaded mode,C,"If you delete the startup-config and reload the router, the router will automatically enter setup mode. You can also type setup from privileged mode at any time.",medium,web:Examveda.com https://www.examveda.com/networking/practice-mcq-question-on-ios-and-security-device-manager/?page=2,
Computer Networks,ios and security device manager,"What is the problem with an interface if you type show interface serial 0 and receive the following message?
""Serial0 is administratively down, line protocol is down.""",The keepalives are different times.,The administrator has the interface shut down.,The administrator is pinging from the interface.,No cable is attached.,B,"If an interface is shut down, the show interface command will show the interface as administratively shut down. (It is possible that no cable is attached, but you can't tell that from this message.) 

 
 
 
 



 
 
 
 
 
 
 
 
 
 
 
 
 
1
2
 
 
 
 
 
 
 
 
 
 

 
 

 -->
 
 
 


 

-->
 
 
 Copyright © 2026 Examveda.com
 
 
 
 
 
 
 
 
 
 About Us |
 Terms & Condition |
 Privacy Policy |
 Contact Us",medium,web:Examveda.com https://www.examveda.com/networking/practice-mcq-question-on-ios-and-security-device-manager/?page=2,
Computer Networks,ip routing,"Which of the following statements are true regarding the command ip route 172.16.4.0 255.255.255.0 192.168.4.2? 
1. The command is used to establish a static route. 
2. The default administrative distance is used. 
3. The command is used to configure the default route. 
4. The subnet mask for the source address is 255.255.255.0.",1 and 2,2 and 4,3 and 4,All of the above,A,"Although answer D almost seems right, it is not; the mask is the mask used on the remote network, not the source network. Since there is no number at the end of the static route, it is using the default administrative distance of 1.",medium,web:Examveda.com https://www.examveda.com/networking/practice-mcq-question-on-ip-routing/,
Computer Networks,ip routing,Which command displays RIP routing updates?,show ip route,debug ip rip,show protocols,debug ip route,B,The debug ip rip command is used to show the Internet Protocol (IP) Routing Information Protocol (RIP) updates being sent and received on the router.,medium,web:Examveda.com https://www.examveda.com/networking/practice-mcq-question-on-ip-routing/,
Computer Networks,ip routing,"Which statement is true regarding classless routing protocols? 
1. The use of discontiguous networks is not allowed. 
2. The use of variable length subnet masks is permitted. 
3. RIPv1 is a classless routing protocol. 
4. IGRP supports classless routing within the same autonomous system. 
5. RIPv2 supports classless routing.","1, 3 and 5",3 and 4,2 and 5,None of the above,C,Classful routing means that all hosts in the internetwork use the same mask. Classless routing means that you can use Variable Length Subnet Masks (VLSMs) and can also support discontiguous networking.,medium,web:Examveda.com https://www.examveda.com/networking/practice-mcq-question-on-ip-routing/,
Computer Networks,ip routing,"You have the following routing table. Which of the following networks will not be placed in the neighbor routing table?


R 192.168.30.0/24 [120/1] via 192.168.40.1, 00:00:12, Serial0
C 192.168.40.0/24 is directly connected, Serial0
 172.16.0.0/24 is subnetted, 1 subnets
C 172.16.30.0 is directly connected, Loopback0
R 192.168.20.0/24 [120/1] via 192.168.40.1, 00:00:12, Serial0
R 10.0.0.0/8 [120/15] via 192.168.40.1, 00:00:07, Serial0
C 192.168.50.0/24 is directly connected, Ethernet0",172.16.30.0,192.168.30.0,10.0.0.0,All of them will be placed in the neighbor routing table,C,"The network 10.0.0.0 cannot be placed in the next router's routing table because it already is at 15 hops. One more hop would make the route 16 hops, and that is not valid in RIP networking.",medium,web:Examveda.com https://www.examveda.com/networking/practice-mcq-question-on-ip-routing/,
Computer Networks,ip routing,What is split horizon?,Information about a route should not be sent back in the direction from which the original update came.,It splits the traffic when you have a large bus (horizon) physical network.,It holds the regular updates from broadcasting to a downed link.,It prevents regular update messages from reinstating a route that has gone down.,A,A split horizon will not advertise a route back to the same router it learned the route from.,medium,web:Examveda.com https://www.examveda.com/networking/practice-mcq-question-on-ip-routing/,
Computer Networks,ip routing,What command is used to stop RIP routing updates from exiting out an interface but still allow the interface to receive RIP route updates?,Router (config-if) # no routing,Router (config-if) # passive-interface,Router (config-router) # passive-interface s0,Router (config-router) # no routing updates,C,"The (config-router) #passive-interface command stops updates from being sent out an interface, but route updates are still received.",medium,web:Examveda.com https://www.examveda.com/networking/practice-mcq-question-on-ip-routing/,
Computer Networks,ip routing,Two connected routers are configured with RIP routing. What will be the result when a router receives a routing update that contains a higher-cost path to a network already in its routing table?,The updated information will be added to the existing routing table.,The update will be ignored and no further action will occur.,The updated information will replace the existing routing table entry.,The existing routing table entry will be deleted from the routing table and all routers will exchange routing updates to reach convergence.,B,"When a routing update is received by a router, the router first checks the administrative distance (AD) and always chooses the route with the lowest AD. However, if two routes are received and they both have the same AD, then the router will choose the one route with the lowest metrics, or in RIP's case, hop count.",medium,web:Examveda.com https://www.examveda.com/networking/practice-mcq-question-on-ip-routing/,
Computer Networks,ip routing,You type debug ip rip on your router console and see that 172.16.10.0 is being advertised to you with a metric of 16. What does this mean?,The route is 16 hops away.,The route has a delay of 16 microseconds.,The route is inaccessible.,The route is queued at 16 messages a second.,C,"You cannot have 16 hops on a RIP network by default. If you receive a route advertised with a metric of 16, this means it is inaccessible.",medium,web:Examveda.com https://www.examveda.com/networking/practice-mcq-question-on-ip-routing/,
Computer Networks,ip routing,"The Corporate router receives an IP packet with a source IP address of 192.168.214.20 and a destination address of 192.168.22.3. Looking at the output from the Corporate router, what will the router do with this packet?


Corp#sh ip route
[output cut]
R 192.168.215.0 [120/2] via 192.168.20.2, 00:00:23, Serial0/0
R 192.168.115.0 [120/1] via 192.168.20.2, 00:00:23, Serial0/0
R 192.168.30.0 [120/1] via 192.168.20.2, 00:00:23, Serial0/0
C 192.168.20.0 is directly connected, Serial0/0
C 192.168.214.0 is directly connected, FastEthernet0/0",The packet will be discarded.,The packet will be routed out the S0/0 interface.,The router will broadcast looking for the destination.,The packet will be routed out the Fa0/0 interface.,A,"Since the routing table shows no route to the 192.168.22.0 network, the router will discard the packet and send an ICMP destination unreachable message out interface FastEthernet 0/0, which is the source LAN where the packet originated from.",medium,web:Examveda.com https://www.examveda.com/networking/practice-mcq-question-on-ip-routing/,
Computer Networks,ip routing,"If your routing table has a static, a RIP, and an IGRP route to the same network, which route will be used to route packets by default?",Any available route,RIP route,Static route,IGRP route,C,"Static routes have an administrative distance of 1 by default. Unless you change this, a static route will always be used over any other found route. IGRP has an administrative distance of 100, and RIP has an administrative distance of 120, by default. 

 
 
 
 



 
 
 
 
 
 
 
 
 
 
 
 
 1
2

 
 
 
 
 
 
 
 
 
 

 
 

 -->
 
 
 


 

-->
 
 
 Copyright © 2026 Examveda.com
 
 
 
 
 
 
 
 
 
 About Us |
 Terms & Condition |
 Privacy Policy |
 Contact Us",medium,web:Examveda.com https://www.examveda.com/networking/practice-mcq-question-on-ip-routing/,
Computer Networks,ip routing,What is route poisoning?,"It sends back the protocol received from a router as a poison pill, which stops the regular updates.",It is information received from a router that can't be sent back to the originating router.,It prevents regular update messages from reinstating a route that has just come up.,It describes when a router sets the metric for a downed link to infinity.,D,"Another way to avoid problems caused by inconsistent updates and to stop network loops is route poisoning. When a network goes down, the distance-vector routing protocol initiates route poisoning by advertising the network with a metric of 16, or unreachable (sometimes referred to as infinite).",medium,web:Examveda.com https://www.examveda.com/networking/practice-mcq-question-on-ip-routing/?page=2,
Computer Networks,ip routing,Which of the following is true regarding RIPv2?,It has a lower administrative distance than RIPv1.,It converges faster than RIPv1.,It has the same timers as RIPv1.,It is harder to configure than RIPv1.,C,RIPv2 is pretty much just like RIPv1. It has the same administrative distance and timers and is configured just like RIPv1.,medium,web:Examveda.com https://www.examveda.com/networking/practice-mcq-question-on-ip-routing/?page=2,
Computer Networks,ip routing,A network administrator views the output from the show ip route command. A network that is advertised by both RIP and IGRP appears in the routing table flagged as an IGRP route. Why is the RIP route to this network not used in the routing table?,IGRP has a faster update timer.,IGRP has a lower administrative distance.,RIP has a higher metric value for that route.,The IGRP route has fewer hops.,B,"RIP has an administrative distance (AD) of 120, while IGRP has an administrative distance of 100, so the router will discard any route with a higher AD than 100.",medium,web:Examveda.com https://www.examveda.com/networking/practice-mcq-question-on-ip-routing/?page=2,
Computer Networks,ip routing,"What does RIPv2 use to prevent routing loops? 
1. CIDR 
2. Split horizon 
3. Authentication 
4. Classless masking 
5. Holddown timers",1 and 3,"2, 3 and 5",2 and 5,3 and 4,C,RIPv2 uses the same timers and loop-avoidance schemes as RIPv1. Split horizon is used to stop an update from being sent out the same interface it was received on. Holddown timers allow time for a network to become stable in the case of a flapping link.,medium,web:Examveda.com https://www.examveda.com/networking/practice-mcq-question-on-ip-routing/?page=2,
Computer Networks,ip routing,"Which two of the following are true regarding the distance-vector and link-state routing protocols? 
1. Link state sends its complete routing table out all active interfaces on periodic time intervals. 
2. Distance vector sends its complete routing table out all active interfaces on periodic time intervals. 
3. Link state sends updates containing the state of its own links to all routers in the internetwork. 
4. Distance vector sends updates containing the state of its own links to all routers in the internetwork.",1 only,3 only,2 and 3 only,None of the above,C,The distance-vector routing protocol sends its complete routing table out all active interfaces at periodic time intervals. Link-state routing protocols send updates containing the state of its own links to all routers in the internetwork.,medium,web:Examveda.com https://www.examveda.com/networking/practice-mcq-question-on-ip-routing/?page=2,
Computer Networks,ip routing,"IGRP uses which of the following as default parameters for finding the best path to a remote network? 
1. Hop count 
2. MTU 
3. Cumulative interface delay 
4. STP 
5. Path bandwidth value",1 and 3,3 and 5,"2, 3 and 5",All of the above,B,"IGRP uses bandwidth and delay of the line, by default, to determine the best path to a remote network. Delay of the line can sometimes be called the cumulative interface delay.",medium,web:Examveda.com https://www.examveda.com/networking/practice-mcq-question-on-ip-routing/?page=2,
Computer Networks,ip routing,"Network 206.143.5.0 was assigned to the Acme Company to connect to its ISP. The administrator of Acme would like to configure one router with the commands to access the Internet. Which commands could be configured on the Gateway router to allow Internet access to the entire network? 
1. Gateway (config) # ip route 0.0.0.0 0.0.0.0 206.143.5.2 
2. Gateway (config) # router rip 
3. Gateway (config-router) # network 206.143.5.0 
4. Gateway (config-router) # network 206.143.5.0 default",1 only,3 only,"1, 2 and 4",1 and 4,D,"There are actually three different ways to configure the same default route, but only two are shown in the answer. First, you can set a default route with the 0.0.0.0 0.0.0.0 mask and then specify the next hop, as in option A. Or you can use 0.0.0.0 0.0.0.0 and use the exit interface instead of the next hop. Finally, you can use option D with the ip default-network command. 

 
 
 
 



 
 
 
 
 
 
 
 
 
 
 
 
 
1
2
 
 
 
 
 
 
 
 
 
 

 
 

 -->
 
 
 


 

-->
 
 
 Copyright © 2026 Examveda.com
 
 
 
 
 
 
 
 
 
 About Us |
 Terms & Condition |
 Privacy Policy |
 Contact Us",medium,web:Examveda.com https://www.examveda.com/networking/practice-mcq-question-on-ip-routing/?page=2,
Computer Networks,spanning tree protocol,What is the purpose of Spanning Tree Protocol in a switched LAN?,To provide a mechanism for network monitoring in switched environments,To prevent routing loops in networks with redundant paths,To prevent switching loops in networks with redundant switched paths,To manage the VLAN database across multiple switches,C,The Spanning Tree Protocol (STP) was designed to stop layer 2 loops. All Cisco switches have the STP on by default.,medium,web:Examveda.com https://www.examveda.com/networking/practice-mcq-question-on-spanning-tree-protocol/,
Computer Networks,spanning tree protocol,Which statement describes a spanning-tree network that has converged?,All switch and bridge ports are in the forwarding state.,All switch and bridge ports are assigned as either root or designated ports.,All switch and bridge ports are in either the forwarding or blocking state.,All switch and bridge ports are either blocking or looping.,C,"Convergence occurs when all ports on bridges and switches have transitioned to either the forwarding or blocking states. No data is forwarded until convergence is complete. Before data can be forwarded again, all devices must be updated.",medium,web:Examveda.com https://www.examveda.com/networking/practice-mcq-question-on-spanning-tree-protocol/,
Computer Networks,spanning tree protocol,What does a switch do when a frame is received on an interface and the destination hardware address is unknown or not in the filter table?,Forwards the switch to the first available link,Drops the frame,Floods the network with the frame looking for the device,Sends back a message to the originating station asking for a name resolution,C,"Switches flood all frames that have an unknown destination address. If a device answers the frame, the switch will update the MAC address table to reflect the location of the device.",medium,web:Examveda.com https://www.examveda.com/networking/practice-mcq-question-on-spanning-tree-protocol/,
Computer Networks,spanning tree protocol,In which circumstance are multiple copies of the same unicast frame likely to be transmitted in a switched LAN?,During high-traffic periods,After broken links are reestablished,When upper-layer protocols require high reliability,In an improperly implemented redundant topology,D,"If the Spanning Tree Protocol is not running on your switches and you connect them together with redundant links, you will have broadcast storms and multiple frame copies.",medium,web:Examveda.com https://www.examveda.com/networking/practice-mcq-question-on-spanning-tree-protocol/,
Computer Networks,spanning tree protocol,"If you want to disable STP on a port connected to a server, which command would you use?",disable spanning-tree,spanning-tree off,spanning-tree security,spanning-tree portfast,D,"If you have a server or other devices connected into your switch that you're totally sure won't create a switching loop if STP is disabled, you can use something called portfast on these ports. Using it means the port won't spend the usual 50 seconds to come up while STP is converging.",medium,web:Examveda.com https://www.examveda.com/networking/practice-mcq-question-on-spanning-tree-protocol/,
Computer Networks,spanning tree protocol,Which of the following statement is true?,A switch creates a single collision domain and a single broadcast domain. A router creates a single collision domain.,A switch creates separate collision domains but one broadcast domain. A router provides a separate broadcast domain.,A switch creates a single collision domain and separate broadcast domains. A router provides a separate broadcast domain as well.,A switch creates separate collision domains and separate broadcast domains. A router provides separate collision domains.,B,"Switches break up collision domains, and routers break up broadcast domains.",medium,web:Examveda.com https://www.examveda.com/networking/practice-mcq-question-on-spanning-tree-protocol/,
Computer Networks,spanning tree protocol,"You have two switches connected together with two crossover cables for redundancy, and STP is disabled. Which of the following will happen between the switches?",The routing tables on the switches will not update.,The MAC forward/filter table will not update on the switch.,Broadcast storms will occur on the switched network.,The switches will automatically load-balance between the two links.,C,"If spanning tree is disabled on a switch and you have redundant links to another switch, broadcast storms will occur, among other possible problems.",medium,web:Examveda.com https://www.examveda.com/networking/practice-mcq-question-on-spanning-tree-protocol/,
Computer Networks,spanning tree protocol,"Layer 2 switching provides which of the following? 
1. Hardware-based bridging (ASIC) 
2. Wire speed 
3. Low latency 
4. Low cost",1 and 3,2 and 4,"1, 2 and 4",All of the above,D,"Switches, unlike bridges, are hardware based. Cisco says its switches are wire speed and provide low latency, and I guess they are low cost compared to their prices in the 1990s.",medium,web:Examveda.com https://www.examveda.com/networking/practice-mcq-question-on-spanning-tree-protocol/,
Computer Networks,spanning tree protocol,Your switch has a port status LED that is alternating between green and amber. What could this indicate?,The port is experiencing errors.,The port is shut down.,The port is in STP blocking mode.,Nothing; this is normal.,A,"When you connect to a switch port, at first the link lights are orange/amber, and then they turn green, indicating normal operation. If the link light is blinking, you have a problem.",medium,web:Examveda.com https://www.examveda.com/networking/practice-mcq-question-on-spanning-tree-protocol/,
Computer Networks,spanning tree protocol,You want to run the new 802.1w on your switches. Which of the following would enable this protocol?,Switch(config)# spanning-tree mode rapid-pvst,Switch# spanning-tree mode rapid-pvst,Switch(config)# spanning-tree mode 802.1w,Switch# spanning-tree mode 802.1w,A,"802.1w is the also called Rapid Spanning Tree Protocol. It is not enabled by default on Cisco switches, but it is a better STP to run since it has all the fixes that the Cisco extensions provide with 802.1d. 

 
 
 
 



 
 
 
 
 
 
 
 
 
 
 
 
 1
2

 
 
 
 
 
 
 
 
 
 

 
 

 -->
 
 
 


 

-->
 
 
 Copyright © 2026 Examveda.com
 
 
 
 
 
 
 
 
 
 About Us |
 Terms & Condition |
 Privacy Policy |
 Contact Us",medium,web:Examveda.com https://www.examveda.com/networking/practice-mcq-question-on-spanning-tree-protocol/,
Computer Networks,spanning tree protocol,Which of the following is a layer 2 protocol used to maintain a loop-free network?,VTP,STP,RIP,CDP,B,The Spanning Tree Protocol is used to stop switching loops in a switched network with redundant paths.,medium,web:Examveda.com https://www.examveda.com/networking/practice-mcq-question-on-spanning-tree-protocol/?page=2,
Computer Networks,spanning tree protocol,"You need to allow one host to be permitted to attach dynamically to each switch interface. Which two commands must you configure on your catalyst switch to meet this policy? 
1. Switch (config-if) # ip access-group 10 
2. Switch (config-if) # switchport port-security maximum 1 
3. Switch (config) # access-list 10 permit ip host 1 
4. Switch (config-if) # switchport port-security violation shutdown 
5. Switch (config) # mac-address-table secure",1 and 3,2 and 4,"2, 3 and 5",4 and 5,B,"The switchport port-security is an important command, and it's super easy with the CNA; however, from the CLI, you can set the maximum number of MAC addresses allowed into the port, and then set the penalty if this maximum has been passed.",medium,web:Examveda.com https://www.examveda.com/networking/practice-mcq-question-on-spanning-tree-protocol/?page=2,
Computer Networks,spanning tree protocol,What command will display the forward/filter table?,show mac filter,show run,show mac address-table,show mac filter-table,C,The command show mac address-table displays the forward/filter table on the switch.,medium,web:Examveda.com https://www.examveda.com/networking/practice-mcq-question-on-spanning-tree-protocol/?page=2,
Computer Networks,spanning tree protocol,"If a switch receives a frame and the source MAC address is not in the MAC address table but the destination address is, what will the switch do with the frame?",Discard it and send an error message back to the originating host,Flood the network with the frame,Add the source address and port to the MAC address table and forward the frame out the destination port,Add the destination to the MAC address table and then forward the frame,C,"Since the source MAC address is not in the MAC address table, the switch will add the source address and the port it is connected to into the MAC address table and then forward the frame to the outgoing port.",medium,web:Examveda.com https://www.examveda.com/networking/practice-mcq-question-on-spanning-tree-protocol/?page=2,
Computer Networks,spanning tree protocol,"What is the result of segmenting a network with a bridge (switch)? 
1. It increases the number of collision domains. 
2. It decreases the number of collision domains. 
3. It increases the number of broadcast domains. 
4. It decreases the number of broadcast domains. 
5. It makes smaller collision domains. 
6. It makes larger collision domains.",1 and 5,"2, 3 and 5","3, 4 and 6","1, 3 and 6",A,"Bridges break up collision domains, which would increase the number of collision domains in a network and also make smaller collision domains.",medium,web:Examveda.com https://www.examveda.com/networking/practice-mcq-question-on-spanning-tree-protocol/?page=2,
Computer Networks,spanning tree protocol,"What are the distinct functions of layer 2 switching that increase available bandwidth on the network? 
1. Address learning 
2. Routing 
3. Forwarding and filtering 
4. Creating network loops 
5. Loop avoidance 
6. IP addressing","1, 3 and 5","2, 4 and 6",2 and 6,3 and 5,A,"Layer 2 features include address learning, forwarding and filtering of the network, and loop avoidance.",medium,web:Examveda.com https://www.examveda.com/networking/practice-mcq-question-on-spanning-tree-protocol/?page=2,
Computer Networks,security,Which of the following is true regarding access lists applied to an interface?,You can place as many access lists as you want on any interface until you run out of memory.,You can apply only one access list on any interface.,"One access list may be configured, per direction, for each layer 3 protocol configured on an interface.",You can apply two access lists to any interface.,C,A Cisco router has rules regarding the placement of access lists on a router interface. You can place one access list per direction for each layer 3 protocol configured on an interface.,medium,web:Examveda.com https://www.examveda.com/networking/practice-mcq-question-on-security/,
Computer Networks,security,Which command would you use to apply an access list to a router interface?,ip access-list 101 out,access-list ip 101 in,ip access-group 101 in,access-group ip 101 in,C,"To apply an access list, the proper command is ip access-group 101 in.",medium,web:Examveda.com https://www.examveda.com/networking/practice-mcq-question-on-security/,
Computer Networks,security,Which of the following is an example of a standard IP access list?,access-list 110 permit host 1.1.1.1,access-list 1 deny 172.16.10.1 0.0.0.0,access-list 1 permit 172.16.10.1 255.255.0.0,access-list standard 1.1.1.1,B,Standard IP access lists use the numbers 1-99 and 1300-1999 and filter based on source IP address only. Option C is incorrect because the mask must be in wildcard format.,medium,web:Examveda.com https://www.examveda.com/networking/practice-mcq-question-on-security/,
Computer Networks,security,You need to create an access list that will prevent hosts in the network range of 192.168.160.0 to 192.168.191.0. Which of the following lists will you use?,access-list 10 deny 192.168.160.0 255.255.224.0,access-list 10 deny 192.168.160.0 0.0.191.255,access-list 10 deny 192.168.160.0 0.0.31.255,access-list 10 deny 192.168.0.0 0.0.31.255,C,"The range of 192.168.160.0 to 192.168.191.0 is a block size of 32. The network address is 192.168.160.0 and the mask would be 255.255.224.0, which for an access list must be a wildcard format of 0.0.31.255. The 31 is used for a block size of 32. The wildcard is always one less than the block size.",medium,web:Examveda.com https://www.examveda.com/networking/practice-mcq-question-on-security/,
Computer Networks,security,You are working on a router that has established privilege levels that restrict access to certain functions. You discover that you are not able to execute the command show running-configuration. How can you view and confirm the access lists that have been applied to the Ethernet 0 interface on your router?,show access-lists,show interface Ethernet 0,show ip access-lists,show ip interface Ethernet 0,D,"The only command that shows which access lists have been applied to an interface is show ip interface Ethernet 0. The command show access-lists displays all configured access lists, and show ip access-lists displays all configured IP access lists, but neither command indicates whether the displayed access lists have been applied to an interface.",medium,web:Examveda.com https://www.examveda.com/networking/practice-mcq-question-on-security/,
Computer Networks,security,What command will permit SMTP mail to only host 1.1.1.1?,access-list 10 permit smtp host 1.1.1.1,access-list 110 permit ip smtp host 1.1.1.1,access-list 10 permit tcp any host 1.1.1.1 eq smtp,access-list 110 permit tcp any host 1.1.1.1 eq smtp,D,"When trying to find the best answer to an access-list question, always check the access-list number and then the protocol. When filtering to an upper-layer protocol, you must use an extended list, numbers 100-199 and 2000-2699. Also, when you filter to an upper-layer protocol, you must use either tcp or udp in the protocol field. If it says ip in the protocol field, you cannot filter to an upper-layer protocol. SMTP uses TCP.",medium,web:Examveda.com https://www.examveda.com/networking/practice-mcq-question-on-security/,
Computer Networks,security,You want to create a standard access list that denies the subnet of the following host: 172.16.50.172/20. Which of the following would you start your list with?,access-list 10 deny 172.16.48.0 255.255.240.0,access-list 10 deny 172.16.0.0 0.0.255.255,access-list 10 deny 172.16.64.0 0.0.31.255,access-list 10 deny 172.16.48.0 0.0.15.255,D,"First, you must know that a /20 is 255.255.240.0, which is a block size of 16 in the third octet. Counting by 16s, this makes our subnet 48 in the third octet, and the wildcard for the third octet would be 15 since the wildcard is always one less than the block size.",medium,web:Examveda.com https://www.examveda.com/networking/practice-mcq-question-on-security/,
Computer Networks,security,What router command allows you to determine whether an IP access list is enabled on a particular interface?,show ip port,show access-lists,show ip interface,show access-lists interface,C,Only the show ip interface command will tell you which interfaces have access lists applied. show access-lists will not show you which interfaces have an access list applied.,medium,web:Examveda.com https://www.examveda.com/networking/practice-mcq-question-on-security/,
Computer Networks,security,You have created a named access list called Blocksales. Which of the following is a valid command for applying this to packets trying to enter interface s0 of your router?,(config)# ip access-group 110 in,(config-if)# ip access-group 110 in,(config-if)# ip access-group Blocksales in,(config-if)# blocksales ip access-list in,C,Using a named access list just replaces the number used when applying the list to the router's interface. ip access-group Blocksales in is correct.,medium,web:Examveda.com https://www.examveda.com/networking/practice-mcq-question-on-security/,
Computer Networks,security,You want to create a standard access list that denies the subnet of the following host: 172.16.144.17/21. Which of the following would you start your list with?,access-list 10 deny 172.16.48.0 255.255.240.0,access-list 10 deny 172.16.144.0 0.0.7.255,access-list 10 deny 172.16.64.0 0.0.31.255,access-list 10 deny 172.16.136.0 0.0.15.255,B,"First, you must know that a /21 is 255.255.248.0, which is a block size of 8 in the third octet. Counting by eight, this makes our subnet 144 in the third octet, and the wildcard for the third octet would be 7 since the wildcard is always one less than the block size. 

 
 
 
 



 
 
 
 
 
 
 
 
 
 
 
 
 1
2

 
 
 
 
 
 
 
 
 
 

 
 

 -->
 
 
 


 

-->
 
 
 Copyright © 2026 Examveda.com
 
 
 
 
 
 
 
 
 
 About Us |
 Terms & Condition |
 Privacy Policy |
 Contact Us",medium,web:Examveda.com https://www.examveda.com/networking/practice-mcq-question-on-security/,
Computer Networks,security,"You configure the following access list:


access-list 110 deny tcp 10.1.1.128 0.0.0.63 any eq smtp
access-list 110 deny tcp any eq 23
int ethernet 0
ip access-group 110 out",Email and Telnet will be allowed out E0.,Email and Telnet will be allowed in E0.,Everything but email and Telnet will be allowed out E0.,No IP traffic will be allowed out E0.,D,"If you add an access list to an interface and you do not have at least one permit statement, then you will effectively shut down the interface because of the implicit deny any at the end of every list.",medium,web:Examveda.com https://www.examveda.com/networking/practice-mcq-question-on-security/?page=2,
Computer Networks,security,You want to create a standard access list that denies the subnet of the following host: 172.16.198.94/19. Which of the following would you start your list with?,access-list 10 deny 172.16.192.0 0.0.31.255,access-list 10 deny 172.16.0.0 0.0.255.255,access-list 10 deny 172.16.172.0 0.0.31.255,access-list 10 deny 172.16.188.0 0.0.15.255,A,"First, you must know that a /19 is 255.255.224.0, which is a block size of 32 in the third octet. Counting by 32, this makes our subnet 192 in the third octet, and the wildcard for the third octet would be 31 since the wildcard is always one less than the block size.",medium,web:Examveda.com https://www.examveda.com/networking/practice-mcq-question-on-security/?page=2,
Computer Networks,security,"If you wanted to deny all Telnet connections to only network 192.168.10.0, which command could you use?",access-list 100 deny tcp 192.168.10.0 255.255.255.0 eq telnet,access-list 100 deny tcp 192.168.10.0 0.255.255.255 eq telnet,access-list 100 deny tcp any 192.168.10.0 0.0.0.255 eq 23,access-list 100 deny 192.168.10.0 0.0.0.255 any eq 23,C,"The extended access list ranges are 100-199 and 2000-2699, so the access-list number of 100 is valid. Telnet uses TCP, so the protocol TCP is valid. Now you just need to look for the source and destination address. Only the third option has the correct sequence of parameters. Answer B may work, but the question specifically states ""only"" to network 192.168.10.0, and the wildcard in answer B is too broad.",medium,web:Examveda.com https://www.examveda.com/networking/practice-mcq-question-on-security/?page=2,
Computer Networks,security,Which of the following access lists will allow only HTTP traffic into network 196.15.7.0?,access-list 100 permit tcp any 196.15.7.0 0.0.0.255 eq www,access-list 10 deny tcp any 196.15.7.0 eq www,access-list 100 permit 196.15.7.0 0.0.0.255 eq www,access-list 110 permit ip any 196.15.7.0 0.0.0.255,A,"The first thing to check in a question like this is the access-list number. Right away, you can see that the second option is wrong because it is using a standard IP access-list number. The second thing to check is the protocol. If you are filtering by upper-layer protocol, then you must be using either UDP or TCP; this eliminates the fourth option. The third and last answers have the wrong syntax.",medium,web:Examveda.com https://www.examveda.com/networking/practice-mcq-question-on-security/?page=2,
Computer Networks,security,"Which of the following are valid ways to refer only to host 172.16.30.55 in an IP access list?
1. 172.16.30.55 0.0.0.255
2. 172.16.30.55 0.0.0.0
3. any 172.16.30.55
4. host 172.16.30.55
5. 0.0.0.0 172.16.30.55
6. ip any 172.16.30.55",1 and 4,2 and 4,"1, 4 and 6",3 and 5,B,The wildcard 0.0.0.0 tells the router to match all four octets. This wildcard format alone can be replaced with the host command.,medium,web:Examveda.com https://www.examveda.com/networking/practice-mcq-question-on-security/?page=2,
Computer Networks,security,"If you wanted to deny FTP access from network 200.200.10.0 to network 200.199.11.0 but allow everything else, which of the following command strings is valid?",access-list 110 deny 200.200.10.0 to network 200.199.11.0 eq ftp access-list 111 permit ip any 0.0.0.0 255.255.255.255,access-list 1 deny ftp 200.200.10.0 200.199.11.0 any any,access-list 100 deny tcp 200.200.10.0 0.0.0.255 200.199.11.0 0.0.0.255 eq ftp,access-list 198 deny tcp 200.200.10.0 0.0.0.255 200.199.11.0 0.0.0.255 eq ftp access-list 198 permit ip any 0.0.0.0 255.255.255.255,D,"Extended IP access lists use numbers 100-199 and 2000-2699 and filter based on source and destination IP address, protocol number, and port number. The last option is correct because of the second line that specifies permit ip any any. (I used 0.0.0.0 255.255.255.255, which is the same as the any option.) The third option does not have this, so it would deny access but not allow everything else.",medium,web:Examveda.com https://www.examveda.com/networking/practice-mcq-question-on-security/?page=2,
Computer Networks,security,Which of the following series of commands will restrict Telnet access to the router?,Lab_A(config)#access-list 10 permit 172.16.1.1 Lab_A(config)#line con 0 Lab_A(config-line)#ip access-group 10 in,Lab_A(config)#access-list 10 permit 172.16.1.1 Lab_A(config)#line vty 0 4 Lab_A(config-line)#access-class 10 out,Lab_A(config)#access-list 10 permit 172.16.1.1 Lab_A(config)#line vty 0 4 Lab_A(config-line)#access-class 10 in,Lab_A(config)#access-list 10 permit 172.16.1.1 Lab_A(config)#line vty 0 4 Lab_A(config-line)#ip access-group 10 in,C,Telnet access to the router is restricted by using either a standard or extended IP access list inbound on the VTY lines of the router. The command access-class is used to apply the access list to the VTY lines.,medium,web:Examveda.com https://www.examveda.com/networking/practice-mcq-question-on-security/?page=2,
Computer Networks,security,Which of the following commands connect access list 110 inbound to interface ethernet0?,Router(config)# ip access-group 110 in,Router(config)# ip access-list 110 in,Router(config-if)# ip access-group 110 in,Router(config-if)# ip access-list 110 in,C,"To place an access list on an interface, use the ip access-group command in interface configuration mode. 

 
 
 
 



 
 
 
 
 
 
 
 
 
 
 
 
 
1
2
 
 
 
 
 
 
 
 
 
 

 
 

 -->
 
 
 


 

-->
 
 
 Copyright © 2026 Examveda.com
 
 
 
 
 
 
 
 
 
 About Us |
 Terms & Condition |
 Privacy Policy |
 Contact Us",medium,web:Examveda.com https://www.examveda.com/networking/practice-mcq-question-on-security/?page=2,
Computer Networks,wireless technologies,What is the frequency range of the IEEE 802.11a standard?,2.4Gbps,5Gbps,2.4GHz,5GHz,D,The IEEE 802.11a standard runs in the 5GHz RF range.,medium,web:Examveda.com https://www.examveda.com/networking/practice-mcq-question-on-wireless-technologies/,
Computer Networks,wireless technologies,What is the maximum distance running the lowest data rate for 802.11b?,About 100 feet,About 175 feet,About 300 feet,About 350 feet,D,"The IEEE 802.11b standard provides the lowest data rate at 1Mbps, but it also has the longest distance, which is about 350 feet.",medium,web:Examveda.com https://www.examveda.com/networking/practice-mcq-question-on-wireless-technologies/,
Computer Networks,wireless technologies,What is the maximum distance with maximum data rate for 802.11a?,About 65-75 feet,About 90-100 feet,About 150 feet,Over 200 feet,A,"The IEEE 802.11a standard provides a maximum data rate of up to 54Mbps, but you need to be close to the access point, somewhere around 65 to 75 feet.",medium,web:Examveda.com https://www.examveda.com/networking/practice-mcq-question-on-wireless-technologies/,
Computer Networks,wireless technologies,What is the frequency range of the IEEE 802.11b standard?,2.4Gbps,5Gbps,2.4GHz,5GHz,C,The IEEE 802.11b and IEEE 802.11g standards both run in the 2.4GHz RF range.,medium,web:Examveda.com https://www.examveda.com/networking/practice-mcq-question-on-wireless-technologies/,
Computer Networks,wireless technologies,You have a Cisco mesh network. What protocol allows multiple APs to connect with many redundant connections between nodes?,LWAPP,AWPP,STP,IEEE,B,Each AP in a mesh network runs the Adaptive Wireless Path Protocol (AWPP). This protocol allows RAPs to communicate with each other to determine the best path back to the wired network via the RAP.,medium,web:Examveda.com https://www.examveda.com/networking/practice-mcq-question-on-wireless-technologies/,
Computer Networks,wireless technologies,What is the maximum data rate for the 802.11g standard?,6Mbps,11Mbps,22Mbps,54Mbps,D,The IEEE 802.11g standard provides a maximum data rate of up to 54Mbps.,medium,web:Examveda.com https://www.examveda.com/networking/practice-mcq-question-on-wireless-technologies/,
Computer Networks,wireless technologies,How many non-overlapping channels are available with 802.11b?,3,12,23,40,A,The IEEE 802.11b standard provides 3 non-overlapping channels.,medium,web:Examveda.com https://www.examveda.com/networking/practice-mcq-question-on-wireless-technologies/,
Computer Networks,wireless technologies,How many non-overlapping channels are available with 802.11a?,3,12,23,40,B,The IEEE 802.11a standard provides up to 12 non-overlapping channels.,medium,web:Examveda.com https://www.examveda.com/networking/practice-mcq-question-on-wireless-technologies/,
Computer Networks,wireless technologies,"In Cisco's Unified Wireless Solution, what is the split-MAC architecture?",The split-MAC architecture uses MAC addresses to create a forward/filter table and break up collision domains.,The split-MAC architecture allows the splitting of 802.11 protocol packets between the AP and the controller to allow processing by both devices.,The split-MAC architecture uses MAC addresses on the wireless network and IP addresses on the wired network.,The split-MAC architecture uses MAC addresses to create a forward/filter table and break up broadcast domains.,B,"The split-MAC architecture allows the splitting of 802.11 protocol packets between the Cisco LWAPP-based AP, which handles real-time portions of the protocol, and the WLAN controller, which handles those items that are not time sensitive.",medium,web:Examveda.com https://www.examveda.com/networking/practice-mcq-question-on-wireless-technologies/,
Computer Networks,wireless technologies,What is the maximum distance with maximum data rate for 802.11b?,About 65-75 feet,About 90-100 feet,About 150 feet,Over 200 feet,C,"The IEEE 802.11b standard provides a maximum data rate of up to only 11Mbps, and you can be around 150 feet, maybe farther, depending on conditions. 

 
 
 
 



 
 
 
 
 
 
 
 
 
 
 
 
 1
2

 
 
 
 
 
 
 
 
 
 

 
 

 -->
 
 
 


 

-->
 
 
 Copyright © 2026 Examveda.com
 
 
 
 
 
 
 
 
 
 About Us |
 Terms & Condition |
 Privacy Policy |
 Contact Us",medium,web:Examveda.com https://www.examveda.com/networking/practice-mcq-question-on-wireless-technologies/,
Computer Networks,wireless technologies,What is the maximum distance with maximum data rate for 802.11g?,About 65-75 feet,About 90-100 feet,About 150 feet,Over 200 feet,B,"The IEEE 802.11g standard provides a maximum data rate of up to 54Mbps, but you need to be close to the access point, somewhere around 90 to 100 feet.",medium,web:Examveda.com https://www.examveda.com/networking/practice-mcq-question-on-wireless-technologies/?page=2,
Computer Networks,wireless technologies,What is the maximum distance running the lowest data rate for 802.11a?,About 100 feet,About 175 feet,About 300 feet,About 350 feet,B,"The IEEE 802.11a standard's lowest data rate is 6Mbps, but it can run from a distance of about 175 feet.",medium,web:Examveda.com https://www.examveda.com/networking/practice-mcq-question-on-wireless-technologies/?page=2,
Computer Networks,wireless technologies,How many non-overlapping channels are available with 802.11h?,3,12,23,40,C,The IEEE 802.11h standard provides an addition 11 channels to the 802.11a standard's 12 non-overlapping channel for a total of 23 non-overlapping channels.,medium,web:Examveda.com https://www.examveda.com/networking/practice-mcq-question-on-wireless-technologies/?page=2,
Computer Networks,wireless technologies,You are connecting your access point and it is set to root. What does Extended Service Set ID mean?,That you have more than one access point and they are in the same SSID connected by a distribution system.,That you have more than one access point and they are in separate SSIDs connected by a distribution system.,"That you have multiple access points, but they are placed physically in different buildings.","That you have multiple access points, but one is a repeater access point.",A,Extended Service Set ID means that you have more than one access point and they all are set to the same SSID and all are connected together in the same VLAN or distribution system so users can roam.,medium,web:Examveda.com https://www.examveda.com/networking/practice-mcq-question-on-wireless-technologies/?page=2,
Computer Networks,wireless technologies,"Cisco's Unified Wireless Solution provides a mesh solution. What devices do you absolutely need to purchase to run a Cisco solution? 
1. WCS 
2. Controller 
3. Access point 
4. Bridge",1 and 2,2 and 3,1 and 4 only,4 only,B,"The Cisco Unified Wireless Solution is a great product, but you must purchase specialized devices. Cisco managed access points and a controller are the devices you need to purchase to run the Unified Wireless Solution.",medium,web:Examveda.com https://www.examveda.com/networking/practice-mcq-question-on-wireless-technologies/?page=2,
Computer Networks,wireless technologies,What is the frequency range of the IEEE 802.11g standard?,2.4Gbps,5Gbps,2.4GHz,5GHz,C,The IEEE 802.11b and IEEE 802.11g standards both run in the 2.4GHz RF range.,medium,web:Examveda.com https://www.examveda.com/networking/practice-mcq-question-on-wireless-technologies/?page=2,
Computer Networks,wireless technologies,How many non-overlapping channels are available with 802.11g?,3,12,23,40,A,The IEEE 802.11g standard provides 3 non-overlapping channels.,medium,web:Examveda.com https://www.examveda.com/networking/practice-mcq-question-on-wireless-technologies/?page=2,
Computer Networks,wireless technologies,What is the maximum distance running the lowest data rate for 802.11g?,About 100 feet,About 175 feet,About 300 feet,About 350 feet,C,"The IEEE 802.11g standard's lowest data rate is 6Mbps, but it can run from a distance of about 300 feet. 

 
 
 
 



 
 
 
 
 
 
 
 
 
 
 
 
 
1
2
 
 
 
 
 
 
 
 
 
 

 
 

 -->
 
 
 


 

-->
 
 
 Copyright © 2026 Examveda.com
 
 
 
 
 
 
 
 
 
 About Us |
 Terms & Condition |
 Privacy Policy |
 Contact Us",medium,web:Examveda.com https://www.examveda.com/networking/practice-mcq-question-on-wireless-technologies/?page=2,
Computer Networks,wide area networks,"When setting up Frame Relay for point-to-point subinterfaces, which of the following must not be configured?",The Frame Relay encapsulation on the physical interface,The local DLCI on each subinterface,An IP address on the physical interface,The subinterface type as point-to-point,C,"It is very important to remember when studying the CCNA exam objectives, and when configuring Frame Relay with point-to-point subinterfaces, that you do not put an IP address on the physical interface.",medium,web:Examveda.com https://www.examveda.com/networking/practice-mcq-question-on-wide-area-networks/,
Computer Networks,wide area networks,Which command will display the CHAP authentication process as it occurs between two routers in the network?,show chap authentication,show interface serial 0,debug ppp authentication,debug chap authentication,C,The command debug ppp authentication will show you the authentication process that PPP uses between point-to-point connections.,medium,web:Examveda.com https://www.examveda.com/networking/practice-mcq-question-on-wide-area-networks/,
Computer Networks,wide area networks,"The Acme Corporation is implementing dial-up services to enable remote-office employees to connect to the local network. The company uses multiple routed protocols, needs authentication of users connecting to the network, and since some calls will be long distance, needs callback support. Which of the following protocols is the best choice for these remote services?",802.1,Frame Relay,HDLC,PPP,D,"PPP is your only option, as HDLC and Frame Relay do not support these types of business requirements. PPP provides dynamic addressing, authentication using PAP or CHAP, and callback services.",medium,web:Examveda.com https://www.examveda.com/networking/practice-mcq-question-on-wide-area-networks/,
Computer Networks,wide area networks,You need to configure a router for a Frame Relay connection to a non-Cisco router. Which of the following commands will prepare the WAN interface of the router for this connection?,Router(config-if)# encapsulation frame-relay q933a,Router(config-if)# encapsulation frame-relay ansi,Router(config-if)# encapsulation frame-relay ietf,Router(config-if)# encapsulation frame-relay cisco,C,"If you have a Cisco router on one side of a Frame Relay network and a non-Cisco router on the other side, you would need to use the Frame Relay encapsulation type of IETF. The default is Cisco encapsulation, which means that a Cisco router must be on both sides of the Frame Relay network.",medium,web:Examveda.com https://www.examveda.com/networking/practice-mcq-question-on-wide-area-networks/,
Computer Networks,wide area networks,"Which WAN encapsulations can be configured on an asynchronous serial connection? 
1. PPP 
2. ATM 
3. HDLC 
4. SDLC 
5. Frame Relay",1 and 2,2 and 4,"3, 4 and 5",All of the above,A,"Please do not freak out because ATM is an answer to this question. ATM is not covered in depth on the CCNA exam. PPP is mostly used for dial-up (async) services, but ATM could be used as well, though it typically is not used anymore since PPP is so efficient.",medium,web:Examveda.com https://www.examveda.com/networking/practice-mcq-question-on-wide-area-networks/,
Computer Networks,wide area networks,"Which encapsulations can be configured on a serial interface? 
1. Ethernet 
2. Token Ring 
3. HDLC 
4. Frame Relay 
5. PPP",1 and 4,2 only,"3, 4 and 5",All of the above,C,"Ethernet and Token Ring are LAN technologies and cannot be configured on a serial interface. PPP, HDLC, and Frame Relay are layer 2 WAN technologies that are typically configured on a serial interface.",medium,web:Examveda.com https://www.examveda.com/networking/practice-mcq-question-on-wide-area-networks/,
Computer Networks,wide area networks,Suppose that you have a customer who has a central HQ and six branch offices. They anticipate adding six more branches in the near future. They wish to implement a WAN technology that will allow the branches to economically connect to HQ and you have no free ports on the HQ router. Which of the following would you recommend?,PPP,HDLC,Frame Relay,ISDN,C,"The key is ""there are no free ports"" on your router. Only Frame Relay can provide a connection to multiple locations with one interface, and in an economical manner no less.",medium,web:Examveda.com https://www.examveda.com/networking/practice-mcq-question-on-wide-area-networks/,
Computer Networks,wide area networks,"Which of the following command options are displayed when you use the Router# show frame-relay ? command? 
1. dlci 
2. neighbors 
3. lmi 
4. pvc 
5. map",1 only,2 and 4,"3, 4 and 5",All of the above,C,"The show frame-relay ? command provides many options, but the options available in this question are lmi, pvc, and map.",medium,web:Examveda.com https://www.examveda.com/networking/practice-mcq-question-on-wide-area-networks/,
Computer Networks,wide area networks,In which of the following technologies is the term HFC used?,DSL,PPPoE,Frame Relay,Dedicated T1,D,"In a modern network, hybrid fibre-coaxial (HFC) is a telecommunications industry term for a network that incorporates both optical fiber and coaxial cable to create a broadband network.",medium,web:Examveda.com https://www.examveda.com/networking/practice-mcq-question-on-wide-area-networks/,
Computer Networks,wide area networks,A default Frame Relay WAN is classified as what type of physical network?,Point-to-point,Broadcast multi-access,Non-broadcast multi-access,Non-broadcast multipoint,C,"Frame Relay, by default, is a non-broadcast multi-access (NBMA) network, which means that broadcasts, such as RIP updates, will not be forwarded across the link by default. 

 
 
 
 



 
 
 
 
 
 
 
 
 
 
 
 
 1
2

 
 
 
 
 
 
 
 
 
 

 
 

 -->
 
 
 


 

-->
 
 
 Copyright © 2026 Examveda.com
 
 
 
 
 
 
 
 
 
 About Us |
 Terms & Condition |
 Privacy Policy |
 Contact Us",medium,web:Examveda.com https://www.examveda.com/networking/practice-mcq-question-on-wide-area-networks/,
Computer Networks,wide area networks,"Which of the following describes the creation of private networks across the Internet, enabling privacy and tunneling of non-TCP/IP protocols?",HDLC,Cable,VPN,IPSec,C,"A allows the creation of private networks across the Internet, enabling privacy and tunneling of non-TCP/IP protocols. A VPN can be set up across any type of link.",medium,web:Examveda.com https://www.examveda.com/networking/practice-mcq-question-on-wide-area-networks/?page=2,
Computer Networks,wide area networks,Which of the following describes an industry-wide standard suite of protocols and algorithms that allows for secure data transmission over an IP-based network that functions at the layer 3 Network layer of the OSI model?,HDLC,Cable,VPN,IPSec,D,IPSec is an industry-wide standard suite of protocols and algorithms that allows for secure data transmission over an IP-based network that functions at the layer 3 Network layer of the OSI model.,medium,web:Examveda.com https://www.examveda.com/networking/practice-mcq-question-on-wide-area-networks/?page=2,
Computer Networks,wide area networks,Which of the following uses ATM as the Data Link layer protocol that's terminated at what's known as the DSLAM?,DSL,PPPoE,Frame Relay,Dedicated T1,A,"ATM is the Data-Link layer protocol that's typically used over the DSL layer 1 connection from the CPE and terminated at what's known as the DSLAM-an ATM switch that contains DSL interface cards, or ATU-Cs.",medium,web:Examveda.com https://www.examveda.com/networking/practice-mcq-question-on-wide-area-networks/?page=2,
Computer Networks,wide area networks,"When a router is connected to a Frame Relay WAN link using a serial DTE interface, how is the clock rate determined?",Supplied by the CSU/DSU,By the far end router,By the clock rate command,By the Physical layer bit stream timing,A,"Clocking on a serial interface is always provided by the CSU/DSU (DCE device). However, if you do not have a CSU/DSU in your nonproduction test environment, then you need to supply clocking with the clock rate command on the serial interface of the router with the DCE cable attached.",medium,web:Examveda.com https://www.examveda.com/networking/practice-mcq-question-on-wide-area-networks/?page=2,
Computer Networks,wide area networks,Which command is required for connectivity in a Frame Relay network if Inverse ARP is not operational?,frame-relay arp,frame-relay map,frame-relay interface-dci,frame-relay lmi-type,B,"If you have a router in your Frame Relay network that does not support IARP, you must create Frame Relay maps on your router, which provide known DLCI-to-IP address mappings.",medium,web:Examveda.com https://www.examveda.com/networking/practice-mcq-question-on-wide-area-networks/?page=2,
Computer Networks,wide area networks,How should a router that is being used in a Frame Relay network be configured to keep split horizon issues from preventing routing updates?,Configure a separate subinterface for each PVC with a unique DLCI and subnet assigned to the subinterface.,Configure each Frame Relay circuit as a point-to-point line to support multicast and broadcast traffic.,Configure many subinterfaces in the same subnet.,Configure a single subinterface to establish multiple PVC connections to multiple remote router interfaces.,A,"If you have a serial port configured with multiple DLCIs connected to multiple remote sites, split horizon rules, stop route updates received on an interface from being sent out the same interface. By creating subinterfaces for each PVC, you can avoid the split horizon issues when using Frame Relay.",medium,web:Examveda.com https://www.examveda.com/networking/practice-mcq-question-on-wide-area-networks/?page=2,
Computer Networks,wide area networks,"Which of the following encapsulates PPP frames in Ethernet frames and uses common PPP features like authentication, encryption, and compression?",PPP,PPPoA,PPPoE,Token Ring,C,"PPPoE encapsulates PPP frames in Ethernet frames and uses common PPP features like authentication, encryption, and compression. PPPoA is used for ATM.",medium,web:Examveda.com https://www.examveda.com/networking/practice-mcq-question-on-wide-area-networks/?page=2,
Computer Networks,internetworking,"Which layer 1 devices can be used to enlarge the area covered by a single LAN segment? 
1. Switch 
2. NIC 
3. Hub 
4. Repeater 
5. RJ45 transceiver",1 only,1 and 3,3 and 4,5 only,C,"Not that you really want to enlarge a single collision domain, but a hub (multiport repeater) will provide this for you.",medium,web:Examveda.com https://www.examveda.com/networking/practice-mcq-question-on-internetworking/,
Computer Networks,internetworking,Routers operate at layer _____. LAN switches operate at layer _____. Ethernet hubs operate at layer _____. Word processing operates at layer _____.,"3, 3, 1, 7","3, 2, 1, none","3, 2, 1, 7","3, 3, 2, none",B,"Routers operate at layer 3. LAN switches operate at layer 2. Ethernet hubs operate at layer 1. Word processing applications communicate to the Application layer interface, but do not operate at layer 7, so the answer would be none.",medium,web:Examveda.com https://www.examveda.com/networking/practice-mcq-question-on-internetworking/,
Computer Networks,internetworking,"Why does the data communication industry use the layered OSI reference model? 
1. It divides the network communication process into smaller and simpler components, thus aiding component development, design, and troubleshooting. 
2. It enables equipment from different vendors to use the same electronic components, thus saving research and development funds. 
3. It supports the evolution of multiple competing standards and thus provides business opportunities for equipment manufacturers. 
4. It encourages industry standardization by defining what functions occur at each layer of the model.",1 only,1 and 4,2 and 3,3 only,B,"The main advantage of a layered model is that it can allow application developers to change aspects of a program in just one layer of the layer model's specifications. 
Advantages of using the OSI layered model include, but are not limited to, the following: 
It divides the network communication process into smaller and simpler components, thus aiding compo-nent development, design, and troubleshooting; 
it allows multiple-vendor development through standardization of network components; 
it encourages industry standardization by defining what functions occur at each layer of the model; 
it allows various types of network hardware and software to communicate; 
and it prevents changes in one layer from affecting other layers, so it does not hamper development.",medium,web:Examveda.com https://www.examveda.com/networking/practice-mcq-question-on-internetworking/,
Computer Networks,internetworking,A receiving host has failed to receive all of the segments that it should acknowledge. What can the host do to improve the reliability of this communication session?,Send a different source port number.,Restart the virtual circuit.,Decrease the sequence number.,Decrease the window size.,D,"A receiving host can control the transmitter by using flow control (TCP uses Windowing by default). By decreasing the window size, the receiving host can slow down the transmitting host so the receiving host does not overflow its buffers.",medium,web:Examveda.com https://www.examveda.com/networking/practice-mcq-question-on-internetworking/,
Computer Networks,internetworking,What are the decimal and hexadecimal equivalents for the binary number 10110111?,69/0x2102,183/B7,173/A6,83/0xC5,B,"You must be able to take a binary number and convert it into both decimal and hexadecimal. 
To convert to decimal, just add up the 1s using their values. The values that are turned on with the binary number of 10110111 are 128 + 32 + 16 + 4 + 2 + 1 = 183. 
To get the hexadecimal equivalent, you need to break the eight binary digits into nibbles (4 bits), 1011 and 0111. 
By add-ing up these values, you get 11 and 7. In hexadecimal, 11 is B, 
so the answer is 0xB7.",medium,web:Examveda.com https://www.examveda.com/networking/practice-mcq-question-on-internetworking/,
Computer Networks,internetworking,What is the purpose of flow control?,To ensure that data is retransmitted if an acknowledgment is not received.,To reassemble segments in the correct order at the destination device.,To provide a means for the receiver to govern the amount of data sent by the sender.,To regulate the size of each segment.,C,Flow control allows the receiving device to control the transmitter so the receiving device's buffer does not overflow.,medium,web:Examveda.com https://www.examveda.com/networking/practice-mcq-question-on-internetworking/,
Computer Networks,internetworking,"Which three statements are true about the operation of a full-duplex Ethernet network? 
1. There are no collisions in full-duplex mode. 
2. A dedicated switch port is required for each full-duplex node. 
3. Ethernet hub ports are preconfigured for full-duplex mode. 
4. In a full-duplex environment, the host network card must check for the availability of the network media before transmitting. 
5. The host network card and the switch port must be capable of operating in full-duplex mode.","1, 2, and 5",2 and 4,"2, 3 and 4",5 only,A,"Full-duplex means you are using both wire pairs simultaneously to send and receive data. You must have a dedicated switch port for each node, which means you will not have collisions. Both the host network card and the switch port must be capable and set to work in full-duplex mode.",medium,web:Examveda.com https://www.examveda.com/networking/practice-mcq-question-on-internetworking/,
Computer Networks,internetworking,"Which of the following are types of flow control? 
1. Buffering 
2. Cut-through 
3. Windowing 
4. Congestion avoidance",1 and 2,"1, 3 and 4",2 only,3 only,B,"The common types of flow control are buffering, windowing, and congestion avoidance.",medium,web:Examveda.com https://www.examveda.com/networking/practice-mcq-question-on-internetworking/,
Computer Networks,internetworking,"What are two purposes for segmentation with a bridge? 
1. To add more broadcast domains. 
2. To create more collision domains. 
3. To add more bandwidth for users. 
4. To allow more broadcasts for users.",1 only,2 and 3,2 and 4,4 only,B,"Bridges break up collision domains, which allow more bandwidth for users. 

 
 
 
 



 
 
 
 
 
 
 
 
 
 
 
 
 1
2

 
 
 
 
 
 
 
 
 
 

 
 

 -->
 
 
 


 

-->
 
 
 Copyright © 2026 Examveda.com
 
 
 
 
 
 
 
 
 
 About Us |
 Terms & Condition |
 Privacy Policy |
 Contact Us",medium,web:Examveda.com https://www.examveda.com/networking/practice-mcq-question-on-internetworking/,
Computer Networks,internetworking,"How does a host on an Ethernet LAN know when to transmit after a collision has occurred? 
1. In a CSMA/CD collision domain, multiple stations can successfully transmit data simultaneously. 
2. In a CSMA/CD collision domain, stations must wait until the media is not in use before transmitting. 
3. You can improve the CSMA/CD network by adding more hubs. 
4. After a collision, the station that detected the collision has first priority to resend the lost data. 
5. After a collision, all stations run a random backoff algorithm. When the backoff delay period has expired, all stations have equal priority to transmit data.",1 and 3,2 and 4,"1,3 and 4",2 and 5,D,"Once transmitting stations on an Ethernet segment hear a collision, they send an extended jam signal to ensure that all stations recognize the collision. After the jamming is complete, each sender waits a predetermined amount of time, plus a random time. After both timers expire, they are free to transmit, but they must make sure the media is clear before transmitting and that they all have equal priority.",medium,web:Examveda.com https://www.examveda.com/networking/practice-mcq-question-on-internetworking/?page=2,
Computer Networks,internetworking,"Which of the following types of connections can use full duplex? 
1. Hub to hub 
2. Switch to switch 
3. Host to host 
4. Switch to hub 
5. Switch to host","1, 2 and 4",3 and 4,3 and 5,"2, 3 and 5",D,"Hubs cannot run full-duplex Ethernet. Full duplex must be used on a point-to-point connection between two devices capable of running full duplex. Switches and hosts can run full duplex between each other, but a hub can never run full duplex.",medium,web:Examveda.com https://www.examveda.com/networking/practice-mcq-question-on-internetworking/?page=2,
Computer Networks,internetworking,"Acknowledgments, sequencing, and flow control are characteristics of which OSI layer?",Layer 2,Layer 3,Layer 4,Layer 7,C,"A reliable Transport layer connection uses acknowledgments to make sure all data is transmitted and received reliably. A reliable connection is defined by a virtual circuit that uses acknowledgments, sequencing, and flow control, which are characteristics of the Transport layer (layer 4).",medium,web:Examveda.com https://www.examveda.com/networking/practice-mcq-question-on-internetworking/?page=2,
Computer Networks,internetworking,"Which fields are contained within an IEEE Ethernet frame header? 
1. Source and destination MAC address 
2. Source and destination network address 
3. Source and destination MAC address and source and destination network address 
4. FCS field",1 and 4,2 only,2 and 3 only,3 only,A,"An Ethernet frame has source and destination MAC addresses, an Ether-Type field to identify the Network layer protocol, the data, and the FCS field that holds the answer to the CRC.",medium,web:Examveda.com https://www.examveda.com/networking/practice-mcq-question-on-internetworking/?page=2,
Computer Networks,internetworking,What type of RJ45 UTP cable do you use to connect a PC's COM port to a router or switch console port?,Straight-through,Crossover cable,Crossover with a CSU/DSU,Rolled,D,"To connect to a router or switch console port, you would use an RJ45 UTP rolled cable.",medium,web:Examveda.com https://www.examveda.com/networking/practice-mcq-question-on-internetworking/?page=2,
Computer Networks,internetworking,How to implement a network medium that is not susceptible to EMI. Which type of cabling should you use?,Thicknet coax,Thinnet coax,Category 5 UTP cable,Fiber-optic cable,D,"Fiber-optic cable provides a more secure, long-distance cable that is not susceptible to EMI interference at high speeds.",medium,web:Examveda.com https://www.examveda.com/networking/practice-mcq-question-on-internetworking/?page=2,
Computer Networks,internetworking,Segmentation of a data stream happens at which layer of the OSI model?,Physical,Data Link,Network,Transport,D,The Transport layer receives large data streams from the upper layers and breaks these up into smaller pieces called segments.,medium,web:Examveda.com https://www.examveda.com/networking/practice-mcq-question-on-internetworking/?page=2,
Computer Networks,internetworking,"When data is encapsulated, which is the correct order?","Data, frame, packet, segment, bit","Segment, data, packet, frame, bit","Data, segment, packet, frame, bit","Data, segment, frame, packet, bit",C,"The encapsulation method is data, segment, packet, frame, bit.",medium,web:Examveda.com https://www.examveda.com/networking/practice-mcq-question-on-internetworking/?page=2,
Computer Networks,internetworking,"Which of the following are unique characteristics of half-duplex Ethernet when compared to full-duplex Ethernet? 
1. Half-duplex Ethernet operates in a shared collision domain. 
2. Half-duplex Ethernet operates in a private collision domain. 
3. Half-duplex Ethernet has higher effective throughput. 
4. Half-duplex Ethernet has lower effective throughput.",2 only,"1,2 and 3",1 and 4,4 only,C,"Unlike full duplex, half-duplex Ethernet operates in a shared collision domain, and it has a lower effective throughput than full duplex.",medium,web:Examveda.com https://www.examveda.com/networking/practice-mcq-question-on-internetworking/?page=2,
Computer Networks,internetworking,What type of RJ45 UTP cable is used between switches?,Straight-through,Crossover cable,Crossover with a CSU/DSU,Crossover with a router in between the two switches,B,"Correct Answer: B) Crossover cable 
 
Here's why: 
 
Imagine two switches are like two people trying to talk. 
 
* Option A: Straight-through cable: Think of this like both people trying to speak at the same time and both listening at the same time. They can't hear each other because their ""talking"" (transmit) lines are connected to each other and their ""listening"" (receive) lines are connected to each other. It doesn't work for two switches directly connected. 
 
* Option B: Crossover cable: This cable is specially wired so that one person's ""talking"" (transmit) goes to the other person's ""listening"" (receive), and vice-versa. This is exactly what you need when connecting two switches directly! 
 
* Option C: Crossover with a CSU/DSU: A CSU/DSU is a device used for connecting to a WAN (Wide Area Network) link, like a T1 line. It's not needed for connecting two switches locally. 
 
* Opt",medium,web:Examveda.com https://www.examveda.com/networking/practice-mcq-question-on-internetworking/?page=2,
Computer Networks,subnetting,"Your router has the following IP address on Ethernet0: 172.16.2.1/23. Which of the following can be valid host IDs on the LAN interface attached to the router? 
1. 172.16.1.100 
2. 172.16.1.198 
3. 172.16.2.255 
4. 172.16.3.0",1 only,2 and 3 only,3 and 4 only,None of the above,C,"The router's IP address on the E0 interface is 172.16.2.1/23, which is 255.255.254.0. This makes the third octet a block size of 2. The router's interface is in the 2.0 subnet, and the broadcast address is 3.255 because the next subnet is 4.0. The valid host range is 2.1 through 3.254. The router is using the first valid host address in the range.",medium,web:Examveda.com https://www.examveda.com/networking/practice-mcq-question-on-subnetting/,
Computer Networks,subnetting,"Which two statements describe the IP address 10.16.3.65/23? 
1. The subnet address is 10.16.3.0 255.255.254.0. 
2. The lowest host address in the subnet is 10.16.2.1 255.255.254.0. 
3. The last valid host address in the subnet is 10.16.2.254 255.255.254.0. 
4. The broadcast address of the subnet is 10.16.3.255 255.255.254.0.",1 and 3,2 and 4,"1, 2 and 4","2, 3 and 4",B,"The mask 255.255.254.0 (/23) used with a Class A address means that there are 15 subnet bits and 9 host bits. The block size in the third octet is 2 (256 - 254). So this makes the subnets in the interesting octet 0, 2, 4, 6, etc., all the way to 254. The host 10.16.3.65 is in the 2.0 subnet. The next subnet is 4.0, so the broadcast address for the 2.0 subnet is 3.255. The valid host addresses are 2.1 through 3.254.",medium,web:Examveda.com https://www.examveda.com/networking/practice-mcq-question-on-subnetting/,
Computer Networks,subnetting,"A network administrator is connecting hosts A and B directly through their Ethernet interfaces, as shown in the illustration. Ping attempts between the hosts are unsuccessful. What can be done to provide connectivity between the hosts? 
 
1. A crossover cable should be used in place of the straight-through cable. 
2. A rollover cable should be used in place of the straight-through cable. 
3. The subnet masks should be set to 255.255.255.192. 
4. A default gateway needs to be set on each host. 
5. The subnet masks should be set to 255.255.255.0.",1 only,2 only,3 and 4 only,1 and 5 only,D,"First, if you have two hosts directly connected, as shown in the graphic, then you need a crossover cable. A straight-through cable won't work. Second, the hosts have different masks, which puts them in different subnets. The easy solution is just to set both masks to 255.255.255.0 (/24).",medium,web:Examveda.com https://www.examveda.com/networking/practice-mcq-question-on-subnetting/,
Computer Networks,subnetting,What is the maximum number of IP addresses that can be assigned to hosts on a local subnet that uses the 255.255.255.224 subnet mask?,14,15,16,30,D,"A /27 (255.255.255.224) is 3 bits on and 5 bits off. This provides 8 subnets, each with 30 hosts. Does it matter if this mask is used with a Class A, B, or C network address? Not at all. The number of host bits would never change.",medium,web:Examveda.com https://www.examveda.com/networking/practice-mcq-question-on-subnetting/,
Computer Networks,subnetting,"You need to subnet a network that has 5 subnets, each with at least 16 hosts. Which classful subnet mask would you use?",255.255.255.192,255.255.255.224,255.255.255.240,255.255.255.248,B,"You need 5 subnets, each with at least 16 hosts. The mask 255.255.255.240 provides 16 subnets with 14 hosts-this will not work. The mask 255.255.255.224 provides 8 subnets, each with 30 hosts. This is the best answer.",medium,web:Examveda.com https://www.examveda.com/networking/practice-mcq-question-on-subnetting/,
Computer Networks,subnetting,You have a network that needs 29 subnets while maximizing the number of host addresses available on each subnet. How many bits must you borrow from the host field to provide the correct subnet mask?,2,3,4,5,D,"A 240 mask is 4 subnet bits and provides 16 subnets, each with 14 hosts. We need more subnets, so let's add subnet bits. One more subnet bit would be a 248 mask. This provides 5 subnet bits (32 subnets) with 3 host bits (6 hosts per subnet). This is the best answer.",medium,web:Examveda.com https://www.examveda.com/networking/practice-mcq-question-on-subnetting/,
Computer Networks,subnetting,"If an Ethernet port on a router were assigned an IP address of 172.16.112.1/25, what would be the valid subnet address of this host?",172.16.112.0,172.16.0.0,172.16.96.0,172.16.255.0,A,"A /25 mask is 255.255.255.128. Used with a Class B network, the third and fourth octets are used for subnetting with a total of 9 subnet bits, 8 bits in the third octet and 1 bit in the fourth octet. Since there is only 1 bit in the fourth octet, the bit is either off or on-which is a value of 0 or 128. The host in the question is in the 0 subnet, which has a broadcast address of 127 since 128 is the next subnet.",medium,web:Examveda.com https://www.examveda.com/networking/practice-mcq-question-on-subnetting/,
Computer Networks,subnetting,"You have an interface on a router with the IP address of 192.168.192.10/29. Including the router interface, how many hosts can have IP addresses on the LAN attached to the router interface?",6,8,30,32,A,"A /29 (255.255.255.248), regardless of the class of address, has only 3 host bits. Six hosts is the maximum number of hosts on this LAN, including the router interface.",medium,web:Examveda.com https://www.examveda.com/networking/practice-mcq-question-on-subnetting/,
Computer Networks,subnetting,What is the subnetwork number of a host with an IP address of 172.16.66.0/21?,172.16.36.0,172.16.48.0,172.16.64.0,172.16.0.0,C,"A /21 is 255.255.248.0, which means we have a block size of 8 in the third octet, so we just count by 8 until we reach 66. The subnet in this question is 64.0. The next subnet is 72.0, so the broadcast address of the 64 subnet is 71.255.",medium,web:Examveda.com https://www.examveda.com/networking/practice-mcq-question-on-subnetting/,
Computer Networks,subnetting,The network address of 172.16.0.0/19 provides how many subnets and hosts?,"7 subnets, 30 hosts each","8 subnets, 8,190 hosts each","8 subnets, 2,046 hosts each","7 subnets, 2,046 hosts each",B,"A CIDR address of /19 is 255.255.224.0. This is a Class B address, so that is only 3 subnet bits, but it provides 13 host bits, or 8 subnets, each with 8,190 hosts. 

 
 
 
 



 
 
 
 
 
 
 
 
 
 
 
 
 1
2

 
 
 
 
 
 
 
 
 
 

 
 

 -->
 
 
 


 

-->
 
 
 Copyright © 2026 Examveda.com
 
 
 
 
 
 
 
 
 
 About Us |
 Terms & Condition |
 Privacy Policy |
 Contact Us",medium,web:Examveda.com https://www.examveda.com/networking/practice-mcq-question-on-subnetting/,
Computer Networks,subnetting,You need to configure a server that is on the subnet 192.168.19.24/29. The router has the first available host address. Which of the following should you assign to the server?,192.168.19.0 255.255.255.0,192.168.19.33 255.255.255.240,192.168.19.26 255.255.255.248,192.168.19.31 255.255.255.248,C,"A /29 is 255.255.255.248, which is a block size of 8 in the fourth octet. The subnets are 0, 8, 16, 24, 32, 40, etc. 192.168.19.24 is the 24 subnet, and since 32 is the next subnet, the broadcast address for the 24 subnet is 31. 192.168.19.26 is the only correct answer.",medium,web:Examveda.com https://www.examveda.com/networking/practice-mcq-question-on-subnetting/?page=2,
Computer Networks,subnetting,You have an interface on a router with the IP address of 192.168.192.10/29. What is the broadcast address the hosts will use on this LAN?,192.168.192.15,192.168.192.31,192.168.192.63,192.168.192.127,A,"A /29 (255.255.255.248) has a block size of 8 in the fourth octet. This means the subnets are 0, 8, 16, 24, etc. 10 is in the 8 subnet. The next subnet is 16, so 15 is the broadcast address.",medium,web:Examveda.com https://www.examveda.com/networking/practice-mcq-question-on-subnetting/?page=2,
Computer Networks,subnetting,You have a network with a subnet of 172.16.17.0/22. Which is the valid host address?,172.16.17.1 255.255.255.252,172.16.0.1 255.255.240.0,172.16.20.1 255.255.254.0,172.16.18.255 255.255.252.0,D,"A Class B network ID with a /22 mask is 255.255.252.0, with a block size of 4 in the third octet. The network address in the question is in subnet 172.16.16.0 with a broadcast address of 172.16.19.255. Only option E even has the correct subnet mask listed, and 172.16.18.255 is a valid host.",medium,web:Examveda.com https://www.examveda.com/networking/practice-mcq-question-on-subnetting/?page=2,
Computer Networks,subnetting,"On a VLSM network, which mask should you use on point-to-point WAN links in order to reduce the waste of IP addresses?",/27,/28,/29,/30,D,"A point-to-point link uses only two hosts. A /30, or 255.255.255.252, mask provides two hosts per subnet.",medium,web:Examveda.com https://www.examveda.com/networking/practice-mcq-question-on-subnetting/?page=2,
Computer Networks,subnetting,"To test the IP stack on your local host, which IP address would you ping?",127.0.0.0,1.0.0.127,127.0.0.1,127.0.0.255,C,"To test the local stack on your host, ping the loopback interface of 127.0.0.1.",medium,web:Examveda.com https://www.examveda.com/networking/practice-mcq-question-on-subnetting/?page=2,
Computer Networks,subnetting,"If a host on a network has the address 172.16.45.14/30, what is the subnetwork this host belongs to?",172.16.45.0,172.16.45.4,172.16.45.8,172.16.45.12,D,"A /30, regardless of the class of address, has a 252 in the fourth octet. This means we have a block size of 4 and our subnets are 0, 4, 8, 12, 16, etc. Address 14 is obviously in the 12 subnet.",medium,web:Examveda.com https://www.examveda.com/networking/practice-mcq-question-on-subnetting/?page=2,
Computer Networks,subnetting,"Using the following illustration, what would be the IP address of E0 if you were using the eighth subnet? The network ID is 192.168.10.0/28 and you need to use the last available IP address in the range. The zero subnet should not be considered valid for this question.",192.168.10.142,192.168.10.66,192.168.100.254,192.168.10.143,A,"A /28 is a 255.255.255.240 mask. Let's count to the ninth subnet (we need to find the broadcast address of the eighth subnet, so we need to count to the ninth subnet). Starting at 16 (remember, the question stated that we will not use subnet zero, so we start at 16, not 0), 16, 32, 48, 64, 80, 96, 112, 128, 144. The eighth subnet is 128 and the next subnet is 144, so our broadcast address of the 128 subnet is 143. This makes the host range 129-142. 142 is the last valid host.",medium,web:Examveda.com https://www.examveda.com/networking/practice-mcq-question-on-subnetting/?page=2,
Computer Networks,subnetting,Which configuration command must be in effect to allow the use of 8 subnets if the Class C subnet mask is 255.255.255.224?,Router (config) #ip classless,Router (config) #no ip classful,Router (config) #ip unnumbered,Router (config) #ip subnet-zero,D,"A Class C subnet mask of 255.255.255.224 is 3 bits on and 5 bits off (11100000) and provides 8 subnets, each with 30 hosts. However, if the command ip subnet-zero is not used, then only 6 subnets would be available for use.",medium,web:Examveda.com https://www.examveda.com/networking/practice-mcq-question-on-subnetting/?page=2,
Computer Networks,subnetting,"Using the illustration from the previous question, what would be the IP address of SO if you were using the first subnet? The network ID is 192.168.10.0/28 and you need to use the last available IP address in the range. Again, the zero subnet should not be considered valid for this question.",192.168.10.24,192.168.10.62,192.168.10.30,192.168.10.127,C,"A /28 is a 255.255.255.240 mask. The first subnet is 16 (remember that the question stated not to use subnet zero) and the next subnet is 32, so our broadcast address is 31. This makes our host range 17-30. 30 is the last valid host.",medium,web:Examveda.com https://www.examveda.com/networking/practice-mcq-question-on-subnetting/?page=2,
Computer Networks,subnetting,What is the subnetwork address for a host with the IP address 200.10.5.68/28?,200.10.5.56,200.10.5.32,200.10.5.64,200.10.5.0,C,"Explanation: 
 
Step 1: 
The given IP address is 200.10.5.68 with a subnet mask of /28. 
 
Step 2: 
Convert the subnet mask from its decimal representation to binary. 
The subnet mask /28 corresponds to 255.255.255.240 in decimal, which is 11111111.11111111.11111111.11110000 in binary. 
 
Step 3: 
Perform a bitwise ""AND"" operation between the IP address and the subnet mask. 
 
IP address: 200.10.5.68 -> 11001000.00001010.00000101.01000100 
Subnet mask: 255.255.255.240 -> 11111111.11111111.11111111.11110000 
Subnet (AND): 200.10.5.64 -> 11001000.00001010.00000101.01000000 
 
Step 4: 
The result of the ""AND"" operation is the subnetwork address. 
Therefore, the subnetwork address for the host with the IP address 200.10.5.68/28 is: 
 
C. 200.10.5.64 
 
This output corresponds to the subnetwork address obtained by applying the subnet mask to the given IP address. 

 
 
 
 



 
 
 
 
 
 
 
 
",medium,web:Examveda.com https://www.examveda.com/networking/practice-mcq-question-on-subnetting/?page=2,
Computer Networks,managing a cisco internetwork,"You have your laptop directly connected into a router's Ethernet port. Which of the following are among the requirements for the copy flash tftp command to be successful? 
1. TFTP server software must be running on the router. 
2. TFTP server software must be running on your laptop. 
3. The Ethernet cable connecting the laptop directly into the router's Ethernet port must be a straight-through cable. 
4. The laptop must be on the same subnet as the router's Ethernet interface. 
5. The copy flash tftp command must be supplied the IP address of the laptop.","1, 3 and 4","2, 4 and 5",3 and 5 only,5 only,B,"Before you back up an IOS image to a laptop directly connected to a router's Ethernet port, make sure the TFTP server software is running on your laptop, that the Ethernet cable is a ""crossover,"" and that the laptop is in the same subnet as the router's Ethernet port, and then you can use the copy flash tftp command from your laptop.",medium,web:Examveda.com https://www.examveda.com/networking/practice-mcq-question-on-managing-a-cisco-internetwork/,
Computer Networks,managing a cisco internetwork,"What information is displayed by the show hosts command? 
1. Temporary DNS entries 
2. The names of the routers created using the hostname command 
3. The IP addresses of workstations allowed to access the router 
4. Permanent name-to-address mappings created using the ip host command 
5. The length of time a host has been connected to the router via Telnet","1, 2 and 3",1 and 4,"3, 4, and 5",All of the above,B,The show hosts command provides information on temporary DNS entries and permanent name-to-address mappings created using the ip host command.,medium,web:Examveda.com https://www.examveda.com/networking/practice-mcq-question-on-managing-a-cisco-internetwork/,
Computer Networks,managing a cisco internetwork,"You are unsuccessful in telnetting into a remote device. What could the problem be? 
1. IP addresses are incorrect. 
2. Access control list is filtering Telnet. 
3. There is a defective serial cable. 
4. The VTY password is missing.",1 only,3 only,2 and 4 only,All of the above,C,"The best answers, the ones you need to remember, are that either an access control list is filtering the Telnet session or the VTY password is not set on the remote device.",medium,web:Examveda.com https://www.examveda.com/networking/practice-mcq-question-on-managing-a-cisco-internetwork/,
Computer Networks,managing a cisco internetwork,"Which three commands can be used to check LAN connectivity problems on a router? 
1. show interfaces 
2. show ip route 
3. tracert 
4. ping 
5. dns lookups","1 ,2 and 4",2 and 5,3 and 5,None of the above,A,The tracert command is a Windows command and will not work on a router! A router uses the traceroute command.,medium,web:Examveda.com https://www.examveda.com/networking/practice-mcq-question-on-managing-a-cisco-internetwork/,
Computer Networks,managing a cisco internetwork,"If you want to have more than one Telnet session open at the same time, what keystroke combination would you use?",Tab+Spacebar,"Ctrl+X, then 6","Ctrl+Shift+X, then 6","Ctrl+Shift+6, then X",D,"To keep open one or more Telnet sessions, use the Ctrl+Shift+6 and then X keystroke combination.",medium,web:Examveda.com https://www.examveda.com/networking/practice-mcq-question-on-managing-a-cisco-internetwork/,
Computer Networks,managing a cisco internetwork,Which command will copy the IOS to a backup host on your network?,transfer IOS to 172.16.10.1,copy run start,copy start tftp,copy flash tftp,D,"To copy the IOS to a backup host, which is stored in flash memory by default, use the copy flash tftp command.",medium,web:Examveda.com https://www.examveda.com/networking/practice-mcq-question-on-managing-a-cisco-internetwork/,
Computer Networks,managing a cisco internetwork,Which command loads a new version of the Cisco IOS into a router?,copy flash ftp,copy ftp flash,copy flash tftp,copy tftp flash,D,The command copy tftp flash will allow you to copy a new IOS into flash memory on your router.,medium,web:Examveda.com https://www.examveda.com/networking/practice-mcq-question-on-managing-a-cisco-internetwork/,
Computer Networks,managing a cisco internetwork,You are troubleshooting a connectivity problem in your corporate network and want to isolate the problem. You suspect that a router on the route to an unreachable network is at fault. What IOS user exec command should you issue?,Router> ping,Router> trace,Router> show ip route,Router> show interface,B,"The command traceroute (trace for short), which can be issued from user mode or privileged mode, is used to find the path a packet takes through an internetwork and will also show you where the packet stops because of an error on a router.",medium,web:Examveda.com https://www.examveda.com/networking/practice-mcq-question-on-managing-a-cisco-internetwork/,
Computer Networks,managing a cisco internetwork,The configuration register setting of 0x2102 provides what function to a router?,Tells the router to boot into ROM monitor mode,Provides password recovery,Tells the router to look in NVRAM for the boot sequence,Boots the IOS from a TFTP server,C,The default configuration setting of 0x2102 tells the router to look in NVRAM for the boot sequence.,medium,web:Examveda.com https://www.examveda.com/networking/practice-mcq-question-on-managing-a-cisco-internetwork/,
Computer Networks,managing a cisco internetwork,You telnet to a router and make your necessary changes; now you want to end the Telnet session. What command do you type in?,close,disable,disconnect,exit,D,"Since the question never mentioned anything about a suspended session, you can assume that the Telnet session is still open, and you would just type exit to close the session. 

 
 
 
 



 
 
 
 
 
 
 
 
 
 
 
 
 1
2

 
 
 
 
 
 
 
 
 
 

 
 

 -->
 
 
 


 

-->
 
 
 Copyright © 2026 Examveda.com
 
 
 
 
 
 
 
 
 
 About Us |
 Terms & Condition |
 Privacy Policy |
 Contact Us",medium,web:Examveda.com https://www.examveda.com/networking/practice-mcq-question-on-managing-a-cisco-internetwork/,
Computer Networks,managing a cisco internetwork,Which command displays the configuration register setting?,show ip route,show boot version,show version,show flash,C,The show version command provides you with the current configuration register setting.,medium,web:Examveda.com https://www.examveda.com/networking/practice-mcq-question-on-managing-a-cisco-internetwork/?page=2,
Computer Networks,managing a cisco internetwork,What should the configuration register value be after you successfully complete the password recovery procedure and return the router to normal operation?,0x2100,0x2101,0x2102,0x2142,C,"All Cisco routers have a default configuration register setting of 0x2102, which tells the router to load the IOS from flash memory and the configuration from NVRAM.",medium,web:Examveda.com https://www.examveda.com/networking/practice-mcq-question-on-managing-a-cisco-internetwork/?page=2,
Computer Networks,managing a cisco internetwork,"You telnet into a remote device and type debug ip rip, but no output from the debug command is seen. What could the problem be?",You must type the show ip rip command first.,IP addressing on the network is incorrect.,You must use the terminal monitor command.,Debug output is sent only to the console.,C,"To see console messages through your Telnet session, you must enter the terminal monitor command.",medium,web:Examveda.com https://www.examveda.com/networking/practice-mcq-question-on-managing-a-cisco-internetwork/?page=2,
Computer Networks,managing a cisco internetwork,What does the command o/r 0x2142 provide?,It is used to restart the router.,It is used to bypass the configuration in NVRAM.,It is used to enter ROM Monitor mode.,It is used to view the lost password.,B,"The default configuration setting is 0x2102, which tells the router to load the IOS from flash and the configuration from NVRAM. 0x2142 tells the router to bypass the configuration in NVRAM so that you can perform password recovery.",medium,web:Examveda.com https://www.examveda.com/networking/practice-mcq-question-on-managing-a-cisco-internetwork/?page=2,
Computer Networks,managing a cisco internetwork,"You save the configuration on a router with the copy running-config startup-config command and reboot the router. The router, however, comes up with a blank configuration. What can the problem be?",You didn,NVRAM is corrupted.,The configuration register setting is incorrect.,The newly upgraded IOS is not compatible with the hardware of the router.,C,"If you save a configuration and reload the router and it comes up either in setup mode or as a blank configuration, chances are you have the configuration register setting incorrect.",medium,web:Examveda.com https://www.examveda.com/networking/practice-mcq-question-on-managing-a-cisco-internetwork/?page=2,
Computer Networks,managing a cisco internetwork,"The corporate office sends you a new router to connect, but upon connecting the console cable, you see that there is already a configuration on the router. What should be done before a new configuration is entered in the router?",RAM should be erased and the router restarted.,Flash should be erased and the router restarted.,NVRAM should be erased and the router restarted.,The new configuration should be entered and saved.,C,"Before you start to configure the router, you should erase the NVRAM with the erase startup-config command and then reload the router using the reload command.",medium,web:Examveda.com https://www.examveda.com/networking/practice-mcq-question-on-managing-a-cisco-internetwork/?page=2,
Computer Networks,managing a cisco internetwork,Which command will show you the IOS version running on your router?,sh IOS,sh flash,sh version,sh running-config,C,"The best answer is show version, which shows you the IOS file running currently on your router. The show flash command shows you the contents of flash memory, not which file is running.",medium,web:Examveda.com https://www.examveda.com/networking/practice-mcq-question-on-managing-a-cisco-internetwork/?page=2,
Computer Networks,managing a cisco internetwork,You need to gather the IP address of a remote switch that is located in Hawaii. What can you do to find the address?,Issue the show ip arp command on the router connected to the switch.,Issue the show ip route command on the router connected to the switch.,Issue the show cdp neighbor command on the router connected to the switch.,Issue the show cdp neighbors detail command on the router connected to the switch.,D,"Although option A is certainly the ""best"" answer, unfortunately option D will work just fine and your boss would probably prefer you to use the show cdp neighbors detail command.",medium,web:Examveda.com https://www.examveda.com/networking/practice-mcq-question-on-managing-a-cisco-internetwork/?page=2,
Computer Networks,managing a cisco internetwork,A network administrator wants to upgrade the IOS of a router without removing the image currently installed. What command will display the amount of memory consumed by the current IOS image and indicate whether there is enough room available to hold both the current and new images?,show version,show flash,show memory,show buffers,B,The show flash command will provide you with the current IOS name and size and the size of flash memory.,medium,web:Examveda.com https://www.examveda.com/networking/practice-mcq-question-on-managing-a-cisco-internetwork/?page=2,
Computer Networks,managing a cisco internetwork,"You copy a configuration from a network host to a router's RAM. The configuration looks correct, yet it is not working at all. What could the problem be?",You copied the wrong configuration into RAM.,You copied the configuration into flash memory instead.,The copy did not override the shutdown command in running-config.,The IOS became corrupted after the copy command was initiated.,C,"Since the configuration looks correct, you probably didn't screw up the copy job. However, when you perform a copy from a network host to a router, the interfaces are automatically shut down and need to be manually enabled with the no shutdown command. 

 
 
 
 



 
 
 
 
 
 
 
 
 
 
 
 
 
1
2
 
 
 
 
 
 
 
 
 
 

 
 

 -->
 
 
 


 

-->
 
 
 Copyright © 2026 Examveda.com
 
 
 
 
 
 
 
 
 
 About Us |
 Terms & Condition |
 Privacy Policy |
 Contact Us",medium,web:Examveda.com https://www.examveda.com/networking/practice-mcq-question-on-managing-a-cisco-internetwork/?page=2,
Computer Networks,eigrp and ospf,With which network type will OSPF establish router adjacencies but not perform the DR/BDR election process?,Point-to-point,Backbone area 0,Broadcast multi-access,Non-broadcast multi-access,A,No DR is assigned on any type of point-to-point link. No DR/BDR is assigned on the NBMA point-to-multipoint due to the hub/spoke topology. DR and BDR are elected on broadcast and non-broadcast multi-access networks. Frame Relay is a non-broadcast multi-access (NBMA) network by default.,medium,web:Examveda.com https://www.examveda.com/networking/practice-mcq-question-on-eigrp-and-ospf/,
Computer Networks,eigrp and ospf,"Which of the following describe the process identifier that is used to run OSPF on a router? 
1. It is locally significant. 
2. It is globally significant. 
3. It is needed to identify a unique instance of an OSPF database. 
4. It is an optional parameter required only if multiple OSPF processes are running on the router.","1, 2 and 4",1 and 3,3 and 5,All of the above,B,"The Process ID for OSPF on a router is only locally significant and you can use the same number on each router, or each router can have a different number-it just doesn't matter. The numbers you can use are from 1 to 65,535. Don't get this confused with area numbers, which can be from 0 to 4.2 billion.",medium,web:Examveda.com https://www.examveda.com/networking/practice-mcq-question-on-eigrp-and-ospf/,
Computer Networks,eigrp and ospf,A network administrator needs to configure a router with a distance-vector protocol that allows classless routing. Which of the following satisfies those requirements?,IGRP,OSPF,RIPv1,EIGRP,D,"In this question, we're calling EIGRP just plain old distance vector. EIGRP is an ""advanced"" distance-vector routing protocol, sometimes called a hybrid routing protocol because it uses the characteristics of both distance-vector and link-state routing protocols.",medium,web:Examveda.com https://www.examveda.com/networking/practice-mcq-question-on-eigrp-and-ospf/,
Computer Networks,eigrp and ospf,What is the administrative distance of OSPF?,90,100,110,120,C,"The administrative distance (AD) is a very important parameter in a routing protocol. The lower the AD, the more trusted the route. If you have IGRP and OSPF running, by default IGRP routes would be placed in the routing table because IGRP has a lower AD of 100. OSPF has an AD of 110. RIPv1 and RIPv2 both have an AD of 120, and EIGRP is the lowest, at 90.",medium,web:Examveda.com https://www.examveda.com/networking/practice-mcq-question-on-eigrp-and-ospf/,
Computer Networks,eigrp and ospf,Your company is running IGRP using an AS of 10. You want to configure EIGRP on the network but want to migrate slowly to EIGRP and don't want to configure redistribution. What command would allow you to migrate over time to EIGRP without configuring redistribution?,router eigrp 11,router eigrp 10,router eigrp 10 redistribute igrp,router igrp combine eigrp 10,B,"If you enable EIGRP on a router with the same autonomous system (AS) number, EIGRP will automatically redistribute IGRP into EIGRP. You will see the IGRP injected routes as external (EX) routes with an EIGRP AD of 170. This is a nice feature that lets you migrate slowly to EIGRP with no extra configuration.",medium,web:Examveda.com https://www.examveda.com/networking/practice-mcq-question-on-eigrp-and-ospf/,
Computer Networks,eigrp and ospf,Where are EIGRP successor routes stored?,In the routing table only,In the neighbor table only,In the topology table only,In the routing table and the topology table,D,"Successor routes are going to be in the routing table since they are the best path to a remote network. However, the topology table has a link to each and every network, so the best answer is topology table and routing table. Any secondary route to a remote network is considered a feasible successor, and those routes are only found in the topology table and used as backup routes in case of primary route failure.",medium,web:Examveda.com https://www.examveda.com/networking/practice-mcq-question-on-eigrp-and-ospf/,
Computer Networks,eigrp and ospf,Which command will display all the EIGRP feasible successor routes known to a router?,show ip routes *,show ip eigrp summary,show ip eigrp topology,show ip eigrp adjacencies,C,"Any secondary route to a remote network is considered a feasible successor, and those routes are only found in the topology table and used as backup routes in case of primary route failure. You can see the topology table with the show ip eigrp topology command.",medium,web:Examveda.com https://www.examveda.com/networking/practice-mcq-question-on-eigrp-and-ospf/,
Computer Networks,eigrp and ospf,"Which is true regarding EIGRP successor routes? 
1. A successor route is used by EIGRP to forward traffic to a destination. 
2. Successor routes are saved in the topology table to be used if the primary route fails. 
3. Successor routes are flagged as ""active"" in the routing table. 
4. A successor route may be backed up by a feasible successor route. 
5. Successor routes are stored in the neighbor table following the discovery process.",1 and 3,2 and 3,1 and 4,"3, 4 and 5",C,"Successor routes are the routes picked from the topology table as the best route to a remote network, so these are the routes that IP uses in the routing table to forward traffic to a remote destination. The topology table contains any route that is not as good as the successor route and is considered a feasible successor, or backup route. Remember that all routes are in the topology table, even successor routes.",medium,web:Examveda.com https://www.examveda.com/networking/practice-mcq-question-on-eigrp-and-ospf/,
Computer Networks,eigrp and ospf,"Which EIGRP information is held in RAM and maintained through the use of Hello and update packets? 
1. Neighbor table 
2. STP table 
3. Topology table 
4. DUAL table",2 only,4 only,1 and 3,All of the above,C,"EIGRP holds three tables in RAM: neighbor, topology, and routing. The neighbor and topology tables are built and maintained with the use of Hello packets.",medium,web:Examveda.com https://www.examveda.com/networking/practice-mcq-question-on-eigrp-and-ospf/,
Computer Networks,eigrp and ospf,"Which of the following are true regarding OSPF areas? 
1. You must have separate loopback interfaces configured in each area. 
2. The numbers you can assign an area go up to 65,535. 
3. The backbone area is also called area 0. 
4. If your design is hierarchical, then you don't need multiple areas. 
5. All areas must connect to area 0.",1 only,1 and 2 only,3 and 4 only,"3, 4 and 5",D,"Loopback interfaces are created on a router, and the highest IP address on a loopback (logical) interface becomes the RID of the router but has nothing to do with areas and is optional, so (1) is wrong. The numbers you can create an area with are from 0 to 4,294,967,295 option (2) is wrong. The backbone area is called area 0, so option (3) is correct. All areas must connect to area 0, so option (5) is correct. If you have only one area, it must be called area 0. This leaves option (4), which must be correct; it doesn't make much sense, but it is the best answer. 

 
 
 
 



 
 
 
 
 
 
 
 
 
 
 
 
 1
2

 
 
 
 
 
 
 
 
 
 

 
 

 -->
 
 
 


 

-->
 
 
 Copyright © 2026 Examveda.com
 
 
 
 
 
 
 
 
 
 About Us |
 Terms & Condition |
 Privacy Policy |
 Contact Us",medium,web:Examveda.com https://www.examveda.com/networking/practice-mcq-question-on-eigrp-and-ospf/,
Computer Networks,eigrp and ospf,"What are reasons for creating OSPF in a hierarchical design? 
1. To decrease routing overhead 
2. To speed up convergence 
3. To confine network instability to single areas of the network 
4. To make configuring OSPF easier","1, 2 and 3",3 only,3 and 4,"2, 3 nd 4",A,"OSPF is created in a hierarchical design, not a flat design like RIP. This decreases routing overhead, speeds up convergence, and confines network instability to a single area of the network.",medium,web:Examveda.com https://www.examveda.com/networking/practice-mcq-question-on-eigrp-and-ospf/?page=2,
Computer Networks,eigrp and ospf,"Which two of the following commands will place network 10.2.3.0/24 into area 0? 
1. router eigrp 10 
2. router ospf 10 
3. network 10.0.0.0 
4. network 10.2.3.0 0.0.0.255 area0 
5. network 10.2.3.0 0.0.0.255 area 0",1 and 4,"2, 4, and 5",2 and 5,3 and 4,C,"To enable OSPF, you must first start OSPF using a Process ID. The number is irrelevant; just choose a number from 1 to 65,535 and you're good to go. After you start the OSPF process, you must configure any network that you want advertised via OSPF using wildcards and the area command. Statement (4) is wrong because there must be a space after the parameter area and before you list the area number.",medium,web:Examveda.com https://www.examveda.com/networking/practice-mcq-question-on-eigrp-and-ospf/?page=2,
Computer Networks,eigrp and ospf,"If routers in a single area are configured with the same priority value, what value does a router use for the OSPF Router ID in the absence of a loopback interface?",The lowest IP address of any physical interface,The highest IP address of any physical interface,The lowest IP address of any logical interface,The highest IP address of any logical interface,B,"At the moment of OSPF process startup, the highest IP address on any active interface will be the Router ID (RID) of the router. If you have a loopback interface configured (logical interface), then that will override the interface IP address and become the RID of the router automatically.",medium,web:Examveda.com https://www.examveda.com/networking/practice-mcq-question-on-eigrp-and-ospf/?page=2,
Computer Networks,eigrp and ospf,"Which of the following protocols support VLSM, summarization, and discontiguous networking? 
1. RIPv1 
2. IGRP 
3. EIGRP 
4. OSPF 
5. BGP 
6. RIPv2",1 and 4,2 and 5,"3, 4 and 6",All of the above,C,"RIPv1 and IGRP are true distance-vector routing protocols and can't do much, really-except build and maintain routing tables and use a lot of bandwidth! RIPv2, EIGRP, and OSPF build and maintain routing tables, but they also provide classless routing, which allows for VLSM, summarization, and discontiguous networking.",medium,web:Examveda.com https://www.examveda.com/networking/practice-mcq-question-on-eigrp-and-ospf/?page=2,
Computer Networks,eigrp and ospf,"You get a call from a network administrator who tells you that he typed the following into his router:


Router (config) #router ospf 1
Router (config-router) #network 10.0.0.0 255.0.0.0 area 0",The wildcard mask is incorrect.,The OSPF area is wrong.,The OSPF Process ID is incorrect.,The AS configuration is wrong.,A,The administrator typed in the wrong wildcard mask configuration. The wildcard should have been 0.0.0.255.,medium,web:Examveda.com https://www.examveda.com/networking/practice-mcq-question-on-eigrp-and-ospf/?page=2,
Computer Networks,eigrp and ospf,"Which of the following network types have a designated router and a backup designated router assigned? 
1. Broadcast 
2. Point-to-point 
3. NBMA 
4. NBMA point-to-point","1, 2 and 3",1 and 3,3 and 4,All of the above,B,No DR is assigned on any type of point-to-point link. No DR/BDR is assigned on the NBMA point-to-multipoint due to the hub/spoke topology. DR and BDR are elected on broadcast and non-broadcast multi-access networks. Frame Relay is a non-Broadcast Multi-Access (NBMA) network by default.,medium,web:Examveda.com https://www.examveda.com/networking/practice-mcq-question-on-eigrp-and-ospf/?page=2,
Computer Networks,eigrp and ospf,"Which type of OSPF network will elect a backup designated router? 
1. Broadcast multi-access 
2. Non-broadcast multi-access 
3. Point-to-point 
4. Broadcast multipoint",1 and 2,3 and 4,3 only,None of the above,A,DR and BDR are elected on broadcast and non-broadcast multi-access networks. Frame Relay is a non-broadcast multi-access (NBMA) network by default. No DR is assigned on any type of point-to-point link. No DR/BDR is assigned on the NBMA point-to-multipoint due to the hub/spoke topology.,medium,web:Examveda.com https://www.examveda.com/networking/practice-mcq-question-on-eigrp-and-ospf/?page=2,
Computer Networks,eigrp and ospf,"You need the IP address of the devices with which the router has established an adjacency. Also, the retransmit interval and the queue counts for the adjacent routers need to be checked. What command will display the required information?",show ip eigrp adjacency,show ip eigrp topology,show ip eigrp interfaces,show ip eigrp neighbors,D,The show ip eigrp neighbors command allows you to check the IP addresses as well as the retransmit interval and queue counts for the neighbors that have established an adjacency.,medium,web:Examveda.com https://www.examveda.com/networking/practice-mcq-question-on-eigrp-and-ospf/?page=2,
Computer Networks,virtual lans,Which of the following is true regarding VLANs?,You must have at least two VLANs defined in every Cisco switched network.,"All VLANs are configured at the fastest switch and, by default, propagate this information to all other switches.",You should not have more than 10 switches in the same VTP domain.,VTP is used to send VLAN information to switches in a configured VTP domain.,D,Switches do not propagate VLAN information by default; you must configure the VTP domain. VLAN Trunk Protocol (VTP) is used to propagate VLAN information across a trunked link.,medium,web:Examveda.com https://www.examveda.com/networking/practice-mcq-question-on-virtual-lans/,
Computer Networks,virtual lans,Which protocol reduces administrative overhead in a switched network by allowing the configuration of a new VLAN to be distributed to all the switches in a domain?,STP,VTP,DHCP,ISL,B,"Virtual Trunk Protocol (VTP) is used to pass a VLAN database to any or all switches in the switched network. The three VTP modes are server, client, and transparent.",medium,web:Examveda.com https://www.examveda.com/networking/practice-mcq-question-on-virtual-lans/,
Computer Networks,virtual lans,Which of the following is true regarding VTP?,All switches are VTP servers by default.,All switches are VTP transparent by default.,VTP is on by default with a domain name of Cisco on all Cisco switches.,All switches are VTP clients by default.,A,All Cisco switches are VTP servers by default. No other VTP information is configured on a Cisco switch by default. You must set the VTP domain name on all switches to be the same domain name or they will not share the VTP database.,medium,web:Examveda.com https://www.examveda.com/networking/practice-mcq-question-on-virtual-lans/,
Computer Networks,virtual lans,Which of the following commands sets a trunk port on a 2960 switch?,trunk on,trunk all,switchport trunk on,switchport mode trunk,D,"To set a switch port to trunk mode, which allows all VLAN information to pass down the link, use the switchport mode trunk command.",medium,web:Examveda.com https://www.examveda.com/networking/practice-mcq-question-on-virtual-lans/,
Computer Networks,virtual lans,Which command will configure a switch port to use the IEEE standard method of inserting VLAN membership information into Ethernet frames?,Switch(config)# switchport trunk encapsulation isl,Switch(config)# switchport trunk encapsulation ietf,Switch(config)# switchport trunk encapsulation dot1q,Switch(config-if)# switchport trunk encapsulation isl,C,"To configure a switch port to use the IEEE standard method of inserting VLAN membership information into Ethernet frames, you would use the dot1q encapsulation method. This method inserts VLAN tags into Ethernet frames according to the IEEE 802.1Q standard, allowing for the transmission of VLAN information across the network. 

Options A, B, and D are incorrect because: 

 Option A: switchport trunk encapsulation isl configures the switch port to use the Inter-Switch Link (ISL) encapsulation method, which is a Cisco proprietary protocol and not part of the IEEE standard. 
 Option B: switchport trunk encapsulation ietf is not a valid command. There is no encapsulation method called ""ietf"" for trunk ports in Cisco switches. 
 Option D: switchport trunk encapsulation isl is a command used at the interface configuration level (Switch(config-if)#), but it specifies the ISL encapsulation metho",medium,web:Examveda.com https://www.examveda.com/networking/practice-mcq-question-on-virtual-lans/,
Computer Networks,virtual lans,"When a new trunk link is configured on an IOS-based switch, which VLANs are allowed over the link?","By default, all VLANs are allowed on the trunk.","No VLAN's are allowed, you must configure each VLAN by hand.",Only configured VLAN's are allowed on the link.,Only extended VLAN's are allowed by default.,A,"By default, all VLANs are allowed on the trunk link and you must remove by hand each VLAN that you don't want traversing the trunked link.",medium,web:Examveda.com https://www.examveda.com/networking/practice-mcq-question-on-virtual-lans/,
Computer Networks,virtual lans,"Which of the following modes are valid when a switch port is used as a VLAN trunk? 
1. Blocking 
2. Dynamic auto 
3. Dynamic desirable 
4. Nonegotiate 
5. Access 
6. Learning","1, 2 and 6","2, 3 and 4","4, 5 and 6","2, 4, and 5",B,"The valid modes of a VLAN trunk on a switch are dynamic auto, dynamic desirable, trunk (on), and nonegotiate.",medium,web:Examveda.com https://www.examveda.com/networking/practice-mcq-question-on-virtual-lans/,
Computer Networks,virtual lans,"To configure the VLAN trunking protocol to communicate VLAN information between two switches, what two requirements must be met? 
1. Each end of the trunk link must be set to the IEEE 802.1e encapsulation. 
2. The VTP management domain name of both switches must be set the same. 
3. All ports on both the switches must be set as access ports. 
4. One of the two switches must be configured as a VTP server. 
5. A rollover cable is required to connect the two switches together. 
6. A router must be used to forward VTP traffic between VLANs.","1, 2 and 4","3, 5 and 6",2 and 4,1 and 6,C,You must have the same VTP domain name on all switches in order to share VLAN information between the switches. At least one of the switches must be a VTP server; the other switches should be set to VTP client.,medium,web:Examveda.com https://www.examveda.com/networking/practice-mcq-question-on-virtual-lans/,
Computer Networks,virtual lans,You want to improve network performance by increasing the bandwidth available to hosts and limit the size of the broadcast domains. Which of the following options will achieve this goal?,Managed hubs,Bridges,Switches,Switches configured with VLANs,D,"By creating and implementing VLANs in your switched network, you can break up broadcast domains at layer 2. For hosts on different VLANs to communicate, you must have a router or layer 3 switch.",medium,web:Examveda.com https://www.examveda.com/networking/practice-mcq-question-on-virtual-lans/,
Computer Networks,virtual lans,Which switching technology reduces the size of a broadcast domain?,ISL,802.1Q,VLANs,STP,C,"Virtual LANs break up broadcast domains in layer 2 switched internetworks. 

 
 
 
 



 
 
 
 
 
 
 
 
 
 
 
 
 1
2

 
 
 
 
 
 
 
 
 
 

 
 

 -->
 
 
 


 

-->
 
 
 Copyright © 2026 Examveda.com
 
 
 
 
 
 
 
 
 
 About Us |
 Terms & Condition |
 Privacy Policy |
 Contact Us",medium,web:Examveda.com https://www.examveda.com/networking/practice-mcq-question-on-virtual-lans/,
Computer Networks,virtual lans,"Which of the following provide inter-switch VLAN communication?
1. ISL
2. VTP
3. 802.1Q
4. 802.3Z",2 only,1 and 3,2 and 4,"2, 3 and 4",B,ISL is a Cisco-proprietary frame-tagging method. IEEE 802.1Q is the nonproprietary version of frame tagging.,medium,web:Examveda.com https://www.examveda.com/networking/practice-mcq-question-on-virtual-lans/?page=2,
Computer Networks,virtual lans,"A switch has been configured for three different VLANs: VLAN2, VLAN3, and VLAN4. A router has been added to provide communication between the VLANs. What type of interface is necessary on the router if only one connection is to be made between the router and the switch?",10Mbps Ethernet,56Kbps Serial,100Mbps Ethernet,1Gbps Ethernet,C,"Although you can use either 100Mbps or 1Gbps Ethernet, the 100Mbps is necessary at a minimum and is the best answer to this question. You need to trunk the link from the switch to the router to make this connection work with inter-VLAN communication.",medium,web:Examveda.com https://www.examveda.com/networking/practice-mcq-question-on-virtual-lans/?page=2,
Computer Networks,virtual lans,"Which of the following are benefits of VLANs? 
1. They increase the size of collision domains. 
2. They allow logical grouping of users by function. 
3. They can enhance network security. 
4. They increase the size of broadcast domains while decreasing the number of collision domains. 
5. They simplify switch administration. 
6. They increase the number of broadcast domains while decreasing the size of the broadcast domains.",1 and 5,2 and 4,"1, 3 and 5","2, 3 and 6",D,"VLANs break up broadcast domains in a switched layer 2 network, which means smaller broadcast domains. They allow configuration by logical function instead of physical location and can create some security if configured correctly.",medium,web:Examveda.com https://www.examveda.com/networking/practice-mcq-question-on-virtual-lans/?page=2,
Computer Networks,virtual lans,"Which of the following protocols are used to configure trunking on a switch? 
1. VLAN Trunk Protocol 
2. VLAN 
3. 802.1Q 
4. ISL",1 only,3 only,3 and 4,"1, 3 and 4",C,Cisco has a proprietary trunking protocol called ISL. The IEEE version is 802.1Q.,medium,web:Examveda.com https://www.examveda.com/networking/practice-mcq-question-on-virtual-lans/?page=2,
Computer Networks,virtual lans,What VTP mode allows you to change VLAN information on the switch?,Client,STP,Server,Transparent,C,Only in server mode can you change VTP information on a switch.,medium,web:Examveda.com https://www.examveda.com/networking/practice-mcq-question-on-virtual-lans/?page=2,
Computer Networks,virtual lans,"You connect a host to a switch port, but the new host cannot log into the server that is plugged into the same switch. What could the problem be?",The router is not configured for the new host.,The VTP configuration on the switch is not updated for the new host.,The host has an invalid MAC address.,The switch port the host is connected to is not configured to the correct VLAN membership.,D,"This question is a little vague, but the best answer is that the VLAN membership for the port is not configured.",medium,web:Examveda.com https://www.examveda.com/networking/practice-mcq-question-on-virtual-lans/?page=2,
Computer Networks,virtual lans,Which of the following is an IEEE standard for frame tagging?,ISL,802.3Z,802.1Q,802.3U,C,802.1Q was created to allow trunked links between disparate switches.,medium,web:Examveda.com https://www.examveda.com/networking/practice-mcq-question-on-virtual-lans/?page=2,
Computer Networks,network address translation,Which command would you place on interface connected to the Internet?,ip nat inside,ip nat outside,ip outside global,ip inside local,B,"As in access-lists, you must configure your interfaces before NAT will provide any translations. On the inside networks you would use the command ip nat inside. On the outside interface, you will use the command ip nat outside.",medium,web:Examveda.com https://www.examveda.com/networking/practice-mcq-question-on-network-address-translation/,
Computer Networks,network address translation,Which command will show you all the translations active on your router?,show ip nat translations,show ip nat statistics,debug ip nat,clear ip nat translations *,A,The command show ip nat translations will show you the translation table containing all the active NAT entries.,medium,web:Examveda.com https://www.examveda.com/networking/practice-mcq-question-on-network-address-translation/,
Computer Networks,network address translation,Which command would you place on interface on a private network?,ip nat inside,ip nat outside,ip outside global,ip inside local,A,"As in access-lists, you must configure your interfaces before NAT will provide any translations. On the inside networks you would use the command ip nat inside. On the outside interface, you will use the command ip nat outside.",medium,web:Examveda.com https://www.examveda.com/networking/practice-mcq-question-on-network-address-translation/,
Computer Networks,network address translation,Pat Address Translation is also termed what?,NAT Fast,NAT Static,NAT Overload,Overloading Static,C,Another term for port address translation is NAT Overload because that is the command used to enable port address translation.,medium,web:Examveda.com https://www.examveda.com/networking/practice-mcq-question-on-network-address-translation/,
Computer Networks,network address translation,"When creating a pool of global addresses, which of the following can be used instead of the netmask command?",/ (slash notation),prefix-length,no mask,block-size,B,"Instead of the netmask command, you can use the prefix-length statement.",medium,web:Examveda.com https://www.examveda.com/networking/practice-mcq-question-on-network-address-translation/,
Computer Networks,network address translation,Which of the following would be a good starting point for troubleshooting if your router is not translating?,Reboot.,Call Cisco.,Check your interfaces for the correct configuration.,Run the debug all command.,C,"In order for NAT to provide translation services, you must have ip nat inside and ip nat outside configured on your router's interfaces.",medium,web:Examveda.com https://www.examveda.com/networking/practice-mcq-question-on-network-address-translation/,
Computer Networks,network address translation,Which command will show you the summary of the NAT configuration?,show ip nat translations,show ip nat statistics,debug ip nat,clear ip nat translations *,B,"The show ip nat statistics command displays a summary of the NAT configuration as well as counts of active translation types, hits to an existing mapping, misses (causing an attempt to create a mapping), and expired translations.",medium,web:Examveda.com https://www.examveda.com/networking/practice-mcq-question-on-network-address-translation/,
Computer Networks,network address translation,Which of the following is considered to be the destination host before translation?,Inside local,Outside local,Inside global,Outside global,B,The host on the global network before translation is considered to be an outside local host.,medium,web:Examveda.com https://www.examveda.com/networking/practice-mcq-question-on-network-address-translation/,
Computer Networks,network address translation,Which of the following is considered to be the address after translation?,Inside local,Outside local,Inside global,Outside global,C,The host on the private network after translation is considered to be an inside global host.,medium,web:Examveda.com https://www.examveda.com/networking/practice-mcq-question-on-network-address-translation/,
Computer Networks,network address translation,"Which are considered the methods of NAT? 
1. Static 
2. IP NAT pool 
3. Dynamic 
4. NAT double-translation 
5. Overload",1 and 6,3 only,"1, 3 and 5",All of the above,C,"You can configure NAT three ways on a Cisco router: static, dynamic, and NAT Overload (PAT). 

 
 
 
 



 
 
 
 
 
 
 
 
 
 
 
 
 1
2

 
 
 
 
 
 
 
 
 
 

 
 

 -->
 
 
 


 

-->
 
 
 Copyright © 2026 Examveda.com
 
 
 
 
 
 
 
 
 
 About Us |
 Terms & Condition |
 Privacy Policy |
 Contact Us",medium,web:Examveda.com https://www.examveda.com/networking/practice-mcq-question-on-network-address-translation/,
Computer Networks,network address translation,Which command will allow you to see real-time translations on your router?,show ip nat translations,show ip nat statistics,debug ip nat,clear ip nat translations *,C,The command debug ip nat will show you in real time the translations occurring on your router.,medium,web:Examveda.com https://www.examveda.com/networking/practice-mcq-question-on-network-address-translation/?page=2,
Computer Networks,network address translation,"Which of the following would be good reasons to run NAT? 
1. You need to connect to the Internet and your hosts don't have globally unique IP addresses. 
2. You change to a new ISP that requires you to renumber your network. 
3. You don't want any hosts connecting to the Internet. 
4. You require two intranets with duplicate addresses to merge.","1, 2 and 4",2 and 4,3 only,All of the above,A,"The most popular use of NAT is if you want to connect to the Internet and you don't want hosts to have global (real) IP addresses, but option B and D are correct as well.",medium,web:Examveda.com https://www.examveda.com/networking/practice-mcq-question-on-network-address-translation/?page=2,
Computer Networks,network address translation,"Which of the following are advantages of using NAT? 
1. Translation introduces switching path delays. 
2. Conserves legally registered addresses. 
3. Causes loss of end-to-end IP traceability. 
4. Increases flexibility when connecting to the Internet. 
5. Certain applications will not function with NAT enabled. 
6. Reduces address overlap occurrence.","1, 3 and 4","3, 5 and 6",5 and 6,"2, 4 and 6",D,"NAT is not perfect, but there are some advantages. It conserves global addresses, which allow us to add millions of hosts to the Internet without ""real"" IP addresses. This provides flexibility in our corporate networks. NAT can also allow you to use the same subnet more than once in the same network without overlapping networks.",medium,web:Examveda.com https://www.examveda.com/networking/practice-mcq-question-on-network-address-translation/?page=2,
Computer Networks,network address translation,Which of the following is considered to be the address before translation?,Inside local,Outside local,Inside global,Outside global,A,The host on the private network before translation is considered to be an inside local host.,medium,web:Examveda.com https://www.examveda.com/networking/practice-mcq-question-on-network-address-translation/?page=2,
Computer Networks,network address translation,"Which of the following are disadvantages of using NAT? 
1. Translation introduces switching path delays. 
2. Conserves legally registered addresses. 
3. Causes loss of end-to-end IP traceability. 
4. Increases flexibility when connecting to the Internet. 
5. Certain applications will not function with NAT enabled. 
6. Reduces address overlap occurrence.","1, 3 and 5",3 and 4,"2, 4 and 5",1 and 3,A,"NAT is not perfect and can cause some issues in some networks, but most networks work just fine. NAT can cause delays and troubleshooting problems, and some applications just won't work.",medium,web:Examveda.com https://www.examveda.com/networking/practice-mcq-question-on-network-address-translation/?page=2,
Computer Networks,network address translation,Which of the following is considered to be the destination host after translation?,Inside local,Outside local,Inside global,Outside global,D,The host on the global network after translation is considered to be an outside global host.,medium,web:Examveda.com https://www.examveda.com/networking/practice-mcq-question-on-network-address-translation/?page=2,
Computer Networks,network address translation,Which command will clear all the translations active on your router?,show ip nat translations,show ip nat statistics,debug ip nat,clear ip nat translations *,D,The command clear ip nat translations * will clear all the active NAT entries in your translation table.,medium,web:Examveda.com https://www.examveda.com/networking/practice-mcq-question-on-network-address-translation/?page=2,
Computer Networks,ipv6,Which of the following is true when describing a multicast address?,Packets addressed to a unicast address are delivered to a single interface.,Packets are delivered to all interfaces identified by the address. This is also called a one-to-many address.,Identifies multiple interfaces and is only delivered to one address. This address can also be called one-to-one-of-many.,"These addresses are meant for nonrouting purposes, but they are almost globally unique so it is unlikely they will have an address overlap.",B,"Packets addressed to a multicast address are delivered to all interfaces identified by the multicast address, the same as in IPv4. It is also called a one-to-many address. You can always tell a multicast address in IPv6 because multicast addresses always start with FF.",medium,web:Examveda.com https://www.examveda.com/networking/practice-mcq-question-on-ipv6/,
Computer Networks,ipv6,Which of the following is true when describing a unicast address?,Packets addressed to a unicast address are delivered to a single interface.,"These are your typical publicly routable addresses, just like a regular publicly routable address in IPv4.",These are like private addresses in IPv4 in that they are not meant to be routed.,"These addresses are meant for nonrouting purposes, but they are almost globally unique so it is unlikely they will have an address overlap.",A,"Packets addressed to a unicast address are delivered to a single interface. For load balancing, multiple interfaces can use the same address.",medium,web:Examveda.com https://www.examveda.com/networking/practice-mcq-question-on-ipv6/,
Computer Networks,ipv6,"To enable OSPFv3, which of the following would you use?",Router1(config-if)# ipv6 ospf 10 area 0.0.0.0,Router1(config-if)# ipv6 router rip 1,Router1(config)# ipv6 router eigrp 10,Router1(config-rtr)# no shutdown,A,"To enable OSPFv3, you enable the protocol as with RIPng. The command string is ipv6 ospf area .",medium,web:Examveda.com https://www.examveda.com/networking/practice-mcq-question-on-ipv6/,
Computer Networks,ipv6,What multicast addresses does RIPng use?,FF02::A,FF02::9,FF02::5,FF02::6,B,"RIPng uses the multicast IPv6 address of FF02::9. If you remember the multicast addresses for IPv4, the numbers at the end of each IPv6 address are the same.",medium,web:Examveda.com https://www.examveda.com/networking/practice-mcq-question-on-ipv6/,
Computer Networks,ipv6,"Which statement(s) about IPv6 addresses are true? 
1. Leading zeros are required. 
2. Two colons (::) are used to represent successive hexadecimal fields of zeros. 
3. Two colons (::) are used to separate fields. 
4. A single interface will have multiple IPv6 addresses of different types.",1 and 3,2 and 4,"1, 3 and 4",All of the above,B,"In order to shorten the written length of an IPv6 address, successive fields of zeros may be replaced by double colons. In trying to shorten the address further, leading zeros may also be removed. Just as with IPv4, a single device's interface can have more than one address; with IPv6 there are more types of addresses and the same rule applies. There can be link-local, global unicast, and multicast addresses all assigned to the same interface.",medium,web:Examveda.com https://www.examveda.com/networking/practice-mcq-question-on-ipv6/,
Computer Networks,ipv6,"To enable RIPng, which of the following would you use?",Router1(config-if)# ipv6 ospf 10 area 0.0.0.0,Router1(config-if)# ipv6 router rip 1,Router1(config)# ipv6 router eigrp 10,Router1(config-rtr)# no shutdown,B,It's pretty simple to enable RIPng for IPv6. You configure it right on the interface where you want RIP to run with the ipv6 router rip number command.,medium,web:Examveda.com https://www.examveda.com/networking/practice-mcq-question-on-ipv6/,
Computer Networks,ipv6,Which of the following is true when describing a global unicast address?,Packets addressed to a unicast address are delivered to a single interface.,"These are your typical publicly routable addresses, just like a regular publicly routable address in IPv4.",These are like private addresses in IPv4 in that they are not meant to be routed.,"These addresses are meant for nonrouting purposes, but they are almost globally unique so it is unlikely they will have an address overlap.",B,"Unlike unicast addresses, global unicast addresses are meant to be routed.",medium,web:Examveda.com https://www.examveda.com/networking/practice-mcq-question-on-ipv6/,
Computer Networks,ipv6,"What two multicast addresses does OSPFv3 use? 
1. FF02::A 
2. FF02::9 
3. FF02::5 
4. FF02::6",2 only,3 only,1 and 3,3 and 4,D,"Adjacencies and next-hop attributes now use link-local addresses, and OSPFv3 still uses multicast traffic to send its updates and acknowledgments with the addresses FF02::5 for OSPF routers and FF02::6 for OSPF designated routers. These are the replacements for 224.0.0.5 and 224.0.0.6, respectively.",medium,web:Examveda.com https://www.examveda.com/networking/practice-mcq-question-on-ipv6/,
Computer Networks,ipv6,What multicast addresses does EIGRPv6 use?,FF02::A,FF02::9,FF02::5,FF02::6,A,EIGRPv6's multicast address stayed very near the same. In IPv4 it was 224.0.0.10; now it is FF02::A (A=10 in hexadecimal notation).,medium,web:Examveda.com https://www.examveda.com/networking/practice-mcq-question-on-ipv6/,
Computer Networks,ipv6,"To enable EIGRP, which of the following would you use? 
1. Router1(config-if)# ipv6 ospf 10 area 0.0.0.0 
2. Router1(config-if)# ipv6 router rip 1 
3. Router1(config)# ipv6 router eigrp 10 
4. Router1(config-rtr)# no shutdown 
5. Router1(config-if)# ipv6 eigrp 10","1, 3 and 5","3, 4 and 5",1 and 3,5 only,B,"Unlike RIPng and OSPFv3, you need to configure EIGRP both from global configuration mode and from interface mode, and you have to enable the command with the no shutdown command. 

 
 
 
 



 
 
 
 
 
 
 
 
 
 
 
 
 1
2

 
 
 
 
 
 
 
 
 
 

 
 

 -->
 
 
 


 

-->
 
 
 Copyright © 2026 Examveda.com
 
 
 
 
 
 
 
 
 
 About Us |
 Terms & Condition |
 Privacy Policy |
 Contact Us",medium,web:Examveda.com https://www.examveda.com/networking/practice-mcq-question-on-ipv6/,
Computer Networks,ipv6,Which of the following is true when describing a link-local address?,Packets addressed to a unicast address are delivered to a single interface.,"These are your typical publicly routable addresses, just like a regular publicly routable address in IPv4.",These are like private addresses in IPv4 in that they are not meant to be routed.,"These addresses are meant for nonrouting purposes, but they are almost globally unique so it is unlikely they will have an address overlap.",C,Link-local addresses are meant for throwing together a temporary LAN for meetings or a small LAN that is not going to be routed but needs to share and access files and services locally.,medium,web:Examveda.com https://www.examveda.com/networking/practice-mcq-question-on-ipv6/?page=2,
Computer Networks,ipv6,Which of the following is true when describing a unique local address?,Packets addressed to a unicast address are delivered to a single interface.,"These are your typical publicly routable addresses, just like a regular publicly routable address in IPv4.",These are like private addresses in IPv4 in that they are not meant to be routed.,"These addresses are meant for nonrouting purposes, but they are almost globally unique so it is unlikely they will have an address overlap.",D,"These addresses are meant for nonrouting purposes like link-local, but they are almost globally unique so it is unlikely they will have an address overlap. Unique local addresses were designed as a replacement for site-local addresses.",medium,web:Examveda.com https://www.examveda.com/networking/practice-mcq-question-on-ipv6/?page=2,
Computer Networks,ipv6,Which of the following is true when describing an anycast address?,Packets addressed to a unicast address are delivered to a single interface.,Packets are delivered to all interfaces identified by the address. This is also called one-to-many addresses.,This address identifies multiple interfaces and the anycast packet is only delivered to one address. This address can also be called one-to-one-of-many.,"These addresses are meant for nonrouting purposes, but they are almost globally unique so it is unlikely they will have an address overlap.",C,"Anycast addresses identify multiple interfaces, which is the same as multicast; however, the big difference is that the anycast packet is only delivered to one address, the first one it finds defined in the terms of routing distance. This address can also be called one-to-one-of-many.",medium,web:Examveda.com https://www.examveda.com/networking/practice-mcq-question-on-ipv6/?page=2,
Computer Networks,ipv6,You want to ping the loopback address of your local host(with IPv6). What will you type?,ping 127.0.0.1,ping 0.0.0.0,ping ::1,trace 0.0.::1,C,"The loopback address with IPv4 is 127.0.0.1. With IPv6, that address is ::1.",medium,web:Examveda.com https://www.examveda.com/networking/practice-mcq-question-on-ipv6/?page=2,
Computer Networks,ipv6,"Which statement(s) about IPv4 and IPv6 addresses are true?
1. An IPv6 address is 32 bits long, represented in hexidecimal.
2. An IPv6 address is 128 bits long, represented in decimal.
3. An IPv4 address is 32 bits long, represented in decimal.
4. An IPv6 address is 128 bits long, represented in hexidecimal.",1 and 3 only,2 only,3 and 4,2 and 4,C,"IPv4 addresses are 32 bits long and are represented in decimal format. IPv6 addresses are 128 bits long and represented in hexadecimal format. 

 
 
 
 



 
 
 
 
 
 
 
 
 
 
 
 
 
1
2
 
 
 
 
 
 
 
 
 
 

 
 

 -->
 
 
 


 

-->
 
 
 Copyright © 2026 Examveda.com
 
 
 
 
 
 
 
 
 
 About Us |
 Terms & Condition |
 Privacy Policy |
 Contact Us",medium,web:Examveda.com https://www.examveda.com/networking/practice-mcq-question-on-ipv6/?page=2,
