subject,topic,question,option_a,option_b,option_c,option_d,correct_letter,explanation,difficulty,source,tags
C++ / OOP,introduction to c plus plus,What is the extension of a C++ source file?,.cpp,.cc,.cxx,.c,A,,medium,web:Examveda.com https://www.examveda.com/c-plus-plus-programming/practice-mcq-question-on-introduction-to-c-plus-plus/,
C++ / OOP,introduction to c plus plus,Which of the following is not a fundamental data type in C++?,char,float,boolean,double,C,,medium,web:Examveda.com https://www.examveda.com/c-plus-plus-programming/practice-mcq-question-on-introduction-to-c-plus-plus/,
C++ / OOP,introduction to c plus plus,What does the 'cin' object in C++ represent?,File output stream,File input stream,Standard output stream,Standard input stream,D,,medium,web:Examveda.com https://www.examveda.com/c-plus-plus-programming/practice-mcq-question-on-introduction-to-c-plus-plus/,
C++ / OOP,introduction to c plus plus,What keyword is used to define a class in C++?,struct,interface,class,object,C,,medium,web:Examveda.com https://www.examveda.com/c-plus-plus-programming/practice-mcq-question-on-introduction-to-c-plus-plus/,
C++ / OOP,introduction to c plus plus,"In C++, what operator is used to allocate dynamic memory?",alloc,new,allocate,None of the above,B,,medium,web:Examveda.com https://www.examveda.com/c-plus-plus-programming/practice-mcq-question-on-introduction-to-c-plus-plus/,
C++ / OOP,introduction to c plus plus,What is the syntax for a single-line comment in C++?,--,#,//,/* */,C,,medium,web:Examveda.com https://www.examveda.com/c-plus-plus-programming/practice-mcq-question-on-introduction-to-c-plus-plus/,
C++ / OOP,introduction to c plus plus,What function is used to output data to the console in C++?,print,display,write,cout,D,,medium,web:Examveda.com https://www.examveda.com/c-plus-plus-programming/practice-mcq-question-on-introduction-to-c-plus-plus/,
C++ / OOP,introduction to c plus plus,Which header file is needed to use the 'cin' and 'cout' objects in C++?,<iostream>,<stdio.h>,<conio.h>,<fstream>,A,,medium,web:Examveda.com https://www.examveda.com/c-plus-plus-programming/practice-mcq-question-on-introduction-to-c-plus-plus/,
C++ / OOP,introduction to c plus plus,What does the 'endl' manipulator do in C++?,Ends the program,Moves the cursor to the start,Clears the screen,Inserts a new line,D,,medium,web:Examveda.com https://www.examveda.com/c-plus-plus-programming/practice-mcq-question-on-introduction-to-c-plus-plus/,
C++ / OOP,introduction to c plus plus,"What is the output of the following code: cout << (5 > 2) ? ""True"" : ""False"";",TRUE,FALSE,5,2,A,"The given code uses the ternary operator to evaluate a condition and print a result based on that evaluation. 

The code is: cout << (5 > 2) ? ""True"" : ""False""; 

The expression (5 > 2) evaluates to true because 5 is greater than 2. 

When the condition is true, the ternary operator returns the first value after the question mark (?). In this case, it returns ""True"". 

Therefore, the correct output of the code is True. 

Correct Answer: Option A: TRUE
 

 
 
 
 



 
 
 
 
 
 
 
 
 
 
 
 
 1
2
3
4
5
6
7
8
9
10

 
 
 
 
 
 
 
 
 Read More Section(Introduction to C plus plus)
 Each Section contains maximum 100 MCQs question on Introduction to C plus plus. To get more questions visit other sections.
 
 Introduction to C plus plus - Section 2
 
 


 
 
 
 

 
 

 -->
 
 
 


 

-->
 
 
 Copyright © 2026 Examveda.com
 
 
 
 
 
 
 
 
 
 About Us |
 Terms & Condition |
 Privacy Policy |
 Contac",medium,web:Examveda.com https://www.examveda.com/c-plus-plus-programming/practice-mcq-question-on-introduction-to-c-plus-plus/,
C++ / OOP,introduction to c plus plus,Which keyword is used to define a constant in C++?,static,final,const,constant,C,,medium,web:Examveda.com https://www.examveda.com/c-plus-plus-programming/practice-mcq-question-on-introduction-to-c-plus-plus/?page=2,
C++ / OOP,introduction to c plus plus,"What is the output of the following code: int x = 5, y = 2; cout << x / y;",2.5,2,Compilation error,2.2,B,,medium,web:Examveda.com https://www.examveda.com/c-plus-plus-programming/practice-mcq-question-on-introduction-to-c-plus-plus/?page=2,
C++ / OOP,introduction to c plus plus,What is the correct way to declare a pointer in C++?,int ptr;,pointer int;,int* ptr;,ptr int;,C,,medium,web:Examveda.com https://www.examveda.com/c-plus-plus-programming/practice-mcq-question-on-introduction-to-c-plus-plus/?page=2,
C++ / OOP,introduction to c plus plus,What is the keyword used for inheritance in C++?,extends,inherits,derive,:,D,,medium,web:Examveda.com https://www.examveda.com/c-plus-plus-programming/practice-mcq-question-on-introduction-to-c-plus-plus/?page=2,
C++ / OOP,introduction to c plus plus,What function is used to return the length of a string in C++?,length(),size(),strlen(),length,B,,medium,web:Examveda.com https://www.examveda.com/c-plus-plus-programming/practice-mcq-question-on-introduction-to-c-plus-plus/?page=2,
C++ / OOP,introduction to c plus plus,"What is the output of the following code: int x = 10; cout << ""Value of x is: "" << x++ << endl;?",Value of x is: 11,Value of x is: 9,Compilation error,Value of x is: 10,D,,medium,web:Examveda.com https://www.examveda.com/c-plus-plus-programming/practice-mcq-question-on-introduction-to-c-plus-plus/?page=2,
C++ / OOP,introduction to c plus plus,What is the result of the expression: sizeof(int) in C++?,Size of int in bytes,Size of int in bits,Error: sizeof cannot be applied,Implementation-defined,A,,medium,web:Examveda.com https://www.examveda.com/c-plus-plus-programming/practice-mcq-question-on-introduction-to-c-plus-plus/?page=2,
C++ / OOP,introduction to c plus plus,Which C++ feature allows a function to call itself?,Polymorphism,Inheritance,Iteration,Recursion,D,,medium,web:Examveda.com https://www.examveda.com/c-plus-plus-programming/practice-mcq-question-on-introduction-to-c-plus-plus/?page=2,
C++ / OOP,introduction to c plus plus,What is the correct syntax to dynamically allocate memory for an array of integers in C++?,int arr[size];,int arr[] = new int[size];,int *arr = new int[size];,int arr = new int[size];,C,,medium,web:Examveda.com https://www.examveda.com/c-plus-plus-programming/practice-mcq-question-on-introduction-to-c-plus-plus/?page=2,
C++ / OOP,introduction to c plus plus,What does the 'static' keyword mean when used with a global variable in C++?,Scope limited to the file,Can't be modified,Retains its value between calls,Global scope,A,"Reason: In C++, when the 'static' keyword is used with a global variable, it limits the scope of that variable to the file in which it is declared. Option A: Scope limited to the file is correct because a global variable declared as static can only be accessed within the file where it is defined, making it invisible to other files in the program. Option B: Can't be modified is incorrect because the 'static' keyword does not make the variable constant or immutable. It can still be modified. Option C: Retains its value between calls applies to local static variables, not global static variables. Global static variables are not related to function calls. Option D: Global scope is incorrect because the 'static' keyword specifically restricts the scope of the variable to the file, contrary to the global scope. Hence, the correct interpretation of 'static' for global variables is that it limit",medium,web:Examveda.com https://www.examveda.com/c-plus-plus-programming/practice-mcq-question-on-introduction-to-c-plus-plus/?page=3,
C++ / OOP,introduction to c plus plus,Which of the following is used to access the first element of an array in C++?,arr.front(),arr[0],arr.begin(),None of the above,B,,medium,web:Examveda.com https://www.examveda.com/c-plus-plus-programming/practice-mcq-question-on-introduction-to-c-plus-plus/?page=3,
C++ / OOP,introduction to c plus plus,What is the output of the following code: cout << (5 == 5.0); in C++?,FALSE,TRUE,1,0,C,,medium,web:Examveda.com https://www.examveda.com/c-plus-plus-programming/practice-mcq-question-on-introduction-to-c-plus-plus/?page=3,
C++ / OOP,introduction to c plus plus,What is the purpose of the 'break' statement in a switch-case construct in C++?,Skip the next case,Start the next iteration,Terminate the program,Exit the switch block,D,,medium,web:Examveda.com https://www.examveda.com/c-plus-plus-programming/practice-mcq-question-on-introduction-to-c-plus-plus/?page=3,
C++ / OOP,introduction to c plus plus,What is the correct way to include a C++ standard library header file named 'vector' in a C++ program?,#include <vector>,"#include ""vector.h""",#include <vector.h>,"#include ""vector""",A,,medium,web:Examveda.com https://www.examveda.com/c-plus-plus-programming/practice-mcq-question-on-introduction-to-c-plus-plus/?page=3,
C++ / OOP,introduction to c plus plus,Which operator is used to access the member functions and variables of an object in C++?,:,::,->,.,D,,medium,web:Examveda.com https://www.examveda.com/c-plus-plus-programming/practice-mcq-question-on-introduction-to-c-plus-plus/?page=3,
C++ / OOP,introduction to c plus plus,What is the output of the following code: cout << (10 / 4); in C++?,2.5,3,2,Compiler error,C,,medium,web:Examveda.com https://www.examveda.com/c-plus-plus-programming/practice-mcq-question-on-introduction-to-c-plus-plus/?page=3,
C++ / OOP,introduction to c plus plus,What is the correct syntax to define a function named 'add' that takes two integers as parameters and returns their sum in C++?,"int add(int a, b) { }","int add(int a, int b) { }","int add(a, b) { }",None of the above,B,,medium,web:Examveda.com https://www.examveda.com/c-plus-plus-programming/practice-mcq-question-on-introduction-to-c-plus-plus/?page=3,
C++ / OOP,introduction to c plus plus,Which of the following is not a valid data type in C++?,long double,short float,long long int,wchar_t,B,,medium,web:Examveda.com https://www.examveda.com/c-plus-plus-programming/practice-mcq-question-on-introduction-to-c-plus-plus/?page=3,
C++ / OOP,introduction to c plus plus,What does the 'new' operator return when memory allocation fails in C++?,Garbage value,Exception,nullptr,0,C,,medium,web:Examveda.com https://www.examveda.com/c-plus-plus-programming/practice-mcq-question-on-introduction-to-c-plus-plus/?page=3,
C++ / OOP,introduction to c plus plus,Which of the following is the correct syntax for declaring a pointer to an integer in C++?,ptr int;,int ptr;,pointer int;,int* ptr;,D,,medium,web:Examveda.com https://www.examveda.com/c-plus-plus-programming/practice-mcq-question-on-introduction-to-c-plus-plus/?page=4,
C++ / OOP,introduction to c plus plus,"What is the output of the following code: cout << (5 < 2) ? ""True"" : ""False""; in C++?",FALSE,TRUE,5,2,A,"The expression used in the code is: cout 
This line appears to use the ternary conditional operator, but due to the missing parentheses around the conditional expression, the actual precedence rules of C++ affect the output. 
In C++, the insertion operator has higher precedence than the ternary operator ?:. 
So, the expression is interpreted as: (cout 
Here, 5 evaluates to false (i.e., 0) 
So, cout is executed, which prints 0 
Then the ternary operator evaluates 0 ? ""True"" : ""False"", which returns ""False"", but the result is not used or printed 
Thus, the final output is: 0 
Since ""0"" is not among the options but option C says 5, this indicates the question or options may be inconsistent 
However, assuming the intention was to demonstrate operator precedence, the correct output should be: 0, not 5. 
But given the provided options, none match this expected behavior correctly 
So, the corre",medium,web:Examveda.com https://www.examveda.com/c-plus-plus-programming/practice-mcq-question-on-introduction-to-c-plus-plus/?page=4,
C++ / OOP,introduction to c plus plus,"In C++, what is the purpose of the 'endl' manipulator?",Inserts a new line,Clears the screen,Moves the cursor to the start,Ends the program,A,,medium,web:Examveda.com https://www.examveda.com/c-plus-plus-programming/practice-mcq-question-on-introduction-to-c-plus-plus/?page=4,
C++ / OOP,introduction to c plus plus,What is the result of the expression: sizeof(char) in C++?,Implementation-defined,Error: sizeof cannot be applied,Size of char in bits,Size of char in bytes,D,,medium,web:Examveda.com https://www.examveda.com/c-plus-plus-programming/practice-mcq-question-on-introduction-to-c-plus-plus/?page=4,
C++ / OOP,introduction to c plus plus,What does the 'const' keyword signify when used with a member function in a C++ class declaration?,This function is static,This function can't be called,This function doesn't modify the object it's called on,This function is pure virtual,C,,medium,web:Examveda.com https://www.examveda.com/c-plus-plus-programming/practice-mcq-question-on-introduction-to-c-plus-plus/?page=4,
C++ / OOP,introduction to c plus plus,Which operator is used to dereference a pointer in C++?,::,*,.,:,B,,medium,web:Examveda.com https://www.examveda.com/c-plus-plus-programming/practice-mcq-question-on-introduction-to-c-plus-plus/?page=4,
C++ / OOP,introduction to c plus plus,What is the correct way to include the C++ standard input/output library header file in a C++ program?,"#include ""stdio""",#include <stdio.h>,#include <iostream>,"#include ""iostream.h""",C,,medium,web:Examveda.com https://www.examveda.com/c-plus-plus-programming/practice-mcq-question-on-introduction-to-c-plus-plus/?page=4,
C++ / OOP,introduction to c plus plus,"What is the output of the following code: int x = 5, y = 2; cout << x / y; in C++?",2.5,2.6,Compilation error,2,D,,medium,web:Examveda.com https://www.examveda.com/c-plus-plus-programming/practice-mcq-question-on-introduction-to-c-plus-plus/?page=4,
C++ / OOP,introduction to c plus plus,What is the correct syntax to define a class named 'Rectangle' with private member variables 'length' and 'width' in C++?,class Rectangle { private: int length; private: int width; };,"class Rectangle { int length, width; private: };","class Rectangle { length, width; private: int; };","class Rectangle { private: int length, width; };",D,,medium,web:Examveda.com https://www.examveda.com/c-plus-plus-programming/practice-mcq-question-on-introduction-to-c-plus-plus/?page=4,
C++ / OOP,introduction to c plus plus,"What is the output of the following code: cout << ""Hello\nWorld""; in C++?",Hello World,Hello,World,Hello\nWorld,A,"Let's break down this C++ code snippet! 
The code is: cout 
cout is used to display output on the screen. 
The double quotes "" "" enclose a string of characters that will be printed. 
Inside the string, we have ""Hello\nWorld"". 
The important part here is \n. This is a special character called a newline character. 
\n tells the program to move the cursor to the beginning of the next line. 
So, ""Hello\nWorld"" means print ""Hello"", then move to the next line, and then print ""World"". 
Therefore, the correct output is ""Hello"" on one line and ""World"" on the next line. 
Option B and C are incorrect because they only output one word. 
Option D is incorrect because it prints the actual '\n' character, rather than interpreting it as a newline. 
The correct answer is to imagine the output with Hello appearing above World. 
So, the best way to visualize this output is : 
Hello 
World
 

 
 
 
 



 
 ",medium,web:Examveda.com https://www.examveda.com/c-plus-plus-programming/practice-mcq-question-on-introduction-to-c-plus-plus/?page=4,
C++ / OOP,introduction to c plus plus,What is the purpose of the 'break' statement in a loop in C++?,Skip the next iteration,Start the next iteration,Exit the loop,Terminate the program,C,,medium,web:Examveda.com https://www.examveda.com/c-plus-plus-programming/practice-mcq-question-on-introduction-to-c-plus-plus/?page=5,
C++ / OOP,introduction to c plus plus,What is the correct way to define a constant named 'PI' with a value of 3.14159 in C++?,const PI = 3.14159;,const double PI = 3.14159;,constant PI = 3.14159;,None of the above,B,,medium,web:Examveda.com https://www.examveda.com/c-plus-plus-programming/practice-mcq-question-on-introduction-to-c-plus-plus/?page=5,
C++ / OOP,introduction to c plus plus,What is the output of the following code: cout << (10 % 3); in C++?,Compilation error,0,1,3,C,,medium,web:Examveda.com https://www.examveda.com/c-plus-plus-programming/practice-mcq-question-on-introduction-to-c-plus-plus/?page=5,
C++ / OOP,introduction to c plus plus,"What will be the output of the following program in both C and C++? 
#include<stdio.h>
int main(int argc, char const *argv[])
{
 printf(""%d\n"", (int)sizeof('a'));
 return 0;
}",Output in C is 1 and in C++ is 4,Output in C is 4 and in C++ is 1,Output in C is 1 and in C++ is 1,Output in C is 4 and in C++ is 4,B,,medium,web:Examveda.com https://www.examveda.com/c-plus-plus-programming/practice-mcq-question-on-introduction-to-c-plus-plus/?page=5,
C++ / OOP,introduction to c plus plus,What happens if a class does not have a name?,It will not have a constructor,It will not have a destructor,It is not allowed,It will neither have a constructor or destructor,B,,medium,web:Examveda.com https://www.examveda.com/c-plus-plus-programming/practice-mcq-question-on-introduction-to-c-plus-plus/?page=5,
C++ / OOP,introduction to c plus plus,Which of the following escape sequence represents carriage return?,\r,\n,\n\r,\c,A,,medium,web:Examveda.com https://www.examveda.com/c-plus-plus-programming/practice-mcq-question-on-introduction-to-c-plus-plus/?page=5,
C++ / OOP,introduction to c plus plus,What are the formal parameters in C++?,Parameters with which functions are called,Parameters which are used in the definition of the function,Variables other than passed parameters in a function,Variables that are never used in the function,B,,medium,web:Examveda.com https://www.examveda.com/c-plus-plus-programming/practice-mcq-question-on-introduction-to-c-plus-plus/?page=5,
C++ / OOP,introduction to c plus plus,Which of the following is a static polymorphism mechanism?,Function overloading,Operator overloading,Templates,All of the mentioned,D,,medium,web:Examveda.com https://www.examveda.com/c-plus-plus-programming/practice-mcq-question-on-introduction-to-c-plus-plus/?page=5,
C++ / OOP,introduction to c plus plus,What if we define the below structure in C and C++?,Error in C but not in C++,Error in C++ but not in C,No error in both C and C++,Error in both C and C++,A,,medium,web:Examveda.com https://www.examveda.com/c-plus-plus-programming/practice-mcq-question-on-introduction-to-c-plus-plus/?page=5,
C++ / OOP,introduction to c plus plus,"Which of the following is true? 
I. All operators in C++ can be overloaded. 
II. The basic meaning of an operator can be changed.",I only,II only,Both I and II,Neither I nor II,D,,medium,web:Examveda.com https://www.examveda.com/c-plus-plus-programming/practice-mcq-question-on-introduction-to-c-plus-plus/?page=5,
C++ / OOP,introduction to c plus plus,What is std in C++?,std is a standard class in C++,std is a standard namespace in C++,std is a standard header file in C++,std is a standard file reading header in C++,B,,medium,web:Examveda.com https://www.examveda.com/c-plus-plus-programming/practice-mcq-question-on-introduction-to-c-plus-plus/?page=6,
C++ / OOP,introduction to c plus plus,What is dynamic binding?,The process of linking the actual code with a procedural call during run-time,The process of linking the actual code with a procedural call during compile-time,The process of linking the actual code with a procedural call at any-time,All of the mentioned,A,,medium,web:Examveda.com https://www.examveda.com/c-plus-plus-programming/practice-mcq-question-on-introduction-to-c-plus-plus/?page=6,
C++ / OOP,introduction to c plus plus,"What happens if the following line is executed in C and C++? 
const int a;",Error in both C and C++,Warning in both C and C++,Error in C and successful execution in C++,Error in C++ and successful execution in C,D,,medium,web:Examveda.com https://www.examveda.com/c-plus-plus-programming/practice-mcq-question-on-introduction-to-c-plus-plus/?page=6,
C++ / OOP,introduction to c plus plus,"What happens if we run the following code in both C and C++? 
#include<stdio.h>
struct STRUCT
{
 int a = 5;
 int func()
 {
 printf(""%d\n"", a);
 }
};
int main()
{
 struct STRUCT s;
 s.func();
 return 0;
}","The program runs fine and both prints output ""HELLO THIS IS STRUCTURE""",The program gives an error in case of C but runs perfectly in case of C++,The program gives an error in case of C++ but runs perfectly in case of C,The program gives an error in case of both C and C++,B,,medium,web:Examveda.com https://www.examveda.com/c-plus-plus-programming/practice-mcq-question-on-introduction-to-c-plus-plus/?page=6,
C++ / OOP,introduction to c plus plus,"What will be the output of the following C++ code? 
#include<iostream>
using namespace std;
class A
{
 ~A(){
 cout<<""Destructor called\n"";
 }
};
int main()
{
 A *a1 = new A();
 A *a2 = new A();
 return 0;
}",Destructor called,"Destructor called 
Destructor called",Error,Nothing is printed,D,,medium,web:Examveda.com https://www.examveda.com/c-plus-plus-programming/practice-mcq-question-on-introduction-to-c-plus-plus/?page=6,
C++ / OOP,introduction to c plus plus,Which of the following is called extraction/get from operator?,<<,>>,>,<,B,,medium,web:Examveda.com https://www.examveda.com/c-plus-plus-programming/practice-mcq-question-on-introduction-to-c-plus-plus/?page=6,
C++ / OOP,introduction to c plus plus,Which of the following is called address operator?,*,&,_,%,B,,medium,web:Examveda.com https://www.examveda.com/c-plus-plus-programming/practice-mcq-question-on-introduction-to-c-plus-plus/?page=6,
C++ / OOP,introduction to c plus plus,What is name mangling in C++?,The process of adding more information to a function name so that it can be distinguished from other functions by the compiler,The process of making common names for all the function of C++ program for better use,The process of changing the names of variable,The process of declaring variables of different types,A,,medium,web:Examveda.com https://www.examveda.com/c-plus-plus-programming/practice-mcq-question-on-introduction-to-c-plus-plus/?page=6,
C++ / OOP,introduction to c plus plus,What is the size of a boolean variable in C++?,1 bit,1 byte,4 bytes,2 bytes,A,,medium,web:Examveda.com https://www.examveda.com/c-plus-plus-programming/practice-mcq-question-on-introduction-to-c-plus-plus/?page=6,
C++ / OOP,introduction to c plus plus,What is the size of a character literal in C and C++?,4 and 1,1 and 4,1 and 1,4 and 4,A,,medium,web:Examveda.com https://www.examveda.com/c-plus-plus-programming/practice-mcq-question-on-introduction-to-c-plus-plus/?page=6,
C++ / OOP,introduction to c plus plus,Which of the following is correct?,struct cannot have member function in C but it can in C++,struct cannot have member function in C++ but it can in C,struct cannot have member function in both C and C++,struct can have member function in both C and C++,A,,medium,web:Examveda.com https://www.examveda.com/c-plus-plus-programming/practice-mcq-question-on-introduction-to-c-plus-plus/?page=7,
C++ / OOP,introduction to c plus plus,"What will be the output of the following C++ code? 
#include<iostream>
using namespace std;
class A
{
 ~A(){
 cout<<""Destructor called\n"";
 }
};
int main()
{
 A a;
 return 0;
}",Destructor called,Nothing will be printed,Error,Segmentation fault,C,,medium,web:Examveda.com https://www.examveda.com/c-plus-plus-programming/practice-mcq-question-on-introduction-to-c-plus-plus/?page=7,
C++ / OOP,introduction to c plus plus,Why this pointer is used?,To access the members of a class which have the same name as local variables in that scope,To access all the data stored under that class,To access objects of other class,To access objects of other variables,A,,medium,web:Examveda.com https://www.examveda.com/c-plus-plus-programming/practice-mcq-question-on-introduction-to-c-plus-plus/?page=7,
C++ / OOP,introduction to c plus plus,Which of the following is correct about static variables?,Static functions do not support polymorphism,Static data members cannot be accessed by non-static member functions,Static data members functions can access only static data members,Static data members functions can access both static and non-static data members,C,,medium,web:Examveda.com https://www.examveda.com/c-plus-plus-programming/practice-mcq-question-on-introduction-to-c-plus-plus/?page=7,
C++ / OOP,introduction to c plus plus,Which of the following syntax can be used to use a member of a namespace without including that namespace?,namespace::member,namespace->member,namespace.member,namespace~member,A,,medium,web:Examveda.com https://www.examveda.com/c-plus-plus-programming/practice-mcq-question-on-introduction-to-c-plus-plus/?page=7,
C++ / OOP,introduction to c plus plus,Who created C++?,Bjarne Stroustrup,Dennis Ritchie,Ken Thompson,Brian Kernighan,A,,medium,web:Examveda.com https://www.examveda.com/c-plus-plus-programming/practice-mcq-question-on-introduction-to-c-plus-plus/?page=7,
C++ / OOP,introduction to c plus plus,Which of the following is correct about static polymorphism?,"In static polymorphism, the conflict between the function call is resolved during the compile time","In static polymorphism, the conflict between the function call is resolved during the run time","In static polymorphism, the conflict between the function call is never resolved during the execution of a program","In static polymorphism, the conflict between the function call is resolved only if it required",A,,medium,web:Examveda.com https://www.examveda.com/c-plus-plus-programming/practice-mcq-question-on-introduction-to-c-plus-plus/?page=7,
C++ / OOP,introduction to c plus plus,Which of the following is the scope resolution operator?,.,*,::,~,C,,medium,web:Examveda.com https://www.examveda.com/c-plus-plus-programming/practice-mcq-question-on-introduction-to-c-plus-plus/?page=7,
C++ / OOP,introduction to c plus plus,"What happens if the following program is executed in C and C++? 
#include <stdio.h> 
void main() 
{ 
 printf(""Hello World""); 
}",Error in both C and C++,Successful run in both C and C++,Error in C and successful execution in C++,Error in C++ and successful execution in C,D,,medium,web:Examveda.com https://www.examveda.com/c-plus-plus-programming/practice-mcq-question-on-introduction-to-c-plus-plus/?page=7,
C++ / OOP,introduction to c plus plus,Which of the following is an entry-controlled loop?,for,while,do-while,both while and for,D,,medium,web:Examveda.com https://www.examveda.com/c-plus-plus-programming/practice-mcq-question-on-introduction-to-c-plus-plus/?page=7,
C++ / OOP,introduction to c plus plus,"What will be the output of the following C++ code? 
#include <iostream>
int const s=9;
int main()
{
 std::cout << s;
 return 0;
}",9,Garbage value,Error,Segmentation fault,A,,medium,web:Examveda.com https://www.examveda.com/c-plus-plus-programming/practice-mcq-question-on-introduction-to-c-plus-plus/?page=8,
C++ / OOP,introduction to c plus plus,Which concept is used to implement late binding?,Virtual functions,Operator functions,Constant functions,Static functions,A,,medium,web:Examveda.com https://www.examveda.com/c-plus-plus-programming/practice-mcq-question-on-introduction-to-c-plus-plus/?page=8,
C++ / OOP,introduction to c plus plus,"What will be the output of the following C++ code? 
#include <iostream>
 
int main(int argc, char const *argv[])
{
 cout<<""Hello World"";
 return 0;
}",Hello World,Compile-time error,Run-time error,Segmentation fault,A,"The given code is a basic C++ program that prints a message to the console. 
It includes the <iostream> header, which allows the use of input and output streams like cout. 
The main function is defined correctly with appropriate parameters (int argc, char const *argv[]), though these parameters are not used. 
cout correctly outputs the text ""Hello World"" to the standard output. 
There are no syntax or runtime errors in the code, and it will compile and run successfully. 
Therefore, the output will be: Hello World",medium,web:Examveda.com https://www.examveda.com/c-plus-plus-programming/practice-mcq-question-on-introduction-to-c-plus-plus/?page=8,
C++ / OOP,introduction to c plus plus,Which of the following cannot be used with the virtual keyword?,Class,Member functions,Constructors,Destructors,C,,medium,web:Examveda.com https://www.examveda.com/c-plus-plus-programming/practice-mcq-question-on-introduction-to-c-plus-plus/?page=8,
C++ / OOP,introduction to c plus plus,"What happens if the following program is executed in C and C++? 
#include <stdio.h> 
int main(void) 
{ 
 int new = 5;
 printf(""%d"", new); 
}",Error in both C and C++,A successful run in both C and C++,Error in C and successful execution in C++,Error in C++ and successful execution in C,D,,medium,web:Examveda.com https://www.examveda.com/c-plus-plus-programming/practice-mcq-question-on-introduction-to-c-plus-plus/?page=8,
C++ / OOP,introduction to c plus plus,Which of the following is an exit-controlled loop?,for,while,do-while,all of the mentioned,C,,medium,web:Examveda.com https://www.examveda.com/c-plus-plus-programming/practice-mcq-question-on-introduction-to-c-plus-plus/?page=8,
C++ / OOP,introduction to c plus plus,"What will be the output of the following C++ code? 
#include <iostream>
using namespace std;
class Test
{
 static int x;
 public:
 Test() { x++; }
 static int getX() {return x;}
};
int Test::x = 0;
int main()
{
 cout << Test::getX() << "" "";
 Test t[5];
 cout << Test::getX();
}",0 0,5 0,0 5,5 5,C,,medium,web:Examveda.com https://www.examveda.com/c-plus-plus-programming/practice-mcq-question-on-introduction-to-c-plus-plus/?page=8,
C++ / OOP,introduction to c plus plus,"What happens if the following program is executed in C and C++? 
#include<stdio.h> 
int main() 
{ 
 foo();
} 
int foo() 
{ 
 printf(""Hello""); 
 return 0; 
}",Error in both C and C++,Warning in both C and C++,Error in C++ but Warning in C,Error in C but Warning in C++,C,,medium,web:Examveda.com https://www.examveda.com/c-plus-plus-programming/practice-mcq-question-on-introduction-to-c-plus-plus/?page=8,
C++ / OOP,introduction to c plus plus,Which of the following is C++ equivalent for scanf()?,cin,cout,print,input,A,,medium,web:Examveda.com https://www.examveda.com/c-plus-plus-programming/practice-mcq-question-on-introduction-to-c-plus-plus/?page=8,
C++ / OOP,introduction to c plus plus,"What will be the output of the following C++ code? 
#include<iostream>
using namespace std;
int x = 1;
int main()
{
 int x = 2;
 {
 int x = 3;
 cout << ::x << endl;
 }
 return 0;
}",1,2,3,123,A,,medium,web:Examveda.com https://www.examveda.com/c-plus-plus-programming/practice-mcq-question-on-introduction-to-c-plus-plus/?page=8,
C++ / OOP,introduction to c plus plus,What is static binding?,The process of linking the actual code with a procedural call during run-time,The process of linking the actual code with a procedural call during compile-time,The process of linking the actual code with a procedural call at any-time,All of the mentioned,B,,medium,web:Examveda.com https://www.examveda.com/c-plus-plus-programming/practice-mcq-question-on-introduction-to-c-plus-plus/?page=9,
C++ / OOP,introduction to c plus plus,"What will be the output of the following C++ code? 
#include<iostream>
using namespace std;
int x[100];
int main()
{
 cout << x[99] << endl;
}",Garbage value,0,99,Error,B,,medium,web:Examveda.com https://www.examveda.com/c-plus-plus-programming/practice-mcq-question-on-introduction-to-c-plus-plus/?page=9,
C++ / OOP,introduction to c plus plus,Which of the following is accessed by a member function of a class?,The object of that class,All members of a class,The public part of a class,The private part of a class,B,,medium,web:Examveda.com https://www.examveda.com/c-plus-plus-programming/practice-mcq-question-on-introduction-to-c-plus-plus/?page=9,
C++ / OOP,introduction to c plus plus,Which of the following type is provided by C++ but not C?,int,bool,float,double,B,,medium,web:Examveda.com https://www.examveda.com/c-plus-plus-programming/practice-mcq-question-on-introduction-to-c-plus-plus/?page=9,
C++ / OOP,introduction to c plus plus,"What will be the output of the following C++ code? 
#include <iostream>
using namespace std;
class A
{
 private:
 int x;
 public:
 A(int _x) { x = _x; }
 int get() { return x; }
};
class B
{
 static A a;
 public:
 static int get()
 { return a.get(); }
}; 
int main(void)
{
 B b;
 cout << b.get();
 return 0;
}",Garbage value,Compile-time Error,Run-time Error,Nothing is printed,B,,medium,web:Examveda.com https://www.examveda.com/c-plus-plus-programming/practice-mcq-question-on-introduction-to-c-plus-plus/?page=9,
C++ / OOP,introduction to c plus plus,What is the other name of compile-time polymorphism?,Static polymorphism,Dynamic polymorphism,Executing polymorphism,Non-executing polymorphism,A,,medium,web:Examveda.com https://www.examveda.com/c-plus-plus-programming/practice-mcq-question-on-introduction-to-c-plus-plus/?page=9,
C++ / OOP,introduction to c plus plus,What is the size of a character type in C and C++?,4 and 1,1 and 4,1 and 1,4 and 4,C,,medium,web:Examveda.com https://www.examveda.com/c-plus-plus-programming/practice-mcq-question-on-introduction-to-c-plus-plus/?page=9,
C++ / OOP,introduction to c plus plus,Which of the following is the correct difference between cin and scanf()?,both are the same,cin is a stream object whereas scanf() is a function,scanf() is a stream object whereas cin is a function,cin is used for printing whereas scanf() is used for reading input,B,,medium,web:Examveda.com https://www.examveda.com/c-plus-plus-programming/practice-mcq-question-on-introduction-to-c-plus-plus/?page=9,
C++ / OOP,introduction to c plus plus,Which of the following is not a type of inheritance?,Multiple,Multilevel,Distributive,Hierarchical,C,,medium,web:Examveda.com https://www.examveda.com/c-plus-plus-programming/practice-mcq-question-on-introduction-to-c-plus-plus/?page=9,
C++ / OOP,introduction to c plus plus,Which of the following is used for comments in C++?,// comment,/* comment */,both // comment or /* comment */,// comment */,C,,medium,web:Examveda.com https://www.examveda.com/c-plus-plus-programming/practice-mcq-question-on-introduction-to-c-plus-plus/?page=9,
C++ / OOP,introduction to c plus plus,"Which of the following operator(s) can be used with pointers? 
i. – only 
ii. +, * 
iii. +, – 
iv. +, -, * 
v. / 
vi. + only",i only,vi only,ii and v,iv,A,"Explanation: 
Pointers in C++ are variables that hold memory addresses. They're like street addresses that tell you where a house (data) is located. 
We use special operators to work with these memory addresses. 
 
+ (Addition): We can add a number to a pointer to move it to a different memory location. Imagine walking a few houses down the street. 
- (Subtraction): Similarly, we can subtract to move backward in memory (go back a few houses). 
* (Dereference): This is the most important pointer operator. It lets us access the data stored at the memory address held by the pointer. Think of it like going inside the house to see what's there. 
 
The division operator (/) is not directly used with pointers in the same way as addition, subtraction, or dereference. 
 
Therefore, the correct options are addition (+), subtraction (-), and dereference (*). 
 
So the answer is (D) iv",medium,web:Examveda.com https://www.examveda.com/c-plus-plus-programming/practice-mcq-question-on-introduction-to-c-plus-plus/?page=10,
C++ / OOP,introduction to c plus plus,Which of the following is correct about this pointer in C++?,this pointer is passed as a hidden argument in all the functions of a class,this pointer is passed as a hidden argument in all non-static functions of a class,this pointer is passed as a hidden argument in all static functions of a class,this pointer is passed as a hidden argument in all static variables of a class,B,,medium,web:Examveda.com https://www.examveda.com/c-plus-plus-programming/practice-mcq-question-on-introduction-to-c-plus-plus/?page=10,
C++ / OOP,introduction to c plus plus,Which of the following syntax for declaring a variable of struct STRUCT can be used in both C and C++?,struct STRUCT S;,STRUCT S;,Both struct STRUCT S; and STRUCT S;,Both C and C++ have different syntax,A,,medium,web:Examveda.com https://www.examveda.com/c-plus-plus-programming/practice-mcq-question-on-introduction-to-c-plus-plus/?page=10,
C++ / OOP,introduction to c plus plus,"What happens if the following program is executed in C and C++? 
#include <stdio.h> 
void func()
{
 printf(""Hello"");
}
void main() 
{ 
 func();
 func(2);
}",Error in both C and C++,Outputs Hello twice in both C and C++,Error in C and Outputs Hello twice in C++,Error in C++ and Outputs Hello twice in C,D,,medium,web:Examveda.com https://www.examveda.com/c-plus-plus-programming/practice-mcq-question-on-introduction-to-c-plus-plus/?page=10,
C++ / OOP,introduction to c plus plus,Which of the following is correct in C++?,Classes cannot have protected data members,Structures can have member functions,Class members are public by default,Structure members are private by default,B,,medium,web:Examveda.com https://www.examveda.com/c-plus-plus-programming/practice-mcq-question-on-introduction-to-c-plus-plus/?page=10,
C++ / OOP,introduction to c plus plus,"What will be the output of the following C++ code? 
#include <iostream>
using namespace std;
class Point
{
 int x, y;
 public:
 Point(int i = 0, int j =0)
 { x = i; y = j; }
 int getX() const { return x; }
 int getY() {return y;}
};
 
int main()
{
 const Point t;
 cout << t.getX() << "" "";
 cout << t.gety();
 return 0;
}",0 0,Garbage values,Compile error,Segmentation fault,C,,medium,web:Examveda.com https://www.examveda.com/c-plus-plus-programming/practice-mcq-question-on-introduction-to-c-plus-plus/?page=10,
C++ / OOP,introduction to c plus plus,Which of the following escape sequence represents tab?,\t,\t\r,\b,\a,A,,medium,web:Examveda.com https://www.examveda.com/c-plus-plus-programming/practice-mcq-question-on-introduction-to-c-plus-plus/?page=10,
C++ / OOP,introduction to c plus plus,What is the other name of run-time polymorphism?,Static polymorphism,Dynamic polymorphism,Executing polymorphism,Non-executing polymorphism,B,,medium,web:Examveda.com https://www.examveda.com/c-plus-plus-programming/practice-mcq-question-on-introduction-to-c-plus-plus/?page=10,
C++ / OOP,introduction to c plus plus,Which function is used to write a single character to console in C++?,cout.put(ch),cout.putline(ch),write(ch),printf(ch),A,,medium,web:Examveda.com https://www.examveda.com/c-plus-plus-programming/practice-mcq-question-on-introduction-to-c-plus-plus/?page=10,
C++ / OOP,variables and data types in c plus plus,What is the correct keyword to declare a variable in C++?,var,variable,int,declare,C,,medium,web:Examveda.com https://www.examveda.com/c-plus-plus-programming/practice-mcq-question-on-variables-and-data-types-in-c-plus-plus/,
C++ / OOP,variables and data types in c plus plus,Which of the following is a valid variable name in C++?,myVariable,123variable,variable&,float,A,,medium,web:Examveda.com https://www.examveda.com/c-plus-plus-programming/practice-mcq-question-on-variables-and-data-types-in-c-plus-plus/,
C++ / OOP,variables and data types in c plus plus,What is the data type of the variable 'x' in the following declaration: double x = 3.14;?,int,double,float,char,B,,medium,web:Examveda.com https://www.examveda.com/c-plus-plus-programming/practice-mcq-question-on-variables-and-data-types-in-c-plus-plus/,
C++ / OOP,variables and data types in c plus plus,Which of the following is not a primitive data type in C++?,bool,char,string,float,C,,medium,web:Examveda.com https://www.examveda.com/c-plus-plus-programming/practice-mcq-question-on-variables-and-data-types-in-c-plus-plus/,
C++ / OOP,variables and data types in c plus plus,What is the maximum value that can be stored in an 'int' data type in C++?,32767,2147483647,65535,4294967295,B,,medium,web:Examveda.com https://www.examveda.com/c-plus-plus-programming/practice-mcq-question-on-variables-and-data-types-in-c-plus-plus/,
C++ / OOP,variables and data types in c plus plus,What is the size of a 'char' data type in C++?,2 bytes,4 bytes,1 byte,8 bytes,C,,medium,web:Examveda.com https://www.examveda.com/c-plus-plus-programming/practice-mcq-question-on-variables-and-data-types-in-c-plus-plus/,
C++ / OOP,variables and data types in c plus plus,What is the result of the following expression in C++: 5 / 2?,Compiler error,2.6,2.5,2,D,,medium,web:Examveda.com https://www.examveda.com/c-plus-plus-programming/practice-mcq-question-on-variables-and-data-types-in-c-plus-plus/,
C++ / OOP,variables and data types in c plus plus,Which operator is used to find the size of a data type in C++?,size,sizeofof,sizeof,lengthof,C,,medium,web:Examveda.com https://www.examveda.com/c-plus-plus-programming/practice-mcq-question-on-variables-and-data-types-in-c-plus-plus/,
C++ / OOP,variables and data types in c plus plus,What is the correct way to declare a constant in C++?,final,const,#define,None of the above,B,,medium,web:Examveda.com https://www.examveda.com/c-plus-plus-programming/practice-mcq-question-on-variables-and-data-types-in-c-plus-plus/,
C++ / OOP,variables and data types in c plus plus,What will be the output of the following code: cout << (true && false); in C++?,TRUE,FALSE,1,0,B,,medium,web:Examveda.com https://www.examveda.com/c-plus-plus-programming/practice-mcq-question-on-variables-and-data-types-in-c-plus-plus/,
C++ / OOP,variables and data types in c plus plus,What is the correct syntax to declare and initialize a variable 'age' of type 'int' with a value of 25 in C++?,age = int(25);,int = age 25;,int age = 25;,age int = 25;,C,,medium,web:Examveda.com https://www.examveda.com/c-plus-plus-programming/practice-mcq-question-on-variables-and-data-types-in-c-plus-plus/?page=2,
C++ / OOP,variables and data types in c plus plus,What is the range of values for a 'short int' data type in C++?,-2147483648 to 2147483647,-128 to 127,0 to 65535,-32768 to 32767,D,,medium,web:Examveda.com https://www.examveda.com/c-plus-plus-programming/practice-mcq-question-on-variables-and-data-types-in-c-plus-plus/?page=2,
C++ / OOP,variables and data types in c plus plus,What does the 'auto' keyword do in C++?,Declares a variable with an inferred type,Declares a global variable,Declares an automatic variable,Declares a static variable,A,,medium,web:Examveda.com https://www.examveda.com/c-plus-plus-programming/practice-mcq-question-on-variables-and-data-types-in-c-plus-plus/?page=2,
C++ / OOP,variables and data types in c plus plus,Which of the following is an example of a floating-point data type in C++?,int,float,char,bool,B,,medium,web:Examveda.com https://www.examveda.com/c-plus-plus-programming/practice-mcq-question-on-variables-and-data-types-in-c-plus-plus/?page=2,
C++ / OOP,variables and data types in c plus plus,What is the correct way to represent hexadecimal values in C++?,Suffix with H,Prefix with H,Prefix with 0h,Prefix with 0x,D,"Computers use different number systems. Decimal (base-10) is what we use every day. Hexadecimal (base-16) is useful for representing colors, memory addresses, and other things. 
 
In C++, we use a special prefix to tell the compiler that a number is in hexadecimal. 
 
Option A is incorrect because suffixes (things added to the end) aren't used for this purpose in C++. 
 
Option B is also wrong. A prefix means something that comes at the beginning. 
 
Option C is close, but not quite right. It's a bit of an older style. 
 
Option D, ""Prefix with 0x"", is the correct answer. The '0x' prefix tells the compiler that the following number is in hexadecimal. For example: 0x1A represents the hexadecimal number 1A, which is equivalent to 26 in decimal. 
 
Therefore, the correct way to represent hexadecimal values in C++ is by prefixing them with 0x.",medium,web:Examveda.com https://www.examveda.com/c-plus-plus-programming/practice-mcq-question-on-variables-and-data-types-in-c-plus-plus/?page=2,
C++ / OOP,variables and data types in c plus plus,What is the correct data type for storing a single character in C++?,int,float,char,double,C,,medium,web:Examveda.com https://www.examveda.com/c-plus-plus-programming/practice-mcq-question-on-variables-and-data-types-in-c-plus-plus/?page=2,
C++ / OOP,variables and data types in c plus plus,What will be the output of the following code: cout << sizeof(char); in C++?,4,1,Compiler error,2,B,,medium,web:Examveda.com https://www.examveda.com/c-plus-plus-programming/practice-mcq-question-on-variables-and-data-types-in-c-plus-plus/?page=2,
C++ / OOP,variables and data types in c plus plus,Which of the following is a valid way to initialize a variable in C++?,int x(5);,x = 5;,int x = 5;,int x; x = 5;,C,,medium,web:Examveda.com https://www.examveda.com/c-plus-plus-programming/practice-mcq-question-on-variables-and-data-types-in-c-plus-plus/?page=2,
C++ / OOP,variables and data types in c plus plus,What is the maximum value that can be stored in an 'unsigned int' data type in C++?,32767,2147483647,65535,4294967295,D,,medium,web:Examveda.com https://www.examveda.com/c-plus-plus-programming/practice-mcq-question-on-variables-and-data-types-in-c-plus-plus/?page=2,
C++ / OOP,variables and data types in c plus plus,Which of the following is the correct way to declare a constant 'PI' with a value of 3.14159 in C++?,#define PI 3.14159;,constant PI = 3.14159;,double PI = 3.14159;,const double PI = 3.14159;,D,,medium,web:Examveda.com https://www.examveda.com/c-plus-plus-programming/practice-mcq-question-on-variables-and-data-types-in-c-plus-plus/?page=2,
C++ / OOP,variables and data types in c plus plus,What will be the output of the following code: cout << (5 != 2); in C++?,5,2,1,Compiler error,C,"The output of the code cout in C++ will be 1. 
The expression (5 != 2) is a comparison operation that checks if 5 is not equal to 2. 
Since 5 is indeed not equal to 2, the expression evaluates to true. 
In C++, the boolean value true is represented by 1. 
Therefore, the output will be 1. However, it seems there might be a misunderstanding. The correct answer should be Option C: 1. If the options provided are fixed, then the answer should be corrected to reflect the boolean output as 1.",medium,web:Examveda.com https://www.examveda.com/c-plus-plus-programming/practice-mcq-question-on-variables-and-data-types-in-c-plus-plus/?page=3,
C++ / OOP,variables and data types in c plus plus,What is the size of a 'long double' data type in C++?,2 bytes,4 bytes,8 bytes,16 bytes,C,,medium,web:Examveda.com https://www.examveda.com/c-plus-plus-programming/practice-mcq-question-on-variables-and-data-types-in-c-plus-plus/?page=3,
C++ / OOP,variables and data types in c plus plus,Which of the following is not a valid variable name in C++?,_variableName,variableName@,myVariable123,123variable,D,,medium,web:Examveda.com https://www.examveda.com/c-plus-plus-programming/practice-mcq-question-on-variables-and-data-types-in-c-plus-plus/?page=3,
C++ / OOP,variables and data types in c plus plus,What is the correct way to represent octal values in C++?,Prefix with 0o,Prefix with 0x,Prefix with 0,Suffix with O,C,,medium,web:Examveda.com https://www.examveda.com/c-plus-plus-programming/practice-mcq-question-on-variables-and-data-types-in-c-plus-plus/?page=3,
C++ / OOP,variables and data types in c plus plus,What does the 'volatile' keyword do in C++?,Indicates that a variable may be changed unexpectedly,Indicates that a variable cannot be changed,Declares a constant variable,Declares a global variable,A,,medium,web:Examveda.com https://www.examveda.com/c-plus-plus-programming/practice-mcq-question-on-variables-and-data-types-in-c-plus-plus/?page=3,
C++ / OOP,variables and data types in c plus plus,What is the result of the following expression in C++: 7 % 3?,Compiler error,3,2,1,D,,medium,web:Examveda.com https://www.examveda.com/c-plus-plus-programming/practice-mcq-question-on-variables-and-data-types-in-c-plus-plus/?page=3,
C++ / OOP,variables and data types in c plus plus,What is the correct way to declare a pointer to an integer in C++?,ptr int;,pointer int;,int *ptr;,int ptr;,C,,medium,web:Examveda.com https://www.examveda.com/c-plus-plus-programming/practice-mcq-question-on-variables-and-data-types-in-c-plus-plus/?page=3,
C++ / OOP,variables and data types in c plus plus,What is the data type of the expression: 5.2f in C++?,long double,float,int,None of the above,B,,medium,web:Examveda.com https://www.examveda.com/c-plus-plus-programming/practice-mcq-question-on-variables-and-data-types-in-c-plus-plus/?page=3,
C++ / OOP,variables and data types in c plus plus,What is the output of the following code: `cout << (true || false);` in C++?,0,1,TRUE,FALSE,C,,medium,web:Examveda.com https://www.examveda.com/c-plus-plus-programming/practice-mcq-question-on-variables-and-data-types-in-c-plus-plus/?page=3,
C++ / OOP,variables and data types in c plus plus,What is the range of values for a 'signed char' data type in C++?,-128 to 127,0 to 255,-32768 to 32767,-2147483648 to 2147483647,A,,medium,web:Examveda.com https://www.examveda.com/c-plus-plus-programming/practice-mcq-question-on-variables-and-data-types-in-c-plus-plus/?page=3,
C++ / OOP,variables and data types in c plus plus,What is the size of the 'bool' data type in C++?,2 bytes,4 bytes,Compiler-dependent,1 byte,D,,medium,web:Examveda.com https://www.examveda.com/c-plus-plus-programming/practice-mcq-question-on-variables-and-data-types-in-c-plus-plus/?page=4,
C++ / OOP,variables and data types in c plus plus,What will be the result of the expression: 10 / 3 in C++?,3,3.3333,3.34,Compiler error,A,,medium,web:Examveda.com https://www.examveda.com/c-plus-plus-programming/practice-mcq-question-on-variables-and-data-types-in-c-plus-plus/?page=4,
C++ / OOP,variables and data types in c plus plus,What is the correct way to declare a constant variable named 'PI' with a value of 3.14159 in C++?,PI = 3.14159;,constant PI = 3.14159;,#define PI 3.14159,const double PI = 3.14159;,D,,medium,web:Examveda.com https://www.examveda.com/c-plus-plus-programming/practice-mcq-question-on-variables-and-data-types-in-c-plus-plus/?page=4,
C++ / OOP,variables and data types in c plus plus,What is the data type of the expression: 3.14f in C++?,long double,float,int,None of the above,B,,medium,web:Examveda.com https://www.examveda.com/c-plus-plus-programming/practice-mcq-question-on-variables-and-data-types-in-c-plus-plus/?page=4,
C++ / OOP,variables and data types in c plus plus,What is the maximum value that can be stored in an 'unsigned short int' data type in C++?,2147483647,4294967295,65535,32767,C,,medium,web:Examveda.com https://www.examveda.com/c-plus-plus-programming/practice-mcq-question-on-variables-and-data-types-in-c-plus-plus/?page=4,
C++ / OOP,variables and data types in c plus plus,What is the output of the following code: cout << (7 >= 7); in C++?,TRUE,FALSE,1,0,A,,medium,web:Examveda.com https://www.examveda.com/c-plus-plus-programming/practice-mcq-question-on-variables-and-data-types-in-c-plus-plus/?page=4,
C++ / OOP,variables and data types in c plus plus,What is the data type of the expression: sizeof('A') in C++?,long,double,char,int,D,,medium,web:Examveda.com https://www.examveda.com/c-plus-plus-programming/practice-mcq-question-on-variables-and-data-types-in-c-plus-plus/?page=4,
C++ / OOP,variables and data types in c plus plus,What is the result of the expression: 5.0 + 3 in C++?,3.5,5.3,8,Compiler error,C,,medium,web:Examveda.com https://www.examveda.com/c-plus-plus-programming/practice-mcq-question-on-variables-and-data-types-in-c-plus-plus/?page=4,
C++ / OOP,variables and data types in c plus plus,What is the range of values for an 'unsigned long int' data type in C++?,0 to 65535,-32768 to 32767,0 to 4294967295,-2147483648 to 2147483647,C,,medium,web:Examveda.com https://www.examveda.com/c-plus-plus-programming/practice-mcq-question-on-variables-and-data-types-in-c-plus-plus/?page=5,
C++ / OOP,variables and data types in c plus plus,What is the correct way to declare a pointer to a character in C++?,pointer char;,char *ptr;,char ptr;,None of the above,B,,medium,web:Examveda.com https://www.examveda.com/c-plus-plus-programming/practice-mcq-question-on-variables-and-data-types-in-c-plus-plus/?page=5,
C++ / OOP,variables and data types in c plus plus,What does the 'volatile' keyword indicate in C++?,The variable is thread-safe,The variable is not accessible,The value of the variable may change at any time by external factors,The value of the variable remains constant,C,,medium,web:Examveda.com https://www.examveda.com/c-plus-plus-programming/practice-mcq-question-on-variables-and-data-types-in-c-plus-plus/?page=5,
C++ / OOP,variables and data types in c plus plus,What is the output of the following code: cout << (true && true); in C++?,FALSE,1,0,TRUE,D,,medium,web:Examveda.com https://www.examveda.com/c-plus-plus-programming/practice-mcq-question-on-variables-and-data-types-in-c-plus-plus/?page=5,
C++ / OOP,variables and data types in c plus plus,Which type is best suited to represent the logical values?,integer,boolean,character,float,B,,medium,web:Examveda.com https://www.examveda.com/c-plus-plus-programming/practice-mcq-question-on-variables-and-data-types-in-c-plus-plus/?page=5,
C++ / OOP,variables and data types in c plus plus,"What will be the output of the following C++ function? 
int main()
{
 register int i = 1;
 int *ptr = &i;
 cout << *ptr;
 return 0;
}",0,1,Compiler error may be possible,Runtime error may be possible,C,,medium,web:Examveda.com https://www.examveda.com/c-plus-plus-programming/practice-mcq-question-on-variables-and-data-types-in-c-plus-plus/?page=5,
C++ / OOP,variables and data types in c plus plus,"What is the value of the bool? 
bool is_int(789.54)",True,False,1,2,B,,medium,web:Examveda.com https://www.examveda.com/c-plus-plus-programming/practice-mcq-question-on-variables-and-data-types-in-c-plus-plus/?page=5,
C++ / OOP,variables and data types in c plus plus,"What will be the output of the following C++ code? 
#include <iostream>
using namespace std;
int main()
{
 char c = 74;
 cout << c;
 return 0;
}",A,N,J,I,C,,medium,web:Examveda.com https://www.examveda.com/c-plus-plus-programming/practice-mcq-question-on-variables-and-data-types-in-c-plus-plus/?page=5,
C++ / OOP,variables and data types in c plus plus,"Evaluate the following. 
(false && true) || false || true",0,1,false,2,B,,medium,web:Examveda.com https://www.examveda.com/c-plus-plus-programming/practice-mcq-question-on-variables-and-data-types-in-c-plus-plus/?page=5,
C++ / OOP,variables and data types in c plus plus,The size_t integer type in C++ is?,Unsigned integer of at least 64 bits,Signed integer of at least 16 bits,Unsigned integer of at least 16 bits,Signed integer of at least 64 bits,C,,medium,web:Examveda.com https://www.examveda.com/c-plus-plus-programming/practice-mcq-question-on-variables-and-data-types-in-c-plus-plus/?page=5,
C++ / OOP,variables and data types in c plus plus,"What will be the output of the following C++ code? 
#include <iostream>
using namespace std;
int main()
{
 int a = 10;
 if (a < 10) 
 {
 for (i = 0; i < 10; i++)
 cout << i;
 }
 else 
 {
 cout << i;
 }
 return 0;
}",0123456789,123456789,0,error,D,,medium,web:Examveda.com https://www.examveda.com/c-plus-plus-programming/practice-mcq-question-on-variables-and-data-types-in-c-plus-plus/?page=6,
C++ / OOP,variables and data types in c plus plus,What happens when a null pointer is converted into bool?,an error is flagged,bool value evaluates to true,bool value evaluates to false,the statement is ignored,C,,medium,web:Examveda.com https://www.examveda.com/c-plus-plus-programming/practice-mcq-question-on-variables-and-data-types-in-c-plus-plus/?page=6,
C++ / OOP,variables and data types in c plus plus,"What will be the output of the following C++ code? 
#include <iostream>
using namespace std;
int main()
{
 float i = 123.0f;
 cout << i << endl;
 return 0;
}",123.00,1.23,123,compile time error,C,,medium,web:Examveda.com https://www.examveda.com/c-plus-plus-programming/practice-mcq-question-on-variables-and-data-types-in-c-plus-plus/?page=6,
C++ / OOP,variables and data types in c plus plus,Pick the odd one out.,array type,character type,boolean type,integer type,A,,medium,web:Examveda.com https://www.examveda.com/c-plus-plus-programming/practice-mcq-question-on-variables-and-data-types-in-c-plus-plus/?page=6,
C++ / OOP,variables and data types in c plus plus,How many characters are specified in the ASCII scheme?,64,128,256,24,B,,medium,web:Examveda.com https://www.examveda.com/c-plus-plus-programming/practice-mcq-question-on-variables-and-data-types-in-c-plus-plus/?page=6,
C++ / OOP,variables and data types in c plus plus,"Choose the correct option. 
extern int i;
int i;",both 1 and 2 declare i,1 declares the variable i and 2 defines i,"1 declares and defines i, 2 declares i","1 declares i,2 declares and defines i",D,,medium,web:Examveda.com https://www.examveda.com/c-plus-plus-programming/practice-mcq-question-on-variables-and-data-types-in-c-plus-plus/?page=6,
C++ / OOP,variables and data types in c plus plus,Which is used to indicate single precision value?,F or f,L or l,Either F or for L or l,Neither F or for L or l,A,,medium,web:Examveda.com https://www.examveda.com/c-plus-plus-programming/practice-mcq-question-on-variables-and-data-types-in-c-plus-plus/?page=6,
C++ / OOP,variables and data types in c plus plus,"0946, 786427373824, 'x' and 0X2f are . . . . . . . . and . . . . . . . . literals respectively.","decimal, character, octal, hexadecimal","octal, hexadecimal, character, decimal","hexadecimal, octal, decimal, character","octal, decimal, character, hexadecimal",D,,medium,web:Examveda.com https://www.examveda.com/c-plus-plus-programming/practice-mcq-question-on-variables-and-data-types-in-c-plus-plus/?page=6,
C++ / OOP,variables and data types in c plus plus,In which type do the enumerators are stored by the compiler?,string,integer,float,string & float,B,,medium,web:Examveda.com https://www.examveda.com/c-plus-plus-programming/practice-mcq-question-on-variables-and-data-types-in-c-plus-plus/?page=6,
C++ / OOP,variables and data types in c plus plus,The value 132.54 can be represented using which data type?,double,void,int,bool,A,,medium,web:Examveda.com https://www.examveda.com/c-plus-plus-programming/practice-mcq-question-on-variables-and-data-types-in-c-plus-plus/?page=6,
C++ / OOP,variables and data types in c plus plus,What is the size of wchar_t in C++?,2,4,2 or 4,Based on the number of bits in the system,D,,medium,web:Examveda.com https://www.examveda.com/c-plus-plus-programming/practice-mcq-question-on-variables-and-data-types-in-c-plus-plus/?page=7,
C++ / OOP,variables and data types in c plus plus,"What will be the output of the following C++ code? 
#include <iostream>
using namespace std;
int main()
{
 int x = -1;
 unsigned int y = 2;
 
 if(x > y) 
 {
 cout << ""x is greater"";
 }
 else 
 {
 cout << ""y is greater"";
 } 
}",x is greater,y is greater,implementation defined,arbitrary,A,,medium,web:Examveda.com https://www.examveda.com/c-plus-plus-programming/practice-mcq-question-on-variables-and-data-types-in-c-plus-plus/?page=7,
C++ / OOP,variables and data types in c plus plus,"What will be the output of the following C++ code? 
#include <iostream>
using namespace std;
void addprint()
{
 static int s = 1;
 s++;
 cout << s;
}
int main()
{
 addprint();
 addprint();
 addprint();
 return 0;
}",234,111,123,235,A,,medium,web:Examveda.com https://www.examveda.com/c-plus-plus-programming/practice-mcq-question-on-variables-and-data-types-in-c-plus-plus/?page=7,
C++ / OOP,variables and data types in c plus plus,"What is the value of p in the following C++ code? 
#include <iostream>
using namespace std;
int main()
{
 int p;
 bool a = true;
 bool b = false;
 int x = 10;
 int y = 5;
 p = ((x | y) + (a + b));
 cout << p;
 return 0;
}",0,16,12,2,B,,medium,web:Examveda.com https://www.examveda.com/c-plus-plus-programming/practice-mcq-question-on-variables-and-data-types-in-c-plus-plus/?page=7,
C++ / OOP,variables and data types in c plus plus,"What will be the output of the following C++ code? 
#include <iostream>
using namespace std;
int f(int p, int q)
{
 if (p > q)
 return p;
 else
 return q;
}
main()
{
 int a = 5, b = 10;
 int k;
 bool x = true;
 bool y = f(a, b);
 k =((a * b) + (x + y));
 cout << k;
}",55,62,52,75,C,,medium,web:Examveda.com https://www.examveda.com/c-plus-plus-programming/practice-mcq-question-on-variables-and-data-types-in-c-plus-plus/?page=7,
C++ / OOP,variables and data types in c plus plus,Which of these expressions will return true if the input integer v is a power of two?,(v | (v + 1)) == 0;,(~v & (v – 1)) == 0;,(v | (v – 1)) == 0;,(v & (v – 1)) == 0;,D,,medium,web:Examveda.com https://www.examveda.com/c-plus-plus-programming/practice-mcq-question-on-variables-and-data-types-in-c-plus-plus/?page=7,
C++ / OOP,variables and data types in c plus plus,What constant defined in <climits> header returns the number of bits in a char?,CHAR_SIZE,SIZE_CHAR,BIT_CHAR,CHAR_BIT,D,,medium,web:Examveda.com https://www.examveda.com/c-plus-plus-programming/practice-mcq-question-on-variables-and-data-types-in-c-plus-plus/?page=7,
C++ / OOP,variables and data types in c plus plus,"What will be the output of the following C++ code? 
#include <stdio.h>
int main()
{
 char a = '\012';
 
 printf(""%d"", a);
 return 0;
}",Compiler error,12,10,Empty,C,,medium,web:Examveda.com https://www.examveda.com/c-plus-plus-programming/practice-mcq-question-on-variables-and-data-types-in-c-plus-plus/?page=7,
C++ / OOP,variables and data types in c plus plus,What will happen when defining the enumerated type?,it will not allocate memory,it will allocate memory,it will not allocate memory to its variables,allocate memory to objects,A,,medium,web:Examveda.com https://www.examveda.com/c-plus-plus-programming/practice-mcq-question-on-variables-and-data-types-in-c-plus-plus/?page=7,
C++ / OOP,variables and data types in c plus plus,"When a language has the capability to produce new data type mean, it can be called as",overloaded,extensible,encapsulated,reprehensible,B,,medium,web:Examveda.com https://www.examveda.com/c-plus-plus-programming/practice-mcq-question-on-variables-and-data-types-in-c-plus-plus/?page=7,
C++ / OOP,variables and data types in c plus plus,"Which of the given statements are false 
i. extern int func; 
ii. extern int func2(int,int); 
iii. int func2(int,int); 
iv. extern class foo;",iii and iv only,ii and iii only,only iv,"ii, iii and iv",C,,medium,web:Examveda.com https://www.examveda.com/c-plus-plus-programming/practice-mcq-question-on-variables-and-data-types-in-c-plus-plus/?page=8,
C++ / OOP,variables and data types in c plus plus,"What will be the output of the following C++ code? 
#include <iostream>
using namespace std;
int main()
{
 int i = 3;
 int l = i / -2;
 int k = i % -2;
 cout << l << k;
 return 0;
}",compile time error,-1 1,1 -1,implementation defined,B,,medium,web:Examveda.com https://www.examveda.com/c-plus-plus-programming/practice-mcq-question-on-variables-and-data-types-in-c-plus-plus/?page=8,
C++ / OOP,variables and data types in c plus plus,"What does the following statement mean? 
void a;",variable a is of type void,a is an object of type void,declares a variable with value a,flags an error,D,,medium,web:Examveda.com https://www.examveda.com/c-plus-plus-programming/practice-mcq-question-on-variables-and-data-types-in-c-plus-plus/?page=8,
C++ / OOP,variables and data types in c plus plus,"What is the value of the following 8-bit integer after all statements are executed? 
int x = 1;
x = x << 7;
x = x >> 7;",1,-1,127,Implementation defined,D,,medium,web:Examveda.com https://www.examveda.com/c-plus-plus-programming/practice-mcq-question-on-variables-and-data-types-in-c-plus-plus/?page=8,
C++ / OOP,variables and data types in c plus plus,"What will be the output of the following C++ code? 
#include <iostream>
using namespace std;
int main()
{
 int num = 0x20 + 020 + 20;
 cout << sizeof(num)<<'\n';
 return 0;
}",2,4,Depends on compiler,Garbage,C,,medium,web:Examveda.com https://www.examveda.com/c-plus-plus-programming/practice-mcq-question-on-variables-and-data-types-in-c-plus-plus/?page=8,
C++ / OOP,variables and data types in c plus plus,Which of the following will not return a value?,null,void,empty,free,B,,medium,web:Examveda.com https://www.examveda.com/c-plus-plus-programming/practice-mcq-question-on-variables-and-data-types-in-c-plus-plus/?page=8,
C++ / OOP,variables and data types in c plus plus,"Suppose in a hypothetical machine, the size of char is 32 bits. What would sizeof(char) return?",4,1,Implementation dependent,Machine dependent,B,,medium,web:Examveda.com https://www.examveda.com/c-plus-plus-programming/practice-mcq-question-on-variables-and-data-types-in-c-plus-plus/?page=8,
C++ / OOP,variables and data types in c plus plus,Is bool a fundamental data type in C++?,Yes,"No, it is a typedef of unsigned char","No, it is an enum of {false, true}","No, it is expanded from macros",A,,medium,web:Examveda.com https://www.examveda.com/c-plus-plus-programming/practice-mcq-question-on-variables-and-data-types-in-c-plus-plus/?page=8,
C++ / OOP,variables and data types in c plus plus,"What will be the output of the following C++ code? 
#include <iostream>
using namespace std;
int main()
{
 int a = 8;
 cout << ""ANDing integer 'a' with 'true' :"" << (a && true);
 return 0;
}",ANDing integer 'a' with 'true' :8,ANDing integer 'a' with 'true' :0,ANDing integer 'a' with 'true' :1,ANDing integer 'a' with 'true' :9,A,,medium,web:Examveda.com https://www.examveda.com/c-plus-plus-programming/practice-mcq-question-on-variables-and-data-types-in-c-plus-plus/?page=8,
C++ / OOP,variables and data types in c plus plus,Which data type is used to represent the absence of parameters?,int,short,void,float,C,,medium,web:Examveda.com https://www.examveda.com/c-plus-plus-programming/practice-mcq-question-on-variables-and-data-types-in-c-plus-plus/?page=8,
C++ / OOP,variables and data types in c plus plus,"What will be the output of the following C++ code? 
#include <iostream>
using namespace std;
int main()
{
 enum channel {star, sony, zee};
 enum symbol {hash, star};
 int i = 0;
 for (i = star; i <= zee; i++) 
 {
 printf(""%d "", i);
 }
 return 0;
}",012,123,compile time error,runtime error,C,,medium,web:Examveda.com https://www.examveda.com/c-plus-plus-programming/practice-mcq-question-on-variables-and-data-types-in-c-plus-plus/?page=9,
C++ / OOP,variables and data types in c plus plus,What does '\a' escape code represent?,alert,backslash,tab,form feed,A,,medium,web:Examveda.com https://www.examveda.com/c-plus-plus-programming/practice-mcq-question-on-variables-and-data-types-in-c-plus-plus/?page=9,
C++ / OOP,variables and data types in c plus plus,"What will be the output of the following C++ code? 
#include <iomanip>
#include <iostream>
using namespace std;
int main()
{
 cout << setprecision(17);
 double d = 0.1;
 cout << d << endl;
 return 0;
}",0.11,0.10000000000000001,0.100001,compile time error,B,,medium,web:Examveda.com https://www.examveda.com/c-plus-plus-programming/practice-mcq-question-on-variables-and-data-types-in-c-plus-plus/?page=9,
C++ / OOP,variables and data types in c plus plus,"What will be the output of the following C++ code? 
#include <iostream>
using namespace std;
int main()
{
 float num1 = 1.1;
 double num2 = 1.1;
 if (num1 == num2)
 cout << ""stanford"";
 else
 cout << ""harvard"";
 return 0;
}",harvard,stanford,compile time error,runtime error,A,,medium,web:Examveda.com https://www.examveda.com/c-plus-plus-programming/practice-mcq-question-on-variables-and-data-types-in-c-plus-plus/?page=9,
C++ / OOP,variables and data types in c plus plus,"Which of the following statements are true? 
int f(float)",f is a function taking an argument of type int and returning a floating point number,f is a function taking an argument of type float and returning an integer,f is a function of type float,f is a function of type int,B,,medium,web:Examveda.com https://www.examveda.com/c-plus-plus-programming/practice-mcq-question-on-variables-and-data-types-in-c-plus-plus/?page=9,
C++ / OOP,variables and data types in c plus plus,"What will be the output of the following C++ code? 
#include <iostream>
using namespace std;
int main()
{
 int a = 5;
 float b;
 cout << sizeof(++a + b);
 cout << a;
 return 0;
}",2 6,4 6,2 5,4 5,D,,medium,web:Examveda.com https://www.examveda.com/c-plus-plus-programming/practice-mcq-question-on-variables-and-data-types-in-c-plus-plus/?page=9,
C++ / OOP,variables and data types in c plus plus,Which of the following statements are false?,bool can have two values and can be used to express logical expressions,bool cannot be used as the type of the result of the function,bool can be converted into integers implicitly,a bool value can be used in arithmetic expressions,B,,medium,web:Examveda.com https://www.examveda.com/c-plus-plus-programming/practice-mcq-question-on-variables-and-data-types-in-c-plus-plus/?page=9,
C++ / OOP,variables and data types in c plus plus,"In C++, what is the sign of character data type by default?",Signed,Unsigned,Implementation dependent,Unsigned Implementation,C,,medium,web:Examveda.com https://www.examveda.com/c-plus-plus-programming/practice-mcq-question-on-variables-and-data-types-in-c-plus-plus/?page=9,
C++ / OOP,variables and data types in c plus plus,Which of these expressions will isolate the rightmost set bit?,x = x & (~x),x = x ^ (~x),x = x & (-x),x = x ^ (-x),C,,medium,web:Examveda.com https://www.examveda.com/c-plus-plus-programming/practice-mcq-question-on-variables-and-data-types-in-c-plus-plus/?page=9,
C++ / OOP,variables and data types in c plus plus,"What will be the output of the following C++ code? 
#include <iostream>
using namespace std;
int main ( )
{
 static double i;
 i = 20;
 cout << sizeof(i);
 return 0;
}",4,2,8,garbage,C,,medium,web:Examveda.com https://www.examveda.com/c-plus-plus-programming/practice-mcq-question-on-variables-and-data-types-in-c-plus-plus/?page=10,
C++ / OOP,variables and data types in c plus plus,Identify the incorrect option.,1 <= sizeof(bool) <= sizeof(long),sizeof(float) <= sizeof(double) <= sizeof(long double),sizeof(char) <= sizeof(long) <=sizeof(wchar_t),sizeof(N) = sizeof(signed N) = sizeof(unsigned N),C,,medium,web:Examveda.com https://www.examveda.com/c-plus-plus-programming/practice-mcq-question-on-variables-and-data-types-in-c-plus-plus/?page=10,
C++ / OOP,variables and data types in c plus plus,Choose the incorrect option.,void is used when the function does not return a value,void is also used when the value of a pointer is null,void is used as the base type for pointers to objects of unknown type,void is a special fundamental type,B,,medium,web:Examveda.com https://www.examveda.com/c-plus-plus-programming/practice-mcq-question-on-variables-and-data-types-in-c-plus-plus/?page=10,
C++ / OOP,variables and data types in c plus plus,Find the odd one out.,std::vector<int>,std::vector<short>,std::vector<long>,std::vector<bool>,D,,medium,web:Examveda.com https://www.examveda.com/c-plus-plus-programming/practice-mcq-question-on-variables-and-data-types-in-c-plus-plus/?page=10,
C++ / OOP,variables and data types in c plus plus,Which variable does equals in size with enum variable?,int variable,float variable,string variable,float & string variable,A,,medium,web:Examveda.com https://www.examveda.com/c-plus-plus-programming/practice-mcq-question-on-variables-and-data-types-in-c-plus-plus/?page=10,
C++ / OOP,variables and data types in c plus plus,"What will be the output of the following C++ code? 
#include <iostream>
using namespace std;
enum colour 
{
 green, red, blue, white, yellow, pink
};
int main()
{
 cout << green<< red<< blue<< white<< yellow<< pink;
 return 0;
}",012345,123456,compile time error,runtime error,A,,medium,web:Examveda.com https://www.examveda.com/c-plus-plus-programming/practice-mcq-question-on-variables-and-data-types-in-c-plus-plus/?page=10,
C++ / OOP,variables and data types in c plus plus,Which of the two operators ++ and - work for the bool data type in C++?,None,++,-,++ & -,B,,medium,web:Examveda.com https://www.examveda.com/c-plus-plus-programming/practice-mcq-question-on-variables-and-data-types-in-c-plus-plus/?page=10,
C++ / OOP,variables and data types in c plus plus,"What will be the output of the following C++ code? 
#include <iostream>
using namespace std;
int main()
{
 int i;
 enum month 
 {
 JAN = 1, FEB, MAR, APR, MAY, JUN, JUL, AUG, SEP, OCT, NOV, DEC
 };
 for (i = MAR; i <= NOV; i++)
 cout << i;
 return 0;
}",01234567891011,123456789101112,34567891011,123456789,C,,medium,web:Examveda.com https://www.examveda.com/c-plus-plus-programming/practice-mcq-question-on-variables-and-data-types-in-c-plus-plus/?page=10,
C++ / OOP,variables and data types in c plus plus,What is the range of the floating point numbers?,-3.4E+38 to +3.4E+38,-3.4E+38 to +3.4E+34,-3.4E+38 to +3.4E+36,-3.4E+38 to +3.4E+32,A,,medium,web:Examveda.com https://www.examveda.com/c-plus-plus-programming/practice-mcq-question-on-variables-and-data-types-in-c-plus-plus/?page=10,
C++ / OOP,variables and data types in c plus plus,Which of the following belongs to the set of character types?,char,wchar_t,only a,both wchar_t and char,D,,medium,web:Examveda.com https://www.examveda.com/c-plus-plus-programming/practice-mcq-question-on-variables-and-data-types-in-c-plus-plus/?page=10,
C++ / OOP,operators and expressions in c plus plus,What will be the result of the expression: 5 + 3 * 2 in C++?,16,11,10,2,B,,medium,web:Examveda.com https://www.examveda.com/c-plus-plus-programming/practice-mcq-question-on-operators-and-expressions-in-c-plus-plus/,
C++ / OOP,operators and expressions in c plus plus,What is the operator precedence of the multiplication operator (*) in C++?,Highest,Lowest,Equal to addition,Equal to subtraction,A,,medium,web:Examveda.com https://www.examveda.com/c-plus-plus-programming/practice-mcq-question-on-operators-and-expressions-in-c-plus-plus/,
C++ / OOP,operators and expressions in c plus plus,What will be the output of the following code: cout << (5 == 5); in C++?,TRUE,FALSE,1,0,A,,medium,web:Examveda.com https://www.examveda.com/c-plus-plus-programming/practice-mcq-question-on-operators-and-expressions-in-c-plus-plus/,
C++ / OOP,operators and expressions in c plus plus,What is the result of the expression: 10 / 3 in C++?,3,3.333,3.34,Compiler error,A,,medium,web:Examveda.com https://www.examveda.com/c-plus-plus-programming/practice-mcq-question-on-operators-and-expressions-in-c-plus-plus/,
C++ / OOP,operators and expressions in c plus plus,Which of the following operators is used to access the address of a variable in C++?,&,*,-,+,A,,medium,web:Examveda.com https://www.examveda.com/c-plus-plus-programming/practice-mcq-question-on-operators-and-expressions-in-c-plus-plus/,
C++ / OOP,operators and expressions in c plus plus,What will be the value of 'x' after executing the code: int x = 5; x += 3; in C++?,8,5,15,Compiler error,A,,medium,web:Examveda.com https://www.examveda.com/c-plus-plus-programming/practice-mcq-question-on-operators-and-expressions-in-c-plus-plus/,
C++ / OOP,operators and expressions in c plus plus,Which of the following is a unary operator in C++?,+,-,*,/,B,,medium,web:Examveda.com https://www.examveda.com/c-plus-plus-programming/practice-mcq-question-on-operators-and-expressions-in-c-plus-plus/,
C++ / OOP,operators and expressions in c plus plus,What does the modulus operator (%) do in C++?,Returns the remainder,Returns the quotient,Returns the sum,Returns the product,A,,medium,web:Examveda.com https://www.examveda.com/c-plus-plus-programming/practice-mcq-question-on-operators-and-expressions-in-c-plus-plus/,
C++ / OOP,operators and expressions in c plus plus,What is the output of the following code: cout << (10 != 10); in C++?,TRUE,FALSE,1,0,B,,medium,web:Examveda.com https://www.examveda.com/c-plus-plus-programming/practice-mcq-question-on-operators-and-expressions-in-c-plus-plus/,
C++ / OOP,operators and expressions in c plus plus,Which of the following is not a relational operator in C++?,==,!=,%,<=,C,,medium,web:Examveda.com https://www.examveda.com/c-plus-plus-programming/practice-mcq-question-on-operators-and-expressions-in-c-plus-plus/,
C++ / OOP,operators and expressions in c plus plus,What will be the value of 'x' after executing the code: int x = 10; x--; in C++?,10,9,11,Compiler error,B,,medium,web:Examveda.com https://www.examveda.com/c-plus-plus-programming/practice-mcq-question-on-operators-and-expressions-in-c-plus-plus/?page=2,
C++ / OOP,operators and expressions in c plus plus,What is the result of the expression: 2 * 3 + 5 / 2 in C++?,8,8.5,9,Compiler error,A,,medium,web:Examveda.com https://www.examveda.com/c-plus-plus-programming/practice-mcq-question-on-operators-and-expressions-in-c-plus-plus/?page=2,
C++ / OOP,operators and expressions in c plus plus,What is the output of the following code: cout << (true && false); in C++?,TRUE,FALSE,1,0,B,,medium,web:Examveda.com https://www.examveda.com/c-plus-plus-programming/practice-mcq-question-on-operators-and-expressions-in-c-plus-plus/?page=2,
C++ / OOP,operators and expressions in c plus plus,What is the operator associativity of the assignment operator (=) in C++?,Right to left,Left to right,Equal to addition,Equal to subtraction,B,,medium,web:Examveda.com https://www.examveda.com/c-plus-plus-programming/practice-mcq-question-on-operators-and-expressions-in-c-plus-plus/?page=2,
C++ / OOP,operators and expressions in c plus plus,What is the result of the expression: 5 + 3 * 2 in C++?,16,11,10,Compiler error,A,"The correct answer is B: 11 
 
Let's break down why: 
 
C++ follows the standard order of operations (often remembered by the acronym PEMDAS/BODMAS). 
This means: 
 
* Parentheses/Brackets (None in this expression) 
* Exponents/Orders (None in this expression) 
* Multiplication and Division (from left to right) 
* Addition and Subtraction (from left to right) 
 
In the expression 5 + 3 * 2: 
 
1. First, we perform the multiplication: 3 * 2 = 6 
2. Then, we perform the addition: 5 + 6 = 11 
 
Therefore, the result of the expression is 11. 
Option A (16) is incorrect because it doesn't follow the order of operations (it would result from doing 5+3 first). 
Option C (10) is incorrect for the same reason. 
Option D (Compiler error) is incorrect. The expression is perfectly valid in C++ and will compile and run.",medium,web:Examveda.com https://www.examveda.com/c-plus-plus-programming/practice-mcq-question-on-operators-and-expressions-in-c-plus-plus/?page=2,
C++ / OOP,operators and expressions in c plus plus,What is the purpose of the modulo operator (%) in C++?,Division remainder,Multiplication,Exponentiation,Bitwise AND,A,,medium,web:Examveda.com https://www.examveda.com/c-plus-plus-programming/practice-mcq-question-on-operators-and-expressions-in-c-plus-plus/?page=2,
C++ / OOP,operators and expressions in c plus plus,What will be the output of the following code: cout << (5 == 5.0); in C++?,TRUE,FALSE,1,0,A,,medium,web:Examveda.com https://www.examveda.com/c-plus-plus-programming/practice-mcq-question-on-operators-and-expressions-in-c-plus-plus/?page=2,
C++ / OOP,operators and expressions in c plus plus,Which operator is used to access the memory address of a variable in C++?,*,&,->,::,B,,medium,web:Examveda.com https://www.examveda.com/c-plus-plus-programming/practice-mcq-question-on-operators-and-expressions-in-c-plus-plus/?page=2,
C++ / OOP,operators and expressions in c plus plus,What is the result of the expression: 3 * (4 + 2) in C++?,18,20,12,Compiler error,A,"Let's break down this C++ expression step by step, just like you would in regular math! 
The expression is: 3 * (4 + 2) 
In C++ (and most programming languages), we follow a set of rules called operator precedence. This means some operations are performed before others. It's similar to the PEMDAS (Parentheses, Exponents, Multiplication/Division, Addition/Subtraction) or BODMAS rule you might know from mathematics. 
The most important rule here is: Parentheses ( ) always come first! Any calculation inside parentheses is done before anything outside them. 
1. First, evaluate the expression inside the parentheses: 
 We have (4 + 2). 
 4 + 2 = 6 
2. Now, substitute this result back into the original expression: 
 The expression now becomes: 3 * 6 
3. Finally, perform the multiplication: 
 3 * 6 = 18 
So, the result of the expression 3 * (4 + 2) in C++ is 18. 
Therefore, Option A: 18 is the c",medium,web:Examveda.com https://www.examveda.com/c-plus-plus-programming/practice-mcq-question-on-operators-and-expressions-in-c-plus-plus/?page=2,
C++ / OOP,operators and expressions in c plus plus,What does the '++' operator do when used as a postfix operator?,Increments after use,Increments before use,Decrements after use,Decrements before use,A,,medium,web:Examveda.com https://www.examveda.com/c-plus-plus-programming/practice-mcq-question-on-operators-and-expressions-in-c-plus-plus/?page=2,
C++ / OOP,operators and expressions in c plus plus,What will be the value of 'x' after executing the following code: int x = 5; x += 3; in C++?,5,8,3,Compiler error,B,,medium,web:Examveda.com https://www.examveda.com/c-plus-plus-programming/practice-mcq-question-on-operators-and-expressions-in-c-plus-plus/?page=3,
C++ / OOP,operators and expressions in c plus plus,What is the purpose of the ternary operator (?:) in C++?,Conditional operator,Arithmetic operator,Bitwise operator,Relational operator,A,,medium,web:Examveda.com https://www.examveda.com/c-plus-plus-programming/practice-mcq-question-on-operators-and-expressions-in-c-plus-plus/?page=3,
C++ / OOP,operators and expressions in c plus plus,"What will be the output of the following code: cout << (4 > 3 ? ""Yes"" : ""No""); in C++?",Yes,No,4,3,A,,medium,web:Examveda.com https://www.examveda.com/c-plus-plus-programming/practice-mcq-question-on-operators-and-expressions-in-c-plus-plus/?page=3,
C++ / OOP,operators and expressions in c plus plus,What is the result of the expression: 10 % 3 in C++?,1,3,0,Compiler error,A,,medium,web:Examveda.com https://www.examveda.com/c-plus-plus-programming/practice-mcq-question-on-operators-and-expressions-in-c-plus-plus/?page=3,
C++ / OOP,operators and expressions in c plus plus,What does the 'sizeof' operator return in C++?,Size in bytes,Size in bits,Memory address,Value of the variable,A,,medium,web:Examveda.com https://www.examveda.com/c-plus-plus-programming/practice-mcq-question-on-operators-and-expressions-in-c-plus-plus/?page=3,
C++ / OOP,operators and expressions in c plus plus,What is the output of the following code: cout << (5 != 5); in C++?,TRUE,FALSE,1,0,D,"This question asks us to find the output of a simple C++ code snippet. 
The `cout` part is used to print something to the screen in C++. 
Inside `cout`, we have the expression `(5 != 5)`. Let's break this down. 
The `!=` is an ""inequality operator"". It means ""not equal to"". 
This operator checks if the value on its left side is NOT equal to the value on its right side. 
So, `5 != 5` is asking: ""Is 5 not equal to 5?"" 
Let's evaluate this statement: Is 5 actually different from 5? No, 5 is exactly equal to 5. 
Therefore, the statement `5 != 5` is false. 
In C++, when you print a boolean value (true or false) directly using `cout` without any special formatting, it typically prints a numerical equivalent: 
- `true` is usually printed as `1`. 
- `false` is usually printed as `0`. 
Since `5 != 5` evaluates to `false`, `cout` will print its numerical representation. 
Thus, the final output wil",medium,web:Examveda.com https://www.examveda.com/c-plus-plus-programming/practice-mcq-question-on-operators-and-expressions-in-c-plus-plus/?page=3,
C++ / OOP,operators and expressions in c plus plus,Which operator is having the highest precedence?,postfix,unary,shift,equality,A,,medium,web:Examveda.com https://www.examveda.com/c-plus-plus-programming/practice-mcq-question-on-operators-and-expressions-in-c-plus-plus/?page=3,
C++ / OOP,operators and expressions in c plus plus,"What will be the output of the following C++ code? 
#include <iostream>
using namespace std;
int main ()
{
 int x, y;
 x = 5;
 y = ++x * ++x;
 cout << x << y;
 x = 5;
 y = x++ * ++x;
 cout << x << y;
 return 0;
}",749735,736749,367497,367597,A,,medium,web:Examveda.com https://www.examveda.com/c-plus-plus-programming/practice-mcq-question-on-operators-and-expressions-in-c-plus-plus/?page=3,
C++ / OOP,operators and expressions in c plus plus,"What will be the output of the following C++ code? 
#include <iostream>
using namespace std;
int main()
{
 int a = 5, b = 6, c, d;
 c = a, b;
 d = (a, b);
 cout << c << ' ' << d;
 return 0;
}",5 6,6 5,6 7,6 8,A,,medium,web:Examveda.com https://www.examveda.com/c-plus-plus-programming/practice-mcq-question-on-operators-and-expressions-in-c-plus-plus/?page=3,
C++ / OOP,operators and expressions in c plus plus,"What will be the output of the following C++ code? 
#include <iostream>
using namespace std;
int main()
{
 int a = 5, b = 6, c;
 c = (a > b) ? a : b;
 cout << c;
 return 0;
}",6,5,4,7,A,,medium,web:Examveda.com https://www.examveda.com/c-plus-plus-programming/practice-mcq-question-on-operators-and-expressions-in-c-plus-plus/?page=3,
C++ / OOP,operators and expressions in c plus plus,What is this operator called ?:?,conditional,relational,casting operator,unrelational,A,,medium,web:Examveda.com https://www.examveda.com/c-plus-plus-programming/practice-mcq-question-on-operators-and-expressions-in-c-plus-plus/?page=4,
C++ / OOP,operators and expressions in c plus plus,Which operator is having the right to left associativity in the following?,Array subscripting,Function call,Addition and subtraction,Type cast,D,,medium,web:Examveda.com https://www.examveda.com/c-plus-plus-programming/practice-mcq-question-on-operators-and-expressions-in-c-plus-plus/?page=4,
C++ / OOP,operators and expressions in c plus plus,What is the use of dynamic_cast operator?,it converts virtual base class to derived class,it converts the virtual base object to derived objects,it will convert the operator based on precedence,it converts the virtual base object to derived class,A,,medium,web:Examveda.com https://www.examveda.com/c-plus-plus-programming/practice-mcq-question-on-operators-and-expressions-in-c-plus-plus/?page=4,
C++ / OOP,operators and expressions in c plus plus,"What will be the output of the following C++ code? 
#include <iostream>
using namespace std;
main()
{
 double a = 21.09399;
 float b = 10.20;
 int c ,d;
 c = (int) a;
 d = (int) b;
 cout << c <<' '<< d;
 return 0;
}",20 10,10 21,21 10,10 20,C,,medium,web:Examveda.com https://www.examveda.com/c-plus-plus-programming/practice-mcq-question-on-operators-and-expressions-in-c-plus-plus/?page=4,
C++ / OOP,operators and expressions in c plus plus,"What will be the output of the following C++ code? 
#include <iostream>
using namespace std;
int main()
{
 int i, j;
 j = 10;
 i = (j++, j + 100, 999 + j);
 cout << i;
 return 0;
}",1000,11,1010,1001,C,,medium,web:Examveda.com https://www.examveda.com/c-plus-plus-programming/practice-mcq-question-on-operators-and-expressions-in-c-plus-plus/?page=4,
C++ / OOP,operators and expressions in c plus plus,"What will be the output of the following C++ code? 
#include <iostream>
using namespace std;
int main()
{
 int a;
 a = 5 + 3 * 5;
 cout << a;
 return 0;
}",35,20,25,30,B,,medium,web:Examveda.com https://www.examveda.com/c-plus-plus-programming/practice-mcq-question-on-operators-and-expressions-in-c-plus-plus/?page=4,
C++ / OOP,control flow statements in c plus plus,What is the syntax for the 'if' statement in C++?,if (condition) then statement;,if (condition) then { statement; },if { condition } then { statement; },if (condition) { statement; },D,,medium,web:Examveda.com https://www.examveda.com/c-plus-plus-programming/practice-mcq-question-on-control-flow-statements-in-c-plus-plus/,
C++ / OOP,control flow statements in c plus plus,What is the purpose of the 'else' statement in C++?,Executes after the 'if' block,Executes before the 'if' block,Executes when the 'if' condition is false,Executes regardless of the 'if' block,C,,medium,web:Examveda.com https://www.examveda.com/c-plus-plus-programming/practice-mcq-question-on-control-flow-statements-in-c-plus-plus/,
C++ / OOP,control flow statements in c plus plus,What is the correct syntax for the 'switch' statement in C++?,switch (expression) { case constant1: statement1; case constant2: statement2; },switch (expression) { case constant1: statement1; break; case constant2: statement2; break; default: defaultStatement; },switch (expression) { case constant1: statement1; default: defaultStatement; },None of the above,B,,medium,web:Examveda.com https://www.examveda.com/c-plus-plus-programming/practice-mcq-question-on-control-flow-statements-in-c-plus-plus/,
C++ / OOP,control flow statements in c plus plus,"What will be the output of the following code: int x = 10; if (x > 5) cout << ""Hello""; else cout << ""Goodbye""; in C++?",Compilation error,HelloGoodbye,Hello,Goodbye,C,,medium,web:Examveda.com https://www.examveda.com/c-plus-plus-programming/practice-mcq-question-on-control-flow-statements-in-c-plus-plus/,
C++ / OOP,control flow statements in c plus plus,What does the 'break' statement do in a loop in C++?,Skips the current iteration,Skips the next iteration,Starts the next iteration,Terminates the loop,D,,medium,web:Examveda.com https://www.examveda.com/c-plus-plus-programming/practice-mcq-question-on-control-flow-statements-in-c-plus-plus/,
C++ / OOP,control flow statements in c plus plus,What is the correct syntax for the 'while' loop in C++?,while (condition) { statement; },while (condition) then { statement; },while { condition } { statement; },while { statement; } condition;,A,,medium,web:Examveda.com https://www.examveda.com/c-plus-plus-programming/practice-mcq-question-on-control-flow-statements-in-c-plus-plus/,
C++ / OOP,control flow statements in c plus plus,"What will be the output of the following code: int i = 0; while (i < 5) { cout << i << "" ""; i++; } in C++?",Compilation error,1 2 3 4,0 1 2 3,0 1 2 3 4,D,,medium,web:Examveda.com https://www.examveda.com/c-plus-plus-programming/practice-mcq-question-on-control-flow-statements-in-c-plus-plus/,
C++ / OOP,control flow statements in c plus plus,What is the purpose of the 'default' case in a 'switch' statement in C++?,Executes before any other cases,Executes after all other cases,Executes when no case matches,Executes instead of the 'case' cases,C,,medium,web:Examveda.com https://www.examveda.com/c-plus-plus-programming/practice-mcq-question-on-control-flow-statements-in-c-plus-plus/,
C++ / OOP,control flow statements in c plus plus,What is the syntax for the 'do-while' loop in C++?,do { condition; } while (statement);,do { statement; } while (condition);,do (condition) { statement; } while;,None of the above,B,,medium,web:Examveda.com https://www.examveda.com/c-plus-plus-programming/practice-mcq-question-on-control-flow-statements-in-c-plus-plus/,
C++ / OOP,control flow statements in c plus plus,"What will be the output of the following code: for (int i = 5; i >= 0; --i) { cout << i << "" ""; if (i == 3) break; } in C++?",Compilation error,5 4 3,5 4 3 2 1 0,5 4 3 0 1,B,"The given code is a for loop in C++: 
for (int i = 5; i >= 0; --i) { 
 cout << i << "" ""; 
 if (i == 3) break; 
} 

This loop initializes i to 5 and decrements it in each iteration until i becomes less than 0. 
On each iteration, it prints the current value of i followed by a space. 
When i becomes 3, the if condition becomes true and the break statement terminates the loop. 
Therefore, the values printed are: 5 4 3 
No further values (like 2, 1, 0) are printed because the loop exits when i == 3. 
Hence, the correct output is: 5 4 3
 

 
 
 
 



 
 
 
 
 
 
 
 
 
 
 
 
 1
2
3
4
5

 
 
 
 
 
 
 
 
 
 

 
 

 -->
 
 
 


 

-->
 
 
 Copyright © 2026 Examveda.com
 
 
 
 
 
 
 
 
 
 About Us |
 Terms & Condition |
 Privacy Policy |
 Contact Us",medium,web:Examveda.com https://www.examveda.com/c-plus-plus-programming/practice-mcq-question-on-control-flow-statements-in-c-plus-plus/,
C++ / OOP,control flow statements in c plus plus,"In C++, what is the difference between the 'while' loop and the 'do-while' loop?","'while' loop always executes at least once, 'do-while' loop may not","'while' loop always executes at least once, 'do-while' loop always does","'while' loop checks condition before execution, 'do-while' loop checks after execution",None of the above,C,,medium,web:Examveda.com https://www.examveda.com/c-plus-plus-programming/practice-mcq-question-on-control-flow-statements-in-c-plus-plus/?page=2,
C++ / OOP,control flow statements in c plus plus,What is the purpose of the 'if-else if-else' statement in C++?,Provides multiple conditions to be tested,Executes multiple statements,Executes only one statement,Terminates the program,A,,medium,web:Examveda.com https://www.examveda.com/c-plus-plus-programming/practice-mcq-question-on-control-flow-statements-in-c-plus-plus/?page=2,
C++ / OOP,control flow statements in c plus plus,"What will be the output of the following code: for (int i = 0; i < 3; ++i) { for (int j = 0; j < 2; ++j) { cout << i << j << "" ""; } }?",Compilation error,00 10 20 01 11,00 11 22 33 44,00 01 10 11 20 21,D,,medium,web:Examveda.com https://www.examveda.com/c-plus-plus-programming/practice-mcq-question-on-control-flow-statements-in-c-plus-plus/?page=2,
C++ / OOP,control flow statements in c plus plus,What is the syntax for the 'if-else' statement in C++?,if (condition) then { statement; } else { statement; },if { condition } { statement; } else { statement; },if (condition) { statement; } else { statement; },if (condition) { statement; } else statement;,C,,medium,web:Examveda.com https://www.examveda.com/c-plus-plus-programming/practice-mcq-question-on-control-flow-statements-in-c-plus-plus/?page=2,
C++ / OOP,control flow statements in c plus plus,What does the 'else if' statement allow in C++?,Skips to the next iteration,Additional condition checks,Terminate the program,None of the above,B,,medium,web:Examveda.com https://www.examveda.com/c-plus-plus-programming/practice-mcq-question-on-control-flow-statements-in-c-plus-plus/?page=2,
C++ / OOP,control flow statements in c plus plus,"What is the output of the following code: int x = 10; if (x == 10) { cout << ""x is 10""; } else { cout << ""x is not 10""; } in C++?",No output,Compilation error,x is 10,x is not 10,C,,medium,web:Examveda.com https://www.examveda.com/c-plus-plus-programming/practice-mcq-question-on-control-flow-statements-in-c-plus-plus/?page=2,
C++ / OOP,control flow statements in c plus plus,What is the purpose of the 'continue' statement in a loop in C++?,Terminates the loop,Skips the remaining code in the loop,Restarts the loop,Skips the current iteration,D,,medium,web:Examveda.com https://www.examveda.com/c-plus-plus-programming/practice-mcq-question-on-control-flow-statements-in-c-plus-plus/?page=2,
C++ / OOP,control flow statements in c plus plus,"What will be the output of the following code: int i = 0; while (i < 3) { cout << i << "" ""; i++; } in C++?",Compilation error,1 2 3,0 1 2 3,0 1 2,D,,medium,web:Examveda.com https://www.examveda.com/c-plus-plus-programming/practice-mcq-question-on-control-flow-statements-in-c-plus-plus/?page=2,
C++ / OOP,control flow statements in c plus plus,"What will be the output of the following code: for (int i = 0; i < 5; ++i) { if (i == 2) continue; cout << i << "" ""; } in C++?",0 1 2 3 4,0 1 3 4,Compilation error,1 2 3 4 5,B,,medium,web:Examveda.com https://www.examveda.com/c-plus-plus-programming/practice-mcq-question-on-control-flow-statements-in-c-plus-plus/?page=2,
C++ / OOP,control flow statements in c plus plus,"What is the output of the following code: int x = 5; switch (x) { case 1: cout << ""One""; break; case 5: cout << ""Five""; break; } in C++?",One,Compilation error,No output,Five,D,,medium,web:Examveda.com https://www.examveda.com/c-plus-plus-programming/practice-mcq-question-on-control-flow-statements-in-c-plus-plus/?page=3,
C++ / OOP,control flow statements in c plus plus,What is the syntax for the 'for' loop in C++?,for (statement; initialization; condition; update),for { initialization; condition; update } { statement; },for (condition; update; initialization) { statement; },for (initialization; condition; update) { statement; },D,,medium,web:Examveda.com https://www.examveda.com/c-plus-plus-programming/practice-mcq-question-on-control-flow-statements-in-c-plus-plus/?page=3,
C++ / OOP,control flow statements in c plus plus,"What is the output of the following code: for (int i = 0; i < 3; ++i) { for (int j = 0; j < 2; ++j) { cout << i << j << "" ""; } } in C++?",00 11 22 33 21 01,00 10 20 01 11 22,00 01 10 11 20 21,Compilation error,C,"Solution: 
The code contains a nested for loop structure. 
The outer loop iterates with variable i from 0 to 2 (inclusive), and the inner loop iterates with variable j from 0 to 1 (inclusive). 
For each iteration of the outer loop (each value of i), the inner loop runs completely, iterating through both values of j. 
The output is printed as follows: 
When i = 0: 
j = 0 → output is 00 
j = 1 → output is 01 
When i = 1: 
j = 0 → output is 10 
j = 1 → output is 11 
When i = 2: 
j = 0 → output is 20 
j = 1 → output is 21 
Combining all outputs, the final result is: 
00 01 10 11 20 21",medium,web:Examveda.com https://www.examveda.com/c-plus-plus-programming/practice-mcq-question-on-control-flow-statements-in-c-plus-plus/?page=3,
C++ / OOP,control flow statements in c plus plus,What does the 'do' keyword represent in the 'do-while' loop syntax in C++?,Represents the loop initialization,Represents the loop body,Represents the loop incrementation,None of the above,B,,medium,web:Examveda.com https://www.examveda.com/c-plus-plus-programming/practice-mcq-question-on-control-flow-statements-in-c-plus-plus/?page=3,
C++ / OOP,control flow statements in c plus plus,What is the syntax for the 'if' statement with multiple conditions in C++?,if { condition1 } && { condition2 } { statement; },if { condition1 && condition2 } { statement; },if (condition1 && condition2) { statement; },if (condition1) && (condition2) { statement; },C,,medium,web:Examveda.com https://www.examveda.com/c-plus-plus-programming/practice-mcq-question-on-control-flow-statements-in-c-plus-plus/?page=3,
C++ / OOP,control flow statements in c plus plus,"What will be the output of the following code: int x = 5; x > 2 ? cout << ""Yes"" : cout << ""No""; in C++?",No,5,2,Yes,D,,medium,web:Examveda.com https://www.examveda.com/c-plus-plus-programming/practice-mcq-question-on-control-flow-statements-in-c-plus-plus/?page=3,
C++ / OOP,control flow statements in c plus plus,"In C++, what is the purpose of the 'do-while' loop?",Terminates the loop,Executes a block of code only once,Executes a block of code repeatedly until a condition becomes false,Executes a block of code repeatedly until a condition becomes true,C,,medium,web:Examveda.com https://www.examveda.com/c-plus-plus-programming/practice-mcq-question-on-control-flow-statements-in-c-plus-plus/?page=3,
C++ / OOP,control flow statements in c plus plus,"What will be the output of the following code: for (int i = 0; i < 5; ++i) { if (i == 3) continue; cout << i << "" ""; } in C++?",0 1 2 3 4,0 1 2 3,Compilation error,0 1 2 4,D,,medium,web:Examveda.com https://www.examveda.com/c-plus-plus-programming/practice-mcq-question-on-control-flow-statements-in-c-plus-plus/?page=3,
C++ / OOP,control flow statements in c plus plus,What is the syntax for the 'else if' statement in C++?,else if (condition) { statement; },if else (condition) { statement; },elseif (condition) { statement; },else (condition) { statement; },A,,medium,web:Examveda.com https://www.examveda.com/c-plus-plus-programming/practice-mcq-question-on-control-flow-statements-in-c-plus-plus/?page=3,
C++ / OOP,control flow statements in c plus plus,What does the 'default' case represent in a 'switch' statement in C++?,Terminates the switch block,Executes only when all other cases match,Executes after every other case,Executes when no other case matches,D,,medium,web:Examveda.com https://www.examveda.com/c-plus-plus-programming/practice-mcq-question-on-control-flow-statements-in-c-plus-plus/?page=3,
C++ / OOP,control flow statements in c plus plus,What is the correct syntax for the 'do-while' loop in C++?,while { condition } { statement; },do { condition; } while (statement);,do { statement; } while (condition);,do (condition) { statement; } while;,C,,medium,web:Examveda.com https://www.examveda.com/c-plus-plus-programming/practice-mcq-question-on-control-flow-statements-in-c-plus-plus/?page=4,
C++ / OOP,control flow statements in c plus plus,"What will be the output of the following code: int i = 0; while (i < 5) { cout << i << "" ""; ++i; } in C++?",Compilation error,1 2 3 4,0 1 2 3 4,0 1 2 3,C,,medium,web:Examveda.com https://www.examveda.com/c-plus-plus-programming/practice-mcq-question-on-control-flow-statements-in-c-plus-plus/?page=4,
C++ / OOP,control flow statements in c plus plus,What is the syntax for the 'switch' statement in C++?,switch (expression) { case constant1: statement1; case constant2: statement2; default: defaultStatement; },switch (expression) { case constant1: statement1; case constant2: statement2; },switch (expression) { case constant1: statement1; default: defaultStatement; },switch (expression) { case constant1: statement1; break; case constant2: statement2; break; default: defaultStatement; },D,,medium,web:Examveda.com https://www.examveda.com/c-plus-plus-programming/practice-mcq-question-on-control-flow-statements-in-c-plus-plus/?page=4,
C++ / OOP,control flow statements in c plus plus,"In C++, what is the purpose of the 'if-else' statement?",Allows execution of different blocks of code based on a condition,Terminates the program,Executes the same block of code repeatedly,Skips the current iteration in a loop,A,,medium,web:Examveda.com https://www.examveda.com/c-plus-plus-programming/practice-mcq-question-on-control-flow-statements-in-c-plus-plus/?page=4,
C++ / OOP,control flow statements in c plus plus,"What will be the output of the following code: int i = 5; if (i != 5) cout << ""Not equal""; else cout << ""Equal""; in C++?",Compilation error,5,Not equal,Equal,D,,medium,web:Examveda.com https://www.examveda.com/c-plus-plus-programming/practice-mcq-question-on-control-flow-statements-in-c-plus-plus/?page=4,
C++ / OOP,control flow statements in c plus plus,What is the purpose of the 'if' statement in C++?,Executes a block of code repeatedly until a condition becomes true,Executes a block of code only once,Executes a block of code if a condition is true,Terminates the program,C,,medium,web:Examveda.com https://www.examveda.com/c-plus-plus-programming/practice-mcq-question-on-control-flow-statements-in-c-plus-plus/?page=4,
C++ / OOP,control flow statements in c plus plus,"What is the output of the following code: int i = 0; do { cout << i << "" ""; i++; } while (i < 3); in C++?",0 1 2 3,0 1 2,Compilation error,1 2 3,B,,medium,web:Examveda.com https://www.examveda.com/c-plus-plus-programming/practice-mcq-question-on-control-flow-statements-in-c-plus-plus/?page=4,
C++ / OOP,control flow statements in c plus plus,What does the 'continue' statement do in a loop in C++?,Restarts the loop,Skips the remaining code in the loop,Terminates the loop,Skips the current iteration and continues with the next iteration,D,,medium,web:Examveda.com https://www.examveda.com/c-plus-plus-programming/practice-mcq-question-on-control-flow-statements-in-c-plus-plus/?page=4,
C++ / OOP,control flow statements in c plus plus,"What is the output of the following code: for (int i = 0; i < 5; ++i) { if (i == 3) continue; cout << i << "" ""; } in C++?",0 1 2 3,0 1 2 3 4,0 1 2 4,Compilation error,C,,medium,web:Examveda.com https://www.examveda.com/c-plus-plus-programming/practice-mcq-question-on-control-flow-statements-in-c-plus-plus/?page=4,
C++ / OOP,control flow statements in c plus plus,"What will be the output of the following code: for (int i = 0; i < 3; ++i) { for (int j = 0; j < 2; ++j) { cout << i << j << "" ""; } } in C++?",00 11 22 33,00 10 20 01 11,Compilation error,00 01 10 11,D,,medium,web:Examveda.com https://www.examveda.com/c-plus-plus-programming/practice-mcq-question-on-control-flow-statements-in-c-plus-plus/?page=4,
C++ / OOP,control flow statements in c plus plus,"In C++, what is the syntax for the 'while' loop?",while (condition) { statement; } condition;,while { statement; } condition;,while (condition) { statement; },while { condition } { statement; },C,,medium,web:Examveda.com https://www.examveda.com/c-plus-plus-programming/practice-mcq-question-on-control-flow-statements-in-c-plus-plus/?page=5,
C++ / OOP,control flow statements in c plus plus,"What is the output of the following code: int i = 0; while (i < 5) { cout << i << "" ""; ++i; } in C++?",Compilation error,1 2 3 4,0 1 2 3,0 1 2 3 4,D,,medium,web:Examveda.com https://www.examveda.com/c-plus-plus-programming/practice-mcq-question-on-control-flow-statements-in-c-plus-plus/?page=5,
C++ / OOP,control flow statements in c plus plus,How many times will the following 'for' loop iterate: for (int i = 0; i < 5; ++i) in C++?,4,5,6,Infinite loop,B,,medium,web:Examveda.com https://www.examveda.com/c-plus-plus-programming/practice-mcq-question-on-control-flow-statements-in-c-plus-plus/?page=5,
C++ / OOP,control flow statements in c plus plus,"In C++, what is the purpose of the 'continue' statement in a loop?",Skips the remaining code in the loop,Skips the current iteration,Terminates the loop,Restarts the loop,B,,medium,web:Examveda.com https://www.examveda.com/c-plus-plus-programming/practice-mcq-question-on-control-flow-statements-in-c-plus-plus/?page=5,
C++ / OOP,control flow statements in c plus plus,"What will be the output of the following code: int i = 0; while (i < 3) { cout << ++i << "" ""; } in C++?",1 2 3,0 1 2 3,1 2 3 0,Compilation error,B,,medium,web:Examveda.com https://www.examveda.com/c-plus-plus-programming/practice-mcq-question-on-control-flow-statements-in-c-plus-plus/?page=5,
C++ / OOP,control flow statements in c plus plus,"What will be the output of the following code: int x = 10; if (x < 5) cout << ""Less""; else if (x == 5) cout << ""Equal""; else cout << ""More""; in C++?",More,Less,Equal,Compilation error,A,"Explanation: 
Let's break down this C++ code step by step: 
 
1. Variable Initialization: 
int x = 10; 
This line creates an integer variable named 'x' and assigns it the value 10. 
 
2. `if` Statement: 
if (x 
This checks if the value of 'x' (which is 10) is less than 5. Since 10 is not less than 5, this condition is false. 
 
3. `else if` Statement: 
else if (x == 5) 
Because the first `if` condition was false, the program moves to the `else if` condition. This checks if 'x' is equal to 5. Since 10 is not equal to 5, this condition is also false. 
 
4. `else` Statement: 
else cout 
Since both the `if` and `else if` conditions were false, the program executes the code within the `else` block. This line prints ""More"" to the console. 
 
Therefore, the output of the code will be ""More"". 
 
Correct Answer: A) More
 

 
 
 
 



 
 
 
 
 
 
 
 
 
 
 
 
 
1
2
3
4
5
 
 
 
 
 
 
 
 
 
 

 
 

 ",medium,web:Examveda.com https://www.examveda.com/c-plus-plus-programming/practice-mcq-question-on-control-flow-statements-in-c-plus-plus/?page=5,
C++ / OOP,functions and procedures in c plus plus,What is the correct syntax for defining a function in C++?,returnType functionName(parameters) { body; },functionName(parameters) { returnType body; },"functionName(returnType, parameters) { body; }","returnType functionName(parameters, body) { }",A,,medium,web:Examveda.com https://www.examveda.com/c-plus-plus-programming/practice-mcq-question-on-functions-and-procedures-in-c-plus-plus/,
C++ / OOP,functions and procedures in c plus plus,What is the purpose of a function prototype in C++?,Determines the parameters of the function,Specifies the return type of the function,Provides the implementation of the function,Declares the function before it is defined,D,,medium,web:Examveda.com https://www.examveda.com/c-plus-plus-programming/practice-mcq-question-on-functions-and-procedures-in-c-plus-plus/,
C++ / OOP,functions and procedures in c plus plus,Which keyword is used to define a function in C++ that does not return any value?,return,null,void,None of the above,C,,medium,web:Examveda.com https://www.examveda.com/c-plus-plus-programming/practice-mcq-question-on-functions-and-procedures-in-c-plus-plus/,
C++ / OOP,functions and procedures in c plus plus,"What is the correct way to call a function named ""add"" that takes two parameters in C++?","add(a, b);","add(int a, int b);","functionName = add(a, b);","add.functionName(a, b);",B,,medium,web:Examveda.com https://www.examveda.com/c-plus-plus-programming/practice-mcq-question-on-functions-and-procedures-in-c-plus-plus/,
C++ / OOP,functions and procedures in c plus plus,What does the 'return' statement do in a function in C++?,Skips the remaining code in the function,Returns a value from the function,Restarts the function execution,None of the above,B,,medium,web:Examveda.com https://www.examveda.com/c-plus-plus-programming/practice-mcq-question-on-functions-and-procedures-in-c-plus-plus/,
C++ / OOP,functions and procedures in c plus plus,"What is the output of the following code: int sum(int a, int b) { return a + b; } cout << sum(3, 5); in C++?",35,Compilation error,8,"sum(3, 5)",C,,medium,web:Examveda.com https://www.examveda.com/c-plus-plus-programming/practice-mcq-question-on-functions-and-procedures-in-c-plus-plus/,
C++ / OOP,functions and procedures in c plus plus,Which of the following is true about function overloading in C++?,Only one function can have a specific name,A function cannot be defined with the same name twice,Function overloading is not supported in C++,Multiple functions can have the same name with different parameters,D,,medium,web:Examveda.com https://www.examveda.com/c-plus-plus-programming/practice-mcq-question-on-functions-and-procedures-in-c-plus-plus/,
C++ / OOP,functions and procedures in c plus plus,What is the purpose of default arguments in C++ functions?,Allows a function to be called without providing all arguments,Sets a default return value for the function,Defines default behavior for the function,Specifies the default data type for parameters,A,,medium,web:Examveda.com https://www.examveda.com/c-plus-plus-programming/practice-mcq-question-on-functions-and-procedures-in-c-plus-plus/,
C++ / OOP,functions and procedures in c plus plus,What is the correct syntax for declaring a function prototype in C++?,returnType functionName(parameters);,functionName(parameters) returnType;,functionName returnType(parameters);,None of the above,A,,medium,web:Examveda.com https://www.examveda.com/c-plus-plus-programming/practice-mcq-question-on-functions-and-procedures-in-c-plus-plus/,
C++ / OOP,functions and procedures in c plus plus,What is the purpose of passing arguments by reference in C++ functions?,Ensures the function receives correct arguments,Reduces the memory consumption of the function,Improves performance of the function,Allows changes made to the arguments to reflect outside the function,D,,medium,web:Examveda.com https://www.examveda.com/c-plus-plus-programming/practice-mcq-question-on-functions-and-procedures-in-c-plus-plus/,
C++ / OOP,functions and procedures in c plus plus,What is the output of the following code: int square(int x) { return x * x; } int main() { cout << square(3) + square(2); } in C++?,13,25,12,Compilation error due to mismatched return types,A,"The given code defines a function named square which takes an integer x as input and returns the square of x. In the main function, square(3) returns 9 and square(2) returns 4. When these values are added together and printed, the output will be 9 + 4 = 13.",medium,web:Examveda.com https://www.examveda.com/c-plus-plus-programming/practice-mcq-question-on-functions-and-procedures-in-c-plus-plus/?page=2,
C++ / OOP,functions and procedures in c plus plus,What is the correct syntax for defining a recursive function in C++?,returnType functionName(parameters) { functionName(parameters); },returnType functionName(parameters) { functionName(); },functionName(parameters) { return functionName(parameters); },None of the above,A,,medium,web:Examveda.com https://www.examveda.com/c-plus-plus-programming/practice-mcq-question-on-functions-and-procedures-in-c-plus-plus/?page=2,
C++ / OOP,functions and procedures in c plus plus,What is the purpose of a function header in C++?,Contains the actual code of the function,Specifies the function's location in memory,"Declares the name, return type, and parameters of the function",Provides default arguments for the function,C,,medium,web:Examveda.com https://www.examveda.com/c-plus-plus-programming/practice-mcq-question-on-functions-and-procedures-in-c-plus-plus/?page=2,
C++ / OOP,functions and procedures in c plus plus,"What will be the output of the following code: int max(int a, int b) { return (a > b) ? a : b; } cout << max(5, 3); in C++?","max(5, 3)",3,Compilation error due to missing function definition,"max(3, 5)",A,"The given code defines a function named max which takes two integers a and b as input and returns the maximum of the two. In the main function, max(5, 3) is called, but it is directly printed to the output without any calculation. Therefore, the output will be max(5, 3), representing the function call.",medium,web:Examveda.com https://www.examveda.com/c-plus-plus-programming/practice-mcq-question-on-functions-and-procedures-in-c-plus-plus/?page=2,
C++ / OOP,functions and procedures in c plus plus,Which of the following is true about function recursion in C++?,Recursion can only be achieved through function pointers,Recursion is limited to predefined standard functions,A function calling itself directly or indirectly,Recursion is not allowed in C++,C,,medium,web:Examveda.com https://www.examveda.com/c-plus-plus-programming/practice-mcq-question-on-functions-and-procedures-in-c-plus-plus/?page=2,
C++ / OOP,functions and procedures in c plus plus,What is the purpose of a function in C++?,To declare variables,To print output,To initialize memory,To perform a specific task,D,,medium,web:Examveda.com https://www.examveda.com/c-plus-plus-programming/practice-mcq-question-on-functions-and-procedures-in-c-plus-plus/?page=2,
C++ / OOP,functions and procedures in c plus plus,Which of the following is true about function parameters in C++?,They are variables used to pass data into functions,They are placeholders for function names,They are used to return values from functions,They are only used in main functions,A,,medium,web:Examveda.com https://www.examveda.com/c-plus-plus-programming/practice-mcq-question-on-functions-and-procedures-in-c-plus-plus/?page=2,
C++ / OOP,functions and procedures in c plus plus,What is the correct way to declare a function in C++ that takes no parameters and returns an integer?,void functionName();,functionName(int);,functionName() int;,int functionName();,D,,medium,web:Examveda.com https://www.examveda.com/c-plus-plus-programming/practice-mcq-question-on-functions-and-procedures-in-c-plus-plus/?page=2,
C++ / OOP,functions and procedures in c plus plus,What is the purpose of the 'void' keyword in a function declaration in C++?,Indicates that the function accepts no parameters,Indicates that the function returns a void pointer,Indicates that the function does not return a value,Indicates that the function is a member function,C,,medium,web:Examveda.com https://www.examveda.com/c-plus-plus-programming/practice-mcq-question-on-functions-and-procedures-in-c-plus-plus/?page=2,
C++ / OOP,functions and procedures in c plus plus,"What is the output of the following code: int multiply(int x, int y) { return x * y; } int main() { cout << multiply(3, 4); } in C++?","multiply(3, 4)",12,Compilation error due to missing return statement,"multiply(4, 3)",B,,medium,web:Examveda.com https://www.examveda.com/c-plus-plus-programming/practice-mcq-question-on-functions-and-procedures-in-c-plus-plus/?page=2,
C++ / OOP,functions and procedures in c plus plus,Which of the following is a valid function declaration in C++?,"sum(int a, int b) { return a + b; }","sum(int, int) { return a + b; }","sum(a, b) { return a + b; }","int sum(int a, int b);",D,,medium,web:Examveda.com https://www.examveda.com/c-plus-plus-programming/practice-mcq-question-on-functions-and-procedures-in-c-plus-plus/?page=3,
C++ / OOP,functions and procedures in c plus plus,What is the purpose of function overloading in C++?,Allows multiple functions with the same name but different parameters,Improves the efficiency of the functions,Ensures that functions can be called from anywhere,Facilitates the declaration of global variables,A,,medium,web:Examveda.com https://www.examveda.com/c-plus-plus-programming/practice-mcq-question-on-functions-and-procedures-in-c-plus-plus/?page=3,
C++ / OOP,functions and procedures in c plus plus,What does the 'inline' keyword do in C++ function declaration?,Indicates that the function should be ignored,Declares that the function should be inlined,Specifies that the function should be called inline,Suggests the compiler to replace the function call with its definition,D,,medium,web:Examveda.com https://www.examveda.com/c-plus-plus-programming/practice-mcq-question-on-functions-and-procedures-in-c-plus-plus/?page=3,
C++ / OOP,functions and procedures in c plus plus,"What is the output of the following code: int max(int a, int b) { return (a > b) ? a : b; } int main() { cout << max(5, 5); } in C++?",10,0,5,Compilation error due to ambiguous function call,C,,medium,web:Examveda.com https://www.examveda.com/c-plus-plus-programming/practice-mcq-question-on-functions-and-procedures-in-c-plus-plus/?page=3,
C++ / OOP,functions and procedures in c plus plus,"In C++, how are function arguments passed by default?",By pointer,By value,By address,None of the above,B,,medium,web:Examveda.com https://www.examveda.com/c-plus-plus-programming/practice-mcq-question-on-functions-and-procedures-in-c-plus-plus/?page=3,
C++ / OOP,functions and procedures in c plus plus,What is the purpose of the 'static' keyword in a function declaration in C++?,It allows a function to be accessed from other files,It restricts the scope of the function,It indicates that the function is a member function,It allocates memory for the function,B,,medium,web:Examveda.com https://www.examveda.com/c-plus-plus-programming/practice-mcq-question-on-functions-and-procedures-in-c-plus-plus/?page=3,
C++ / OOP,functions and procedures in c plus plus,What is the syntax for defining a recursive function in C++?,returnType functionName(parameters) { if (condition) functionName(parameters); },functionName(parameters) { returnType if (condition) functionName(parameters); },functionName(parameters) { functionName(parameters); },returnType functionName(parameters) { functionName(parameters); },D,,medium,web:Examveda.com https://www.examveda.com/c-plus-plus-programming/practice-mcq-question-on-functions-and-procedures-in-c-plus-plus/?page=3,
C++ / OOP,functions and procedures in c plus plus,"What will be the output of the following code: int add(int x, int y) { return x + y; } int main() { cout << add(2); } in C++?",Compilation error due to missing return statement,0,Compilation error due to missing argument,2,C,,medium,web:Examveda.com https://www.examveda.com/c-plus-plus-programming/practice-mcq-question-on-functions-and-procedures-in-c-plus-plus/?page=3,
C++ / OOP,functions and procedures in c plus plus,What is the purpose of the 'extern' keyword in a function declaration in C++?,It declares the function as an external function,It ensures that the function is not inlined,It makes the function visible only within the file,It specifies that the function is defined elsewhere,D,,medium,web:Examveda.com https://www.examveda.com/c-plus-plus-programming/practice-mcq-question-on-functions-and-procedures-in-c-plus-plus/?page=3,
C++ / OOP,functions and procedures in c plus plus,What is the correct way to pass an array to a function in C++?,By declaring the array globally and accessing it directly,By passing the array index as a parameter,By passing the array name and size as parameters,By passing each array element as a parameter,C,,medium,web:Examveda.com https://www.examveda.com/c-plus-plus-programming/practice-mcq-question-on-functions-and-procedures-in-c-plus-plus/?page=3,
C++ / OOP,functions and procedures in c plus plus,What is the purpose of the 'static' keyword in a C++ function?,Declares the function as a member of a class,Prevents the function from being called recursively,Defines the function to be inline,Retains the variable's value between function calls,D,,medium,web:Examveda.com https://www.examveda.com/c-plus-plus-programming/practice-mcq-question-on-functions-and-procedures-in-c-plus-plus/?page=4,
C++ / OOP,functions and procedures in c plus plus,What does the 'void' keyword represent in the function declaration in C++?,Indicates that the function does not return any value,Indicates that the function returns a pointer,Indicates that the function accepts no arguments,Indicates that the function can be called from anywhere,A,,medium,web:Examveda.com https://www.examveda.com/c-plus-plus-programming/practice-mcq-question-on-functions-and-procedures-in-c-plus-plus/?page=4,
C++ / OOP,functions and procedures in c plus plus,Which of the following is true about inline functions in C++?,Inline functions must have a return type declared,Inline functions cannot have return statements,Inline functions cannot be recursive,The compiler replaces the function call with the function code wherever it is called,D,,medium,web:Examveda.com https://www.examveda.com/c-plus-plus-programming/practice-mcq-question-on-functions-and-procedures-in-c-plus-plus/?page=4,
C++ / OOP,functions and procedures in c plus plus,"What is the output of the following code: int add(int a, int b) { return a + b; } int sum = add(3, 5); cout << sum; in C++?",3,5,8,Compilation error,C,,medium,web:Examveda.com https://www.examveda.com/c-plus-plus-programming/practice-mcq-question-on-functions-and-procedures-in-c-plus-plus/?page=4,
C++ / OOP,functions and procedures in c plus plus,"In C++, what is the significance of the function return type 'auto'?",It allows the function to return any data type,The compiler automatically deduces the return type based on the return statement,It specifies the function to be executed automatically,None of the above,B,,medium,web:Examveda.com https://www.examveda.com/c-plus-plus-programming/practice-mcq-question-on-functions-and-procedures-in-c-plus-plus/?page=4,
C++ / OOP,functions and procedures in c plus plus,What is the purpose of the 'friend' keyword in a C++ function declaration?,It specifies that the function should be inlined,It allows the function to call itself recursively,It grants access to private and protected members of a class to the function,It declares the function as a friend function,C,,medium,web:Examveda.com https://www.examveda.com/c-plus-plus-programming/practice-mcq-question-on-functions-and-procedures-in-c-plus-plus/?page=4,
C++ / OOP,functions and procedures in c plus plus,What is the syntax for declaring a function that takes a variable number of arguments in C++?,returnType functionName(var_args...);,returnType functionName(var_args...); { body; },"returnType functionName(..., var_args);",returnType functionName(...);,D,,medium,web:Examveda.com https://www.examveda.com/c-plus-plus-programming/practice-mcq-question-on-functions-and-procedures-in-c-plus-plus/?page=4,
C++ / OOP,functions and procedures in c plus plus,"What is the output of the following code: int x = 5; cout << ""Before: "" << x; changeValue(x); cout << ""After: "" << x; in C++?",Before: 5 After: 5,Before: 5 After: 10,Before: 5 After: 6,Compilation error,A,,medium,web:Examveda.com https://www.examveda.com/c-plus-plus-programming/practice-mcq-question-on-functions-and-procedures-in-c-plus-plus/?page=4,
C++ / OOP,functions and procedures in c plus plus,What is the correct syntax for defining a function template in C++?,returnType functionName(T parameter) { template body; },template returnType functionName(T parameter) { body; },returnType functionName(template T parameter) { body; },None of the above,B,,medium,web:Examveda.com https://www.examveda.com/c-plus-plus-programming/practice-mcq-question-on-functions-and-procedures-in-c-plus-plus/?page=4,
C++ / OOP,functions and procedures in c plus plus,What is the purpose of the 'const' keyword in a function parameter list in C++?,Declares the parameter as constant within the function,Prevents the parameter from being passed by reference,Indicates that the parameter value cannot be changed within the function,Specifies that the parameter should be initialized,C,,medium,web:Examveda.com https://www.examveda.com/c-plus-plus-programming/practice-mcq-question-on-functions-and-procedures-in-c-plus-plus/?page=4,
C++ / OOP,functions and procedures in c plus plus,"In C++, what is a lambda function?",A function that takes no arguments and returns nothing,An anonymous function that can be used as an argument to other functions,A function that automatically adjusts its return type,None of the above,B,,medium,web:Examveda.com https://www.examveda.com/c-plus-plus-programming/practice-mcq-question-on-functions-and-procedures-in-c-plus-plus/?page=5,
C++ / OOP,functions and procedures in c plus plus,What is the purpose of the 'decltype' keyword in C++?,Determines the type of an expression or variable,Declares the type of a function parameter,Specifies the type of a function's return value,Returns the size of a data type,A,,medium,web:Examveda.com https://www.examveda.com/c-plus-plus-programming/practice-mcq-question-on-functions-and-procedures-in-c-plus-plus/?page=5,
C++ / OOP,functions and procedures in c plus plus,What is the correct way to declare a function that takes a pointer as an argument in C++?,returnType functionName(*type parameter),returnType functionName(type parameter*),returnType functionName(type ¶meter),returnType functionName(type* parameter),D,,medium,web:Examveda.com https://www.examveda.com/c-plus-plus-programming/practice-mcq-question-on-functions-and-procedures-in-c-plus-plus/?page=5,
C++ / OOP,functions and procedures in c plus plus,"What will be the output of the following code: void display() { cout << ""Hello""; } int main() { display(); return 0; } in C++?",Compilation error,0,Hello,Undefined behavior,C,,medium,web:Examveda.com https://www.examveda.com/c-plus-plus-programming/practice-mcq-question-on-functions-and-procedures-in-c-plus-plus/?page=5,
C++ / OOP,functions and procedures in c plus plus,"What will be the output of the following C++ code? 
#include <iostream>
using namespace std;
int func (int a, int b)
{
 cout << a;
 cout << b;
 return 0;
}
int main(void)
{
 int(*ptr)(char, int);
 ptr = func;
 func(2, 3);
 ptr(2, 3);
 return 0;
}",2323,232,23,compile time error,D,,medium,web:Examveda.com https://www.examveda.com/c-plus-plus-programming/practice-mcq-question-on-functions-and-procedures-in-c-plus-plus/?page=5,
C++ / OOP,functions and procedures in c plus plus,"If we start our function call with default arguments means, what will be proceeding arguments?",user argument,empty arguments,default arguments,user & empty arguments,C,,medium,web:Examveda.com https://www.examveda.com/c-plus-plus-programming/practice-mcq-question-on-functions-and-procedures-in-c-plus-plus/?page=5,
C++ / OOP,functions and procedures in c plus plus,Which of the following is the default return value of functions in C++?,int,char,float,void,A,,medium,web:Examveda.com https://www.examveda.com/c-plus-plus-programming/practice-mcq-question-on-functions-and-procedures-in-c-plus-plus/?page=5,
C++ / OOP,functions and procedures in c plus plus,What is an inline function?,A function that is expanded at each call during execution,A function that is called during compile time,A function that is not checked for syntax errors,A function that is not checked for semantic analysis,A,,medium,web:Examveda.com https://www.examveda.com/c-plus-plus-programming/practice-mcq-question-on-functions-and-procedures-in-c-plus-plus/?page=5,
C++ / OOP,functions and procedures in c plus plus,"What will be the output of the following C++ code? 
 include <iostream>
using namespace std;
long factorial (long a)
{
 if (a > 1)
 return (a * factorial (a + 1));
 else
 return (1);
}
int main ()
{
 long num = 3;
 cout",6,24,segmentation fault,compile time error,C,,medium,web:Examveda.com https://www.examveda.com/c-plus-plus-programming/practice-mcq-question-on-functions-and-procedures-in-c-plus-plus/?page=5,
C++ / OOP,functions and procedures in c plus plus,Identify the correct statement.,"Namespace is used to group class, objects and functions",Namespace is used to mark the beginning of the program,"A namespace is used to separate the class, objects",Namespace is used to mark the beginning & end of the program,A,,medium,web:Examveda.com https://www.examveda.com/c-plus-plus-programming/practice-mcq-question-on-functions-and-procedures-in-c-plus-plus/?page=5,
C++ / OOP,functions and procedures in c plus plus,What is the scope of the variable declared in the user defined function?,whole program,only inside the {} block,the main function,header section,B,,medium,web:Examveda.com https://www.examveda.com/c-plus-plus-programming/practice-mcq-question-on-functions-and-procedures-in-c-plus-plus/?page=6,
C++ / OOP,functions and procedures in c plus plus,If an argument from the parameter list of a function is defined constant then . . . . . . . .,It can be modified inside the function,It cannot be modified inside the function,Error occurs,Segmentation fault,B,,medium,web:Examveda.com https://www.examveda.com/c-plus-plus-programming/practice-mcq-question-on-functions-and-procedures-in-c-plus-plus/?page=6,
C++ / OOP,functions and procedures in c plus plus,"What will be the output of the following C++ code? 
#include <iostream>
using namespace std;
void Funct();
int main()
{
 try 
 {
 Funct();
 }
 catch(double) 
 {
 cerr << ""caught a double type..."" << endl;
 }
 return 0;
 }
void Funct()
{
 throw 3;
}",caught a double type,compile time error,abnormal program termination,runtime error,C,,medium,web:Examveda.com https://www.examveda.com/c-plus-plus-programming/practice-mcq-question-on-functions-and-procedures-in-c-plus-plus/?page=6,
C++ / OOP,functions and procedures in c plus plus,"What will be the output of the following C++ code? 
#include <iostream>
using namespace std;
void Sum(int a, int b, int & c)
{
 a = b + c;
 b = a + c;
 c = a + b;
}
int main()
{
 int x = 2, y =3;
 Sum(x, y, y);
 cout << x << "" "" << y;
 return 0; 
}",2 3,6 9,2 15,compile time error,C,,medium,web:Examveda.com https://www.examveda.com/c-plus-plus-programming/practice-mcq-question-on-functions-and-procedures-in-c-plus-plus/?page=6,
C++ / OOP,functions and procedures in c plus plus,which of the following can be passed in function pointers?,variables,data types,functions,objects,C,,medium,web:Examveda.com https://www.examveda.com/c-plus-plus-programming/practice-mcq-question-on-functions-and-procedures-in-c-plus-plus/?page=6,
C++ / OOP,functions and procedures in c plus plus,Where should default parameters appear in a function prototype?,To the rightmost side of the parameter list,To the leftmost side of the parameter list,Anywhere inside the parameter list,Middle of the parameter list,A,,medium,web:Examveda.com https://www.examveda.com/c-plus-plus-programming/practice-mcq-question-on-functions-and-procedures-in-c-plus-plus/?page=6,
C++ / OOP,functions and procedures in c plus plus,"What will be the output of the following C++ code? 
#include <iostream>
#include <string>
using namespace std;
namespace A{
 
 int var = 10;
}
namespace B{
 int cout = 5;
}
int main()
{
 using namespace B;
 cout<<A::var;
}",10,5,Error,105,C,,medium,web:Examveda.com https://www.examveda.com/c-plus-plus-programming/practice-mcq-question-on-functions-and-procedures-in-c-plus-plus/?page=6,
C++ / OOP,functions and procedures in c plus plus,Which is more effective while calling the functions?,call by value,call by reference,call by pointer,call by object,B,,medium,web:Examveda.com https://www.examveda.com/c-plus-plus-programming/practice-mcq-question-on-functions-and-procedures-in-c-plus-plus/?page=6,
C++ / OOP,functions and procedures in c plus plus,What is similar to the interface in c++?,methods,instance of a class,pure abstract class,methods & instance of a class,C,,medium,web:Examveda.com https://www.examveda.com/c-plus-plus-programming/practice-mcq-question-on-functions-and-procedures-in-c-plus-plus/?page=6,
C++ / OOP,functions and procedures in c plus plus,"What will be the output of the following C++ code? 
#include <iostream>
using namespace std;
void print(int i)
{
 cout << i;
}
void print(double f)
{
 cout << f;
}
int main(void)
{
 print(5);
 print(500.263);
 return 0;
}",5500.263,500.2635,500.263,500.266,A,,medium,web:Examveda.com https://www.examveda.com/c-plus-plus-programming/practice-mcq-question-on-functions-and-procedures-in-c-plus-plus/?page=7,
C++ / OOP,functions and procedures in c plus plus,"What will be the output of the following C++ code? 
#include <iostream>
using namespace std;
#define SquareOf(x) x * x
int main()
{
 int x;
 cout << SquareOf(x + 4);
 return 0;
}",16,64,compile time error,75386824,D,,medium,web:Examveda.com https://www.examveda.com/c-plus-plus-programming/practice-mcq-question-on-functions-and-procedures-in-c-plus-plus/?page=7,
C++ / OOP,functions and procedures in c plus plus,Pick the incorrect statement for namespaces in C++.,Namespace declarations are always global scope,Keyword namespace is used at the starting of a namespace definition,Namespace has access specifiers like private or public,Namespace definitions can be nested,C,,medium,web:Examveda.com https://www.examveda.com/c-plus-plus-programming/practice-mcq-question-on-functions-and-procedures-in-c-plus-plus/?page=7,
C++ / OOP,functions and procedures in c plus plus,"What will be the output of the following C++ code? 
#include <iostream>
#include <stdarg.h>
using namespace std;
int add (int num, ...)
{
 int sum = 0;
 va_list args;
 va_start (args,num);
 for (int i = 0; i < num; i++) 
 {
 int num = va_arg (args,int);
 sum += num;
 }
 va_end (args);
 return sum;
}
int main (void)
{
 int total = add(8, 1, 2, -1, 4, 12, -2, 9, 7);
 cout << ""The result is "" << total;
 return 0;
}",32,23,48,compile time error,A,,medium,web:Examveda.com https://www.examveda.com/c-plus-plus-programming/practice-mcq-question-on-functions-and-procedures-in-c-plus-plus/?page=7,
C++ / OOP,functions and procedures in c plus plus,What will happen when the exception is not caught in the program?,error,program will execute,block of that code will not execute,program will execute & displays wrong output,A,,medium,web:Examveda.com https://www.examveda.com/c-plus-plus-programming/practice-mcq-question-on-functions-and-procedures-in-c-plus-plus/?page=7,
C++ / OOP,functions and procedures in c plus plus,What should be passed in parameters when function does not require any parameters?,void,blank space,both void & blank space,tab space,B,,medium,web:Examveda.com https://www.examveda.com/c-plus-plus-programming/practice-mcq-question-on-functions-and-procedures-in-c-plus-plus/?page=7,
C++ / OOP,functions and procedures in c plus plus,How many types do functions fall depends on modularization?,1,2,3,4,B,,medium,web:Examveda.com https://www.examveda.com/c-plus-plus-programming/practice-mcq-question-on-functions-and-procedures-in-c-plus-plus/?page=7,
C++ / OOP,functions and procedures in c plus plus,"What will be the output of the following C++ code? 
#include <iostream>
#include <stdarg.h>
using namespace std;
void dumplist(int, ...);
int main()
{
 dumplist(2, 4, 8);
 dumplist(3, 6, 9, 7);
 return 0;
}
void dumplist(int n, ...)
{
 va_list p;
 int i;
 va_start(p, n);
 while (n-->0) 
 {
 i = va_arg(p, int);
 cout << i;
 }
 va_end(p);
}",2436,48697,1111111,compile time error,B,,medium,web:Examveda.com https://www.examveda.com/c-plus-plus-programming/practice-mcq-question-on-functions-and-procedures-in-c-plus-plus/?page=7,
C++ / OOP,functions and procedures in c plus plus,Which keyword is used to access the variable in the namespace?,using,dynamic,const,static,A,,medium,web:Examveda.com https://www.examveda.com/c-plus-plus-programming/practice-mcq-question-on-functions-and-procedures-in-c-plus-plus/?page=7,
C++ / OOP,functions and procedures in c plus plus,Where can the default parameter be placed by the user?,leftmost,rightmost,both leftmost & rightmost,topmost,B,,medium,web:Examveda.com https://www.examveda.com/c-plus-plus-programming/practice-mcq-question-on-functions-and-procedures-in-c-plus-plus/?page=7,
C++ / OOP,functions and procedures in c plus plus,What will happen while using pass by reference?,The values of those variables are passed to the function so that it can manipulate them,The location of variable in memory is passed to the function so that it can use the same memory area for its processing,The function declaration should contain ampersand (& in its type declaration),The function declaration should contain $,B,,medium,web:Examveda.com https://www.examveda.com/c-plus-plus-programming/practice-mcq-question-on-functions-and-procedures-in-c-plus-plus/?page=8,
C++ / OOP,functions and procedures in c plus plus,"What will be the output of the following C++ code? 
#include <iostream>
#include <string>
using namespace std;
namespace 
{
 int var = 10;
}
int main()
{
 cout<<var;
}",10,Error,Some garbage value,Nothing but program runs perfectly,A,,medium,web:Examveda.com https://www.examveda.com/c-plus-plus-programming/practice-mcq-question-on-functions-and-procedures-in-c-plus-plus/?page=8,
C++ / OOP,functions and procedures in c plus plus,Which operator is used to signify the namespace?,conditional operator,ternary operator,scope operator,bitwise operator,C,,medium,web:Examveda.com https://www.examveda.com/c-plus-plus-programming/practice-mcq-question-on-functions-and-procedures-in-c-plus-plus/?page=8,
C++ / OOP,functions and procedures in c plus plus,which keyword is used to define the macros in c++?,macro,define,#define,#macro,C,,medium,web:Examveda.com https://www.examveda.com/c-plus-plus-programming/practice-mcq-question-on-functions-and-procedures-in-c-plus-plus/?page=8,
C++ / OOP,functions and procedures in c plus plus,"What will be the output of the following C++ code? 
#include <iostream>
using namespace std;
int operate (int a, int b)
{
 return (a * b);
}
float operate (float a, float b)
{
 return (a / b);
}
int main()
{
 int x = 5, y = 2;
 float n = 5.0, m = 2.0;
 cout << operate(x, y) <<""\t"";
 cout << operate (n, m);
 return 0;
}",10.0 5.0,5.0 2.5,10.0 5,10 2.5,D,,medium,web:Examveda.com https://www.examveda.com/c-plus-plus-programming/practice-mcq-question-on-functions-and-procedures-in-c-plus-plus/?page=8,
C++ / OOP,functions and procedures in c plus plus,"What will be the output of the following C++ code? 
#include <iostream>
using namespace std;
#define PR(id) cout << ""The value of "" #id "" is ""<<id
int main()
{
 int i = 10;
 PR(i);
 return 0;
}",10,15,20,12,A,,medium,web:Examveda.com https://www.examveda.com/c-plus-plus-programming/practice-mcq-question-on-functions-and-procedures-in-c-plus-plus/?page=8,
C++ / OOP,functions and procedures in c plus plus,In which of the following we cannot overload the function?,return function,caller,called function,main function,A,,medium,web:Examveda.com https://www.examveda.com/c-plus-plus-programming/practice-mcq-question-on-functions-and-procedures-in-c-plus-plus/?page=8,
C++ / OOP,functions and procedures in c plus plus,"What will be the output of the following C++ code? 
#include <iostream>
using namespace std;
 
int fun(int=0, int = 0);
 
int main()
{
 cout << fun(5);
 return 0;
}
int fun(int x, int y) { return (x+y); }",-5,0,10,5,D,,medium,web:Examveda.com https://www.examveda.com/c-plus-plus-programming/practice-mcq-question-on-functions-and-procedures-in-c-plus-plus/?page=8,
C++ / OOP,functions and procedures in c plus plus,Which keyword is used to check exception in the block of code?,catch,throw,try,handlers,C,,medium,web:Examveda.com https://www.examveda.com/c-plus-plus-programming/practice-mcq-question-on-functions-and-procedures-in-c-plus-plus/?page=8,
C++ / OOP,functions and procedures in c plus plus,"In which of the following cases inline functions may not word? 
i. If the function has static variables. 
ii. If the function has global and register variables. 
iii. If the function contains loops 
iv. If the function is recursive","i, iv","iii, iv","ii, iii, iv","i, iii, iv",D,,medium,web:Examveda.com https://www.examveda.com/c-plus-plus-programming/practice-mcq-question-on-functions-and-procedures-in-c-plus-plus/?page=8,
C++ / OOP,functions and procedures in c plus plus,Which operator is used for accessing a member of namespace?,:,::,->,.,B,,medium,web:Examveda.com https://www.examveda.com/c-plus-plus-programming/practice-mcq-question-on-functions-and-procedures-in-c-plus-plus/?page=9,
C++ / OOP,functions and procedures in c plus plus,"What will be the output of the following C++ code? 
#include <iostream>
using namespace std;
namespace extra
{
 int i;
}
void i()
{
 using namespace extra;
 int i;
 i = 9;
 cout << i;
}
int main()
{
 enum letter { i, j};
 class i { letter j; };
 ::i();
 return 0;
}",9,10,compile time error,11,A,,medium,web:Examveda.com https://www.examveda.com/c-plus-plus-programming/practice-mcq-question-on-functions-and-procedures-in-c-plus-plus/?page=9,
C++ / OOP,functions and procedures in c plus plus,To which does the function pointer point to?,variable,constants,function,absolute variables,C,,medium,web:Examveda.com https://www.examveda.com/c-plus-plus-programming/practice-mcq-question-on-functions-and-procedures-in-c-plus-plus/?page=9,
C++ / OOP,functions and procedures in c plus plus,What will happen when the handler is not found for an exception?,calls the standard library function terminate(),raise an error,executes the remaining block,raise an error and executes the remaining block,A,,medium,web:Examveda.com https://www.examveda.com/c-plus-plus-programming/practice-mcq-question-on-functions-and-procedures-in-c-plus-plus/?page=9,
C++ / OOP,functions and procedures in c plus plus,"What will be the output of the following C++ code? 
#include <iostream>
using namespace std;
int func(int m = 10, int n)
{
 int c;
 c = m + n;
 return c;
}
int main()
{
 cout << func(5);
 return 0;
}",15,10,compile time error,30,C,,medium,web:Examveda.com https://www.examveda.com/c-plus-plus-programming/practice-mcq-question-on-functions-and-procedures-in-c-plus-plus/?page=9,
C++ / OOP,functions and procedures in c plus plus,Which of the following permits function overloading on c++?,type,number of arguments,type & number of arguments,number of objects,C,,medium,web:Examveda.com https://www.examveda.com/c-plus-plus-programming/practice-mcq-question-on-functions-and-procedures-in-c-plus-plus/?page=9,
C++ / OOP,functions and procedures in c plus plus,"What happens to a function defined inside a class without any complex operations (like looping, a large number of lines, etc)?",It becomes a virtual function of the class,It becomes a default calling function of the class,It becomes an inline function of the class,The program gives an error,C,,medium,web:Examveda.com https://www.examveda.com/c-plus-plus-programming/practice-mcq-question-on-functions-and-procedures-in-c-plus-plus/?page=9,
C++ / OOP,functions and procedures in c plus plus,Which of the following feature is used in function overloading and function with default argument?,Encapsulation,Polymorphism,Abstraction,Modularity,B,,medium,web:Examveda.com https://www.examveda.com/c-plus-plus-programming/practice-mcq-question-on-functions-and-procedures-in-c-plus-plus/?page=9,
C++ / OOP,functions and procedures in c plus plus,"What will be the output of the following C++ code? 
#include <iostream>
using namespace std;
int mult (int x, int y)
{
 int result;
 result = 0;
 while (y != 0) 
 {
 result = result + x;
 y = y - 1;
 }
 return(result);
}
int main ()
{
 int x = 5, y = 5;
 cout << mult(x, y) ;
 return(0);
}",20,25,30,35,B,,medium,web:Examveda.com https://www.examveda.com/c-plus-plus-programming/practice-mcq-question-on-functions-and-procedures-in-c-plus-plus/?page=9,
C++ / OOP,functions and procedures in c plus plus,An inline function is expanded during . . . . . . . .,compile-time,run-time,never expanded,end of the program,A,,medium,web:Examveda.com https://www.examveda.com/c-plus-plus-programming/practice-mcq-question-on-functions-and-procedures-in-c-plus-plus/?page=9,
C++ / OOP,functions and procedures in c plus plus,What is the mandatory part to present in function pointers?,&,return values,data types,$,C,,medium,web:Examveda.com https://www.examveda.com/c-plus-plus-programming/practice-mcq-question-on-functions-and-procedures-in-c-plus-plus/?page=10,
C++ / OOP,functions and procedures in c plus plus,Where does the return statement returns the execution of the program?,main function,caller function,same function,block function,B,,medium,web:Examveda.com https://www.examveda.com/c-plus-plus-programming/practice-mcq-question-on-functions-and-procedures-in-c-plus-plus/?page=10,
C++ / OOP,functions and procedures in c plus plus,What is the other name of the macro?,scripted directive,executed directive,link directive,executed & link directive,A,,medium,web:Examveda.com https://www.examveda.com/c-plus-plus-programming/practice-mcq-question-on-functions-and-procedures-in-c-plus-plus/?page=10,
C++ / OOP,functions and procedures in c plus plus,"What will be the output of the following C++ code? 
#include <iostream>
#include <stdarg.h>
using namespace std;
int flue(char c,...);
int main()
{
 int x, y;
 x = flue('A', 1, 2, 3);
 y = flue('1', 1.0,1, '1', 1.0f, 1l);
 cout << x << y;
 return 0;
}
int flue(char c,...)
{
 return c;
}",6549,4965,6646,compile time error,A,,medium,web:Examveda.com https://www.examveda.com/c-plus-plus-programming/practice-mcq-question-on-functions-and-procedures-in-c-plus-plus/?page=10,
C++ / OOP,functions and procedures in c plus plus,What is the general syntax for accessing the namespace variable?,namespace::operator,"namespace,operator",namespace#operator,namespace$operator,A,,medium,web:Examveda.com https://www.examveda.com/c-plus-plus-programming/practice-mcq-question-on-functions-and-procedures-in-c-plus-plus/?page=10,
C++ / OOP,functions and procedures in c plus plus,What will you use if you are not intended to get a return value?,static,const,volatile,void,D,,medium,web:Examveda.com https://www.examveda.com/c-plus-plus-programming/practice-mcq-question-on-functions-and-procedures-in-c-plus-plus/?page=10,
C++ / OOP,functions and procedures in c plus plus,From which function the execution of a C++ program starts?,start() function,main() function,new() function,end() function,B,,medium,web:Examveda.com https://www.examveda.com/c-plus-plus-programming/practice-mcq-question-on-functions-and-procedures-in-c-plus-plus/?page=10,
C++ / OOP,functions and procedures in c plus plus,Which value will it take when both user and default values are given?,user value,default value,custom value,defined value,A,,medium,web:Examveda.com https://www.examveda.com/c-plus-plus-programming/practice-mcq-question-on-functions-and-procedures-in-c-plus-plus/?page=10,
C++ / OOP,functions and procedures in c plus plus,which of the following is used to terminate the function declaration?,:,),;,],C,,medium,web:Examveda.com https://www.examveda.com/c-plus-plus-programming/practice-mcq-question-on-functions-and-procedures-in-c-plus-plus/?page=10,
C++ / OOP,functions and procedures in c plus plus,"What will be the output of the following C++ code? 
#include <iostream>
using namespace std;
int Add(int X, int Y, int Z)
{
 return X + Y;
}
double Add(double X, double Y, double Z)
{
 return X + Y;
}
int main()
{
 cout << Add(5, 6);
 cout << Add(5.5, 6.6);
 return 0;
}",11 12.1,12.1 11,11 12,compile time error,D,,medium,web:Examveda.com https://www.examveda.com/c-plus-plus-programming/practice-mcq-question-on-functions-and-procedures-in-c-plus-plus/?page=10,
C++ / OOP,arrays and strings in c plus plus,What is the correct way to declare a one-dimensional array in C++?,int* arr = new int[size];,int[] arr = new int[size];,int arr = new int[size];,int arr[size];,D,,medium,web:Examveda.com https://www.examveda.com/c-plus-plus-programming/practice-mcq-question-on-arrays-and-strings-in-c-plus-plus/,
C++ / OOP,arrays and strings in c plus plus,How do you access the third element of an array named 'arr' in C++?,arr(3),arr[3],arr[2],arr(2),C,,medium,web:Examveda.com https://www.examveda.com/c-plus-plus-programming/practice-mcq-question-on-arrays-and-strings-in-c-plus-plus/,
C++ / OOP,arrays and strings in c plus plus,What is the size of the following array declaration in C++: char str[10];?,11,10,Depends on the length of the string assigned to 'str',None of these,B,,medium,web:Examveda.com https://www.examveda.com/c-plus-plus-programming/practice-mcq-question-on-arrays-and-strings-in-c-plus-plus/,
C++ / OOP,arrays and strings in c plus plus,What is the purpose of the 'strlen()' function in C++?,Concatenates two strings,Compares two strings,Returns the length of a null-terminated string,Copies a string to another string,C,,medium,web:Examveda.com https://www.examveda.com/c-plus-plus-programming/practice-mcq-question-on-arrays-and-strings-in-c-plus-plus/,
C++ / OOP,arrays and strings in c plus plus,How do you initialize all elements of an integer array named 'arr' to zero in C++?,arr[] = {0};,arr = {0};,arr.fill(0);,for (int i = 0; i < size; ++i) { arr[i] = 0; },D,,medium,web:Examveda.com https://www.examveda.com/c-plus-plus-programming/practice-mcq-question-on-arrays-and-strings-in-c-plus-plus/,
C++ / OOP,arrays and strings in c plus plus,What is the correct syntax for declaring a two-dimensional array in C++?,int arr[rowSize][colSize];,int arr = new int[rowSize][colSize];,int[] arr[rowSize][colSize];,int* arr[rowSize][colSize];,A,,medium,web:Examveda.com https://www.examveda.com/c-plus-plus-programming/practice-mcq-question-on-arrays-and-strings-in-c-plus-plus/,
C++ / OOP,arrays and strings in c plus plus,Which of the following statements is true about C-style strings in C++?,They must be declared using the 'string' keyword,They are objects of the 'string' class,They can have variable lengths,They are represented as arrays of characters terminated by a null character,D,,medium,web:Examveda.com https://www.examveda.com/c-plus-plus-programming/practice-mcq-question-on-arrays-and-strings-in-c-plus-plus/,
C++ / OOP,arrays and strings in c plus plus,"What is the output of the following code: char str[] = ""Hello""; cout << str[5]; in C++?",H,o,Undefined behavior,Compilation error,C,,medium,web:Examveda.com https://www.examveda.com/c-plus-plus-programming/practice-mcq-question-on-arrays-and-strings-in-c-plus-plus/,
C++ / OOP,arrays and strings in c plus plus,How do you determine the length of a C-style string in C++?,Subtracting the address of the first character from the last,Using the 'strlen()' function,Counting the number of elements in the array,None of the above,B,,medium,web:Examveda.com https://www.examveda.com/c-plus-plus-programming/practice-mcq-question-on-arrays-and-strings-in-c-plus-plus/,
C++ / OOP,arrays and strings in c plus plus,What is the correct way to pass an array as an argument to a function in C++?,By declaring the array as global,By passing the array itself,Using a pointer to the array,By passing each element of the array individually,C,,medium,web:Examveda.com https://www.examveda.com/c-plus-plus-programming/practice-mcq-question-on-arrays-and-strings-in-c-plus-plus/,
C++ / OOP,arrays and strings in c plus plus,What does the 'strcpy()' function do in C++?,Concatenates two strings,Compares two strings,Returns the length of a string,Copies one string to another,D,,medium,web:Examveda.com https://www.examveda.com/c-plus-plus-programming/practice-mcq-question-on-arrays-and-strings-in-c-plus-plus/?page=2,
C++ / OOP,arrays and strings in c plus plus,"What is the output of the following code: char str[] = ""Hello""; cout << sizeof(str); in C++?",6,5,4,Compilation error,A,,medium,web:Examveda.com https://www.examveda.com/c-plus-plus-programming/practice-mcq-question-on-arrays-and-strings-in-c-plus-plus/?page=2,
C++ / OOP,arrays and strings in c plus plus,What is the correct way to initialize a string object named 'str' in C++?,"str(""Hello"");","str = new string(""Hello"");","str = ""Hello"";","string str = ""Hello"";",D,,medium,web:Examveda.com https://www.examveda.com/c-plus-plus-programming/practice-mcq-question-on-arrays-and-strings-in-c-plus-plus/?page=2,
C++ / OOP,arrays and strings in c plus plus,What is the purpose of the 'strcat()' function in C++?,Compares two strings,Copies one string to another,Concatenates two strings,Returns the length of a string,C,,medium,web:Examveda.com https://www.examveda.com/c-plus-plus-programming/practice-mcq-question-on-arrays-and-strings-in-c-plus-plus/?page=2,
C++ / OOP,arrays and strings in c plus plus,"What is the output of the following code: char str[] = ""Hello""; cout << str; in C++?",Compilation error,Hello,Undefined behavior,None of the above,B,,medium,web:Examveda.com https://www.examveda.com/c-plus-plus-programming/practice-mcq-question-on-arrays-and-strings-in-c-plus-plus/?page=2,
C++ / OOP,arrays and strings in c plus plus,Which of the following correctly initializes a two-dimensional array named matrix in C++ with dimensions 3x3?,"int matrix[3][3] = {[1, 4, 7], [2, 5, 8], [3, 6, 9]};","int matrix[3][3] = {[1, 2, 3], [4, 5, 6], [7, 8, 9]};","int matrix[3][3] = {{1, 2, 3}, {4, 5, 6}, {7, 8, 9}};","int matrix[3][3] = {1, 2, 3, 4, 5, 6, 7, 8, 9};",C,,medium,web:Examveda.com https://www.examveda.com/c-plus-plus-programming/practice-mcq-question-on-arrays-and-strings-in-c-plus-plus/?page=2,
C++ / OOP,arrays and strings in c plus plus,"What is the output of the following code snippet in C++? int arr[] = {1, 2, 3, 4, 5}; cout << arr[5];",5,0,Compilation error,Undefined behavior,D,,medium,web:Examveda.com https://www.examveda.com/c-plus-plus-programming/practice-mcq-question-on-arrays-and-strings-in-c-plus-plus/?page=2,
C++ / OOP,arrays and strings in c plus plus,"Which of the following correctly defines a string variable named name initialized with the value ""John"" in C++?","string name = ""John"";","char name[] = ""John"";","char* name = ""John"";","string name(""John"");",A,,medium,web:Examveda.com https://www.examveda.com/c-plus-plus-programming/practice-mcq-question-on-arrays-and-strings-in-c-plus-plus/?page=2,
C++ / OOP,arrays and strings in c plus plus,What is the purpose of the 'strcmp()' function in C++?,Returns the length of a C-style string,Copies one C-style string to another,Concatenates two C-style strings,Compares two C-style strings,D,,medium,web:Examveda.com https://www.examveda.com/c-plus-plus-programming/practice-mcq-question-on-arrays-and-strings-in-c-plus-plus/?page=2,
C++ / OOP,arrays and strings in c plus plus,Which of the following correctly declares an array of 10 integers in C++ and initializes all elements to zero?,int arr[10] = {};,int arr[10]; for(int i = 0; i < 10; ++i) arr[i] = 0;,int arr[10] = {0};,"int arr[10] = {0, 0, 0, 0, 0, 0, 0, 0, 0, 0};",C,,medium,web:Examveda.com https://www.examveda.com/c-plus-plus-programming/practice-mcq-question-on-arrays-and-strings-in-c-plus-plus/?page=2,
C++ / OOP,arrays and strings in c plus plus,"What is the output of the following code snippet in C++? char str[] = ""Hello""; cout << str[4];",e,o,Undefined behavior,l,B,,medium,web:Examveda.com https://www.examveda.com/c-plus-plus-programming/practice-mcq-question-on-arrays-and-strings-in-c-plus-plus/?page=3,
C++ / OOP,arrays and strings in c plus plus,"In C++, which function is used to read a string with spaces using cin?",cin.getline(str);,"scanf(""%s"", str);","getline(cin, str);",cin >> str;,C,,medium,web:Examveda.com https://www.examveda.com/c-plus-plus-programming/practice-mcq-question-on-arrays-and-strings-in-c-plus-plus/?page=3,
C++ / OOP,arrays and strings in c plus plus,What is the correct way to access the fifth character in a string variable named text in C++?,text(5),text[5],text.charAt(5),text[4],D,,medium,web:Examveda.com https://www.examveda.com/c-plus-plus-programming/practice-mcq-question-on-arrays-and-strings-in-c-plus-plus/?page=3,
C++ / OOP,arrays and strings in c plus plus,What is the purpose of the 'toupper()' function in C++?,Converts a character to uppercase,Converts a character to lowercase,Compares two characters,Returns the length of a string,A,,medium,web:Examveda.com https://www.examveda.com/c-plus-plus-programming/practice-mcq-question-on-arrays-and-strings-in-c-plus-plus/?page=3,
C++ / OOP,arrays and strings in c plus plus,"What is the output of the following code snippet in C++? char str[] = ""Hello""; cout << sizeof(str);",Compilation error,4,5,6,D,,medium,web:Examveda.com https://www.examveda.com/c-plus-plus-programming/practice-mcq-question-on-arrays-and-strings-in-c-plus-plus/?page=3,
C++ / OOP,arrays and strings in c plus plus,"What is the correct way to declare a string object named myString and initialize it with the value ""Welcome"" in C++?","myString(""Welcome"");","string myString = ""Welcome"";","char myString[] = ""Welcome"";",None of the above,B,,medium,web:Examveda.com https://www.examveda.com/c-plus-plus-programming/practice-mcq-question-on-arrays-and-strings-in-c-plus-plus/?page=3,
C++ / OOP,arrays and strings in c plus plus,What does the 'strncpy()' function do in C++?,Returns the length of a string,Compares two strings,Copies a specified number of characters from one string to another,Concatenates two strings,C,,medium,web:Examveda.com https://www.examveda.com/c-plus-plus-programming/practice-mcq-question-on-arrays-and-strings-in-c-plus-plus/?page=3,
C++ / OOP,arrays and strings in c plus plus,What is the purpose of the 'strtok()' function in C++?,Converts a string to lowercase,Returns the length of a string,Concatenates two strings,Tokenizes a string based on a delimiter,D,,medium,web:Examveda.com https://www.examveda.com/c-plus-plus-programming/practice-mcq-question-on-arrays-and-strings-in-c-plus-plus/?page=3,
C++ / OOP,arrays and strings in c plus plus,Which of the following statements is true about array indices in C++?,Array indices must be of type 'int',Array indices can be negative,Array indices start from 0,Array indices start from 1,C,,medium,web:Examveda.com https://www.examveda.com/c-plus-plus-programming/practice-mcq-question-on-arrays-and-strings-in-c-plus-plus/?page=3,
C++ / OOP,arrays and strings in c plus plus,What is the correct way to access the last element of an array named arr in C++?,arr[end],arr[-1],arr[size],arr[size - 1],D,,medium,web:Examveda.com https://www.examveda.com/c-plus-plus-programming/practice-mcq-question-on-arrays-and-strings-in-c-plus-plus/?page=3,
C++ / OOP,arrays and strings in c plus plus,How do you declare a multidimensional array with 3 rows and 4 columns in C++?,int arr[3][4] = {0};,"int arr[3, 4];","int arr[][] = { {1, 2, 3, 4}, {5, 6, 7, 8}, {9, 10, 11, 12} }",int arr[3][4];,D,,medium,web:Examveda.com https://www.examveda.com/c-plus-plus-programming/practice-mcq-question-on-arrays-and-strings-in-c-plus-plus/?page=4,
C++ / OOP,arrays and strings in c plus plus,What is the output of the following code: char str[10]; cout << sizeof(str); in C++?,9,11,10,Compilation error,C,,medium,web:Examveda.com https://www.examveda.com/c-plus-plus-programming/practice-mcq-question-on-arrays-and-strings-in-c-plus-plus/?page=4,
C++ / OOP,arrays and strings in c plus plus,Which function is used to find the first occurrence of a specified substring within a string in C++?,strfind(),strstr(),substr(),None of the above,B,,medium,web:Examveda.com https://www.examveda.com/c-plus-plus-programming/practice-mcq-question-on-arrays-and-strings-in-c-plus-plus/?page=4,
C++ / OOP,arrays and strings in c plus plus,"What is the output of the following code: char str[] = ""Hello""; cout << str[0] << str[4]; in C++?",Undefined behavior,Compilation error,Ho,ello,C,,medium,web:Examveda.com https://www.examveda.com/c-plus-plus-programming/practice-mcq-question-on-arrays-and-strings-in-c-plus-plus/?page=4,
C++ / OOP,arrays and strings in c plus plus,"In C++, what is the purpose of the 'cin.getline()' function?",Reads a character from standard input,Reads a word from standard input,Reads a string from standard input,Reads a line of text from standard input,D,,medium,web:Examveda.com https://www.examveda.com/c-plus-plus-programming/practice-mcq-question-on-arrays-and-strings-in-c-plus-plus/?page=4,
C++ / OOP,arrays and strings in c plus plus,How do you declare a string object named 'text' in C++?,string text;,string text();,string text{};,"string text = """";",A,,medium,web:Examveda.com https://www.examveda.com/c-plus-plus-programming/practice-mcq-question-on-arrays-and-strings-in-c-plus-plus/?page=4,
C++ / OOP,arrays and strings in c plus plus,What is the correct syntax for declaring an array of 5 integers in C++?,"int arr{} = {1, 2, 3, 4, 5};",int[] arr = new int[5];,"int arr[] = {1, 2, 3, 4, 5};",int arr[5];,D,,medium,web:Examveda.com https://www.examveda.com/c-plus-plus-programming/practice-mcq-question-on-arrays-and-strings-in-c-plus-plus/?page=4,
C++ / OOP,arrays and strings in c plus plus,What is the purpose of the 'cin.ignore()' function in C++?,Ignores the next character in the input buffer,Ignores the previous character in the input buffer,Clears the input buffer,Reads a character from the input buffer and discards it,C,,medium,web:Examveda.com https://www.examveda.com/c-plus-plus-programming/practice-mcq-question-on-arrays-and-strings-in-c-plus-plus/?page=4,
C++ / OOP,arrays and strings in c plus plus,"What is the output of the following code: char str[] = ""Hello""; cout << strlen(str); in C++?",Hello,5,Compilation error,Runtime error,B,,medium,web:Examveda.com https://www.examveda.com/c-plus-plus-programming/practice-mcq-question-on-arrays-and-strings-in-c-plus-plus/?page=4,
C++ / OOP,arrays and strings in c plus plus,What is the correct syntax to declare a string literal in C++?,"const char* str = ""Hello"";","string str = ""Hello"";","char* str = ""Hello"";","char str[] = ""Hello"";",A,,medium,web:Examveda.com https://www.examveda.com/c-plus-plus-programming/practice-mcq-question-on-arrays-and-strings-in-c-plus-plus/?page=4,
C++ / OOP,arrays and strings in c plus plus,How do you access the element at the second row and third column of a two-dimensional array named 'matrix' in C++?,"matrix(3, 2)",matrix[3][2],"matrix(2, 3)",matrix[2][3],D,,medium,web:Examveda.com https://www.examveda.com/c-plus-plus-programming/practice-mcq-question-on-arrays-and-strings-in-c-plus-plus/?page=5,
C++ / OOP,arrays and strings in c plus plus,Which of the following is true regarding the declaration of a string in C++ using the char array?,It can be initialized using the assignment operator,It cannot be modified after initialization,It requires a null character at the end,It automatically allocates memory for the null character,C,,medium,web:Examveda.com https://www.examveda.com/c-plus-plus-programming/practice-mcq-question-on-arrays-and-strings-in-c-plus-plus/?page=5,
C++ / OOP,arrays and strings in c plus plus,Which is an instantiation of the basic_string class template?,Character,String class,Memory,Iterator,B,,medium,web:Examveda.com https://www.examveda.com/c-plus-plus-programming/practice-mcq-question-on-arrays-and-strings-in-c-plus-plus/?page=5,
C++ / OOP,arrays and strings in c plus plus,"What will be the output of the following C++ code? 
#include <iostream>
#include <string>
using namespace std;
int main ()
{
 string str=""Steve Jobs founded the apple"";
 string str2 = str.substr (6, 4);
 unsigned pos = str.find(""the"");
 string str3 = str.substr (pos);
 cout << str2 << ' ' << str3 << '\n';
 return 0;
}",Jobs the apple,the apple,Steve,Jobs,A,,medium,web:Examveda.com https://www.examveda.com/c-plus-plus-programming/practice-mcq-question-on-arrays-and-strings-in-c-plus-plus/?page=5,
C++ / OOP,arrays and strings in c plus plus,"What will be the output of the following C++ code? 
#include <stdio.h>
#include<iostream>
using namespace std;
int main()
{
 int a = 5, b = 10, c = 15;
 int arr[3] = {&a, &b, &c};
 cout << *arr[*arr[1] - 8];
 return 0;
}",15,18,garbage value,compile time error,D,,medium,web:Examveda.com https://www.examveda.com/c-plus-plus-programming/practice-mcq-question-on-arrays-and-strings-in-c-plus-plus/?page=5,
C++ / OOP,arrays and strings in c plus plus,"What will be the output of the following C++ code? 
#include <iostream>
#include <string>
using namespace std;
int main ()
{
 string str (""Steve jobs"");
 cout << str.length();
 return 0;
}",8,10,12,9,B,,medium,web:Examveda.com https://www.examveda.com/c-plus-plus-programming/practice-mcq-question-on-arrays-and-strings-in-c-plus-plus/?page=5,
C++ / OOP,arrays and strings in c plus plus,What will happen if a string is empty?,It can't be created,Raises an error,It can be used,It cannot be used,C,,medium,web:Examveda.com https://www.examveda.com/c-plus-plus-programming/practice-mcq-question-on-arrays-and-strings-in-c-plus-plus/?page=5,
C++ / OOP,arrays and strings in c plus plus,How many parameters can a resize method take?,1,2,1 or 2,None of the above,C,,medium,web:Examveda.com https://www.examveda.com/c-plus-plus-programming/practice-mcq-question-on-arrays-and-strings-in-c-plus-plus/?page=5,
C++ / OOP,arrays and strings in c plus plus,"What will be the output of the following C++ code? 
#include <stdio.h>
#include <iostream>
using namespace std;
int main()
{
 int array[] = {10, 20, 30};
 cout << -2[array];
 return 0;
}",-15,-30,compile time error,garbage value,B,,medium,web:Examveda.com https://www.examveda.com/c-plus-plus-programming/practice-mcq-question-on-arrays-and-strings-in-c-plus-plus/?page=5,
C++ / OOP,arrays and strings in c plus plus,What is the difference between unsigned int length() and unsigned int size()?,Returns a different value,They are same,Returns a different value but they are same,Returns a length,B,,medium,web:Examveda.com https://www.examveda.com/c-plus-plus-programming/practice-mcq-question-on-arrays-and-strings-in-c-plus-plus/?page=5,
C++ / OOP,arrays and strings in c plus plus,How does the strings are stored in the memory?,Contiguous,Non-contiguous,Null,sequence,A,,medium,web:Examveda.com https://www.examveda.com/c-plus-plus-programming/practice-mcq-question-on-arrays-and-strings-in-c-plus-plus/?page=6,
C++ / OOP,arrays and strings in c plus plus,"What will be the output of the following C++ code? 
#include <stdio.h>
#include<iostream>
using namespace std;
int array1[] = {1200, 200, 2300, 1230, 1543};
int array2[] = {12, 14, 16, 18, 20};
int temp, result = 0;
int main()
{
 for (temp = 0; temp < 5; temp++) 
 {
 result += array1[temp];
 }
 for (temp = 0; temp < 4; temp++)
 {
 result += array2[temp];
 }
 cout << result;
 return 0;
}",6553,6533,6522,12200,B,,medium,web:Examveda.com https://www.examveda.com/c-plus-plus-programming/practice-mcq-question-on-arrays-and-strings-in-c-plus-plus/?page=6,
C++ / OOP,arrays and strings in c plus plus,"What will be the output of the following C++ code? 
#include <iostream>
#include <string>
using namespace std;
int main ()
{
 string str (""Steve jobs"");
 cout << str.capacity() << ""\n"";
 return 0;
}",9,10,11,Not Fix,D,,medium,web:Examveda.com https://www.examveda.com/c-plus-plus-programming/practice-mcq-question-on-arrays-and-strings-in-c-plus-plus/?page=6,
C++ / OOP,arrays and strings in c plus plus,How many maximum number of parameters does a string constructor can take?,1,2,3,4,C,,medium,web:Examveda.com https://www.examveda.com/c-plus-plus-programming/practice-mcq-question-on-arrays-and-strings-in-c-plus-plus/?page=6,
C++ / OOP,arrays and strings in c plus plus,"What will be the output of the following C++ code? 
#include <iostream>
#include <string>
using namespace std;
int main ()
{
 string str;
 string str2=""Steve jobs"";
 string str3=""He founded apple"";
 str.append(str2);
 str.append(str3, 6, 3);
 str.append(str3.begin() + 6, str3.end());
 str.append(5,0x2e);
 cout << str << '\n';
 return 0;
}",Steve jobs,He founded apple,Steve,Steve jobsndended apple.....,D,,medium,web:Examveda.com https://www.examveda.com/c-plus-plus-programming/practice-mcq-question-on-arrays-and-strings-in-c-plus-plus/?page=6,
C++ / OOP,arrays and strings in c plus plus,Which of the following accesses the seventh element stored in array?,array[6];,array[7];,array(7);,array;,A,,medium,web:Examveda.com https://www.examveda.com/c-plus-plus-programming/practice-mcq-question-on-arrays-and-strings-in-c-plus-plus/?page=6,
C++ / OOP,arrays and strings in c plus plus,What is the correct definition of an array?,An array is a series of elements of the same type in contiguous memory locations,An array is a series of element,An array is a series of elements of the same type placed in non-contiguous memory locations,An array is an element of the different type,A,,medium,web:Examveda.com https://www.examveda.com/c-plus-plus-programming/practice-mcq-question-on-arrays-and-strings-in-c-plus-plus/?page=6,
C++ / OOP,arrays and strings in c plus plus,Which of the following gives the memory address of the first element in array?,array[0];,array[1];,array(2);,array;,D,,medium,web:Examveda.com https://www.examveda.com/c-plus-plus-programming/practice-mcq-question-on-arrays-and-strings-in-c-plus-plus/?page=6,
C++ / OOP,arrays and strings in c plus plus,Which character is used to terminate the string?,$,Null,Empty,@,B,,medium,web:Examveda.com https://www.examveda.com/c-plus-plus-programming/practice-mcq-question-on-arrays-and-strings-in-c-plus-plus/?page=6,
C++ / OOP,arrays and strings in c plus plus,Where are the strings stored?,Stack,Heap,Both Stack & Heap,Queue,C,,medium,web:Examveda.com https://www.examveda.com/c-plus-plus-programming/practice-mcq-question-on-arrays-and-strings-in-c-plus-plus/?page=6,
C++ / OOP,arrays and strings in c plus plus,"What will be the output of the following C++ code? 
#include <iostream>
#include <string>
using namespace std;
int main ()
{
 string str (""I like to code in C"");
 unsigned sz = str.size();
 str.resize (sz + 2, '+');
 str.resize (14);
 cout << str << '\n';
 return 0;
}",I like to code in c,I like to code,I like to code in c++,I like to codeI like to code,B,,medium,web:Examveda.com https://www.examveda.com/c-plus-plus-programming/practice-mcq-question-on-arrays-and-strings-in-c-plus-plus/?page=7,
C++ / OOP,arrays and strings in c plus plus,"What will be the output of the following C++ code? 
#include <iostream> 
#include <cstring>
#include <string>
using namespace std;
int main () 
{
 string str (""Steve jobs"");
 char * cstr = new char [str.length() + 1];
 strcpy (cstr, str.c_str());
 char * p = strtok (cstr,"" "");
 while (p != 0)
 {
 cout << p << '\n';
 p = strtok(NULL,"" "");
 }
 delete[] cstr;
 return 0;
}",Steve jo,Steve jobs,"Steve 
jobs",Error,C,,medium,web:Examveda.com https://www.examveda.com/c-plus-plus-programming/practice-mcq-question-on-arrays-and-strings-in-c-plus-plus/?page=7,
C++ / OOP,arrays and strings in c plus plus,Which constant member functions does not modify the string?,bool empty(),assign,append,delete,A,,medium,web:Examveda.com https://www.examveda.com/c-plus-plus-programming/practice-mcq-question-on-arrays-and-strings-in-c-plus-plus/?page=7,
C++ / OOP,arrays and strings in c plus plus,"What will be the output of the following C++ code? 
#include <stdio.h>
#include <iostream>
using namespace std;
int main()
{
 char str[5] = ""ABC"";
 cout << str[3];
 cout << str;
 return 0;
}",ABC,ABCD,AB,AC,A,,medium,web:Examveda.com https://www.examveda.com/c-plus-plus-programming/practice-mcq-question-on-arrays-and-strings-in-c-plus-plus/?page=7,
C++ / OOP,arrays and strings in c plus plus,What is the index number of the last element of an array with 9 elements?,9,8,0,Programmer-defined,B,,medium,web:Examveda.com https://www.examveda.com/c-plus-plus-programming/practice-mcq-question-on-arrays-and-strings-in-c-plus-plus/?page=7,
C++ / OOP,arrays and strings in c plus plus,Which header file is used to manipulate the string?,iostream,iomanip,string,container,C,,medium,web:Examveda.com https://www.examveda.com/c-plus-plus-programming/practice-mcq-question-on-arrays-and-strings-in-c-plus-plus/?page=7,
C++ / OOP,arrays and strings in c plus plus,"What will be the output of the following C++ code? 
#include <iostream>
#include <string>
using namespace std;
int main ()
{
 string str (""Test string"");
 for ( string :: iterator it = str.begin(); it != 5; ++it)
 cout << *it;
 return 0;
}",Test,string,Test string,Error,D,,medium,web:Examveda.com https://www.examveda.com/c-plus-plus-programming/practice-mcq-question-on-arrays-and-strings-in-c-plus-plus/?page=7,
C++ / OOP,arrays and strings in c plus plus,"What will be the output of the following C++ code? 
#include <iostream>
#include <string>
using namespace std;
int main ()
{
 string str (""Steve jobs founded the apple"");
 string str2 (""apple"");
 unsigned found = str.find(str2);
 if (found != string :: npos)
 cout << found << '\n';
 return 0;
}",apple,12,23,Steve jobs founded the,C,,medium,web:Examveda.com https://www.examveda.com/c-plus-plus-programming/practice-mcq-question-on-arrays-and-strings-in-c-plus-plus/?page=7,
C++ / OOP,arrays and strings in c plus plus,"What will be the output of the following C++ code? 
#include <iostream>
#include <string>
using namespace std;
int main ()
{
 string name (""Jobs"");
 string family (""Steve"");
 name += "" Apple "";
 name += family;
 name += '\n';
 cout << name;
 return 0;
 }",Steve Jobs,Apple,Jobs Apple Steve,Apple Steve,C,,medium,web:Examveda.com https://www.examveda.com/c-plus-plus-programming/practice-mcq-question-on-arrays-and-strings-in-c-plus-plus/?page=7,
C++ / OOP,arrays and strings in c plus plus,Which of the following correctly declares an array?,int array[10];,int array;,array{10};,array array[10];,A,,medium,web:Examveda.com https://www.examveda.com/c-plus-plus-programming/practice-mcq-question-on-arrays-and-strings-in-c-plus-plus/?page=7,
C++ / OOP,arrays and strings in c plus plus,"What will be the output of the following C++ code? 
#include <stdio.h>
#include<iostream>
using namespace std;
int main ()
{
 int array[] = {0, 2, 4, 6, 7, 5, 3};
 int n, result = 0;
 for (n = 0; n < 8; n++) 
 {
 result += array[n];
 }
 cout << result;
 return 0;
}",25,26,27,21,C,,medium,web:Examveda.com https://www.examveda.com/c-plus-plus-programming/practice-mcq-question-on-arrays-and-strings-in-c-plus-plus/?page=8,
C++ / OOP,arrays and strings in c plus plus,"What will be the output of the following C++ code? 
#include <iostream>
#include <string>
using namespace std;
int main ()
{
 string str (""Steve jobs"");
 unsigned long int found = str.find_first_of(""aeiou"");
 while (found != string :: npos)
 {
 str[found] = '*';
 found = str.find_first_of(""aeiou"", found + 1);
 }
 cout << str << '\n';
 return 0;
}",Steve,jobs,St*v* j*bs,St*v*,C,,medium,web:Examveda.com https://www.examveda.com/c-plus-plus-programming/practice-mcq-question-on-arrays-and-strings-in-c-plus-plus/?page=8,
C++ / OOP,pointers and references in c plus plus,What is a pointer in C++?,A variable that stores the size of another variable,A variable that stores the address of another variable,A variable that stores a reference to another variable,None of the above,B,,medium,web:Examveda.com https://www.examveda.com/c-plus-plus-programming/practice-mcq-question-on-pointers-and-references-in-c-plus-plus/,
C++ / OOP,pointers and references in c plus plus,How do you declare a pointer variable in C++?,ptr *type;,type ptr;,type *ptr;,ptr type;,C,,medium,web:Examveda.com https://www.examveda.com/c-plus-plus-programming/practice-mcq-question-on-pointers-and-references-in-c-plus-plus/,
C++ / OOP,pointers and references in c plus plus,What is the output of the following code: int x = 5; int *ptr = &x; cout << *ptr; in C++?,Address of x,Garbage value,Compilation error,5,D,,medium,web:Examveda.com https://www.examveda.com/c-plus-plus-programming/practice-mcq-question-on-pointers-and-references-in-c-plus-plus/,
C++ / OOP,pointers and references in c plus plus,What is the correct syntax to dereference a pointer in C++?,*ptr,ptr*,&ptr,ptr,A,,medium,web:Examveda.com https://www.examveda.com/c-plus-plus-programming/practice-mcq-question-on-pointers-and-references-in-c-plus-plus/,
C++ / OOP,pointers and references in c plus plus,What is the purpose of the 'nullptr' keyword in C++?,Represents a null type,Represents a null value,Represents a null reference,Represents a null pointer,D,,medium,web:Examveda.com https://www.examveda.com/c-plus-plus-programming/practice-mcq-question-on-pointers-and-references-in-c-plus-plus/,
C++ / OOP,pointers and references in c plus plus,What does the 'nullptr' keyword replace in C++11 and later versions?,nullptr pointer,Null value,NULL pointer,Null reference,C,,medium,web:Examveda.com https://www.examveda.com/c-plus-plus-programming/practice-mcq-question-on-pointers-and-references-in-c-plus-plus/,
C++ / OOP,pointers and references in c plus plus,What is the purpose of the 'reference' in C++?,Value of an existing variable,Alias to an existing variable,Address of an existing variable,None of the above,B,,medium,web:Examveda.com https://www.examveda.com/c-plus-plus-programming/practice-mcq-question-on-pointers-and-references-in-c-plus-plus/,
C++ / OOP,pointers and references in c plus plus,What is the output of the following code: int x = 5; int &ref = x; cout << ref; in C++?,Compilation error,Garbage value,5,Address of x,C,,medium,web:Examveda.com https://www.examveda.com/c-plus-plus-programming/practice-mcq-question-on-pointers-and-references-in-c-plus-plus/,
C++ / OOP,pointers and references in c plus plus,What happens when a reference is declared but not initialized in C++?,Undefined behavior,Default-initialized to null,Initialized to a default value,Compilation error,D,,medium,web:Examveda.com https://www.examveda.com/c-plus-plus-programming/practice-mcq-question-on-pointers-and-references-in-c-plus-plus/,
C++ / OOP,pointers and references in c plus plus,How do you declare a reference variable in C++?,type &ref;,ref type;,type ref;,&type ref;,A,,medium,web:Examveda.com https://www.examveda.com/c-plus-plus-programming/practice-mcq-question-on-pointers-and-references-in-c-plus-plus/,
C++ / OOP,pointers and references in c plus plus,What is the purpose of a null pointer in C++?,Represents a pointer to a reserved memory location,Represents a pointer to a deleted object,Represents a pointer to a null object,Represents that the pointer does not point to a valid object,D,,medium,web:Examveda.com https://www.examveda.com/c-plus-plus-programming/practice-mcq-question-on-pointers-and-references-in-c-plus-plus/?page=2,
C++ / OOP,pointers and references in c plus plus,"What is the output of the following code: int arr[3] = {1, 2, 3}; int *ptr = arr; cout << *(ptr + 1); in C++?",1,3,2,Garbage value,C,,medium,web:Examveda.com https://www.examveda.com/c-plus-plus-programming/practice-mcq-question-on-pointers-and-references-in-c-plus-plus/?page=2,
C++ / OOP,pointers and references in c plus plus,What is a dangling pointer in C++?,A pointer that points to a null value,A pointer that points to a deallocated memory,A pointer that points to a reserved memory location,None of the above,B,,medium,web:Examveda.com https://www.examveda.com/c-plus-plus-programming/practice-mcq-question-on-pointers-and-references-in-c-plus-plus/?page=2,
C++ / OOP,pointers and references in c plus plus,What is the address-of operator in C++?,*,->,::,&,D,,medium,web:Examveda.com https://www.examveda.com/c-plus-plus-programming/practice-mcq-question-on-pointers-and-references-in-c-plus-plus/?page=2,
C++ / OOP,pointers and references in c plus plus,"What is the output of the following code: int arr[] = {1, 2, 3}; cout << *arr; in C++?",1,2,3,Compilation error,A,,medium,web:Examveda.com https://www.examveda.com/c-plus-plus-programming/practice-mcq-question-on-pointers-and-references-in-c-plus-plus/?page=2,
C++ / OOP,pointers and references in c plus plus,How do you declare a constant pointer to an integer variable in C++?,const int * const ptr;,const int *ptr;,const *int ptr;,int *const ptr;,D,,medium,web:Examveda.com https://www.examveda.com/c-plus-plus-programming/practice-mcq-question-on-pointers-and-references-in-c-plus-plus/?page=2,
C++ / OOP,pointers and references in c plus plus,What is a pointer to a pointer known as in C++?,Reference pointer,Pointer pointer,Double pointer,Nested pointer,C,,medium,web:Examveda.com https://www.examveda.com/c-plus-plus-programming/practice-mcq-question-on-pointers-and-references-in-c-plus-plus/?page=2,
C++ / OOP,pointers and references in c plus plus,What does the 'new' keyword do in C++?,Declares a new variable,Allocates memory dynamically,Returns the size of a variable,None of the above,B,,medium,web:Examveda.com https://www.examveda.com/c-plus-plus-programming/practice-mcq-question-on-pointers-and-references-in-c-plus-plus/?page=2,
C++ / OOP,pointers and references in c plus plus,What is a null reference in C++?,A reference with a null value,A reference initialized with nullptr,A reference that doesn't refer to any object,A reference that refers to a null object,C,,medium,web:Examveda.com https://www.examveda.com/c-plus-plus-programming/practice-mcq-question-on-pointers-and-references-in-c-plus-plus/?page=2,
C++ / OOP,pointers and references in c plus plus,"What is the output of the following code: int x = 10; int *ptr = &x; cout << *ptr << "" "" << ptr; in C++?",10 Memory address of x,10 Value of x,Compilation error,10 Address of x,D,,medium,web:Examveda.com https://www.examveda.com/c-plus-plus-programming/practice-mcq-question-on-pointers-and-references-in-c-plus-plus/?page=2,
C++ / OOP,pointers and references in c plus plus,What is the correct way to pass a pointer to a function in C++?,By reference,By value,By dereferencing the pointer,By declaring the pointer globally,A,,medium,web:Examveda.com https://www.examveda.com/c-plus-plus-programming/practice-mcq-question-on-pointers-and-references-in-c-plus-plus/?page=3,
C++ / OOP,pointers and references in c plus plus,What is a memory leak in C++?,Failure to allocate memory when needed,Allowing memory to be accessed by unauthorized users,Accessing an invalid memory location,Failure to deallocate memory after it's no longer needed,D,,medium,web:Examveda.com https://www.examveda.com/c-plus-plus-programming/practice-mcq-question-on-pointers-and-references-in-c-plus-plus/?page=3,
C++ / OOP,pointers and references in c plus plus,What is the purpose of the 'delete' keyword in C++?,Deletes a variable,Deletes a pointer,Deallocates memory dynamically,Deallocates memory statically,C,,medium,web:Examveda.com https://www.examveda.com/c-plus-plus-programming/practice-mcq-question-on-pointers-and-references-in-c-plus-plus/?page=3,
C++ / OOP,pointers and references in c plus plus,What does the 'nullptr' keyword signify when used as a pointer value in C++?,A pointer to a null reference,A null pointer,A pointer to a null object,None of the above,B,,medium,web:Examveda.com https://www.examveda.com/c-plus-plus-programming/practice-mcq-question-on-pointers-and-references-in-c-plus-plus/?page=3,
C++ / OOP,pointers and references in c plus plus,What is a pointer arithmetic in C++?,Assigning arithmetic expressions to a pointer,Using pointers to perform arithmetic operations,Performing arithmetic operations on pointers,Storing arithmetic operations in a pointer,C,,medium,web:Examveda.com https://www.examveda.com/c-plus-plus-programming/practice-mcq-question-on-pointers-and-references-in-c-plus-plus/?page=3,
C++ / OOP,pointers and references in c plus plus,What is the purpose of the 'this' pointer in C++?,Points to the next object instance,Points to the previous object instance,Points to the base class object instance,Points to the current object instance,D,,medium,web:Examveda.com https://www.examveda.com/c-plus-plus-programming/practice-mcq-question-on-pointers-and-references-in-c-plus-plus/?page=3,
C++ / OOP,pointers and references in c plus plus,What does the 'sizeof' operator return when used with a pointer variable in C++?,Size of the pointer variable,Size of the data type pointed to by the pointer,Address of the pointer variable,Address of the data pointed to by the pointer,B,,medium,web:Examveda.com https://www.examveda.com/c-plus-plus-programming/practice-mcq-question-on-pointers-and-references-in-c-plus-plus/?page=3,
C++ / OOP,pointers and references in c plus plus,What is the purpose of the 'const' keyword in a pointer declaration in C++?,Indicates that the pointer itself is constant,Indicates that the value pointed to is constant,Indicates that the pointer can be reassigned,Indicates that the pointer points to a constant value,B,,medium,web:Examveda.com https://www.examveda.com/c-plus-plus-programming/practice-mcq-question-on-pointers-and-references-in-c-plus-plus/?page=3,
C++ / OOP,pointers and references in c plus plus,"What is the output of the following code: int arr[3] = {1, 2, 3}; cout << *(arr + 2); in C++?",1,2,3,Compilation error,C,,medium,web:Examveda.com https://www.examveda.com/c-plus-plus-programming/practice-mcq-question-on-pointers-and-references-in-c-plus-plus/?page=3,
C++ / OOP,pointers and references in c plus plus,"What will be the output of the following C++ code? 
#include <iostream>
using namespace std;
int main()
{
 int const p = 5;
 cout << ++p;
 return 0;
}",5,6,Error,8,C,,medium,web:Examveda.com https://www.examveda.com/c-plus-plus-programming/practice-mcq-question-on-pointers-and-references-in-c-plus-plus/?page=4,
C++ / OOP,pointers and references in c plus plus,What we can't do on a void pointer?,pointer arithmetic,pointer functions,pointer objects,pointer functions & objects,A,,medium,web:Examveda.com https://www.examveda.com/c-plus-plus-programming/practice-mcq-question-on-pointers-and-references-in-c-plus-plus/?page=4,
C++ / OOP,pointers and references in c plus plus,"Choose the right option. 
string* x, y;","x is a pointer to a string, y is a string","y is a pointer to a string, x is a string",both x and y are pointers to string types,y is a pointer to a string,A,,medium,web:Examveda.com https://www.examveda.com/c-plus-plus-programming/practice-mcq-question-on-pointers-and-references-in-c-plus-plus/?page=4,
C++ / OOP,pointers and references in c plus plus,What is size of generic pointer in C++ (in 32-bit platform)?,2,4,8,0,B,,medium,web:Examveda.com https://www.examveda.com/c-plus-plus-programming/practice-mcq-question-on-pointers-and-references-in-c-plus-plus/?page=4,
C++ / OOP,pointers and references in c plus plus,"What will be the output of the following C++ code? 
#include <iostream>
using namespace std;
int main()
{
 int n = 5;
 void *p = &n;
 int *pi = static_cast<int*>(p);
 cout << *pi << endl;
 return 0;
}",5,6,compile time error,runtime error,A,,medium,web:Examveda.com https://www.examveda.com/c-plus-plus-programming/practice-mcq-question-on-pointers-and-references-in-c-plus-plus/?page=4,
C++ / OOP,pointers and references in c plus plus,"What will be the output of the following C++ code? 
#include <iostream>
#include <string>
#include <cstdlib>
 
using namespace std;
 
int main(int argc, char const *argv[])
{
 int a = 5;
 int &p = a;
 cout<<p;
 return 0;
}",5,Run-time error,Segmentation fault,Compile-time error,A,,medium,web:Examveda.com https://www.examveda.com/c-plus-plus-programming/practice-mcq-question-on-pointers-and-references-in-c-plus-plus/?page=4,
C++ / OOP,pointers and references in c plus plus,"The correct statement for a function that takes pointer to a float, a pointer to a pointer to a char and returns a pointer to a pointer to a integer is . . . . . . . .","int **fun(float**, char**)","int *fun(float*, char*)","int **fun(float*, char**)","int ***fun(*float, **char)",C,,medium,web:Examveda.com https://www.examveda.com/c-plus-plus-programming/practice-mcq-question-on-pointers-and-references-in-c-plus-plus/?page=4,
C++ / OOP,pointers and references in c plus plus,"What will be the output of the following C++ code? 
#include <iostream>
using namespace std;
void print (char * a)
{
 cout << a << endl;
}
int main ()
{
 const char * a = ""Hello world"";
 print(const_cast (a) );
 return 0;
}",Hello world,Hello,world,compile time error,A,,medium,web:Examveda.com https://www.examveda.com/c-plus-plus-programming/practice-mcq-question-on-pointers-and-references-in-c-plus-plus/?page=4,
C++ / OOP,pointers and references in c plus plus,Identify the incorrect statement.,Reference is the alternate name of the object,A reference value once defined can be reassigned,A reference value once defined cannot be reassigned,Reference is the alternate name of the variable,B,,medium,web:Examveda.com https://www.examveda.com/c-plus-plus-programming/practice-mcq-question-on-pointers-and-references-in-c-plus-plus/?page=4,
C++ / OOP,pointers and references in c plus plus,Which of the following function must use reference.,Assignment operator function,Copy Constructor,Destructor,Parameterized constructor,B,,medium,web:Examveda.com https://www.examveda.com/c-plus-plus-programming/practice-mcq-question-on-pointers-and-references-in-c-plus-plus/?page=4,
C++ / OOP,pointers and references in c plus plus,How are the constants declared?,const keyword,#define preprocessor,both const keyword and #define preprocessor,$define,C,,medium,web:Examveda.com https://www.examveda.com/c-plus-plus-programming/practice-mcq-question-on-pointers-and-references-in-c-plus-plus/?page=5,
C++ / OOP,pointers and references in c plus plus,"What will be the output of the following C++ code? 
#include <iostream>
#include <string>
#include <cstdlib>
 
using namespace std;
 
int main(int argc, char const *argv[])
{
 int a = 5;
 int *p = &a;
 int &q = a;
 cout<<p<<endl;
 cout<<q<<endl;
 return 0;
}",Address of a followed by 5 in next line,Address of p followed by 5 in next line,Address of a followed by Address of a in next line,Address of p followed by Address of q in next line,A,,medium,web:Examveda.com https://www.examveda.com/c-plus-plus-programming/practice-mcq-question-on-pointers-and-references-in-c-plus-plus/?page=5,
C++ / OOP,pointers and references in c plus plus,"What will be the output of the following C++ code? 
#include <iostream>
#include <string>
#include <cstdlib>
 
using namespace std;
 
int main(int argc, char const *argv[])
{
 int a = 5;
 int *p = &a;
 int &q = a;
 cout<<*p<<endl;
 cout<<*q<<endl;
 return 0;
}",Address of a followed by 5 in next line,Address of p followed by 5 in next line,Run time error,Compile time error,D,,medium,web:Examveda.com https://www.examveda.com/c-plus-plus-programming/practice-mcq-question-on-pointers-and-references-in-c-plus-plus/?page=5,
C++ / OOP,pointers and references in c plus plus,Pick the correct statement about references.,References can be assigned value NULL,References once assigned cannot be changed to refer another variable,Reference should not be initialized when created,Reference is the same as pointers,B,,medium,web:Examveda.com https://www.examveda.com/c-plus-plus-programming/practice-mcq-question-on-pointers-and-references-in-c-plus-plus/?page=5,
C++ / OOP,pointers and references in c plus plus,"What will be the output of the following C++ code? 
#include <iostream>
using namespace std;
int main ()
{
 int numbers[5];
 int * p;
 p = numbers; *p = 10;
 p++; *p = 20;
 p = &numbers[2]; *p = 30;
 p = numbers + 3; *p = 40;
 p = numbers; *(p + 4) = 50;
 for (int n = 0; n < 5; n++)
 cout << numbers[n] << "","";
 return 0;
}","10,20,30,40,50,",1020304050,compile error,runtime error,A,,medium,web:Examveda.com https://www.examveda.com/c-plus-plus-programming/practice-mcq-question-on-pointers-and-references-in-c-plus-plus/?page=5,
C++ / OOP,pointers and references in c plus plus,"What will be the output of the following C++ code? 
#include <iostream>
#include <string>
#include <cstdlib>
 
using namespace std;
 
void func(const int &a)
{
 int temp = 10;
 a = temp;
 cout<<a;
}
 
int main(int argc, char const *argv[])
{
 int a = 5;
 func(a);
 return 0;
}",5,10,Error,Segmentation fault,C,,medium,web:Examveda.com https://www.examveda.com/c-plus-plus-programming/practice-mcq-question-on-pointers-and-references-in-c-plus-plus/?page=5,
C++ / OOP,pointers and references in c plus plus,"What will be the output of the following C++ code? 
#include <iostream>
using namespace std;
int main()
{
 int i;
 char c;
 void *data;
 i = 2;
 c = 'd';
 data = &i;
 cout << ""the data points to the integer value"" << data;
 data = &c;
 cout << ""the data now points to the character"" << data;
 return 0;
}",2d,two memory addresses,3d,4d,B,,medium,web:Examveda.com https://www.examveda.com/c-plus-plus-programming/practice-mcq-question-on-pointers-and-references-in-c-plus-plus/?page=5,
C++ / OOP,pointers and references in c plus plus,"Regarding the following statement which of the statements is true? 
const int a = 100;",Declares a variable a with 100 as its initial value,Declares a construction a with 100 as its initial value,Declares a constant a whose value will be 100,Constructs an integer type variable with an as identifier and 100 as the value,C,,medium,web:Examveda.com https://www.examveda.com/c-plus-plus-programming/practice-mcq-question-on-pointers-and-references-in-c-plus-plus/?page=5,
C++ / OOP,pointers and references in c plus plus,"What will be the output of the following C++ code? 
#include <iostream>
using namespace std;
int main()
{
 char *ptr;
 char Str[] = ""abcdefg"";
 ptr = Str;
 ptr += 5;
 cout << ptr;
 return 0;
}",fg,cdef,defg,abcd,A,,medium,web:Examveda.com https://www.examveda.com/c-plus-plus-programming/practice-mcq-question-on-pointers-and-references-in-c-plus-plus/?page=5,
C++ / OOP,pointers and references in c plus plus,"What will be the output of the following C++ code? 
#include <iostream>
#include <string>
#include <cstdlib>
 
using namespace std;
 
int main(int argc, char const *argv[])
{
 int a = 5;
 int &q = a;
 cout<<&a<<endl;
 cout<<&q<<endl;
 return 0;
}","5 
5",Address of p followed by 5 in next line,5 followed by Address of a in next line,Address of a followed by Address of a in next line,D,,medium,web:Examveda.com https://www.examveda.com/c-plus-plus-programming/practice-mcq-question-on-pointers-and-references-in-c-plus-plus/?page=6,
C++ / OOP,pointers and references in c plus plus,The pointer can point to any variable that is not declared with which of these?,const,volatile,both const & volatile,static,C,,medium,web:Examveda.com https://www.examveda.com/c-plus-plus-programming/practice-mcq-question-on-pointers-and-references-in-c-plus-plus/?page=6,
C++ / OOP,pointers and references in c plus plus,"What will be the output of the following C++ code? 
#include <iostream>
using namespace std;
void swap(int &a, int &b);
int main()
{
 int a = 5, b = 10;
 swap(a, b);
 cout << ""In main "" << a << b;
 return 0;
}
void swap(int &a, int &b)
{
 int temp;
 temp = a;
 a = b;
 b = temp;
 cout << ""In swap "" << a << b;
}",In swap 105 In main 105,In swap 105 In main 510,In swap 510 In main 105,In swap 510 In main 510,A,,medium,web:Examveda.com https://www.examveda.com/c-plus-plus-programming/practice-mcq-question-on-pointers-and-references-in-c-plus-plus/?page=6,
C++ / OOP,pointers and references in c plus plus,"What will be the output of the following C++ code? 
#include <iostream>
using namespace std;
int main()
{
 int a = 5, b = 10, c = 15;
 int *arr[ ] = {&a, &b, &c};
 cout << arr[1];
 return 0;
}",5,10,15,it will return some random number,D,,medium,web:Examveda.com https://www.examveda.com/c-plus-plus-programming/practice-mcq-question-on-pointers-and-references-in-c-plus-plus/?page=6,
C++ / OOP,pointers and references in c plus plus,"What will be the output of the following C++ code? 
#include<iostream>
using namespace std;
 
int main()
{
 int x = 10;
 int& ref = x;
 ref = 20;
 cout << x << endl ;
 x = 30;
 cout << ref << endl;
 return 0;
}","20 
30","10 
10","10 
20","10 
30",A,,medium,web:Examveda.com https://www.examveda.com/c-plus-plus-programming/practice-mcq-question-on-pointers-and-references-in-c-plus-plus/?page=6,
C++ / OOP,pointers and references in c plus plus,"What will be the output of the following C++ code? 
#include <iostream>
using namespace std;
int main()
{
 int a[2][4] = {3, 6, 9, 12, 15, 18, 21, 24};
 cout << *(a[1] + 2) << *(*(a + 1) + 2) << 2[1[a]];
 return 0;
}",15 18 21,21 21 21,24 24 24,Compile time error,B,,medium,web:Examveda.com https://www.examveda.com/c-plus-plus-programming/practice-mcq-question-on-pointers-and-references-in-c-plus-plus/?page=6,
C++ / OOP,pointers and references in c plus plus,"What will be the output of the following C++ code? 
#include <iostream>
using namespace std;
int main()
{
 int i;
 const char *arr[] = {""C"", ""C++"", ""Java"", ""VBA""};
 const char *(*ptr)[4] = &arr;
 cout << ++(*ptr)[2];
 return 0;
}",ava,java,c++,compile time error,A,,medium,web:Examveda.com https://www.examveda.com/c-plus-plus-programming/practice-mcq-question-on-pointers-and-references-in-c-plus-plus/?page=6,
C++ / OOP,pointers and references in c plus plus,Pick the correct statement about references in C++.,References stores the address of variables,References and variables both have the same address,References use dereferencing operator(*) to access the value of variable its referencing,References were also available in C,B,,medium,web:Examveda.com https://www.examveda.com/c-plus-plus-programming/practice-mcq-question-on-pointers-and-references-in-c-plus-plus/?page=6,
C++ / OOP,pointers and references in c plus plus,A void pointer cannot point to which of these?,methods in c++,class member in c++,methods & class member in c++,none of the mentioned,D,,medium,web:Examveda.com https://www.examveda.com/c-plus-plus-programming/practice-mcq-question-on-pointers-and-references-in-c-plus-plus/?page=6,
C++ / OOP,pointers and references in c plus plus,Identify the correct sentence regarding inequality between reference and pointer.,we can not create the array of reference,we can create the Array of reference,we can use reference to reference,we can use variable,A,,medium,web:Examveda.com https://www.examveda.com/c-plus-plus-programming/practice-mcq-question-on-pointers-and-references-in-c-plus-plus/?page=6,
C++ / OOP,pointers and references in c plus plus,Which of the following is illegal?,int *ip;,"string s, *sp = 0;",int i; double* dp = &i;,int *pi = 0;,C,,medium,web:Examveda.com https://www.examveda.com/c-plus-plus-programming/practice-mcq-question-on-pointers-and-references-in-c-plus-plus/?page=7,
C++ / OOP,pointers and references in c plus plus,"What will be the output of the following C++ code? 
#include <iostream>
#include <string>
#include <cstdlib>
 
using namespace std;
 
int main(int argc, char const *argv[])
{
 int a = 5;
 int *p = &a;
 int *(&q) = p;
 cout<<q;
 return 0;
}",5,Address of pointer a,Address of pointer p,Error,B,,medium,web:Examveda.com https://www.examveda.com/c-plus-plus-programming/practice-mcq-question-on-pointers-and-references-in-c-plus-plus/?page=7,
C++ / OOP,pointers and references in c plus plus,Which one of the following is not a possible state for a pointer.,hold the address of the specific object,point one past the end of an object,zero,point to a type,D,,medium,web:Examveda.com https://www.examveda.com/c-plus-plus-programming/practice-mcq-question-on-pointers-and-references-in-c-plus-plus/?page=7,
C++ / OOP,pointers and references in c plus plus,Which value can we not assign to reference?,integer,floating,unsigned,null,D,,medium,web:Examveda.com https://www.examveda.com/c-plus-plus-programming/practice-mcq-question-on-pointers-and-references-in-c-plus-plus/?page=7,
C++ / OOP,pointers and references in c plus plus,"What will be the output of the following C++ code? 
#include <iostream> 
using namespace std;
int f(int &x, int c) 
{
 c = c - 1;
 if (c == 0) return 1;
 x = x + 1;
 return f(x, c) * x;
} 
int main(int argc, char const *argv[])
{
 int a = 4;
 cout<<f(a,a);
 return 0;
}",343,336,120,840,A,,medium,web:Examveda.com https://www.examveda.com/c-plus-plus-programming/practice-mcq-question-on-pointers-and-references-in-c-plus-plus/?page=7,
C++ / OOP,pointers and references in c plus plus,"What will be the output of the following C++ code? 
#include <iostream>
#include <string>
#include <cstdlib>
 
using namespace std;
 
int main(int argc, char const *argv[])
{
 int &q = NULL;
 cout<<q;
 return 0;
}",NULL,0,Address of NULL,Error,D,,medium,web:Examveda.com https://www.examveda.com/c-plus-plus-programming/practice-mcq-question-on-pointers-and-references-in-c-plus-plus/?page=7,
C++ / OOP,pointers and references in c plus plus,Which reference modifier is used to define the reference variable?,&,$,#,@,A,,medium,web:Examveda.com https://www.examveda.com/c-plus-plus-programming/practice-mcq-question-on-pointers-and-references-in-c-plus-plus/?page=7,
C++ / OOP,pointers and references in c plus plus,The operator used for dereferencing or indirection is . . . . . . . .,*,&,->,–>>,A,,medium,web:Examveda.com https://www.examveda.com/c-plus-plus-programming/practice-mcq-question-on-pointers-and-references-in-c-plus-plus/?page=7,
C++ / OOP,pointers and references in c plus plus,"What will be the output of the following C++ code? 
#include <iostream>
#include <string>
#include <cstdlib>
 
using namespace std;
 
int main(int argc, char const *argv[])
{
 int &q = 5;
 cout<<q;
 return 0;
}",5,Run-time error,Segmentation fault,Compile-time error,D,,medium,web:Examveda.com https://www.examveda.com/c-plus-plus-programming/practice-mcq-question-on-pointers-and-references-in-c-plus-plus/?page=7,
C++ / OOP,pointers and references in c plus plus,When does the void pointer can be dereferenced?,when it doesn't point to any value,when it cast to another type of object,using delete keyword,using shift keyword,B,,medium,web:Examveda.com https://www.examveda.com/c-plus-plus-programming/practice-mcq-question-on-pointers-and-references-in-c-plus-plus/?page=7,
C++ / OOP,pointers and references in c plus plus,The constants are also called as . . . . . . . .,const,preprocessor,literals,variables,C,,medium,web:Examveda.com https://www.examveda.com/c-plus-plus-programming/practice-mcq-question-on-pointers-and-references-in-c-plus-plus/?page=8,
C++ / OOP,pointers and references in c plus plus,"What will be the output of the following C++ code? 
#include <iostream>
using namespace std;
int main()
{
 int arr[] = {4, 5, 6, 7};
 int *p = (arr + 1);
 cout << *arr + 9;
 return 0;
}",12,5,13,error,C,,medium,web:Examveda.com https://www.examveda.com/c-plus-plus-programming/practice-mcq-question-on-pointers-and-references-in-c-plus-plus/?page=8,
C++ / OOP,pointers and references in c plus plus,"What will be the output of the following C++ code? 
#include <iostream>
#include <string>
#include <cstdlib>
 
using namespace std;
 
int main(int argc, char const *argv[])
{
 int &p;
 int a = 5;
 &p = a;
 cout<<p;
 return 0;
}",5,55,Error,Segmentation fault,C,,medium,web:Examveda.com https://www.examveda.com/c-plus-plus-programming/practice-mcq-question-on-pointers-and-references-in-c-plus-plus/?page=8,
C++ / OOP,pointers and references in c plus plus,Which of the following is incorrect?,References cannot be NULL,A reference must be initialized when declared,"Once a reference is declared, it cannot be modified later to reference another object i.e. it cannot be reset",References cannot refer to a constant value,D,,medium,web:Examveda.com https://www.examveda.com/c-plus-plus-programming/practice-mcq-question-on-pointers-and-references-in-c-plus-plus/?page=8,
C++ / OOP,pointers and references in c plus plus,"What will be the output of the following C++ code? 
#include <iostream>
using namespace std;
int main()
{
 char arr[20];
 int i;
 for(i = 0; i < 10; i++)
 *(arr + i) = 65 + i;
 *(arr + i) = '\0';
 cout << arr;
 return(0);
}",ABCDEFGHIJ,AAAAAAAAAA,JJJJJJJJ,AAAAAAJJJJ,A,,medium,web:Examveda.com https://www.examveda.com/c-plus-plus-programming/practice-mcq-question-on-pointers-and-references-in-c-plus-plus/?page=8,
C++ / OOP,pointers and references in c plus plus,What are the parts of the literal constants?,integer numerals,floating-point numerals,strings and boolean values,all of the mentioned,D,,medium,web:Examveda.com https://www.examveda.com/c-plus-plus-programming/practice-mcq-question-on-pointers-and-references-in-c-plus-plus/?page=8,
C++ / OOP,pointers and references in c plus plus,"What is the meaning of the following declaration? 
int(*p[5])();",p is pointer to function,p is array of pointer to function,p is pointer to such function which return type is the array,p is pointer to array of function,B,,medium,web:Examveda.com https://www.examveda.com/c-plus-plus-programming/practice-mcq-question-on-pointers-and-references-in-c-plus-plus/?page=8,
C++ / OOP,pointers and references in c plus plus,"What will happen in the following C++ code snippet? 
int a = 100, b = 200;
int *p = &a, *q = &b;
p = q;",b is assigned to a,p now points to b,a is assigned to b,q now points to a,B,,medium,web:Examveda.com https://www.examveda.com/c-plus-plus-programming/practice-mcq-question-on-pointers-and-references-in-c-plus-plus/?page=8,
C++ / OOP,pointers and references in c plus plus,"What will be the output of the following C++ code? 
#include <iostream>
using namespace std;
#define PI 3.14159
int main ()
{
 float r = 2;
 float circle;
 circle = 2 * PI * r;
 cout << circle;
 return 0;
}",12.5664,13.5664,10,15,A,,medium,web:Examveda.com https://www.examveda.com/c-plus-plus-programming/practice-mcq-question-on-pointers-and-references-in-c-plus-plus/?page=8,
C++ / OOP,pointers and references in c plus plus,What is the difference between references and pointers?,References are an alias for a variable whereas pointer stores the address of a variable,References and pointers are similar,References stores address of variables whereas pointer points to variables,Pointers are an alias for a variable whereas references stores the address of a variable,A,,medium,web:Examveda.com https://www.examveda.com/c-plus-plus-programming/practice-mcq-question-on-pointers-and-references-in-c-plus-plus/?page=8,
C++ / OOP,pointers and references in c plus plus,"What will be the output of the following C++ code? 
#include <iostream>
using namespace std;
int main()
{
 int *p;
 void *vp;
 if (vp == p)
 cout",equal,no output,compile error,runtime error,A,,medium,web:Examveda.com https://www.examveda.com/c-plus-plus-programming/practice-mcq-question-on-pointers-and-references-in-c-plus-plus/?page=9,
C++ / OOP,pointers and references in c plus plus,"What will be the output of the following C++ code? 
#include<iostream>
using namespace std;
 
int &fun()
{
 static int x = 10;
 return x;
}
int main()
{
 fun() = 30;
 cout << fun();
 return 0;
}",30,10,Error,Segmentation fault,A,,medium,web:Examveda.com https://www.examveda.com/c-plus-plus-programming/practice-mcq-question-on-pointers-and-references-in-c-plus-plus/?page=9,
C++ / OOP,pointers and references in c plus plus,"What will be the output of the following C++ code? 
#include <iostream>
#include <string>
#include <cstdlib>
 
using namespace std;
 
int main(int argc, char const *argv[])
{
 int a = 5;
 int *p = &a;
 int &q = p;
 cout<<p;
 return 0;
}",5,Run-time error,Segmentation fault,Compile-time error,D,,medium,web:Examveda.com https://www.examveda.com/c-plus-plus-programming/practice-mcq-question-on-pointers-and-references-in-c-plus-plus/?page=9,
C++ / OOP,pointers and references in c plus plus,"What will be the output of the following C++ code? 
#include <iostream>
using namespace std;
int func(void *Ptr);
int main()
{
 char *Str = ""abcdefghij"";
 func(Str);
 return 0;
}
int func(void *Ptr)
{
 cout << Ptr;
 return 0;
}",abcdefghij,"address of string ""abcdefghij""",compile time error,runtime error,B,,medium,web:Examveda.com https://www.examveda.com/c-plus-plus-programming/practice-mcq-question-on-pointers-and-references-in-c-plus-plus/?page=9,
C++ / OOP,pointers and references in c plus plus,Which of the following statement(s) is/are correct?,* operator is used to declare a reference,A reference variable defined to refer a particular variable can refer to any other variable also,References must always be initialized inside classes,A variable can have more than one references,D,,medium,web:Examveda.com https://www.examveda.com/c-plus-plus-programming/practice-mcq-question-on-pointers-and-references-in-c-plus-plus/?page=9,
C++ / OOP,pointers and references in c plus plus,"What will be the output of the following C++ code? 
#include <iostream>
using namespace std;
int main()
{
 int a = 5, c;
 void *p = &a;
 double b = 3.14;
 p = &b;
 c = a + b;
 cout << c << '\n' << p;
 return 0;
}","8, memory address",8.14,memory address,12,A,,medium,web:Examveda.com https://www.examveda.com/c-plus-plus-programming/practice-mcq-question-on-pointers-and-references-in-c-plus-plus/?page=9,
C++ / OOP,pointers and references in c plus plus,What are the references in C++?,An alternative name for already existing variables,A pointer to a variable,A new type of variables,A new type of constant variable,A,,medium,web:Examveda.com https://www.examveda.com/c-plus-plus-programming/practice-mcq-question-on-pointers-and-references-in-c-plus-plus/?page=9,
C++ / OOP,pointers and references in c plus plus,The difference between x and 'x' is?,The first one refers to a variable whose identifier is x and the second one refers to the character constant x,The first one is a character constant x and the second one is the string literal x,Both are same,Both are string literal,A,,medium,web:Examveda.com https://www.examveda.com/c-plus-plus-programming/practice-mcq-question-on-pointers-and-references-in-c-plus-plus/?page=9,
C++ / OOP,pointers and references in c plus plus,"What does the following statement mean? 
int (*fp)(char*)",pointer to a pointer,pointer to an array of chars,pointer to function taking a char* argument and returns an int,function taking a char* argument and returning a pointer to int,C,,medium,web:Examveda.com https://www.examveda.com/c-plus-plus-programming/practice-mcq-question-on-pointers-and-references-in-c-plus-plus/?page=9,
C++ / OOP,pointers and references in c plus plus,"What will be the output of the following C++ code? 
#include <iostream>
using namespace std;
int main()
{
 int arr[] = {4, 5, 6, 7};
 int *p = (arr + 1);
 cout << arr;
 return 0;
}",4,5,address of arr,7,C,,medium,web:Examveda.com https://www.examveda.com/c-plus-plus-programming/practice-mcq-question-on-pointers-and-references-in-c-plus-plus/?page=9,
C++ / OOP,pointers and references in c plus plus,Which of the following statement is not true about preprocessor directives?,These are lines read and processed by the preprocessor,They do not produce any code by themselves,These must be written on their own line,They end with a semicolon,D,,medium,web:Examveda.com https://www.examveda.com/c-plus-plus-programming/practice-mcq-question-on-pointers-and-references-in-c-plus-plus/?page=10,
C++ / OOP,pointers and references in c plus plus,"What will be the output of the following C++ code? 
#include<iostream>
using namespace std;
 
int &fun()
{
 int x = 10;
 return x;
}
int main()
{
 fun() = 30;
 cout << fun();
 return 0;
}",30,10,Error,Segmentation fault,D,,medium,web:Examveda.com https://www.examveda.com/c-plus-plus-programming/practice-mcq-question-on-pointers-and-references-in-c-plus-plus/?page=10,
C++ / OOP,pointers and references in c plus plus,How a reference is different from a pointer?,A reference cannot be null,A reference once established cannot be changed,The reference doesn't need an explicit dereferencing mechanism,All of the mentioned,D,,medium,web:Examveda.com https://www.examveda.com/c-plus-plus-programming/practice-mcq-question-on-pointers-and-references-in-c-plus-plus/?page=10,
C++ / OOP,pointers and references in c plus plus,"What will be the output of the following C++ code? 
#include <iostream>
using namespace std;
int main()
{
 int arr[] = {4, 5, 6, 7};
 int *p = (arr + 1);
 cout << *p;
 return 0;
}",4,5,6,7,B,,medium,web:Examveda.com https://www.examveda.com/c-plus-plus-programming/practice-mcq-question-on-pointers-and-references-in-c-plus-plus/?page=10,
C++ / OOP,pointers and references in c plus plus,What does a reference provide?,Alternate name for the class,Alternate name for the variable,Alternate name for the pointer,Alternate name for the object,B,,medium,web:Examveda.com https://www.examveda.com/c-plus-plus-programming/practice-mcq-question-on-pointers-and-references-in-c-plus-plus/?page=10,
C++ / OOP,pointers and references in c plus plus,Which of the following operator is used while declaring references?,*,&,^,->,B,,medium,web:Examveda.com https://www.examveda.com/c-plus-plus-programming/practice-mcq-question-on-pointers-and-references-in-c-plus-plus/?page=10,
C++ / OOP,pointers and references in c plus plus,The void pointer can point to which type of objects?,int,float,double,all of the mentioned,D,,medium,web:Examveda.com https://www.examveda.com/c-plus-plus-programming/practice-mcq-question-on-pointers-and-references-in-c-plus-plus/?page=10,
C++ / OOP,pointers and references in c plus plus,"What will be the output of the following C++ code? 
#include <iostream>
using namespace std;
int main()
{
 int a = 9;
 int & aref = a;
 a++;
 cout << ""The value of a is "" << aref;
 return 0;
}",9,10,error,11,B,,medium,web:Examveda.com https://www.examveda.com/c-plus-plus-programming/practice-mcq-question-on-pointers-and-references-in-c-plus-plus/?page=10,
C++ / OOP,structures and unions in c plus plus,What is a structure in C++?,A collection of functions,A reserved keyword in C++,A user-defined data type containing variables of different data types,A way to declare arrays of data,C,,medium,web:Examveda.com https://www.examveda.com/c-plus-plus-programming/practice-mcq-question-on-structures-and-unions-in-c-plus-plus/,
C++ / OOP,structures and unions in c plus plus,Which keyword is used to define a structure in C++?,typedef,struct,union,None of the above,B,,medium,web:Examveda.com https://www.examveda.com/c-plus-plus-programming/practice-mcq-question-on-structures-and-unions-in-c-plus-plus/,
C++ / OOP,structures and unions in c plus plus,What is the correct way to access members of a structure in C++?,Using the star operator,Using the double colon operator,Using the dot operator,Using the arrow operator,C,,medium,web:Examveda.com https://www.examveda.com/c-plus-plus-programming/practice-mcq-question-on-structures-and-unions-in-c-plus-plus/,
C++ / OOP,structures and unions in c plus plus,What is the purpose of typedef in C++ structures?,To define a new structure,To initialize structure members,To create a pointer to a structure,To create an alias for data types,D,,medium,web:Examveda.com https://www.examveda.com/c-plus-plus-programming/practice-mcq-question-on-structures-and-unions-in-c-plus-plus/,
C++ / OOP,structures and unions in c plus plus,How do you declare a structure variable in C++?,structName variableName;,struct variableName;,variableName structName;,variableName = structName;,A,,medium,web:Examveda.com https://www.examveda.com/c-plus-plus-programming/practice-mcq-question-on-structures-and-unions-in-c-plus-plus/,
C++ / OOP,structures and unions in c plus plus,What is the output of the following code: struct Student { int roll; }; Student s1; s1.roll = 101; cout << s1.roll; in C++?,Undefined behavior,0,Compilation error,101,D,,medium,web:Examveda.com https://www.examveda.com/c-plus-plus-programming/practice-mcq-question-on-structures-and-unions-in-c-plus-plus/,
C++ / OOP,structures and unions in c plus plus,What is the purpose of using structures in C++?,To perform mathematical operations,To define loops in the program,To group related data together,To represent true/false values,C,,medium,web:Examveda.com https://www.examveda.com/c-plus-plus-programming/practice-mcq-question-on-structures-and-unions-in-c-plus-plus/,
C++ / OOP,structures and unions in c plus plus,What is the correct way to pass a structure to a function in C++?,By value,By reference,By pointer,All of the above,D,,medium,web:Examveda.com https://www.examveda.com/c-plus-plus-programming/practice-mcq-question-on-structures-and-unions-in-c-plus-plus/,
C++ / OOP,structures and unions in c plus plus,What is a union in C++?,A reserved keyword in C++,A user-defined data type that allows storing different data types in the same memory location,A way to declare arrays of data,None of the above,B,,medium,web:Examveda.com https://www.examveda.com/c-plus-plus-programming/practice-mcq-question-on-structures-and-unions-in-c-plus-plus/,
C++ / OOP,structures and unions in c plus plus,What is the difference between a structure and a union in C++?,Structures cannot contain member functions,Unions are used for mathematical operations,"In a structure, each member has its own memory space, while in a union, all members share the same memory space",Structures are used for data organization,C,,medium,web:Examveda.com https://www.examveda.com/c-plus-plus-programming/practice-mcq-question-on-structures-and-unions-in-c-plus-plus/,
C++ / OOP,structures and unions in c plus plus,What is the size of the following structure in C++: struct Employee { int id; char name[20]; float salary; };,28 bytes,20 bytes,8 bytes,32 bytes,D,"In C++, the size of a structure is determined by the sum of the sizes of its individual members, taking into account padding for alignment. The Employee structure consists of three members: an integer id, an array of characters name of size 20, and a float salary. 

The size of an integer is typically 4 bytes, the size of a float is also typically 4 bytes, and the size of each character in the array depends on the character set being used (usually 1 byte per character). However, due to memory alignment requirements, additional padding may be added after the name array to ensure proper alignment of subsequent members. 

So, the calculation of the structure size would be: 

 int id: 4 bytes 
 char name[20]: 20 bytes 
 Padding to align salary to the next 4-byte boundary (assuming 4-byte alignment) 
 float salary: 4 bytes 
 Total: 4 bytes (id) + 20 bytes (name) + 4 bytes (padding) + 4 bytes ",medium,web:Examveda.com https://www.examveda.com/c-plus-plus-programming/practice-mcq-question-on-structures-and-unions-in-c-plus-plus/?page=2,
C++ / OOP,structures and unions in c plus plus,What is the correct syntax to define a structure pointer in C++?,structName *ptr;,ptr *structName;,struct *ptrName;,*ptrName structName;,A,,medium,web:Examveda.com https://www.examveda.com/c-plus-plus-programming/practice-mcq-question-on-structures-and-unions-in-c-plus-plus/?page=2,
C++ / OOP,structures and unions in c plus plus,"What is the output of the following code: union Data { int x; char y; }; Data d; d.x = 10; d.y = 'A'; cout << d.x << "" "" << d.y; in C++?",Compilation error,A A,10 10,0.416666667,D,,medium,web:Examveda.com https://www.examveda.com/c-plus-plus-programming/practice-mcq-question-on-structures-and-unions-in-c-plus-plus/?page=2,
C++ / OOP,structures and unions in c plus plus,What is the purpose of using unions in C++?,To group related data together,To define loops in the program,To save memory space,To represent true/false values,C,,medium,web:Examveda.com https://www.examveda.com/c-plus-plus-programming/practice-mcq-question-on-structures-and-unions-in-c-plus-plus/?page=2,
C++ / OOP,structures and unions in c plus plus,What does the 'sizeof' operator return when used with a structure in C++?,Size of the last member of the structure,Size of the first member of the structure,Size of the structure,Address of the structure,C,,medium,web:Examveda.com https://www.examveda.com/c-plus-plus-programming/practice-mcq-question-on-structures-and-unions-in-c-plus-plus/?page=2,
C++ / OOP,structures and unions in c plus plus,What is the correct syntax to declare a structure with a tag name in C++?,structName { /* members */ };,struct { /* members */ } structName;,structName typedef { /* members */ };,struct structName { /* members */ };,D,,medium,web:Examveda.com https://www.examveda.com/c-plus-plus-programming/practice-mcq-question-on-structures-and-unions-in-c-plus-plus/?page=2,
C++ / OOP,structures and unions in c plus plus,What is the correct way to access structure members through a pointer in C++?,Using the star operator (*),Using the double colon operator (::),Using the dot operator (.),Using the arrow operator (->),D,,medium,web:Examveda.com https://www.examveda.com/c-plus-plus-programming/practice-mcq-question-on-structures-and-unions-in-c-plus-plus/?page=2,
C++ / OOP,structures and unions in c plus plus,What is the difference between a structure and a class in C++?,Structures support inheritance,Classes support only member functions,"By default, members of a class are private, while members of a structure are public",Structures cannot contain member functions,C,,medium,web:Examveda.com https://www.examveda.com/c-plus-plus-programming/practice-mcq-question-on-structures-and-unions-in-c-plus-plus/?page=2,
C++ / OOP,structures and unions in c plus plus,"What is the output of the following code: struct Point { int x, y; }; Point p1; p1.x = 10; p1.y = 20; cout << p1.x << "" "" << p1.y; in C++?",Garbage value 20 10,10 20,Compilation error,None of the above,B,,medium,web:Examveda.com https://www.examveda.com/c-plus-plus-programming/practice-mcq-question-on-structures-and-unions-in-c-plus-plus/?page=2,
C++ / OOP,structures and unions in c plus plus,What is the purpose of the 'typedef' keyword in C++ structures?,To create a pointer to a structure,To initialize structure members,To create an alias for a data type,To define a new structure,C,,medium,web:Examveda.com https://www.examveda.com/c-plus-plus-programming/practice-mcq-question-on-structures-and-unions-in-c-plus-plus/?page=2,
C++ / OOP,structures and unions in c plus plus,Which keyword is used to declare a union in C++?,class,typedef,struct,union,D,,medium,web:Examveda.com https://www.examveda.com/c-plus-plus-programming/practice-mcq-question-on-structures-and-unions-in-c-plus-plus/?page=3,
C++ / OOP,structures and unions in c plus plus,What is the correct syntax to define a union in C++?,union unionName { /* members */ };,unionName { /* members */ };,union { /* members */ } unionName;,unionName typedef { /* members */ };,A,,medium,web:Examveda.com https://www.examveda.com/c-plus-plus-programming/practice-mcq-question-on-structures-and-unions-in-c-plus-plus/?page=3,
C++ / OOP,structures and unions in c plus plus,What is the output of the following code: struct Book { char title[50]; int pages; }; Book b; cout << sizeof(b); in C++?,50,Depends on the compiler,52,60,B,,medium,web:Examveda.com https://www.examveda.com/c-plus-plus-programming/practice-mcq-question-on-structures-and-unions-in-c-plus-plus/?page=3,
C++ / OOP,structures and unions in c plus plus,What is the output of the following code: union Number { int x; float y; }; Number n; n.x = 10; cout << n.y; in C++?,Compilation error,10,Garbage value,0,C,,medium,web:Examveda.com https://www.examveda.com/c-plus-plus-programming/practice-mcq-question-on-structures-and-unions-in-c-plus-plus/?page=3,
C++ / OOP,structures and unions in c plus plus,The declaration of the structure is also called as?,structure creator,structure signifier,structure specifier,structure creator & signifier,C,,medium,web:Examveda.com https://www.examveda.com/c-plus-plus-programming/practice-mcq-question-on-structures-and-unions-in-c-plus-plus/?page=3,
C++ / OOP,structures and unions in c plus plus,"What will be the output of the following C++ code? 
#include <iostream>
using namespace std;
struct sec 
{
 int a;
 char b;
};
int main()
{
 struct sec s ={25,50};
 struct sec *ps =(struct sec *)&s;
 cout << ps->a << ps->b;
 return 0;
}",252,253,254,262,A,,medium,web:Examveda.com https://www.examveda.com/c-plus-plus-programming/practice-mcq-question-on-structures-and-unions-in-c-plus-plus/?page=3,
C++ / OOP,structures and unions in c plus plus,"What will be the output of the following C++ code? 
#include <iostream>
using namespace std;
struct Time 
{
 int hours;
 int minutes;
 int seconds;
};
int toSeconds(Time now);
int main()
{
 Time t;
 t.hours = 5;
 t.minutes = 30;
 t.seconds = 45;
 cout << ""Total seconds: "" << toSeconds(t) << endl;
 return 0;
}
int toSeconds(Time now)
{
 return 3600 * now.hours + 60 * now.minutes + now.seconds;
}",19845,20000,15000,19844,A,,medium,web:Examveda.com https://www.examveda.com/c-plus-plus-programming/practice-mcq-question-on-structures-and-unions-in-c-plus-plus/?page=3,
C++ / OOP,structures and unions in c plus plus,"What will be the output of the following C++ code? 
#include <iostream>
#include <string.h>
using namespace std;
int main()
{
 struct student 
 {
 int num;
 char name[25];
 };
 student stu;
 stu.num = 123;
 strcpy(stu.name, ""John"");
 cout << stu.num << endl;
 cout << stu.name << endl;
 return 0;
}","123 
john","john 
john",compile time error,runtime error,A,,medium,web:Examveda.com https://www.examveda.com/c-plus-plus-programming/practice-mcq-question-on-structures-and-unions-in-c-plus-plus/?page=3,
C++ / OOP,structures and unions in c plus plus,What will be used when terminating a structure?,:,},;,;;,C,,medium,web:Examveda.com https://www.examveda.com/c-plus-plus-programming/practice-mcq-question-on-structures-and-unions-in-c-plus-plus/?page=3,
C++ / OOP,structures and unions in c plus plus,The data elements in the structure are also known as what?,objects,members,data,objects & data,B,,medium,web:Examveda.com https://www.examveda.com/c-plus-plus-programming/practice-mcq-question-on-structures-and-unions-in-c-plus-plus/?page=4,
C++ / OOP,structures and unions in c plus plus,Which of the following is a properly defined structure?,struct {int a;},struct a_struct {int a;},struct a_struct int a;,struct a_struct {int a;};,D,,medium,web:Examveda.com https://www.examveda.com/c-plus-plus-programming/practice-mcq-question-on-structures-and-unions-in-c-plus-plus/?page=4,
C++ / OOP,structures and unions in c plus plus,What will happen when the structure is declared?,it will not allocate any memory,it will allocate the memory,it will be declared and initialized,it will be declared,A,,medium,web:Examveda.com https://www.examveda.com/c-plus-plus-programming/practice-mcq-question-on-structures-and-unions-in-c-plus-plus/?page=4,
C++ / OOP,structures and unions in c plus plus,"What will be the output of the following C++ code? 
#include <iostream>
using namespace std;
int main()
{
 struct ShoeType 
 {
 string style;
 double price;
 };
 ShoeType shoe1, shoe2;
 shoe1.style = ""Adidas"";
 shoe1.price = 9.99;
 cout << shoe1.style << "" $ ""<< shoe1.price;
 shoe2 = shoe1;
 shoe2.price = shoe2.price / 9;
 cout << shoe2.style << "" $ ""<< shoe2.price;
 return 0;
}",Adidas $ 9.99Adidas $ 1.11,Adidas $ 9.99Adidas $ 9.11,Adidas $ 9.99Adidas $ 11.11,Adidas $ 11.11Adidas $ 11.11,A,,medium,web:Examveda.com https://www.examveda.com/c-plus-plus-programming/practice-mcq-question-on-structures-and-unions-in-c-plus-plus/?page=4,
C++ / OOP,structures and unions in c plus plus,Which of the following accesses a variable in structure *b?,b->var;,b.var;,b-var;,b>var;,A,,medium,web:Examveda.com https://www.examveda.com/c-plus-plus-programming/practice-mcq-question-on-structures-and-unions-in-c-plus-plus/?page=4,
C++ / OOP,object oriented programming in c plus plus,Which keyword is used to define a class in C++?,class,struct,typedef,interface,A,,medium,web:Examveda.com https://www.examveda.com/c-plus-plus-programming/practice-mcq-question-on-object-oriented-programming-in-c-plus-plus/,
C++ / OOP,object oriented programming in c plus plus,What is the process of creating an instance of a class called in C++?,Encapsulation,Polymorphism,Inheritance,Instantiation,D,,medium,web:Examveda.com https://www.examveda.com/c-plus-plus-programming/practice-mcq-question-on-object-oriented-programming-in-c-plus-plus/,
C++ / OOP,object oriented programming in c plus plus,What is inheritance in C++?,The process of creating multiple instances of a class,The process of hiding the implementation details of a class,The process of deriving a new class from an existing class,The process of defining functions within a class,C,,medium,web:Examveda.com https://www.examveda.com/c-plus-plus-programming/practice-mcq-question-on-object-oriented-programming-in-c-plus-plus/,
C++ / OOP,object oriented programming in c plus plus,What is the access specifier that allows members to be accessed from outside the class in C++?,protected,public,friend,None of the above,B,,medium,web:Examveda.com https://www.examveda.com/c-plus-plus-programming/practice-mcq-question-on-object-oriented-programming-in-c-plus-plus/,
C++ / OOP,object oriented programming in c plus plus,Which concept in C++ allows a class to have multiple functions with the same name but different parameter lists?,Polymorphism,Encapsulation,Overloading,Inheritance,C,,medium,web:Examveda.com https://www.examveda.com/c-plus-plus-programming/practice-mcq-question-on-object-oriented-programming-in-c-plus-plus/,
C++ / OOP,object oriented programming in c plus plus,What is encapsulation in C++?,The process of creating multiple instances of a class,The process of hiding the implementation details of a class,The process of defining functions within a class,The bundling of data with the methods that operate on that data,D,,medium,web:Examveda.com https://www.examveda.com/c-plus-plus-programming/practice-mcq-question-on-object-oriented-programming-in-c-plus-plus/,
C++ / OOP,object oriented programming in c plus plus,Which keyword is used to inherit a class in C++?,public,private,protected,extends,A,"In C++, the keyword public is used to specify public inheritance when inheriting a class. 
When a class inherits another class publicly, all public members of the base class become public members of the derived class, and protected members of the base class become protected members of the derived class. 
The keywords private and protected can also be used for inheritance, but they specify different levels of access control: 
private inheritance: All public and protected members of the base class become private members of the derived class. 
protected inheritance: All public and protected members of the base class become protected members of the derived class. 
The keyword extends is used in languages like Java for inheritance, but not in C++. 
Therefore, the correct answer is public.",medium,web:Examveda.com https://www.examveda.com/c-plus-plus-programming/practice-mcq-question-on-object-oriented-programming-in-c-plus-plus/,
C++ / OOP,object oriented programming in c plus plus,What is polymorphism in C++?,The ability of a function to perform different tasks based on the object that it is acting upon,The process of creating multiple instances of a class,The process of hiding the implementation details of a class,The process of defining functions within a class,A,,medium,web:Examveda.com https://www.examveda.com/c-plus-plus-programming/practice-mcq-question-on-object-oriented-programming-in-c-plus-plus/,
C++ / OOP,object oriented programming in c plus plus,Which of the following is true about constructors in C++?,They can be overloaded,They are used to destroy objects,They are called explicitly by the programmer,They are automatically called when an object is created,D,,medium,web:Examveda.com https://www.examveda.com/c-plus-plus-programming/practice-mcq-question-on-object-oriented-programming-in-c-plus-plus/,
C++ / OOP,object oriented programming in c plus plus,What is the process of wrapping data and functions into a single unit called in C++?,Inheritance,Polymorphism,Encapsulation,Abstraction,C,,medium,web:Examveda.com https://www.examveda.com/c-plus-plus-programming/practice-mcq-question-on-object-oriented-programming-in-c-plus-plus/,
C++ / OOP,object oriented programming in c plus plus,What is dynamic polymorphism in C++?,The process of hiding the implementation details of a class,The ability of a function to perform different tasks based on the object that it is acting upon at runtime,The process of defining functions within a class,None of the above,B,,medium,web:Examveda.com https://www.examveda.com/c-plus-plus-programming/practice-mcq-question-on-object-oriented-programming-in-c-plus-plus/?page=2,
C++ / OOP,object oriented programming in c plus plus,Which keyword is used to specify that a function cannot be overridden in a derived class in C++?,abstract,virtual,final,override,C,,medium,web:Examveda.com https://www.examveda.com/c-plus-plus-programming/practice-mcq-question-on-object-oriented-programming-in-c-plus-plus/?page=2,
C++ / OOP,object oriented programming in c plus plus,What is an abstract class in C++?,A class with no members,A class with only private members,A class with no implementation details,A class that cannot be instantiated and is used as a base class for other classes,D,,medium,web:Examveda.com https://www.examveda.com/c-plus-plus-programming/practice-mcq-question-on-object-oriented-programming-in-c-plus-plus/?page=2,
C++ / OOP,object oriented programming in c plus plus,What is the purpose of friend functions in C++?,To allow access to private and protected members of a class from outside the class,To create multiple instances of a class,To hide the implementation details of a class,To define functions within a class,A,,medium,web:Examveda.com https://www.examveda.com/c-plus-plus-programming/practice-mcq-question-on-object-oriented-programming-in-c-plus-plus/?page=2,
C++ / OOP,object oriented programming in c plus plus,What is the access specifier that allows members to be accessed only within the same class or by derived classes in C++?,internal,private,public,protected,D,,medium,web:Examveda.com https://www.examveda.com/c-plus-plus-programming/practice-mcq-question-on-object-oriented-programming-in-c-plus-plus/?page=2,
C++ / OOP,object oriented programming in c plus plus,What is a constructor in C++?,A function used to create multiple instances of a class,A function used to destroy objects,A special member function that initializes objects,A function that defines the implementation of a class,C,,medium,web:Examveda.com https://www.examveda.com/c-plus-plus-programming/practice-mcq-question-on-object-oriented-programming-in-c-plus-plus/?page=2,
C++ / OOP,object oriented programming in c plus plus,Which keyword is used to access the base class members from a derived class in C++?,super,this,parent,base,D,,medium,web:Examveda.com https://www.examveda.com/c-plus-plus-programming/practice-mcq-question-on-object-oriented-programming-in-c-plus-plus/?page=2,
C++ / OOP,object oriented programming in c plus plus,What is operator overloading in C++?,Redefining a function within a class,Defining multiple functions with the same name but different arguments,Defining new operators for existing types,None of the above,B,,medium,web:Examveda.com https://www.examveda.com/c-plus-plus-programming/practice-mcq-question-on-object-oriented-programming-in-c-plus-plus/?page=2,
C++ / OOP,object oriented programming in c plus plus,What is the purpose of a destructor in C++?,To provide an interface for a class,To encapsulate data,To clean up resources before an object is destroyed,To create objects,C,,medium,web:Examveda.com https://www.examveda.com/c-plus-plus-programming/practice-mcq-question-on-object-oriented-programming-in-c-plus-plus/?page=2,
C++ / OOP,object oriented programming in c plus plus,Which access specifier allows a member to be accessible only within its own class and derived classes in C++?,public,private,internal,protected,D,,medium,web:Examveda.com https://www.examveda.com/c-plus-plus-programming/practice-mcq-question-on-object-oriented-programming-in-c-plus-plus/?page=2,
C++ / OOP,object oriented programming in c plus plus,What is function overriding in C++?,Defining a function in the derived class with the same signature as in the base class,Defining multiple functions with the same name but different arguments,Redefining a function within a class,Defining new operators for existing types,A,,medium,web:Examveda.com https://www.examveda.com/c-plus-plus-programming/practice-mcq-question-on-object-oriented-programming-in-c-plus-plus/?page=3,
C++ / OOP,object oriented programming in c plus plus,What is the purpose of the 'static' keyword in C++?,To access class member functions,To specify the type of a variable,To allocate memory dynamically,To create class-level variables and functions,D,,medium,web:Examveda.com https://www.examveda.com/c-plus-plus-programming/practice-mcq-question-on-object-oriented-programming-in-c-plus-plus/?page=3,
C++ / OOP,object oriented programming in c plus plus,What is the difference between 'struct' and 'class' in C++?,"The default access level of members in a struct is public, while in a class, it is private","Classes allow inheritance, while structs do not","Structs have all members public by default, while classes have them private by default","Structs are used for inheritance, while classes are not",C,,medium,web:Examveda.com https://www.examveda.com/c-plus-plus-programming/practice-mcq-question-on-object-oriented-programming-in-c-plus-plus/?page=3,
C++ / OOP,object oriented programming in c plus plus,What is the purpose of the 'virtual' keyword in C++?,To create class-level variables and functions,To allocate memory dynamically,To enable polymorphism through function overriding,To specify the type of a variable,C,,medium,web:Examveda.com https://www.examveda.com/c-plus-plus-programming/practice-mcq-question-on-object-oriented-programming-in-c-plus-plus/?page=3,
C++ / OOP,object oriented programming in c plus plus,Which concept allows a derived class to inherit properties and behavior from a base class in C++?,Encapsulation,Inheritance,Abstraction,None of the above,B,,medium,web:Examveda.com https://www.examveda.com/c-plus-plus-programming/practice-mcq-question-on-object-oriented-programming-in-c-plus-plus/?page=3,
C++ / OOP,object oriented programming in c plus plus,What is the correct syntax for inheriting a class in C++?,class Derived : Base {},class Derived inherits Base {},class Derived : public Base {},class Derived extends Base {},C,,medium,web:Examveda.com https://www.examveda.com/c-plus-plus-programming/practice-mcq-question-on-object-oriented-programming-in-c-plus-plus/?page=3,
C++ / OOP,object oriented programming in c plus plus,What is the purpose of access specifiers in C++ classes?,To specify the type of a variable,To enable polymorphism through function overriding,To create class-level variables and functions,To control the visibility of class members,D,,medium,web:Examveda.com https://www.examveda.com/c-plus-plus-programming/practice-mcq-question-on-object-oriented-programming-in-c-plus-plus/?page=3,
C++ / OOP,object oriented programming in c plus plus,What is the purpose of the 'friend' keyword in C++?,To create class-level variables and functions,To specify the type of a variable,To enable polymorphism through function overriding,To allow a function or class to access private and protected members of another class,D,,medium,web:Examveda.com https://www.examveda.com/c-plus-plus-programming/practice-mcq-question-on-object-oriented-programming-in-c-plus-plus/?page=3,
C++ / OOP,object oriented programming in c plus plus,What is the concept of data hiding in C++?,Inheritance,Polymorphism,Encapsulation,Abstraction,C,,medium,web:Examveda.com https://www.examveda.com/c-plus-plus-programming/practice-mcq-question-on-object-oriented-programming-in-c-plus-plus/?page=3,
C++ / OOP,object oriented programming in c plus plus,Which keyword is used to access the superclass constructor in a derived class constructor in C++?,parent,super,derived,None of the above,B,,medium,web:Examveda.com https://www.examveda.com/c-plus-plus-programming/practice-mcq-question-on-object-oriented-programming-in-c-plus-plus/?page=3,
C++ / OOP,object oriented programming in c plus plus,What is the access specifier that restricts access to members of a class to only its friend classes and member functions in C++?,friend,public,private,protected,C,,medium,web:Examveda.com https://www.examveda.com/c-plus-plus-programming/practice-mcq-question-on-object-oriented-programming-in-c-plus-plus/?page=4,
C++ / OOP,object oriented programming in c plus plus,"What does the term ""this"" pointer refer to in C++?",Pointer to the base class object instance,Pointer to the next object instance,Pointer to the current object instance,Pointer to the previous object instance,C,,medium,web:Examveda.com https://www.examveda.com/c-plus-plus-programming/practice-mcq-question-on-object-oriented-programming-in-c-plus-plus/?page=4,
C++ / OOP,object oriented programming in c plus plus,Which type of inheritance allows a class to inherit properties and behavior from multiple base classes in C++?,Single inheritance,Hierarchical inheritance,Multilevel inheritance,Multiple inheritance,D,,medium,web:Examveda.com https://www.examveda.com/c-plus-plus-programming/practice-mcq-question-on-object-oriented-programming-in-c-plus-plus/?page=4,
C++ / OOP,object oriented programming in c plus plus,What is the difference between an object and a class in C++?,A class and an object are the same thing,"A class represents a specific instance, whereas an object represents a general template","A class is a blueprint for creating objects, whereas an object is an instance of a class","An object is a blueprint for creating classes, whereas a class is an instance of an object",C,,medium,web:Examveda.com https://www.examveda.com/c-plus-plus-programming/practice-mcq-question-on-object-oriented-programming-in-c-plus-plus/?page=4,
C++ / OOP,object oriented programming in c plus plus,What is the process of hiding the implementation details of a class and showing only the necessary features to the outside world called in C++?,Encapsulation,Inheritance,Polymorphism,Abstraction,D,,medium,web:Examveda.com https://www.examveda.com/c-plus-plus-programming/practice-mcq-question-on-object-oriented-programming-in-c-plus-plus/?page=4,
C++ / OOP,object oriented programming in c plus plus,What is the purpose of using virtual functions in C++?,To achieve runtime polymorphism,To create multiple instances of a class,To hide the implementation details of a class,To define functions within a class,A,,medium,web:Examveda.com https://www.examveda.com/c-plus-plus-programming/practice-mcq-question-on-object-oriented-programming-in-c-plus-plus/?page=4,
C++ / OOP,object oriented programming in c plus plus,Which keyword is used to prevent a class from being instantiated in C++?,abstract,sealed,final,static,C,,medium,web:Examveda.com https://www.examveda.com/c-plus-plus-programming/practice-mcq-question-on-object-oriented-programming-in-c-plus-plus/?page=4,
C++ / OOP,object oriented programming in c plus plus,Which operator is used to access members of a class through a pointer in C++?,Star operator (*),Double colon (::),Dot operator (.),Arrow operator (->),D,,medium,web:Examveda.com https://www.examveda.com/c-plus-plus-programming/practice-mcq-question-on-object-oriented-programming-in-c-plus-plus/?page=4,
C++ / OOP,object oriented programming in c plus plus,What is the term for the ability of a class to provide different implementations of a function depending on the types of its parameters in C++?,Function overriding,Function hiding,Function overloading,Function polymorphism,C,,medium,web:Examveda.com https://www.examveda.com/c-plus-plus-programming/practice-mcq-question-on-object-oriented-programming-in-c-plus-plus/?page=4,
C++ / OOP,object oriented programming in c plus plus,Which access specifier allows members of a class to be accessed from anywhere in the program in C++?,protected,public,friend,None of the above,B,,medium,web:Examveda.com https://www.examveda.com/c-plus-plus-programming/practice-mcq-question-on-object-oriented-programming-in-c-plus-plus/?page=4,
C++ / OOP,object oriented programming in c plus plus,What is the default access specifier for members of a class in C++?,friend,protected,private,public,C,,medium,web:Examveda.com https://www.examveda.com/c-plus-plus-programming/practice-mcq-question-on-object-oriented-programming-in-c-plus-plus/?page=5,
C++ / OOP,object oriented programming in c plus plus,Which keyword is used to make a class inheritable by other classes in C++?,virtual,inheritable,extends,base,C,,medium,web:Examveda.com https://www.examveda.com/c-plus-plus-programming/practice-mcq-question-on-object-oriented-programming-in-c-plus-plus/?page=5,
C++ / OOP,object oriented programming in c plus plus,What is the purpose of destructors in C++?,To initialize objects of a class,To define objects within a class,To perform calculations with object data,To release resources acquired by the object,D,,medium,web:Examveda.com https://www.examveda.com/c-plus-plus-programming/practice-mcq-question-on-object-oriented-programming-in-c-plus-plus/?page=5,
C++ / OOP,object oriented programming in c plus plus,"What will be the output of the following C++ code? 
#include<iostream> 
using namespace std; 
class Base { 
public: 
 Base() 
 { cout<<""Constructing Base \n""; } 
 virtual~Base() 
 { cout<<""Destructing Base \n""; } 
}; 
class Derived: public Base { 
public: 
 Derived() 
 { cout<<""Constructing Derived \n""; } 
 ~Derived() 
 { cout<<""Destructing Derived \n""; } 
}; 
 
int main(void) 
{ 
 Derived *d = new Derived(); 
 Base *b = d; 
 delete b; 
 return 0; 
}","Constructing Base 
Constructing Derived 
Destructing Base","Constructing Base 
Constructing Derived 
Destructing Derived 
Destructing Base","Constructing Base 
Constructing Derived 
Destructing Base 
Destructing Derived","Constructing Derived 
Constructing Base 
Destructing Base 
Destructing Derived",B,,medium,web:Examveda.com https://www.examveda.com/c-plus-plus-programming/practice-mcq-question-on-object-oriented-programming-in-c-plus-plus/?page=5,
C++ / OOP,object oriented programming in c plus plus,Which concept allows you to reuse the written code?,Encapsulation,Abstraction,Inheritance,Polymorphism,C,,medium,web:Examveda.com https://www.examveda.com/c-plus-plus-programming/practice-mcq-question-on-object-oriented-programming-in-c-plus-plus/?page=5,
C++ / OOP,object oriented programming in c plus plus,What is virtual inheritance?,C++ technique to avoid multiple copies of the base class into children/derived class,C++ technique to avoid multiple inheritances of classes,C++ technique to enhance multiple inheritance,C++ technique to ensure that a private member of the base class can be accessed somehow,A,,medium,web:Examveda.com https://www.examveda.com/c-plus-plus-programming/practice-mcq-question-on-object-oriented-programming-in-c-plus-plus/?page=5,
C++ / OOP,object oriented programming in c plus plus,How structures and classes in C++ differ?,"In Structures, members are public by default whereas, in Classes, they are private by default","In Structures, members are private by default whereas, in Classes, they are public by default",Structures by default hide every member whereas classes do not,Structures cannot have private members whereas classes can have,A,,medium,web:Examveda.com https://www.examveda.com/c-plus-plus-programming/practice-mcq-question-on-object-oriented-programming-in-c-plus-plus/?page=5,
C++ / OOP,object oriented programming in c plus plus,Which of the following class allows to declare only one object of it?,Abstract class,Virtual class,Singleton class,Friend class,C,,medium,web:Examveda.com https://www.examveda.com/c-plus-plus-programming/practice-mcq-question-on-object-oriented-programming-in-c-plus-plus/?page=5,
C++ / OOP,object oriented programming in c plus plus,"Which of the following is correct about new and malloc? 
i. new is an operator whereas malloc is a function 
ii. new calls constructor malloc does not 
iii. new returns required pointer whereas malloc returns void pointer and needs to be typecast",i and ii,ii and iii,i and iii,"i, ii and iii",D,,medium,web:Examveda.com https://www.examveda.com/c-plus-plus-programming/practice-mcq-question-on-object-oriented-programming-in-c-plus-plus/?page=5,
C++ / OOP,object oriented programming in c plus plus,How run-time polymorphisms are implemented in C++?,Using Inheritance,Using Virtual functions,Using Templates,Using Inheritance and Virtual functions,D,,medium,web:Examveda.com https://www.examveda.com/c-plus-plus-programming/practice-mcq-question-on-object-oriented-programming-in-c-plus-plus/?page=5,
C++ / OOP,object oriented programming in c plus plus,"Out of the following, which is not a member of the class?",Static function,Friend function,Constant function,Virtual function,B,,medium,web:Examveda.com https://www.examveda.com/c-plus-plus-programming/practice-mcq-question-on-object-oriented-programming-in-c-plus-plus/?page=6,
C++ / OOP,object oriented programming in c plus plus,What is the correct syntax of declaring array of pointers of integers of size 10 in C++?,int arr = new int[10];,int **arr = new int*[10];,int *arr = new int[10];,int *arr = new int*[10];,B,,medium,web:Examveda.com https://www.examveda.com/c-plus-plus-programming/practice-mcq-question-on-object-oriented-programming-in-c-plus-plus/?page=6,
C++ / OOP,object oriented programming in c plus plus,Which of the following explains Polymorphism?,"int func(int, int);
float func1(float, float);","int func(int);
int func(int);","int func(float);
float func(int, int, char);","int func();
int new_func();",C,,medium,web:Examveda.com https://www.examveda.com/c-plus-plus-programming/practice-mcq-question-on-object-oriented-programming-in-c-plus-plus/?page=6,
C++ / OOP,object oriented programming in c plus plus,"Which of the following feature of OOPs is not used in the following C++ code? 
class A
{
 int i;
 public:
 void print(){cout<<""hello""<<i;}
}
 
class B: public A
{
 int j;
 public:
 void assign(int a){j = a;}
}",Abstraction,Encapsulation,Inheritance,Polymorphism,D,,medium,web:Examveda.com https://www.examveda.com/c-plus-plus-programming/practice-mcq-question-on-object-oriented-programming-in-c-plus-plus/?page=6,
C++ / OOP,object oriented programming in c plus plus,Why references are different from pointers?,A reference cannot be made null,A reference cannot be changed once initialized,No extra operator is needed for dereferencing of a reference,All of the mentioned,D,,medium,web:Examveda.com https://www.examveda.com/c-plus-plus-programming/practice-mcq-question-on-object-oriented-programming-in-c-plus-plus/?page=6,
C++ / OOP,object oriented programming in c plus plus,Which of the following explains the overloading of functions?,Virtual polymorphism,Transient polymorphism,Ad-hoc polymorphism,Pseudo polymorphism,C,,medium,web:Examveda.com https://www.examveda.com/c-plus-plus-programming/practice-mcq-question-on-object-oriented-programming-in-c-plus-plus/?page=6,
C++ / OOP,object oriented programming in c plus plus,What is the difference between delete and delete[] in C++?,delete is used to delete normal objects whereas delete[] is used to pointer objects,delete is a keyword whereas delete[] is an identifier,delete is used to delete single object whereas delete[] is used to multiple(array/pointer of) objects,delete is syntactically correct but delete[] is wrong and hence will give an error if used in any case,C,,medium,web:Examveda.com https://www.examveda.com/c-plus-plus-programming/practice-mcq-question-on-object-oriented-programming-in-c-plus-plus/?page=6,
C++ / OOP,object oriented programming in c plus plus,What is the other name used for functions inside a class?,Member variables,Member functions,Class functions,Class variables,B,,medium,web:Examveda.com https://www.examveda.com/c-plus-plus-programming/practice-mcq-question-on-object-oriented-programming-in-c-plus-plus/?page=6,
C++ / OOP,object oriented programming in c plus plus,Which of the following is an abstract data type?,int,float,class,string,C,,medium,web:Examveda.com https://www.examveda.com/c-plus-plus-programming/practice-mcq-question-on-object-oriented-programming-in-c-plus-plus/?page=6,
C++ / OOP,object oriented programming in c plus plus,"What happens if the following C++ statement is compiled and executed? 
int *ptr = NULL;
delete ptr;",The program compiled successfully but throws an error during run-time,The program gives a compile-time error,The program is not semantically correct,The program is compiled and executed successfully,D,,medium,web:Examveda.com https://www.examveda.com/c-plus-plus-programming/practice-mcq-question-on-object-oriented-programming-in-c-plus-plus/?page=7,
C++ / OOP,object oriented programming in c plus plus,"What will be the output of the following C++ code? 
#include <iostream>
using namespace std;
 
class A 
{
 int a;
 A() { a = 5;}
};
 
int main()
{
 A *obj = new A;
 cout << obj->a;
}",5,Garbage value,Compile-time error,Run-time error,C,,medium,web:Examveda.com https://www.examveda.com/c-plus-plus-programming/practice-mcq-question-on-object-oriented-programming-in-c-plus-plus/?page=7,
C++ / OOP,object oriented programming in c plus plus,Which of the following is not a type of Constructor?,Friend constructor,Copy constructor,Default constructor,Parameterized constructor,A,,medium,web:Examveda.com https://www.examveda.com/c-plus-plus-programming/practice-mcq-question-on-object-oriented-programming-in-c-plus-plus/?page=7,
C++ / OOP,object oriented programming in c plus plus,Which of the following cannot be a friend?,Function,Class,Object,Operator function,C,,medium,web:Examveda.com https://www.examveda.com/c-plus-plus-programming/practice-mcq-question-on-object-oriented-programming-in-c-plus-plus/?page=7,
C++ / OOP,object oriented programming in c plus plus,How access specifiers in Class helps in Abstraction?,They does not helps in any way,They allows us to show only required things to outer world,They help in keeping things together,Abstraction concept is not used in classes,B,,medium,web:Examveda.com https://www.examveda.com/c-plus-plus-programming/practice-mcq-question-on-object-oriented-programming-in-c-plus-plus/?page=7,
C++ / OOP,object oriented programming in c plus plus,Which of the following approach is used by C++?,Top-down,Bottom-up,Left-right,Right-left,B,,medium,web:Examveda.com https://www.examveda.com/c-plus-plus-programming/practice-mcq-question-on-object-oriented-programming-in-c-plus-plus/?page=7,
C++ / OOP,object oriented programming in c plus plus,Which of the following provides a programmer with the facility of using object of a class inside other classes?,Inheritance,Composition,Abstraction,Encapsulation,B,,medium,web:Examveda.com https://www.examveda.com/c-plus-plus-programming/practice-mcq-question-on-object-oriented-programming-in-c-plus-plus/?page=7,
C++ / OOP,object oriented programming in c plus plus,Which concept means the addition of new components to a program as it runs?,Data hiding,Dynamic binding,Dynamic loading,Dynamic typing,C,,medium,web:Examveda.com https://www.examveda.com/c-plus-plus-programming/practice-mcq-question-on-object-oriented-programming-in-c-plus-plus/?page=7,
C++ / OOP,object oriented programming in c plus plus,What does polymorphism in OOPs mean?,Concept of allowing overiding of functions,Concept of hiding data,Concept of keeping things in differnt modules/files,Concept of wrapping things into a single unit,A,,medium,web:Examveda.com https://www.examveda.com/c-plus-plus-programming/practice-mcq-question-on-object-oriented-programming-in-c-plus-plus/?page=7,
C++ / OOP,object oriented programming in c plus plus,"What will be the output of the following C++ code? 
#include <iostream>
using namespace std;
class A{
public:
 A(){
 cout<<""Constructor called\n"";
 }
 ~A(){
 cout<<""Destructor called\n"";
 }
};
int main(int argc, char const *argv[])
{
 A *a = new A[5];
 delete a;
 return 0;
}","""Constructor called"" five times and then ""Destructor called"" five times","""Constructor called"" five times and then ""Destructor called"" once",Error,Segmentation fault,D,,medium,web:Examveda.com https://www.examveda.com/c-plus-plus-programming/practice-mcq-question-on-object-oriented-programming-in-c-plus-plus/?page=7,
C++ / OOP,object oriented programming in c plus plus,Wrapping data and its related functionality into a single entity is known as . . . . . . . .,Abstraction,Encapsulation,Polymorphism,Modularity,B,,medium,web:Examveda.com https://www.examveda.com/c-plus-plus-programming/practice-mcq-question-on-object-oriented-programming-in-c-plus-plus/?page=8,
C++ / OOP,object oriented programming in c plus plus,"What will be the output of the following C++ code? 
#include<iostream> 
using namespace std; 
class Base { 
public: 
 Base() 
 { cout<<""Constructing Base \n""; } 
 ~Base() 
 { cout<<""Destructing Base \n""; } 
}; 
class Derived: public Base { 
public: 
 Derived() 
 { cout<<""Constructing Derived \n""; } 
 ~Derived() 
 { cout","Constructing Base 
Constructing Derived 
Destructing Base","Constructing Base 
Constructing Derived 
Destructing Derived 
Destructing Base","Constructing Base 
Constructing Derived 
Destructing Base 
Destructing Derived","Constructing Derived 
Constructing Base 
Destructing Base 
Destructing Derived",A,,medium,web:Examveda.com https://www.examveda.com/c-plus-plus-programming/practice-mcq-question-on-object-oriented-programming-in-c-plus-plus/?page=8,
C++ / OOP,object oriented programming in c plus plus,C++ is . . . . . . . .,procedural programming language,object oriented programming language,functional programming language,both procedural and object oriented programming language,D,,medium,web:Examveda.com https://www.examveda.com/c-plus-plus-programming/practice-mcq-question-on-object-oriented-programming-in-c-plus-plus/?page=8,
C++ / OOP,object oriented programming in c plus plus,"What will be the output of the following C++ code? 
#include <iostream>
using namespace std;
class A{
public:
 A(){
 cout","""Constructor called"" five times and then ""Destructor called"" five times","""Constructor called"" five times and then ""Destructor called"" once",Error,Segmentation fault,A,,medium,web:Examveda.com https://www.examveda.com/c-plus-plus-programming/practice-mcq-question-on-object-oriented-programming-in-c-plus-plus/?page=8,
C++ / OOP,object oriented programming in c plus plus,How compile-time polymorphisms are implemented in C++?,Using Inheritance,Using Virtual functions,Using Templates,Using Inheritance and Virtual functions,C,,medium,web:Examveda.com https://www.examveda.com/c-plus-plus-programming/practice-mcq-question-on-object-oriented-programming-in-c-plus-plus/?page=8,
C++ / OOP,object oriented programming in c plus plus,What does modularity mean?,Hiding part of program,Subdividing program into small independent parts,Overriding parts of program,Wrapping things into single unit,B,,medium,web:Examveda.com https://www.examveda.com/c-plus-plus-programming/practice-mcq-question-on-object-oriented-programming-in-c-plus-plus/?page=8,
C++ / OOP,object oriented programming in c plus plus,How many types of polymorphism are there in C++?,1,2,3,4,B,,medium,web:Examveda.com https://www.examveda.com/c-plus-plus-programming/practice-mcq-question-on-object-oriented-programming-in-c-plus-plus/?page=8,
C++ / OOP,object oriented programming in c plus plus,Which of the following shows multiple inheritances?,A->B->C,A->B; A->C,"A,B->C",B->A,C,,medium,web:Examveda.com https://www.examveda.com/c-plus-plus-programming/practice-mcq-question-on-object-oriented-programming-in-c-plus-plus/?page=8,
C++ / OOP,object oriented programming in c plus plus,"What happens if a pointer is deleted twice in a program as shown in the following C++ statements? 
int *ptr = new int;
delete ptr;
delete ptr;",Undefined behaviour,Syntactically incorrect,Semantically incorrect,The program runs perfectly,A,,medium,web:Examveda.com https://www.examveda.com/c-plus-plus-programming/practice-mcq-question-on-object-oriented-programming-in-c-plus-plus/?page=8,
C++ / OOP,object oriented programming in c plus plus,Which of the following is correct about new and malloc?,Both are available in C,Pointer object initialization of a class with both new and malloc calls the constructor of that class,Pointer object initialization of a class using new involves constructor call whereas using malloc does not involve constructor call,Pointer object initialization of a class using malloc involves constructor call whereas using new does not involve constructor call,C,,medium,web:Examveda.com https://www.examveda.com/c-plus-plus-programming/practice-mcq-question-on-object-oriented-programming-in-c-plus-plus/?page=8,
C++ / OOP,classes and objects in c plus plus,What is a class in C++?,A collection of functions,A reserved keyword in C++,A blueprint for creating objects,A way to declare arrays of data,C,,medium,web:Examveda.com https://www.examveda.com/c-plus-plus-programming/practice-mcq-question-on-classes-and-objects-in-c-plus-plus/,
C++ / OOP,classes and objects in c plus plus,Which keyword is used to create an object of a class in C++?,new,create,object,None of the above,D,,medium,web:Examveda.com https://www.examveda.com/c-plus-plus-programming/practice-mcq-question-on-classes-and-objects-in-c-plus-plus/,
C++ / OOP,classes and objects in c plus plus,What is an object in C++?,A reserved keyword in C++,An instance of a class,A way to declare arrays of data,None of the above,B,,medium,web:Examveda.com https://www.examveda.com/c-plus-plus-programming/practice-mcq-question-on-classes-and-objects-in-c-plus-plus/,
C++ / OOP,classes and objects in c plus plus,What is the purpose of a constructor in C++?,To hide the implementation details of a class,To create multiple instances of a class,To initialize the object's data members,To destroy the object,C,,medium,web:Examveda.com https://www.examveda.com/c-plus-plus-programming/practice-mcq-question-on-classes-and-objects-in-c-plus-plus/,
C++ / OOP,classes and objects in c plus plus,Which access specifier allows members of a class to be accessed from outside the class in C++?,private,protected,friend,public,D,,medium,web:Examveda.com https://www.examveda.com/c-plus-plus-programming/practice-mcq-question-on-classes-and-objects-in-c-plus-plus/,
C++ / OOP,classes and objects in c plus plus,What is the correct syntax to define a member function outside the class in C++?,returnType functionName() {},returnType className::functionName() {},returnType className::functionName(),returnType functionName(className) {},B,,medium,web:Examveda.com https://www.examveda.com/c-plus-plus-programming/practice-mcq-question-on-classes-and-objects-in-c-plus-plus/,
C++ / OOP,classes and objects in c plus plus,What is the process of combining data and functions into a single unit called in C++?,Encapsulation,Inheritance,Polymorphism,Abstraction,A,,medium,web:Examveda.com https://www.examveda.com/c-plus-plus-programming/practice-mcq-question-on-classes-and-objects-in-c-plus-plus/,
C++ / OOP,classes and objects in c plus plus,What does the 'this' pointer refer to in C++?,Pointer to the base class object instance,Pointer to the next object instance,Pointer to the previous object instance,Pointer to the current object instance,D,,medium,web:Examveda.com https://www.examveda.com/c-plus-plus-programming/practice-mcq-question-on-classes-and-objects-in-c-plus-plus/,
C++ / OOP,classes and objects in c plus plus,Which keyword is used to declare a member function of a class as constant in C++?,static,final,const,virtual,C,,medium,web:Examveda.com https://www.examveda.com/c-plus-plus-programming/practice-mcq-question-on-classes-and-objects-in-c-plus-plus/,
C++ / OOP,classes and objects in c plus plus,What is the purpose of the 'static' keyword in C++ class members?,To initialize objects of a class,To create a single copy of the member shared by all objects,To create multiple instances of a class,None of the above,B,,medium,web:Examveda.com https://www.examveda.com/c-plus-plus-programming/practice-mcq-question-on-classes-and-objects-in-c-plus-plus/,
C++ / OOP,classes and objects in c plus plus,Which type of function is used to destroy objects in C++?,Friend function,Member function,Destructor,Constructor,C,,medium,web:Examveda.com https://www.examveda.com/c-plus-plus-programming/practice-mcq-question-on-classes-and-objects-in-c-plus-plus/?page=2,
C++ / OOP,classes and objects in c plus plus,Which operator is used to access members of an object in C++?,Dot operator (.),Arrow operator (->),Double colon (::),Star operator (*),A,,medium,web:Examveda.com https://www.examveda.com/c-plus-plus-programming/practice-mcq-question-on-classes-and-objects-in-c-plus-plus/?page=2,
C++ / OOP,classes and objects in c plus plus,What is the difference between a constructor and a destructor in C++?,"Constructor is called when an object is destroyed, while destructor is called when an object is created","Constructor is used to initialize objects, while destructor is used to free resources","Constructor is called when an object is created, while destructor is called when an object is destroyed","Constructor is used to free resources, while destructor is used to initialize objects",C,,medium,web:Examveda.com https://www.examveda.com/c-plus-plus-programming/practice-mcq-question-on-classes-and-objects-in-c-plus-plus/?page=2,
C++ / OOP,classes and objects in c plus plus,What is the purpose of the destructor in C++?,To define objects within a class,To release resources acquired by the object,To perform calculations with object data,None of the above,B,,medium,web:Examveda.com https://www.examveda.com/c-plus-plus-programming/practice-mcq-question-on-classes-and-objects-in-c-plus-plus/?page=2,
C++ / OOP,classes and objects in c plus plus,Which keyword is used to declare a class in C++?,object,typedef,class,struct,C,,medium,web:Examveda.com https://www.examveda.com/c-plus-plus-programming/practice-mcq-question-on-classes-and-objects-in-c-plus-plus/?page=2,
C++ / OOP,classes and objects in c plus plus,What is the purpose of the static member variable in C++?,To initialize objects of a class,To define objects within a class,To release resources acquired by the object,To maintain common data for all objects,D,,medium,web:Examveda.com https://www.examveda.com/c-plus-plus-programming/practice-mcq-question-on-classes-and-objects-in-c-plus-plus/?page=2,
C++ / OOP,classes and objects in c plus plus,What is the purpose of using friend functions in C++?,To create multiple instances of a class,To hide the implementation details of a class,To allow access to private and protected members of a class from outside the class,To define functions within a class,C,,medium,web:Examveda.com https://www.examveda.com/c-plus-plus-programming/practice-mcq-question-on-classes-and-objects-in-c-plus-plus/?page=2,
C++ / OOP,classes and objects in c plus plus,Which access specifier allows members of a class to be accessed only by the derived classes in C++?,public,protected,friend,None of the above,B,,medium,web:Examveda.com https://www.examveda.com/c-plus-plus-programming/practice-mcq-question-on-classes-and-objects-in-c-plus-plus/?page=2,
C++ / OOP,classes and objects in c plus plus,What is the term for a function that is declared inside a class but defined outside of it in C++?,Inline function,Friend function,Member function,Static function,C,,medium,web:Examveda.com https://www.examveda.com/c-plus-plus-programming/practice-mcq-question-on-classes-and-objects-in-c-plus-plus/?page=3,
C++ / OOP,classes and objects in c plus plus,What is the purpose of using constructors in C++?,To hide the implementation details of a class,To create multiple instances of a class,To initialize the object's data members,To destroy the object,C,,medium,web:Examveda.com https://www.examveda.com/c-plus-plus-programming/practice-mcq-question-on-classes-and-objects-in-c-plus-plus/?page=3,
C++ / OOP,classes and objects in c plus plus,Which keyword is used to create a copy constructor in C++?,copy,constructor,copy_constructor,None of the above,D,,medium,web:Examveda.com https://www.examveda.com/c-plus-plus-programming/practice-mcq-question-on-classes-and-objects-in-c-plus-plus/?page=3,
C++ / OOP,classes and objects in c plus plus,What is the purpose of a copy constructor in C++?,To hide the implementation details of a class,To destroy objects,To initialize an object using another object,To create multiple instances of a class,C,,medium,web:Examveda.com https://www.examveda.com/c-plus-plus-programming/practice-mcq-question-on-classes-and-objects-in-c-plus-plus/?page=3,
C++ / OOP,classes and objects in c plus plus,Which access specifier allows members of a class to be accessed only by member functions of the same class and its derived classes in C++?,protected,public,private,friend,A,"Access specifiers in C++ determine the visibility and accessibility of class members. 
The protected access specifier allows members of a class to be accessed by: 
1. Member functions of the same class 
2. Member functions of its derived (child) classes 
This makes protected different from private, which restricts access only to the class itself, and from public, which allows access from anywhere. 

Now let’s see why the other options are incorrect: 
Option B: public — Members are accessible from anywhere in the program, which is more permissive than required by the question. 
Option C: private — Members are accessible only within the same class, not by derived classes, so this is too restrictive. 
Option D: friend — friend is not an access specifier; it is a keyword used to allow a specific external function or class to access private or protected members of another class. It doesn’t de",medium,web:Examveda.com https://www.examveda.com/c-plus-plus-programming/practice-mcq-question-on-classes-and-objects-in-c-plus-plus/?page=3,
C++ / OOP,classes and objects in c plus plus,What happens if a class does not explicitly declare any constructors in C++?,A compilation error occurs,The class cannot be instantiated,The class is initialized with default values,A default constructor is provided by the compiler,D,,medium,web:Examveda.com https://www.examveda.com/c-plus-plus-programming/practice-mcq-question-on-classes-and-objects-in-c-plus-plus/?page=3,
C++ / OOP,classes and objects in c plus plus,What is a destructor in C++?,A special member function that destroys objects,A function used to create objects,A function used to initialize objects,A function used to access class members,A,,medium,web:Examveda.com https://www.examveda.com/c-plus-plus-programming/practice-mcq-question-on-classes-and-objects-in-c-plus-plus/?page=3,
C++ / OOP,classes and objects in c plus plus,Which keyword is used to make a member function constant in C++?,virtual,final,static,const,D,,medium,web:Examveda.com https://www.examveda.com/c-plus-plus-programming/practice-mcq-question-on-classes-and-objects-in-c-plus-plus/?page=4,
C++ / OOP,classes and objects in c plus plus,What is the difference between a constructor and a normal member function in C++?,"Constructor is called explicitly when an object is created, while a member function is called automatically","Constructor has a return type, while a member function does not","Constructor is called automatically when an object is created, while a member function needs to be called explicitly","Constructor can be overloaded, while a member function cannot",C,,medium,web:Examveda.com https://www.examveda.com/c-plus-plus-programming/practice-mcq-question-on-classes-and-objects-in-c-plus-plus/?page=4,
C++ / OOP,classes and objects in c plus plus,What is the purpose of the keyword 'explicit' before a constructor in C++?,To specify the return type of the constructor,To prevent implicit conversions during object initialization,To mark the constructor as static,None of the above,B,,medium,web:Examveda.com https://www.examveda.com/c-plus-plus-programming/practice-mcq-question-on-classes-and-objects-in-c-plus-plus/?page=4,
C++ / OOP,classes and objects in c plus plus,Which keyword is used to prevent inheritance in C++?,sealed,virtual,final,override,C,,medium,web:Examveda.com https://www.examveda.com/c-plus-plus-programming/practice-mcq-question-on-classes-and-objects-in-c-plus-plus/?page=4,
C++ / OOP,classes and objects in c plus plus,What is the access specifier that allows members of a class to be accessed from anywhere in the program in C++?,public,private,protected,internal,A,,medium,web:Examveda.com https://www.examveda.com/c-plus-plus-programming/practice-mcq-question-on-classes-and-objects-in-c-plus-plus/?page=4,
C++ / OOP,classes and objects in c plus plus,What is the difference between a shallow copy and a deep copy in C++?,"Shallow copy is performed using copy constructors, while deep copy is performed using assignment operators","Shallow copy copies only the memory addresses of the objects, while deep copy copies the actual content",Shallow copy is faster than deep copy,None of the above,B,,medium,web:Examveda.com https://www.examveda.com/c-plus-plus-programming/practice-mcq-question-on-classes-and-objects-in-c-plus-plus/?page=4,
C++ / OOP,classes and objects in c plus plus,"What will be the output of the following C++ code? 
#include <iostream>
#include <complex>
using namespace std;
int main ()
{
 complex<double> mycomplex (20.0, 2.0);
 cout << imag(mycomplex) << endl;
 return 0;
}",2,20,40,30,A,,medium,web:Examveda.com https://www.examveda.com/c-plus-plus-programming/practice-mcq-question-on-classes-and-objects-in-c-plus-plus/?page=4,
C++ / OOP,classes and objects in c plus plus,How many parameters does a conversion operator may take?,0,1,2,as many as possible,A,,medium,web:Examveda.com https://www.examveda.com/c-plus-plus-programming/practice-mcq-question-on-classes-and-objects-in-c-plus-plus/?page=4,
C++ / OOP,classes and objects in c plus plus,"What will be the output of the following C++ code? 
#include <iostream>
using namespace std;
class Integer 
{
 int i;
 public:
 Integer(int ii) : i(ii) {}
 const Integer
 operator+(const Integer& rv) const 
 {
 cout << ""operator+"" << endl;
 return Integer(i + rv.i);
 }
 Integer&
 operator+=(const Integer& rv) 
 {
 cout << ""operator+="" << endl;
 i += rv.i;
 return *this;
 }
};
int main() 
{
 int i = 1, j = 2, k = 3;
 k += i + j;
 Integer ii(1), jj(2), kk(3);
 kk += ii + jj;
}","operator+ 
operator+=","operator+= 
operator+","operator+ 
operator+","operator+ 
operator=",A,,medium,web:Examveda.com https://www.examveda.com/c-plus-plus-programming/practice-mcq-question-on-classes-and-objects-in-c-plus-plus/?page=4,
C++ / OOP,classes and objects in c plus plus,Which of the following operator cannot be overloaded?,+,?:,–,%,B,,medium,web:Examveda.com https://www.examveda.com/c-plus-plus-programming/practice-mcq-question-on-classes-and-objects-in-c-plus-plus/?page=5,
C++ / OOP,classes and objects in c plus plus,Pick the correct statement.,Macros and inline functions are same thing,Macros looks like function calls but they are actually not,Inline functions looks like function but they are not,Inline function are always large,B,,medium,web:Examveda.com https://www.examveda.com/c-plus-plus-programming/practice-mcq-question-on-classes-and-objects-in-c-plus-plus/?page=5,
C++ / OOP,classes and objects in c plus plus,Which is used to define the member of a class externally?,:,::,#,!!$,B,,medium,web:Examveda.com https://www.examveda.com/c-plus-plus-programming/practice-mcq-question-on-classes-and-objects-in-c-plus-plus/?page=5,
C++ / OOP,classes and objects in c plus plus,"What will be the output of the following C++ code? 
#include <iostream>
using namespace std;
ostream & operator<<(ostream & i, int n)
{
 return i;
}
int main()
{
 cout << 5 << endl;
 cin.get();
 return 0;
}",5,6,error,runtime error,C,,medium,web:Examveda.com https://www.examveda.com/c-plus-plus-programming/practice-mcq-question-on-classes-and-objects-in-c-plus-plus/?page=5,
C++ / OOP,classes and objects in c plus plus,"What will be the output of the following C++ code? 
#include <iostream>
#include <string>
using namespace std;
class Box{
 int capacity;
 bool operator<(Box b){
 return this->capacity < b.capacity ? true : false;
 }
public:
 Box(){}
 Box(double capacity){
 this->capacity = capacity;
 }
};
int main(int argc, char const *argv[])
{
 Box b1(10);
 Box b2 = Box(14);
 if(b1 < b2){
 cout<<""Box 2 has large capacity."";
 }
 else{
 cout<<""Box 1 has large capacity."";
 }
 return 0;
}",Error,Segmentation fault,Box 2 has large capacity,No output,A,,medium,web:Examveda.com https://www.examveda.com/c-plus-plus-programming/practice-mcq-question-on-classes-and-objects-in-c-plus-plus/?page=5,
C++ / OOP,classes and objects in c plus plus,Which operator a pointer object of a class uses to access its data members and member functions?,.,->,:,::,B,,medium,web:Examveda.com https://www.examveda.com/c-plus-plus-programming/practice-mcq-question-on-classes-and-objects-in-c-plus-plus/?page=5,
C++ / OOP,classes and objects in c plus plus,"What will be the output of the following C++ code? 
#include <iostream>
using namespace std;
int main ()
{
 int a, b; 
 a = 10; 
 b = 4; 
 a = b; 
 b = 7; 
 cout << ""a:"";
 cout << a;
 cout << "" b:"";
 cout << b;
 return 0;
}",a:4 b:7,a:10 b:4,a:4 b:10,a:4 b:6,A,,medium,web:Examveda.com https://www.examveda.com/c-plus-plus-programming/practice-mcq-question-on-classes-and-objects-in-c-plus-plus/?page=5,
C++ / OOP,classes and objects in c plus plus,"What will be the output of the following C++ code? 
#include <iostream>
#include <string>
using namespace std;
int main ()
{
 std::string str (""Example."");
 str.back() = '!';
 std::cout << str << endl;
 return 0;
}",Example.!,Example.,Example!,Example!.,C,,medium,web:Examveda.com https://www.examveda.com/c-plus-plus-programming/practice-mcq-question-on-classes-and-objects-in-c-plus-plus/?page=5,
C++ / OOP,classes and objects in c plus plus,Which is the correct example of a unary operator?,&,==,—,/,C,,medium,web:Examveda.com https://www.examveda.com/c-plus-plus-programming/practice-mcq-question-on-classes-and-objects-in-c-plus-plus/?page=5,
C++ / OOP,classes and objects in c plus plus,In case of non-static member functions how many maximum object arguments a binary operator overloaded function can take?,1,2,3,0,A,,medium,web:Examveda.com https://www.examveda.com/c-plus-plus-programming/practice-mcq-question-on-classes-and-objects-in-c-plus-plus/?page=5,
C++ / OOP,classes and objects in c plus plus,Which of the following operator can be overloaded?,?:,::,.,==,D,,medium,web:Examveda.com https://www.examveda.com/c-plus-plus-programming/practice-mcq-question-on-classes-and-objects-in-c-plus-plus/?page=6,
C++ / OOP,classes and objects in c plus plus,How to store the large objects in c++ if it extends its allocated memory?,memory heap,stack,queue,stack & queue,A,,medium,web:Examveda.com https://www.examveda.com/c-plus-plus-programming/practice-mcq-question-on-classes-and-objects-in-c-plus-plus/?page=6,
C++ / OOP,classes and objects in c plus plus,"What will be the output of the following C++ code? 
#include <iostream>
#include <string>
using namespace std;
int main ()
{
 string str (""microsoft"");
 string::reverse_iterator r;
 for (r = str.rbegin() ; r < str.rend(); r++ )
 cout << *r;
 return 0;
}",microsoft,micro,tfosorcim,tfos,C,,medium,web:Examveda.com https://www.examveda.com/c-plus-plus-programming/practice-mcq-question-on-classes-and-objects-in-c-plus-plus/?page=6,
C++ / OOP,classes and objects in c plus plus,How to declare the complex number?,"(3, 4)","complex(3, 4)","(3, 4i)","(3, 4g)",B,,medium,web:Examveda.com https://www.examveda.com/c-plus-plus-programming/practice-mcq-question-on-classes-and-objects-in-c-plus-plus/?page=6,
C++ / OOP,classes and objects in c plus plus,"Given the following C++ code. How would you define the < operator for Box class so that when boxes b1 and b2 are compared in if block the program gives correct result? 
#include <iostream>
#include <string>
using namespace std;
class Box
{
 int capacity;
 public:
 Box(){}
 Box(double capacity){
 this->capacity = capacity;
 }
};
int main(int argc, char const *argv[])
{
 Box b1(10);
 Box b2 = Box(14);
 if(b1 < b2){
 cout<<""Box 2 has large capacity."";
 }
 else{
 cout<<""Box 1 has large capacity."";
 }
 return 0;
}","bool operatorcapacity < b.capacity ? true : false;
}","bool operatorcapacity > b.capacity ? true : false;
}","bool operator b2 ? true : false;
}",bool operator,A,,medium,web:Examveda.com https://www.examveda.com/c-plus-plus-programming/practice-mcq-question-on-classes-and-objects-in-c-plus-plus/?page=6,
C++ / OOP,classes and objects in c plus plus,"What will be the output of the following C++ code? 
#include <iostream>
using namespace std;
class sample
{
 public:
 sample(int i) : m_i(i) { }
 public:
 int operator()(int i = 0) const 
 { 
 return m_i + i; 
 }
 operator int () const 
 { 
 return m_i; 
 }
 private:
 int m_i;
 friend int g(const sample&);
};
int f(char c)
{
 return c;
}
int main()
{
 sample f(2);
 cout << f(2);
 return 0;
}",3,4,5,6,B,,medium,web:Examveda.com https://www.examveda.com/c-plus-plus-programming/practice-mcq-question-on-classes-and-objects-in-c-plus-plus/?page=6,
C++ / OOP,classes and objects in c plus plus,Which container in c++ will take large objects?,string,class,vector,string & class,C,,medium,web:Examveda.com https://www.examveda.com/c-plus-plus-programming/practice-mcq-question-on-classes-and-objects-in-c-plus-plus/?page=6,
C++ / OOP,classes and objects in c plus plus,How many types of models are available to create the user-defined data type?,1,2,3,4,B,,medium,web:Examveda.com https://www.examveda.com/c-plus-plus-programming/practice-mcq-question-on-classes-and-objects-in-c-plus-plus/?page=6,
C++ / OOP,classes and objects in c plus plus,Which concepts does the Pre Increment use?,call by value,call by reference,queue,call by name,B,,medium,web:Examveda.com https://www.examveda.com/c-plus-plus-programming/practice-mcq-question-on-classes-and-objects-in-c-plus-plus/?page=6,
C++ / OOP,classes and objects in c plus plus,Which is the correct example of a binary operator?,++,—,Dereferencing operator(*),+,D,,medium,web:Examveda.com https://www.examveda.com/c-plus-plus-programming/practice-mcq-question-on-classes-and-objects-in-c-plus-plus/?page=7,
C++ / OOP,classes and objects in c plus plus,"What will be the output of the following C++ code? 
#include <iostream>
#include <string>
using namespace std;
int main ()
{
 string str = ""HelloWorld!"";
 cout<<str.capacity();
 cout<<str.size();
 return 0;
}",1511,1111,1115,010,A,,medium,web:Examveda.com https://www.examveda.com/c-plus-plus-programming/practice-mcq-question-on-classes-and-objects-in-c-plus-plus/?page=7,
C++ / OOP,classes and objects in c plus plus,"What will be the output of the following C++ code? 
#include <iostream> 
#include <string>
#include <cstring>
using namespace std; 
int main(int argc, char const *argv[])
{
 string s(""a"");
 cout<<s;
 return 0;
}",a,empty string,Error,Segmentation fault,A,,medium,web:Examveda.com https://www.examveda.com/c-plus-plus-programming/practice-mcq-question-on-classes-and-objects-in-c-plus-plus/?page=7,
C++ / OOP,classes and objects in c plus plus,Which of the following operator can be used to overload when that function is declared as friend function?,[],(),->,|=,D,,medium,web:Examveda.com https://www.examveda.com/c-plus-plus-programming/practice-mcq-question-on-classes-and-objects-in-c-plus-plus/?page=7,
C++ / OOP,classes and objects in c plus plus,"What will be the output of the following C++ code? 
#include <iostream> 
#include <string>
using namespace std; 
int main(int argc, char const *argv[])
{
 char s1[6] = ""Hello"";
 char s2[6] = ""World"";
 char s3[12] = s1 + "" "" + s2;
 cout<<s3;
 return 0;
}",Hello World,Hello,World,Error,D,,medium,web:Examveda.com https://www.examveda.com/c-plus-plus-programming/practice-mcq-question-on-classes-and-objects-in-c-plus-plus/?page=7,
C++ / OOP,classes and objects in c plus plus,The data members and functions of a class in C++ are by default . . . . . . . .,protected,private,public,public & protected,B,,medium,web:Examveda.com https://www.examveda.com/c-plus-plus-programming/practice-mcq-question-on-classes-and-objects-in-c-plus-plus/?page=7,
C++ / OOP,classes and objects in c plus plus,How many arguments will the subscript operator will take for overloading?,1,2,0,as many as possible,A,,medium,web:Examveda.com https://www.examveda.com/c-plus-plus-programming/practice-mcq-question-on-classes-and-objects-in-c-plus-plus/?page=7,
C++ / OOP,classes and objects in c plus plus,"What will be the output of the following C++ code? 
#include <iostream>
#include <string>
using namespace std;
class A
{
 static int a;
 public:
 A()
 {
 cout<<""Object of A is created\n"";
 }
 void show()
 {
 a++;
 cout<<""a: ""<<a<<endl;
 }
};
 
class B
{
 public:
};
 
int main(int argc, char const *argv[])
{
 A a1, a2;
 A a3 = a1 + a2;
 return 0;
}",Runs perfectly,Run-time Error,Segmentation fault,Compile-time Error,D,,medium,web:Examveda.com https://www.examveda.com/c-plus-plus-programming/practice-mcq-question-on-classes-and-objects-in-c-plus-plus/?page=7,
C++ / OOP,classes and objects in c plus plus,"#include <iostream>
using namespace std;
class three_d 
{
 int x, y, z;
 public:
 three_d() { x = y = z = 0; }
 three_d(int i, int j, int k) { x = i; y = j; z = k; }
 three_d operator()(three_d obj);
 three_d operator()(int a, int b, int c);
 friend ostream &operator<<(ostream &strm, three_d op);
};
three_d three_d::operator()(three_d obj)
{
 three_d temp;
 temp.x = (x + obj.x) / 2;
 temp.y = (y + obj.y) / 2;
 temp.z = (z + obj.z) / 2;
 return temp;
}
three_d three_d::operator()(int a, int b, int c)
{
 three_d temp;
 temp.x = x + a;
 temp.y = y + b;
 temp.z = z + c;
 return temp;
}
 ostream &operator<<(ostream &strm, three_d op) {
 strm << op.x << "", "" << op.y << "", "" << op.z << endl;
 return strm;
}
int main()
{
 three_d objA(1, 2, 3), objB(10, 10, 10), objC;
 objC = objA(objB(100, 200, 300));
 cout << objC;
 return 0;
}","55, 106, 156","55, 106","55, 106, 159","55, 106, 158",A,,medium,web:Examveda.com https://www.examveda.com/c-plus-plus-programming/practice-mcq-question-on-classes-and-objects-in-c-plus-plus/?page=7,
C++ / OOP,classes and objects in c plus plus,"What will be the output of the following C++ code? 
#include <iostream>
using namespace std;
class sample
{
 private:
 int* i;
 int j;
 public:
 sample (int j);
 ~sample ();
 int& operator [] (int n);
};
int& sample::operator [] (int n)
{
 return i[n];
}
sample::sample (int j)
{
 i = new int [j];
 j = j;
}
sample::~sample ()
{
 delete [] i;
}
int main ()
{
 sample m (5);
 m [0] = 25;
 m [1] = 20;
 m [2] = 15;
 m [3] = 10;
 m [4] = 5;
 for (int n = 0; n < 5; ++ n)
 cout << m [n];
 return 0;
}",252015105,510152025,51015,51015210,A,,medium,web:Examveda.com https://www.examveda.com/c-plus-plus-programming/practice-mcq-question-on-classes-and-objects-in-c-plus-plus/?page=7,
C++ / OOP,classes and objects in c plus plus,How many specifiers are present in access specifiers in class?,1,2,3,4,C,,medium,web:Examveda.com https://www.examveda.com/c-plus-plus-programming/practice-mcq-question-on-classes-and-objects-in-c-plus-plus/?page=8,
C++ / OOP,classes and objects in c plus plus,Which special character is used to mark the end of class?,;,:,#,$,A,,medium,web:Examveda.com https://www.examveda.com/c-plus-plus-programming/practice-mcq-question-on-classes-and-objects-in-c-plus-plus/?page=8,
C++ / OOP,classes and objects in c plus plus,"What will be the output of the following C++ code? 
#include <stdio.h> 
#include<iostream>
using namespace std;
int main()
{
 int x = 5, y = 5;
 cout << ++x << --y << endl;
 return 0;
}",55,64,46,45,B,,medium,web:Examveda.com https://www.examveda.com/c-plus-plus-programming/practice-mcq-question-on-classes-and-objects-in-c-plus-plus/?page=8,
C++ / OOP,classes and objects in c plus plus,How to access the object in the class?,scope resolution operator,ternary operator,direct member access operator,resolution operator,C,,medium,web:Examveda.com https://www.examveda.com/c-plus-plus-programming/practice-mcq-question-on-classes-and-objects-in-c-plus-plus/?page=8,
C++ / OOP,classes and objects in c plus plus,"What will be the output of the following C++ code? 
#include <iostream>
using namespace std;
class base
{
 int val1, val2;
 public:
 int get()
 {
 val1 = 100;
 val2 = 300;
 }
 friend float mean(base ob);
};
float mean(base ob)
{
 return float(ob.val1 + ob.val2) / 2;
}
int main()
{
 base obj;
 obj.get();
 cout << mean(obj);
 return 0;
}",200,150,100,300,A,,medium,web:Examveda.com https://www.examveda.com/c-plus-plus-programming/practice-mcq-question-on-classes-and-objects-in-c-plus-plus/?page=8,
C++ / OOP,classes and objects in c plus plus,"What will be the output of the following C++ code? 
#include <iostream>
#include <string>
using namespace std;
class complex
{
 int i;
 int j;
 public:
 complex(int a, int b)
 {
 i = a;
 j = b;
 }
 complex operator+(complex c)
 {
 complex temp;
 temp.i = this->i + c.i;
 temp.j = this->j + c.j;
 return temp;
 }
 void show(){
 cout<<""Complex Number: ""<<i<<"" + i""<<j<<endl;
 }
};
int main(int argc, char const *argv[])
{
 complex c1(1,2);
 complex c2(3,4);
 complex c3 = c1 + c2;
 c3.show();
 return 0;
}",4 + i6,2 + i2,Error,Segmentation fault,C,,medium,web:Examveda.com https://www.examveda.com/c-plus-plus-programming/practice-mcq-question-on-classes-and-objects-in-c-plus-plus/?page=8,
C++ / OOP,classes and objects in c plus plus,In case of non-static member functions how many maximum object arguments a unary operator overloaded function can take?,1,2,3,0,D,,medium,web:Examveda.com https://www.examveda.com/c-plus-plus-programming/practice-mcq-question-on-classes-and-objects-in-c-plus-plus/?page=8,
C++ / OOP,classes and objects in c plus plus,"What will be the output of the following C++ code? 
#include <iostream>
using namespace std;
class sample1 
{
 float i, j;
};
class sample2 
{
 int x, y;
 public:
 sample2 (int a, int b) 
 {
 x = a; 
 y = b;
 }
 int result() 
 { 
 return x + y;
 }
};
int main () 
{
 sample1 d;
 sample2 * padd;
 padd = (sample2*) &d;
 cout<< padd->result();
 return 0;
}",20,runtime error,random number,runtime error or random number,D,,medium,web:Examveda.com https://www.examveda.com/c-plus-plus-programming/practice-mcq-question-on-classes-and-objects-in-c-plus-plus/?page=8,
C++ / OOP,classes and objects in c plus plus,"What will be the output of the following C++ code? 
#include <iostream> 
#include <string>
#include <cstring>
using namespace std; 
int main(int argc, char const *argv[])
{
 const char *a = ""Hello\0World"";
 cout<<a;
 return 0;
}",Hello World,Hello,World,Error,B,,medium,web:Examveda.com https://www.examveda.com/c-plus-plus-programming/practice-mcq-question-on-classes-and-objects-in-c-plus-plus/?page=8,
C++ / OOP,classes and objects in c plus plus,"What will be the output of the following C++ code? 
#include <iostream>
#include <string>
using namespace std;
class A
{
 static int a;
 public:
 void change(int i){
 a = i;
 }
 void value_of_a(){
 cout<<a;
 }
};
 
int A::a = 5;
 
int main(int argc, char const *argv[])
{
 A a1 = A();
 A a2 = A();
 A a3 = A();
 a1.change(10);
 a1.value_of_a();
 a2.value_of_a();
 a3.value_of_a();
 return 0;
}",1055,555,101010,51010,C,,medium,web:Examveda.com https://www.examveda.com/c-plus-plus-programming/practice-mcq-question-on-classes-and-objects-in-c-plus-plus/?page=8,
C++ / OOP,classes and objects in c plus plus,Inline functions are avoided when . . . . . . . .,function contains static variables,function have recursive calls,function have loops,all of the mentioned,D,,medium,web:Examveda.com https://www.examveda.com/c-plus-plus-programming/practice-mcq-question-on-classes-and-objects-in-c-plus-plus/?page=9,
C++ / OOP,classes and objects in c plus plus,"What will be the output of the following C++ code? 
#include <iostream>
using namespace std;
class rect
{
 int x, y;
 public:
 void val (int, int);
 int area ()
 {
 return (x * y);
 }
};
void rect::val (int a, int b)
{
 x = a;
 y = b;
}
int main ()
{
 rect rect;
 rect.val (3, 4);
 cout << ""rect area: "" << rect.area();
 return 0;
}",rect area: 24,rect area: 12,compile error because rect is as used as class name and variable name in line #20,rect area: 56,B,,medium,web:Examveda.com https://www.examveda.com/c-plus-plus-programming/practice-mcq-question-on-classes-and-objects-in-c-plus-plus/?page=9,
C++ / OOP,classes and objects in c plus plus,What is a friend function in C++?,"A function which can access all the private, protected and public members of a class",A function which is not allowed to access any member of any class,A function which is allowed to access public and protected members of a class,A function which is allowed to access only public members of a class,A,,medium,web:Examveda.com https://www.examveda.com/c-plus-plus-programming/practice-mcq-question-on-classes-and-objects-in-c-plus-plus/?page=9,
C++ / OOP,classes and objects in c plus plus,"What will be the output of the following C++ code? 
#include <iostream>
using namespace std;
class Box
{ 
 double length;
 double breadth;
 double height;
 public:
 double getVolume(void)
 { 
 return length * breadth * height;
 }
 void setLength( double len )
 { 
 length = len;
 }
 void setBreadth( double bre )
 { 
 breadth = bre;
 }
 void setHeight( double hei )
 { 
 height = hei;
 }
 Box operator+(const Box& b)
 { 
 Box box;
 box.length = this->length + b.length;
 box.breadth = this->breadth + b.breadth;
 box.height = this->height + b.height;
 return box;
 } 
};
int main( )
{ 
 Box Box1;
 Box Box2;
 Box Box3;
 double volume = 0.0;
 Box1.setLength(6.0);
 Box1.setBreadth(7.0);
 Box1.setHeight(5.0);
 Box2.setLength(12.0);
 Box2.setBreadth(13.0);
 Box2.setHeight(10.0);
 volume = Box1.getVolume();
 cout << ""Volume of Box1 : "" << volume <<endl;
 volume = Box2.getVolume();
 cout << ""Volume of Box2 : "" << volume <<endl;
 Box3 = Box1 + Box2;
 volume = Box3.getVolume();
 cout << ""Volume of Box3 : "" << volume <<endl;
 return 0;
}","Volume of Box1 : 210 
Volume of Box2 : 1560 
Volume of Box3 : 5400","Volume of Box1 : 200 
Volume of Box2 : 1560 
Volume of Box3 : 5400","Volume of Box1 : 210 
Volume of Box2 : 1550 
Volume of Box3 : 5400","Volume of Box1 : 200 
Volume of Box2 : 1000 
Volume of Box3 : 5260",A,,medium,web:Examveda.com https://www.examveda.com/c-plus-plus-programming/practice-mcq-question-on-classes-and-objects-in-c-plus-plus/?page=9,
C++ / OOP,classes and objects in c plus plus,How to declare operator function?,operator sign,operator,name of the operator,name of the class,A,,medium,web:Examveda.com https://www.examveda.com/c-plus-plus-programming/practice-mcq-question-on-classes-and-objects-in-c-plus-plus/?page=9,
C++ / OOP,classes and objects in c plus plus,"What will be the output of the following C++ code? 
#include <iostream>
#include <string>
using namespace std;
int main ()
{
 string str (""Ubuntu"");
 cout << str.capacity();
 cout << str.max_size();
 return 0;
}",61073741820,51073741820,6 and max size depends on compiler,"15 
9223372036854770000",D,,medium,web:Examveda.com https://www.examveda.com/c-plus-plus-programming/practice-mcq-question-on-classes-and-objects-in-c-plus-plus/?page=9,
C++ / OOP,classes and objects in c plus plus,What is the use of functor?,"It makes the object ""callable"" like a function","It makes the class ""callable"" like a function","It makes the attribute ""callable"" like a function","It makes the argument ""callable"" like a function",A,,medium,web:Examveda.com https://www.examveda.com/c-plus-plus-programming/practice-mcq-question-on-classes-and-objects-in-c-plus-plus/?page=9,
C++ / OOP,classes and objects in c plus plus,"What will be the output of the following C++ code? 
#include <iostream>
using namespace std;
void duplicate (int& a, int& b, int& c)
{
 a *= 2;
 b *= 2;
 c *= 2;
}
int main ()
{
 int x = 1, y = 3, z = 7;
 duplicate (x, y, z);
 cout << x << y << z;
 return 0;
}",1468,2812,2614,2713,C,,medium,web:Examveda.com https://www.examveda.com/c-plus-plus-programming/practice-mcq-question-on-classes-and-objects-in-c-plus-plus/?page=9,
C++ / OOP,classes and objects in c plus plus,"What will be the output of the following C++ code? 
#include <iostream>
using namespace std;
int main()
{
 int a = 20;
 int b = 10;
 int c = 15;
 int d = 5;
 int e;
 e = a + b * c / d;
 cout << e << endl ;
 return 0;
}",50,60,70,90,A,,medium,web:Examveda.com https://www.examveda.com/c-plus-plus-programming/practice-mcq-question-on-classes-and-objects-in-c-plus-plus/?page=9,
C++ / OOP,classes and objects in c plus plus,Which is used to tell the computer that where a pointer is pointing to?,dereference,reference,heap operations,binary operations,A,,medium,web:Examveda.com https://www.examveda.com/c-plus-plus-programming/practice-mcq-question-on-classes-and-objects-in-c-plus-plus/?page=10,
C++ / OOP,classes and objects in c plus plus,"What will be the output of the following C++ code? 
#include <iostream>
#include <cmath>
using namespace std;
class Complex
{
 private:
 double real;
 double imag;
 public:
 Complex(double r = 0.0, double i = 0.0) : real(r), imag(i)
 {}
 double mag()
 { 
 return getMag();
 }
 operator double ()
 {
 return getMag();
 }
 private:
 double getMag()
 {
 return sqrt(real * real + imag * imag);
 }
};
int main()
{
 Complex com(3.0, 4.0);
 cout << com.mag();
 cout << com;
 return 0
}",5 5,4 5,6 6,7 5,A,,medium,web:Examveda.com https://www.examveda.com/c-plus-plus-programming/practice-mcq-question-on-classes-and-objects-in-c-plus-plus/?page=10,
C++ / OOP,classes and objects in c plus plus,What is the scope of typedef defined data types?,inside that block only,whole program,outside the program,main function,B,,medium,web:Examveda.com https://www.examveda.com/c-plus-plus-programming/practice-mcq-question-on-classes-and-objects-in-c-plus-plus/?page=10,
C++ / OOP,classes and objects in c plus plus,What is the associativity of add(+);?,right to left,left to right,right to left & left to right,top to bottom,B,,medium,web:Examveda.com https://www.examveda.com/c-plus-plus-programming/practice-mcq-question-on-classes-and-objects-in-c-plus-plus/?page=10,
C++ / OOP,classes and objects in c plus plus,Which is called ternary operator?,?:,&&,|||,===,A,,medium,web:Examveda.com https://www.examveda.com/c-plus-plus-programming/practice-mcq-question-on-classes-and-objects-in-c-plus-plus/?page=10,
C++ / OOP,classes and objects in c plus plus,How the objects are self-referenced in a member function of that class.,Using a special keyword object,Using this pointer,Using * with the name of that object,By passing self as a parameter in the member function,B,,medium,web:Examveda.com https://www.examveda.com/c-plus-plus-programming/practice-mcq-question-on-classes-and-objects-in-c-plus-plus/?page=10,
C++ / OOP,classes and objects in c plus plus,"What will be the output of the following C++ code? 
#include <iostream>
using namespace std;
class number
{
 int i;
 public:
 int geti();
 void puti(int j);
};
int number::geti()
{
 return i;
}
void number::puti(int j)
{
 i = j;
}
int main()
{
 number s;
 s.puti(10);
 cout << s.geti( );
 return 0;
}",10,11,20,22,A,,medium,web:Examveda.com https://www.examveda.com/c-plus-plus-programming/practice-mcq-question-on-classes-and-objects-in-c-plus-plus/?page=10,
C++ / OOP,classes and objects in c plus plus,How many objects can present in a single class?,1,2,3,as many as possible,D,,medium,web:Examveda.com https://www.examveda.com/c-plus-plus-programming/practice-mcq-question-on-classes-and-objects-in-c-plus-plus/?page=10,
C++ / OOP,classes and objects in c plus plus,"How many member functions are there in this C++ class excluding constructors and destructors? 
class Box
{
 int capacity;
 public:
 void print();
 friend void show();
 bool compare();
 friend bool lost();
};",1,2,3,4,B,,medium,web:Examveda.com https://www.examveda.com/c-plus-plus-programming/practice-mcq-question-on-classes-and-objects-in-c-plus-plus/?page=10,
C++ / OOP,classes and objects in c plus plus,In which form does the function call operator can be overloaded?,static member function,non-static member function,dynamis_cast,static_cast,B,,medium,web:Examveda.com https://www.examveda.com/c-plus-plus-programming/practice-mcq-question-on-classes-and-objects-in-c-plus-plus/?page=10,
C++ / OOP,constructors and destructors in c plus plus,Which access specifier allows constructors to be called from anywhere in the program in C++?,friend,protected,public,private,C,,medium,web:Examveda.com https://www.examveda.com/c-plus-plus-programming/practice-mcq-question-on-constructors-and-destructors-in-c-plus-plus/,
C++ / OOP,constructors and destructors in c plus plus,What is the purpose of the 'explicit' keyword before a constructor in C++?,To mark the constructor as static,To specify the return type of the constructor,To allow implicit conversions during object initialization,To prevent implicit conversions during object initialization,D,,medium,web:Examveda.com https://www.examveda.com/c-plus-plus-programming/practice-mcq-question-on-constructors-and-destructors-in-c-plus-plus/,
C++ / OOP,constructors and destructors in c plus plus,What is a constructor initialization list in C++?,A list of destructor calls,A list of initializations for member variables,A list of default arguments for the constructor,None of the above,B,,medium,web:Examveda.com https://www.examveda.com/c-plus-plus-programming/practice-mcq-question-on-constructors-and-destructors-in-c-plus-plus/,
C++ / OOP,constructors and destructors in c plus plus,What is the purpose of using the 'explicit' keyword in front of a constructor declaration in C++?,To specify the return type of the constructor,To prevent implicit conversions during object initialization,To mark the constructor as static,None of the above,B,,medium,web:Examveda.com https://www.examveda.com/c-plus-plus-programming/practice-mcq-question-on-constructors-and-destructors-in-c-plus-plus/?page=2,
C++ / OOP,constructors and destructors in c plus plus,Which type of constructor is automatically called when an object is created without any arguments in C++?,Destructor,Copy constructor,Default constructor,Parameterized constructor,C,,medium,web:Examveda.com https://www.examveda.com/c-plus-plus-programming/practice-mcq-question-on-constructors-and-destructors-in-c-plus-plus/?page=2,
C++ / OOP,constructors and destructors in c plus plus,Which of the following statements about destructors in C++ is true?,Destructors can be overloaded,Destructors can be inherited,Destructors are called when an object is created,Destructors cannot have parameters,D,,medium,web:Examveda.com https://www.examveda.com/c-plus-plus-programming/practice-mcq-question-on-constructors-and-destructors-in-c-plus-plus/?page=2,
C++ / OOP,constructors and destructors in c plus plus,"In C++, what is the purpose of the 'this' pointer in a class member function?",It points to the memory location of the current object instance,It points to the previous object instance,It points to the next object instance,It points to the base class object instance,A,,medium,web:Examveda.com https://www.examveda.com/c-plus-plus-programming/practice-mcq-question-on-constructors-and-destructors-in-c-plus-plus/?page=2,
C++ / OOP,constructors and destructors in c plus plus,Which keyword is used to prevent a class from being inherited in C++?,sealed,virtual,override,final,D,,medium,web:Examveda.com https://www.examveda.com/c-plus-plus-programming/practice-mcq-question-on-constructors-and-destructors-in-c-plus-plus/?page=2,
C++ / OOP,constructors and destructors in c plus plus,"In C++, what is the difference between a shallow copy and a deep copy?","Shallow copy copies the actual content of the objects, while deep copy copies only the memory addresses",Shallow copy is faster than deep copy,"Shallow copy copies only the memory addresses of the objects, while deep copy copies the actual content",Shallow copy is slower than deep copy,C,,medium,web:Examveda.com https://www.examveda.com/c-plus-plus-programming/practice-mcq-question-on-constructors-and-destructors-in-c-plus-plus/?page=2,
C++ / OOP,constructors and destructors in c plus plus,What happens if a class does not define any constructors in C++?,The class will have a compilation error,The class cannot be compiled,A default constructor is automatically provided,The class cannot have any objects instantiated,C,,medium,web:Examveda.com https://www.examveda.com/c-plus-plus-programming/practice-mcq-question-on-constructors-and-destructors-in-c-plus-plus/?page=2,
C++ / OOP,constructors and destructors in c plus plus,What is the purpose of using constructor initialization lists in C++?,To override the default constructor,To create multiple constructors for a class,To initialize class members before the body of the constructor executes,To define constructors with multiple arguments,C,,medium,web:Examveda.com https://www.examveda.com/c-plus-plus-programming/practice-mcq-question-on-constructors-and-destructors-in-c-plus-plus/?page=3,
C++ / OOP,constructors and destructors in c plus plus,What is the destructor called automatically when an object is destroyed in C++?,.~className(),className::~(),~(),~className(),D,,medium,web:Examveda.com https://www.examveda.com/c-plus-plus-programming/practice-mcq-question-on-constructors-and-destructors-in-c-plus-plus/?page=3,
C++ / OOP,constructors and destructors in c plus plus,Which keyword is used to prevent an object from being copied in C++?,nocopy,prevent_copy,delete,new,C,,medium,web:Examveda.com https://www.examveda.com/c-plus-plus-programming/practice-mcq-question-on-constructors-and-destructors-in-c-plus-plus/?page=3,
C++ / OOP,constructors and destructors in c plus plus,What happens if a destructor is made private in a C++ class?,It is a syntax error,The destructor will still be called when needed,It prevents object destruction,The compiler will throw an error,D,,medium,web:Examveda.com https://www.examveda.com/c-plus-plus-programming/practice-mcq-question-on-constructors-and-destructors-in-c-plus-plus/?page=3,
C++ / OOP,constructors and destructors in c plus plus,"In C++, which type of constructor is called when an object is created without any arguments?",Default constructor,Parameterized constructor,Copy constructor,Destructor,A,,medium,web:Examveda.com https://www.examveda.com/c-plus-plus-programming/practice-mcq-question-on-constructors-and-destructors-in-c-plus-plus/?page=3,
C++ / OOP,constructors and destructors in c plus plus,What is the primary purpose of the explicit keyword in a C++ constructor?,To mark the constructor as static,To specify the return type of the constructor,To allow implicit type conversions,To prevent implicit type conversions,D,,medium,web:Examveda.com https://www.examveda.com/c-plus-plus-programming/practice-mcq-question-on-constructors-and-destructors-in-c-plus-plus/?page=3,
C++ / OOP,constructors and destructors in c plus plus,"In C++, what is the order of constructor and destructor calls for a class hierarchy?","Constructors: Derived to Base, Destructors: Base to Derived",Constructors and Destructors follow the same order,"Constructors: Base to Derived, Destructors: Derived to Base","Constructors: Derived to Base, Destructors: Derived to Base",C,,medium,web:Examveda.com https://www.examveda.com/c-plus-plus-programming/practice-mcq-question-on-constructors-and-destructors-in-c-plus-plus/?page=3,
C++ / OOP,constructors and destructors in c plus plus,What happens if a constructor throws an exception in C++?,The destructor is called to deallocate resources,The object is not fully constructed,The object is still constructed but may have undefined behavior,None of the above,B,,medium,web:Examveda.com https://www.examveda.com/c-plus-plus-programming/practice-mcq-question-on-constructors-and-destructors-in-c-plus-plus/?page=3,
C++ / OOP,constructors and destructors in c plus plus,"In C++, which function cannot be inherited but can be overridden in a derived class?",Default Constructor,Parameterized Constructor,Destructor,Copy Constructor,C,,medium,web:Examveda.com https://www.examveda.com/c-plus-plus-programming/practice-mcq-question-on-constructors-and-destructors-in-c-plus-plus/?page=3,
C++ / OOP,constructors and destructors in c plus plus,Which of the following statements about constructor initialization lists in C++ is correct?,They cannot be used in constructors with default arguments,They can only be used in copy constructors,They can only be used for primitive data types,They must be used for initializing all members of a class,D,,medium,web:Examveda.com https://www.examveda.com/c-plus-plus-programming/practice-mcq-question-on-constructors-and-destructors-in-c-plus-plus/?page=4,
C++ / OOP,constructors and destructors in c plus plus,Which of the following statements is true about constructors in C++?,Constructors can have a return type,Constructors cannot be overloaded,Constructors can be called explicitly,Constructors can be virtual,B,,medium,web:Examveda.com https://www.examveda.com/c-plus-plus-programming/practice-mcq-question-on-constructors-and-destructors-in-c-plus-plus/?page=4,
C++ / OOP,constructors and destructors in c plus plus,What is the purpose of using default arguments in C++ constructors?,To allow the constructor to be called without arguments,To provide a default value for constructor arguments,To specify the order of constructor execution,To prevent the use of constructor arguments,B,,medium,web:Examveda.com https://www.examveda.com/c-plus-plus-programming/practice-mcq-question-on-constructors-and-destructors-in-c-plus-plus/?page=4,
C++ / OOP,constructors and destructors in c plus plus,Which statement about constructor inheritance in C++ is correct?,Constructors cannot be inherited,Constructors are inherited with the same access specifier,Constructors can only be inherited privately,Constructors are inherited with different names,B,,medium,web:Examveda.com https://www.examveda.com/c-plus-plus-programming/practice-mcq-question-on-constructors-and-destructors-in-c-plus-plus/?page=4,
C++ / OOP,constructors and destructors in c plus plus,Which statement about destructors in C++ is true?,Destructors can be overloaded,Destructors cannot have any arguments,Destructors can have a return type,Destructors can be called explicitly,B,,medium,web:Examveda.com https://www.examveda.com/c-plus-plus-programming/practice-mcq-question-on-constructors-and-destructors-in-c-plus-plus/?page=4,
C++ / OOP,constructors and destructors in c plus plus,What is the access specifier that allows constructors to be called only from member functions of the same class and its derived classes in C++?,protected,public,private,friend,C,"In C++, the access specifier that allows constructors to be called only from member functions of the same class and its derived classes is private. When a constructor is declared as private, it cannot be accessed from outside the class, limiting its invocation to member functions of the same class and its derived classes. 
Option A: protected allows access to member functions and data members from within the same class, derived classes, and friend classes, but it still allows derived classes to call constructors, which might not be desired in some cases. 
Option B: public allows unrestricted access to the constructor from anywhere, defeating the purpose of restricting its usage to only member functions of the same class and its derived classes. 
Option D: friend allows non-member functions or external classes to access private and protected members of a class, but it doesn't restrict the",medium,web:Examveda.com https://www.examveda.com/c-plus-plus-programming/practice-mcq-question-on-constructors-and-destructors-in-c-plus-plus/?page=4,
C++ / OOP,constructors and destructors in c plus plus,"What happens if the destructor is explicitly defined in a C++ class, but the constructor is not defined?",It will cause a compilation error,The class will be instantiated with default values,The destructor will not be called,The class will not be able to create objects,C,,medium,web:Examveda.com https://www.examveda.com/c-plus-plus-programming/practice-mcq-question-on-constructors-and-destructors-in-c-plus-plus/?page=4,
C++ / OOP,constructors and destructors in c plus plus,What is the purpose of using the delete keyword in C++ destructors?,To deallocate memory for dynamically allocated objects,To call the parent class destructor,To prevent the destructor from being called,To explicitly call the destructor,C,,medium,web:Examveda.com https://www.examveda.com/c-plus-plus-programming/practice-mcq-question-on-constructors-and-destructors-in-c-plus-plus/?page=4,
C++ / OOP,constructors and destructors in c plus plus,"What will be the output of the following C++ code? 
#include <iostream>
#include <string>
using namespace std;
class A{
 mutable int a;
public:
 A(){
 cout<<""A's Constructor called\n"";
 }
 ~A(){
 cout<<""A's Destructor called\n"";
 }
};
class B{
 A a;
public:
 B(){
 cout<<""B's Constructor called\n"";
 }
 ~B(){
 cout<<""B's Destructor called\n"";
 }
};
int main(int argc, char const *argv[])
{
 B b1;
}","A's Constructor called 
B's Constructor called","A's Destructor called 
B's Destructor called","A's Constructor called 
B's Constructor called 
B's Destructor called 
A's Destructor called","A's Constructor called 
B's Constructor called 
A's Destructor called 
B's Destructor called",C,,medium,web:Examveda.com https://www.examveda.com/c-plus-plus-programming/practice-mcq-question-on-constructors-and-destructors-in-c-plus-plus/?page=5,
C++ / OOP,constructors and destructors in c plus plus,How constructors are different from other member functions of the class?,Constructor has the same name as the class itself,Constructors do not return anything,Constructors are automatically called when an object is created,All of the mentioned,D,,medium,web:Examveda.com https://www.examveda.com/c-plus-plus-programming/practice-mcq-question-on-constructors-and-destructors-in-c-plus-plus/?page=5,
C++ / OOP,constructors and destructors in c plus plus,How destructor overloading is done?,By changing the number of parameters,By changing the parameters type,By changing both the number of parameters and their type,No chance for destructor overloading,D,,medium,web:Examveda.com https://www.examveda.com/c-plus-plus-programming/practice-mcq-question-on-constructors-and-destructors-in-c-plus-plus/?page=5,
C++ / OOP,constructors and destructors in c plus plus,"What will be the output of the following C++ code? 
#include <iostream>
#include <string>
using namespace std;
class A{
 mutable int a;
public:
 A(){
 cout<<""Default constructor called\n"";
 }
 A(const A& a){
 cout<<""Copy Constructor called\n"";
 }
};
int main(int argc, char const *argv[])
{
 A obj;
 A a1 = obj;
 A a2(obj);
}","Default constructor called 
Copy Constructor called","Default constructor called 
Copy Constructor called 
Copy Constructor called","Default constructor called 
Default constructor called 
Copy Constructor called","Copy Constructor called 
Default constructor called 
Copy Constructor called",B,,medium,web:Examveda.com https://www.examveda.com/c-plus-plus-programming/practice-mcq-question-on-constructors-and-destructors-in-c-plus-plus/?page=5,
C++ / OOP,constructors and destructors in c plus plus,When destructors are called?,When a program ends,When a function ends,When a delete operator is used,All of the mentioned,D,,medium,web:Examveda.com https://www.examveda.com/c-plus-plus-programming/practice-mcq-question-on-constructors-and-destructors-in-c-plus-plus/?page=5,
C++ / OOP,constructors and destructors in c plus plus,"What will be the output of the following C++ code? 
#include <iostream>
#include <string>
using namespace std;
class A{
 mutable int a;
public:
 A(){
 cout<<""A's Constructor called\n"";
 }
 ~A(){
 cout<<""A's Destructor called\n"";
 }
};
class B: public A{
public:
 B(){
 cout<<""B's Constructor called\n"";
 }
 ~B(){
 cout<<""B's Destructor called\n"";
 }
};
int main(int argc, char const *argv[])
{
 B b1;
}","A's Constructor called 
B's Constructor called","A's Destructor called 
B's Destructor called","A's Constructor called 
B's Constructor called 
B's Destructor called 
A's Destructor called","A's Constructor called 
B's Constructor called 
A's Destructor called 
B's Destructor called",C,,medium,web:Examveda.com https://www.examveda.com/c-plus-plus-programming/practice-mcq-question-on-constructors-and-destructors-in-c-plus-plus/?page=5,
C++ / OOP,constructors and destructors in c plus plus,What is the difference between constructors and destructors?,They have a different function name,Constructors does not have return type whereas destructors do have,Constructors allow function parameters whereas destructors do not,Constructors does not function parameters,C,,medium,web:Examveda.com https://www.examveda.com/c-plus-plus-programming/practice-mcq-question-on-constructors-and-destructors-in-c-plus-plus/?page=5,
C++ / OOP,constructors and destructors in c plus plus,"What will be the output of the following C++ code? 
#include <iostream>
#include <string>
using namespace std;
class A{
 mutable int a;
public:
 A(){
 cout<<""A's Constructor called\n"";
 }
 ~A(){
 cout<<""A's Destructor called\n"";
 }
};
class B{
 static A a;
public:
 B(){
 cout<<""B's Constructor called\n"";
 }
 ~B(){
 cout<<""B's Destructor called\n"";
 }
};
int main(int argc, char const *argv[])
{
 B b1;
}","A's Constructor called 
B's Constructor called","B's Constructor called 
B's Destructor called","A's Constructor called 
B's Constructor called 
B's Destructor called 
A's Destructor called","A's Constructor called 
B's Constructor called 
A's Destructor called 
B's Destructor called",B,,medium,web:Examveda.com https://www.examveda.com/c-plus-plus-programming/practice-mcq-question-on-constructors-and-destructors-in-c-plus-plus/?page=5,
C++ / OOP,constructors and destructors in c plus plus,"What will be the output of the following C++ code? 
#include <iostream>
#include <string>
using namespace std;
class A{
 int a;
public:
 A(int i){
 a = i;
 }
 void assign(int i){
 a = i;
 }
 int return_value(){
 return a;
 }
};
int main(int argc, char const *argv[])
{
 A obj;
 obj.assign(5);
 cout<<obj.return_value();
}",5,55,Error,Segmentation Fault,C,,medium,web:Examveda.com https://www.examveda.com/c-plus-plus-programming/practice-mcq-question-on-constructors-and-destructors-in-c-plus-plus/?page=5,
C++ / OOP,constructors and destructors in c plus plus,How many types of constructors are there in C++?,1,2,3,4,C,,medium,web:Examveda.com https://www.examveda.com/c-plus-plus-programming/practice-mcq-question-on-constructors-and-destructors-in-c-plus-plus/?page=5,
C++ / OOP,constructors and destructors in c plus plus,"What will be the output of the following C++ code? 
#include <iostream> 
using namespace std;
class A{
 A(){
 cout<<""Constructor called"";
 }
};
int main(int argc, char const *argv[])
{
 A a;
 return 0;
}",Constructor called,Nothing printed,Error,Segmentation fault,C,,medium,web:Examveda.com https://www.examveda.com/c-plus-plus-programming/practice-mcq-question-on-constructors-and-destructors-in-c-plus-plus/?page=6,
C++ / OOP,constructors and destructors in c plus plus,"What will be the output of the following C++ code? 
#include <iostream> 
using namespace std;
class A{
public:
 int a;
 A(){
 cout<<""Constructor called"";
 }
};
int main(int argc, char const *argv[])
{
 A *a1 = (A*)malloc(sizeof(A));
 return 0;
}",Constructor called,Nothing printed,Error,Segmentation fault,B,,medium,web:Examveda.com https://www.examveda.com/c-plus-plus-programming/practice-mcq-question-on-constructors-and-destructors-in-c-plus-plus/?page=6,
C++ / OOP,constructors and destructors in c plus plus,Which of the following constructors are provided by the C++ compiler if not defined in a class?,Default constructor,Assignment constructor,Copy constructor,All of the mentioned,D,,medium,web:Examveda.com https://www.examveda.com/c-plus-plus-programming/practice-mcq-question-on-constructors-and-destructors-in-c-plus-plus/?page=6,
C++ / OOP,constructors and destructors in c plus plus,"What will be the output of the following C++ code? 
#include <iostream> 
using namespace std;
class A{
 
public:
 A(){
 cout<<""Constructor called"";
 }
};
int main(int argc, char const *argv[])
{
 A *a;
 return 0;
}",Constructor called,Nothing printed,Error,Segmentation fault,B,,medium,web:Examveda.com https://www.examveda.com/c-plus-plus-programming/practice-mcq-question-on-constructors-and-destructors-in-c-plus-plus/?page=6,
C++ / OOP,constructors and destructors in c plus plus,"What will be the output of the following C++ code? 
#include <iostream> 
using namespace std;
class A{
public:
 int a;
 A(int a=0){
 this->a = a;
 }
};
int main(int argc, char const *argv[])
{
 A a1, a2(10);
 cout<<a2.a;
 return 0;
}",010,100,001,Error,A,,medium,web:Examveda.com https://www.examveda.com/c-plus-plus-programming/practice-mcq-question-on-constructors-and-destructors-in-c-plus-plus/?page=6,
C++ / OOP,constructors and destructors in c plus plus,"What will be the output of the following C++ code? 
#include <iostream> 
using namespace std;
class A{
public:
 int a;
 A(){
 cout<<""Constructor called"";
 }
} a;
int main(int argc, char const *argv[])
{
 return 0;
}",Constructor called,Nothing printed,Error,Segmentation fault,A,,medium,web:Examveda.com https://www.examveda.com/c-plus-plus-programming/practice-mcq-question-on-constructors-and-destructors-in-c-plus-plus/?page=6,
C++ / OOP,constructors and destructors in c plus plus,"What will be the output of the following C++ code? 
#include <iostream>
#include <string>
using namespace std;
class A{
 mutable int a;
public:
 A(){
 cout<<""A's Constructor called\n"";
 }
 ~A(){
 cout<<""A's Destructor called\n"";
 }
};
 
class B{
 static A a;
public:
 B(){
 cout<<""B's Constructor called\n"";
 }
 ~B(){
 cout<<""B's Destructor called\n"";
 }
};
 
A B::a;
 
int main(int argc, char const *argv[])
{
 return 0;
}","A's Constructor called 
A's Destructor called","B's Constructor called 
B's Destructor called","A's Constructor called 
B's Constructor called 
B's Destructor called 
A's Destructor called","A's Constructor called 
B's Constructor called 
A's Destructor called 
B's Destructor called",A,,medium,web:Examveda.com https://www.examveda.com/c-plus-plus-programming/practice-mcq-question-on-constructors-and-destructors-in-c-plus-plus/?page=6,
C++ / OOP,constructors and destructors in c plus plus,"What will be the output of the following C++ code? 
#include <iostream> 
using namespace std;
class A{
public:
 int a;
 A(int a){
 this->a = a;
 }
};
int main(int argc, char const *argv[])
{
 A a1, a2(10);
 cout<<a2.a;
 return 0;
}",10,Compile time error,Run-time error,No output,B,,medium,web:Examveda.com https://www.examveda.com/c-plus-plus-programming/practice-mcq-question-on-constructors-and-destructors-in-c-plus-plus/?page=6,
C++ / OOP,constructors and destructors in c plus plus,"What will be the output of the following C++ code? 
#include <iostream>
#include <string>
using namespace std;
class A{
 mutable int a;
public:
 A(){
 cout<<""A's default constructor called\n"";
 }
 A(const A& a){
 cout<<""A's copy Constructor called\n"";
 }
};
class B{
 A obj;
public:
 B(){
 cout<<""B's Constructor called\n"";
 }
};
int main(int argc, char const *argv[])
{
 B b1;
 B b2;
}","B's Constructor called 
B's Constructor called","B's Constructor called 
A's default constructor called 
B's Constructor called 
A's default constructor called","A's default constructor called 
B's Constructor called 
A's default constructor called 
B's Constructor called","A's default constructor called 
B's Constructor called 
A's copy Constructor called",C,,medium,web:Examveda.com https://www.examveda.com/c-plus-plus-programming/practice-mcq-question-on-constructors-and-destructors-in-c-plus-plus/?page=6,
C++ / OOP,constructors and destructors in c plus plus,Why constructors are efficient instead of a function init() defined by the user to initialize the data members of an object?,Because user may forget to call init() using that object leading segmentation fault,Because user may call init() more than once which leads to overwriting values,Because user may forget to define init() function,All of the mentioned,D,,medium,web:Examveda.com https://www.examveda.com/c-plus-plus-programming/practice-mcq-question-on-constructors-and-destructors-in-c-plus-plus/?page=6,
C++ / OOP,constructors and destructors in c plus plus,"What will be the output of the following C++ code? 
#include <iostream> 
using namespace std;
class A{
 A(){
 cout<<""A's Constructor called\n"";
 }
};
class B
{
public:
 A a;
 B(){
 cout<<""B's constructor called\ns"";
 }
};
int main(int argc, char const *argv[])
{
 B b;
 return 0;
}","A's Constructor called 
B's constructor called","B's Constructor called 
A's constructor called",Error,Segmentation fault,C,,medium,web:Examveda.com https://www.examveda.com/c-plus-plus-programming/practice-mcq-question-on-constructors-and-destructors-in-c-plus-plus/?page=7,
C++ / OOP,constructors and destructors in c plus plus,What is a copy constructor?,A constructor that allows a user to move data from one object to another,A constructor to initialize an object with the values of another object,A constructor to check the whether to objects are equal or not,A constructor to kill other copies of a given object.,B,,medium,web:Examveda.com https://www.examveda.com/c-plus-plus-programming/practice-mcq-question-on-constructors-and-destructors-in-c-plus-plus/?page=7,
C++ / OOP,constructors and destructors in c plus plus,When a copy constructor is called?,When an object of the class is returned by value,When an object of the class is passed by value to a function,When an object is constructed based on another object of the same class,All of the mentioned,D,,medium,web:Examveda.com https://www.examveda.com/c-plus-plus-programming/practice-mcq-question-on-constructors-and-destructors-in-c-plus-plus/?page=7,
C++ / OOP,constructors and destructors in c plus plus,"Which of the following represents the correct explicit call to a constructor of class A? 
class A{
 int a;
 public:
 A(int i)
 {
 a = i;
 }
 }",A a(5);,A a;,A a = A(5);,A a = A();,C,,medium,web:Examveda.com https://www.examveda.com/c-plus-plus-programming/practice-mcq-question-on-constructors-and-destructors-in-c-plus-plus/?page=7,
C++ / OOP,constructors and destructors in c plus plus,"What will be the output of the following C++ code? 
#include <iostream> 
using namespace std;
class A{
 ~A(){}
};
class B
{
public:
 A a;
};
int main(int argc, char const *argv[])
{
 B b;
 return 0;
}","A's Constructor called 
B's constructor called","B's Constructor called 
A's constructor called",Error,Segmentation fault,C,,medium,web:Examveda.com https://www.examveda.com/c-plus-plus-programming/practice-mcq-question-on-constructors-and-destructors-in-c-plus-plus/?page=7,
C++ / OOP,constructors and destructors in c plus plus,How many parameters does a default constructor require?,1,2,0,3,C,,medium,web:Examveda.com https://www.examveda.com/c-plus-plus-programming/practice-mcq-question-on-constructors-and-destructors-in-c-plus-plus/?page=7,
C++ / OOP,constructors and destructors in c plus plus,"In the following C++ code how many times the string ""A's constructor called"" will be printed? 
#include <iostream>
#include <string>
using namespace std;
class A{
 int a;
public:
 A(){
 cout<<""A's constructor called"";
 }
};
class B{
 static A a;
public:
 B(){
 cout<<""B's constructor called"";
 }
 static A get(){
 return a;
 }
};
A B::a;
int main(int argc, char const *argv[])
{
 B b;
 A a1 = b.get();
 A a2 = b.get();
 A a3 = b.get();
}",3,4,2,1,D,,medium,web:Examveda.com https://www.examveda.com/c-plus-plus-programming/practice-mcq-question-on-constructors-and-destructors-in-c-plus-plus/?page=7,
C++ / OOP,constructors and destructors in c plus plus,What is the role of destructors in Classes?,To modify the data whenever required,To destroy an object when the lifetime of an object ends,To initialize the data members of an object when it is created,To call private functions from the outer world,B,,medium,web:Examveda.com https://www.examveda.com/c-plus-plus-programming/practice-mcq-question-on-constructors-and-destructors-in-c-plus-plus/?page=7,
C++ / OOP,constructors and destructors in c plus plus,What is syntax of defining a destructor of class A?,A(){},~A(){},A::A(){},~A(){};,B,,medium,web:Examveda.com https://www.examveda.com/c-plus-plus-programming/practice-mcq-question-on-constructors-and-destructors-in-c-plus-plus/?page=7,
C++ / OOP,constructors and destructors in c plus plus,What happens if a user forgets to define a constructor inside a class?,Error occurs,Segmentation fault,Objects are not created properly,Compiler provides a default constructor to avoid faults/errors,D,,medium,web:Examveda.com https://www.examveda.com/c-plus-plus-programming/practice-mcq-question-on-constructors-and-destructors-in-c-plus-plus/?page=7,
C++ / OOP,constructors and destructors in c plus plus,"What will be the output of the following C++ code? 
#include <iostream> 
using namespace std;
class A{
public:
 int a;
};
int main(int argc, char const *argv[])
{
 A a1 = {10};
 A a2 = a1;
 cout<<a1.a<<a2.a;
 return 0;
}",1010,87368746,Error,Segmentation fault,A,,medium,web:Examveda.com https://www.examveda.com/c-plus-plus-programming/practice-mcq-question-on-constructors-and-destructors-in-c-plus-plus/?page=8,
C++ / OOP,constructors and destructors in c plus plus,"What will be the output of the following C++ code? 
#include <iostream> 
using namespace std;
class A{
public:
 int a;
 A(){
 cout<<""Constructor called\n"";
 }
} a;
int main(int argc, char const *argv[])
{
 cout<<""Main function\n"";
 return 0;
}","Constructor called 
Main function","Main function 
Constructor called",Error,Segmentation fault,A,,medium,web:Examveda.com https://www.examveda.com/c-plus-plus-programming/practice-mcq-question-on-constructors-and-destructors-in-c-plus-plus/?page=8,
C++ / OOP,constructors and destructors in c plus plus,"What will be the output of the following C++ code? 
#include <iostream>
#include <string>
using namespace std;
class A{
 int a;
 A(){
 a = 5;
 }
 
public:
 void assign(int i){
 a = i;
 }
 int return_value(){
 return a;
 }
};
int main(int argc, char const *argv[])
{
 A obj;
 obj.assign(10);
 cout<<obj.return_value();
}",5,10,Error,Segmentation fault,C,,medium,web:Examveda.com https://www.examveda.com/c-plus-plus-programming/practice-mcq-question-on-constructors-and-destructors-in-c-plus-plus/?page=8,
C++ / OOP,constructors and destructors in c plus plus,"What will be the output of the following C++ code? 
#include <iostream>
#include <string>
using namespace std;
class A{
 mutable int a;
public:
 A(){
 cout<<""A's Constructor called\n"";
 }
 ~A(){
 cout<<""A's Destructor called\n"";
 }
};
class B: public A{
 A a;
public:
 B(){
 cout<<""B's Constructor called\n"";
 }
 ~B(){
 cout<<""B's Destructor called\n"";
 }
};
int main(int argc, char const *argv[])
{
 B b1;
}","A's Constructor called 
B's Constructor called","A's Destructor called 
B's Destructor called","A's Constructor called 
A's Constructor called 
B's Constructor called 
B's Destructor called 
A's Destructor called 
A's Destructor called","A's Constructor called 
B's Constructor called 
A's Destructor called 
B's Destructor called",C,,medium,web:Examveda.com https://www.examveda.com/c-plus-plus-programming/practice-mcq-question-on-constructors-and-destructors-in-c-plus-plus/?page=8,
C++ / OOP,constructors and destructors in c plus plus,"What will be the output of the following C++ code? 
#include <iostream> 
using namespace std;
class A{
 A(){
 cout<<""A's Constructor called\n"";
 }
 friend class B;
};
class B
{
public:
 A a;
 B(){
 cout<""B's constructor called\ns"";
 }
};
int main(int argc, char const *argv[])
{
 B b;
 return 0;
}","A's Constructor called 
B's constructor called","B's Constructor called 
A's constructor called",Error,Segmentation fault,A,,medium,web:Examveda.com https://www.examveda.com/c-plus-plus-programming/practice-mcq-question-on-constructors-and-destructors-in-c-plus-plus/?page=8,
C++ / OOP,constructors and destructors in c plus plus,What is the role of a constructor in classes?,To modify the data whenever required,To destroy an object,To initialize the data members of an object when it is created,To call private functions from the outer world,C,,medium,web:Examveda.com https://www.examveda.com/c-plus-plus-programming/practice-mcq-question-on-constructors-and-destructors-in-c-plus-plus/?page=8,
C++ / OOP,constructors and destructors in c plus plus,How many Destructors are allowed in a Class?,1,2,3,Any number,A,,medium,web:Examveda.com https://www.examveda.com/c-plus-plus-programming/practice-mcq-question-on-constructors-and-destructors-in-c-plus-plus/?page=8,
C++ / OOP,inheritance in c plus plus,"In C++, which type of inheritance allows a class to inherit properties and behavior from multiple base classes?",Multilevel inheritance,Hierarchical inheritance,Multiple inheritance,Single inheritance,C,,medium,web:Examveda.com https://www.examveda.com/c-plus-plus-programming/practice-mcq-question-on-inheritance-in-c-plus-plus/,
C++ / OOP,inheritance in c plus plus,What is the access specifier that restricts access to members of a class to only its derived classes in C++?,public,private,friend,protected,D,,medium,web:Examveda.com https://www.examveda.com/c-plus-plus-programming/practice-mcq-question-on-inheritance-in-c-plus-plus/,
C++ / OOP,inheritance in c plus plus,What is the process of defining a new class based on an existing class in C++ called?,Inheritance,Composition,Encapsulation,Polymorphism,A,,medium,web:Examveda.com https://www.examveda.com/c-plus-plus-programming/practice-mcq-question-on-inheritance-in-c-plus-plus/,
C++ / OOP,inheritance in c plus plus,Which keyword is used to signify inheritance in C++?,extends,inherit,using,: public,D,,medium,web:Examveda.com https://www.examveda.com/c-plus-plus-programming/practice-mcq-question-on-inheritance-in-c-plus-plus/,
C++ / OOP,inheritance in c plus plus,"In C++, which access specifier allows members of a base class to be accessible in the derived class but not to the outside world?",friend,private,public,protected,D,,medium,web:Examveda.com https://www.examveda.com/c-plus-plus-programming/practice-mcq-question-on-inheritance-in-c-plus-plus/,
C++ / OOP,inheritance in c plus plus,What is the diamond problem in C++?,Ambiguity in single inheritance,Ambiguity in hierarchical inheritance,Ambiguity in multiple inheritance,Ambiguity in multilevel inheritance,C,,medium,web:Examveda.com https://www.examveda.com/c-plus-plus-programming/practice-mcq-question-on-inheritance-in-c-plus-plus/,
C++ / OOP,inheritance in c plus plus,What is the default access specifier for members of a class in C++ when using inheritance?,protected,private,friend,None of the above,B,,medium,web:Examveda.com https://www.examveda.com/c-plus-plus-programming/practice-mcq-question-on-inheritance-in-c-plus-plus/,
C++ / OOP,inheritance in c plus plus,What happens if a derived class redefines a method that is already defined in its base class in C++?,Compilation error,Both methods are available separately,Method in the derived class overrides the base class method,Method in the base class overrides the derived class method,C,,medium,web:Examveda.com https://www.examveda.com/c-plus-plus-programming/practice-mcq-question-on-inheritance-in-c-plus-plus/,
C++ / OOP,inheritance in c plus plus,"In C++, which type of inheritance is not supported directly but can be achieved using a combination of other types of inheritance?",Multiple inheritance,Single inheritance,Hierarchical inheritance,Hybrid inheritance,D,,medium,web:Examveda.com https://www.examveda.com/c-plus-plus-programming/practice-mcq-question-on-inheritance-in-c-plus-plus/,
C++ / OOP,inheritance in c plus plus,What is the name for the process by which a class inherits features from another class in C++?,Derivation,Combination,Composition,Encapsulation,A,,medium,web:Examveda.com https://www.examveda.com/c-plus-plus-programming/practice-mcq-question-on-inheritance-in-c-plus-plus/,
C++ / OOP,inheritance in c plus plus,"In C++, if a derived class does not define a constructor, which constructor of the base class is called during the object creation of the derived class?",No constructor is called,Destructor of the base class,Parameterized constructor of the base class,Default constructor of the base class,D,,medium,web:Examveda.com https://www.examveda.com/c-plus-plus-programming/practice-mcq-question-on-inheritance-in-c-plus-plus/?page=2,
C++ / OOP,inheritance in c plus plus,What is the process of creating a new class using an existing class as a base in C++?,Base class,Derived object,Derived class,Base object,C,,medium,web:Examveda.com https://www.examveda.com/c-plus-plus-programming/practice-mcq-question-on-inheritance-in-c-plus-plus/?page=2,
C++ / OOP,inheritance in c plus plus,What is the name given to the feature of C++ where a class inherits features from more than one base class?,Hierarchical inheritance,Multiple inheritance,Multilevel inheritance,None of the above,B,,medium,web:Examveda.com https://www.examveda.com/c-plus-plus-programming/practice-mcq-question-on-inheritance-in-c-plus-plus/?page=2,
C++ / OOP,inheritance in c plus plus,"In C++, which type of inheritance allows a class to inherit from multiple classes directly or indirectly?",Multilevel inheritance,Hierarchical inheritance,Multiple inheritance,Single inheritance,C,,medium,web:Examveda.com https://www.examveda.com/c-plus-plus-programming/practice-mcq-question-on-inheritance-in-c-plus-plus/?page=2,
C++ / OOP,inheritance in c plus plus,What is the process of defining a new class by extending an existing class in C++?,Base class,Inherited class,Subclass,Derived class,D,,medium,web:Examveda.com https://www.examveda.com/c-plus-plus-programming/practice-mcq-question-on-inheritance-in-c-plus-plus/?page=2,
C++ / OOP,inheritance in c plus plus,"In C++, which access specifier allows the members of a base class to be accessible in the derived class as well as from outside the class?",public,private,protected,friend,A,,medium,web:Examveda.com https://www.examveda.com/c-plus-plus-programming/practice-mcq-question-on-inheritance-in-c-plus-plus/?page=2,
C++ / OOP,inheritance in c plus plus,What is the term used to describe a derived class having more than one base class in C++?,Multilevel inheritance,Hierarchical inheritance,Single inheritance,Multiple inheritance,D,,medium,web:Examveda.com https://www.examveda.com/c-plus-plus-programming/practice-mcq-question-on-inheritance-in-c-plus-plus/?page=2,
C++ / OOP,inheritance in c plus plus,"In C++, what is the process of creating a new class from an existing class known as?",Composition,Encapsulation,Inheritance,Polymorphism,C,,medium,web:Examveda.com https://www.examveda.com/c-plus-plus-programming/practice-mcq-question-on-inheritance-in-c-plus-plus/?page=2,
C++ / OOP,inheritance in c plus plus,Which keyword is used to denote the access specifier in a derived class when inheriting from a base class in C++?,using,inherits,extends,: protected,C,,medium,web:Examveda.com https://www.examveda.com/c-plus-plus-programming/practice-mcq-question-on-inheritance-in-c-plus-plus/?page=2,
C++ / OOP,inheritance in c plus plus,"In C++, which type of inheritance involves inheriting from multiple base classes, but only inheriting one level deep from each base class?",Hierarchical inheritance,Multilevel inheritance,Single inheritance,None of the above,B,,medium,web:Examveda.com https://www.examveda.com/c-plus-plus-programming/practice-mcq-question-on-inheritance-in-c-plus-plus/?page=2,
C++ / OOP,inheritance in c plus plus,What is the diamond problem in C++ inheritance?,A situation where the derived class cannot override the base class method,A situation where the base class cannot be inherited by more than one derived class,A situation where ambiguity arises due to multiple inheritance chains,A situation where ambiguity arises due to lack of inheritance,C,,medium,web:Examveda.com https://www.examveda.com/c-plus-plus-programming/practice-mcq-question-on-inheritance-in-c-plus-plus/?page=3,
C++ / OOP,inheritance in c plus plus,"In C++, which access specifier allows the members of a base class to be accessible in the derived class and its derived classes, but not from outside the class hierarchy?",public,private,friend,protected,D,,medium,web:Examveda.com https://www.examveda.com/c-plus-plus-programming/practice-mcq-question-on-inheritance-in-c-plus-plus/?page=3,
C++ / OOP,inheritance in c plus plus,What is the default access specifier for a base class when inheriting in C++?,private,public,protected,friend,A,"The correct answer is A: private. 
Let's break down why: 
 
In C++, when you inherit a class without explicitly specifying an access specifier (like `public`, `private`, or `protected`), the default access specifier depends on how you inherit. 
 
If you use the `class` keyword to derive a class, the default access specifier is private. 
For example, if you write `class Derived : Base`, it's the same as writing `class Derived : private Base`. 
 
If you use the `struct` keyword to derive a class, the default access specifier is public. 
 
This means that if you don't write `public`, `protected`, or `private` before the base class name in the inheritance, the members of the base class become `private` in the derived class (when inheriting with `class`). 
 
Therefore, the default access specifier is private.",medium,web:Examveda.com https://www.examveda.com/c-plus-plus-programming/practice-mcq-question-on-inheritance-in-c-plus-plus/?page=3,
C++ / OOP,inheritance in c plus plus,"In C++, what happens if a derived class inherits multiple base classes and each base class contains a member with the same name?",The member of the derived class must explicitly specify which base class member to access,The member of the derived class will access the member from the base class with the same name,A compilation error occurs,The member of the derived class accesses all members with the same name from all base classes,B,,medium,web:Examveda.com https://www.examveda.com/c-plus-plus-programming/practice-mcq-question-on-inheritance-in-c-plus-plus/?page=3,
C++ / OOP,inheritance in c plus plus,"In C++, what is the process of creating a new class using an existing class as a blueprint and adding new functionalities to it?",Derivation,Composition,Inheritance,Polymorphism,C,,medium,web:Examveda.com https://www.examveda.com/c-plus-plus-programming/practice-mcq-question-on-inheritance-in-c-plus-plus/?page=3,
C++ / OOP,inheritance in c plus plus,What is the term used to describe a class that inherits from another class in C++?,Base class,Child class,Parent class,Derived class,D,,medium,web:Examveda.com https://www.examveda.com/c-plus-plus-programming/practice-mcq-question-on-inheritance-in-c-plus-plus/?page=3,
C++ / OOP,inheritance in c plus plus,"In C++, what happens if a derived class redefines a method that is already defined in its base class?",Method in the base class overrides the derived class method,Both methods are available for use,Method in the derived class overrides the base class method,A compilation error occurs,C,,medium,web:Examveda.com https://www.examveda.com/c-plus-plus-programming/practice-mcq-question-on-inheritance-in-c-plus-plus/?page=3,
C++ / OOP,inheritance in c plus plus,"In C++, which type of inheritance involves a class inheriting from multiple classes directly or indirectly?",Hierarchical inheritance,Multiple inheritance,Multilevel inheritance,None of the above,B,,medium,web:Examveda.com https://www.examveda.com/c-plus-plus-programming/practice-mcq-question-on-inheritance-in-c-plus-plus/?page=3,
C++ / OOP,inheritance in c plus plus,What is the name given to the process of creating a new class by inheriting properties and behaviors from an existing class in C++?,Polymorphism,Encapsulation,Inheritance,Composition,C,,medium,web:Examveda.com https://www.examveda.com/c-plus-plus-programming/practice-mcq-question-on-inheritance-in-c-plus-plus/?page=3,
C++ / OOP,inheritance in c plus plus,"In C++, which access specifier allows the members of a base class to be accessible in the derived class, but not from outside the class?",public,private,friend,protected,D,,medium,web:Examveda.com https://www.examveda.com/c-plus-plus-programming/practice-mcq-question-on-inheritance-in-c-plus-plus/?page=4,
C++ / OOP,inheritance in c plus plus,What is the term used to describe a class that inherits properties and behaviors from another class in C++?,Base class,Child class,Derived class,Parent class,C,,medium,web:Examveda.com https://www.examveda.com/c-plus-plus-programming/practice-mcq-question-on-inheritance-in-c-plus-plus/?page=4,
C++ / OOP,inheritance in c plus plus,"In C++, what is the default access specifier for a base class when inheriting?",private,public,protected,friend,C,,medium,web:Examveda.com https://www.examveda.com/c-plus-plus-programming/practice-mcq-question-on-inheritance-in-c-plus-plus/?page=4,
C++ / OOP,inheritance in c plus plus,What is the process called when a new class is created by inheriting properties and behaviors from an existing class in C++?,Composition,Encapsulation,Inheritance,Polymorphism,C,,medium,web:Examveda.com https://www.examveda.com/c-plus-plus-programming/practice-mcq-question-on-inheritance-in-c-plus-plus/?page=4,
C++ / OOP,inheritance in c plus plus,"In C++, what is the process called when a class inherits properties and behaviors from multiple base classes?",Hierarchical inheritance,Multiple inheritance,Multilevel inheritance,None of the above,B,,medium,web:Examveda.com https://www.examveda.com/c-plus-plus-programming/practice-mcq-question-on-inheritance-in-c-plus-plus/?page=4,
C++ / OOP,inheritance in c plus plus,What happens if a derived class inherits multiple base classes and each base class contains a member with the same name in C++?,The member of the derived class must explicitly specify which base class member to access,The member of the derived class will access the member from the base class with the same name,A compilation error occurs,The member of the derived class accesses all members with the same name from all base classes,B,,medium,web:Examveda.com https://www.examveda.com/c-plus-plus-programming/practice-mcq-question-on-inheritance-in-c-plus-plus/?page=4,
C++ / OOP,inheritance in c plus plus,"In C++, which access specifier allows the members of a base class to be accessible in the derived class, its derived classes, but not from outside the class hierarchy?",friend,private,protected,public,C,,medium,web:Examveda.com https://www.examveda.com/c-plus-plus-programming/practice-mcq-question-on-inheritance-in-c-plus-plus/?page=4,
C++ / OOP,inheritance in c plus plus,"In C++, which keyword is used to denote the access specifier in a derived class when inheriting from a base class?",using,inherits,extends,: protected,C,,medium,web:Examveda.com https://www.examveda.com/c-plus-plus-programming/practice-mcq-question-on-inheritance-in-c-plus-plus/?page=4,
C++ / OOP,inheritance in c plus plus,"In C++, what happens if a derived class inherits from multiple base classes and each base class has a member with the same name?",The member of the derived class must explicitly specify which base class member to access,The member of the derived class will access the member from the base class with the same name,A compilation error occurs,The member of the derived class accesses all members with the same name from all base classes,B,,medium,web:Examveda.com https://www.examveda.com/c-plus-plus-programming/practice-mcq-question-on-inheritance-in-c-plus-plus/?page=4,
C++ / OOP,inheritance in c plus plus,Which type of inheritance involves a class inheriting from multiple classes directly or indirectly in C++?,Multilevel inheritance,Hierarchical inheritance,Single inheritance,Multiple inheritance,D,,medium,web:Examveda.com https://www.examveda.com/c-plus-plus-programming/practice-mcq-question-on-inheritance-in-c-plus-plus/?page=4,
C++ / OOP,inheritance in c plus plus,Which specifier makes all the data members and functions of base class inaccessible by the derived class?,private,protected,public,both private and protected,A,,medium,web:Examveda.com https://www.examveda.com/c-plus-plus-programming/practice-mcq-question-on-inheritance-in-c-plus-plus/?page=5,
C++ / OOP,inheritance in c plus plus,"What will be the output of the following C++ code? 
#include <iostream>
#include <string>
using namespace std;
class Mammal
{
 public:
 Mammal(){
 cout<<""I'm a Mammal\n"";
 }
 ~Mammal(){}
};
 
class Human: public Mammal
{
 public:
 Human(){
 cout<<""I'm a Human\n"";
 }
 ~Human(){}
};
 
class Male: public Human
{
 public:
 Male(){
 cout<<""I'm a Male\n"";
 }
 ~Male(){}
};
 
class Female: public Human
{
 public:
 Female(){
 cout<<""I'm a Female\n"";
 }
 ~Female(){}
};
 
int main(int argc, char const *argv[])
{
 Male M;
 return 0;
}","I'm a Mammal 
I'm a Human 
I'm a Male","I'm a Mammal 
I'm a Human 
I'm a Female","I'm a Human 
I'm a Male","I'm a Mammal 
I'm a Male",A,,medium,web:Examveda.com https://www.examveda.com/c-plus-plus-programming/practice-mcq-question-on-inheritance-in-c-plus-plus/?page=5,
C++ / OOP,inheritance in c plus plus,"What will be the output of the following C++ code? 
#include <iostream>
#include <string>
using namespace std;
class A
{
 float d;
 public:
 virtual void func(){
 cout<<""Hello this is class A\n"";
 }
};
 
class B: public A
{
 int a = 15;
 public:
 void func(){
 cout<<""Hello this is class B\n"";
 }
};
 
int main(int argc, char const *argv[])
{
 A *a;
 a->func();
 return 0;
}",Hello this is class A,Hello this is class B,Error,Segmentation Fault,D,,medium,web:Examveda.com https://www.examveda.com/c-plus-plus-programming/practice-mcq-question-on-inheritance-in-c-plus-plus/?page=5,
C++ / OOP,inheritance in c plus plus,Which statement is incorrect about virtual function.,They are used to achieve runtime polymorphism,They are used to hide objects,Each virtual function declaration starts with the virtual keyword,All of the mentioned,B,,medium,web:Examveda.com https://www.examveda.com/c-plus-plus-programming/practice-mcq-question-on-inheritance-in-c-plus-plus/?page=5,
C++ / OOP,inheritance in c plus plus,"What will be the output of the following C++ code? 
#include <iostream>
#include <string>
using namespace std;
class A
{
 int a;
 public: 
 A(){
 a = 0;
 }
 void show(){
 a++;
 cout<<""a: ""<<a<<endl;
 }
};
 
class B: public A
{
 public:
};
 
int main(int argc, char const *argv[])
{
 B b;
 b.show();
 return 0;
}",a: 1,a: 0,Error,Segmentation fault,A,,medium,web:Examveda.com https://www.examveda.com/c-plus-plus-programming/practice-mcq-question-on-inheritance-in-c-plus-plus/?page=5,
C++ / OOP,inheritance in c plus plus,Which is the correct syntax of declaring a virtual function?,virtual int func();,virtual int func(){};,inline virtual func();,inline virtual func(){};,A,,medium,web:Examveda.com https://www.examveda.com/c-plus-plus-programming/practice-mcq-question-on-inheritance-in-c-plus-plus/?page=5,
C++ / OOP,inheritance in c plus plus,"What will be the output of the following C++ code? 
#include <iostream>
#include <string>
using namespace std;
class A
{
 int a;
 public: 
 A(){
 a = 0;
 }
 static void show(){
 a++;
 cout<<a;
 }
};
 
class B: public A
{
 public:
 
};
 
int main(int argc, char const *argv[])
{
 B b;
 b.show();
 return 0;
}",1,0,Segmentation fault,Error,D,,medium,web:Examveda.com https://www.examveda.com/c-plus-plus-programming/practice-mcq-question-on-inheritance-in-c-plus-plus/?page=5,
C++ / OOP,inheritance in c plus plus,"What will be the output of the following C++ code? 
#include <iostream>
#include <string>
using namespace std;
class A
{
 public: 
 virtual A(){
 cout<<""A's Constructor\n"";
 }
};
 
class B: public A
{
 public:
 A(){
 cout<<""Present inside the class B\n"";
 }
};
 
int main(int argc, char const *argv[])
{
 A a;
 return 0;
}",A's Constructor,Present inside the class B,Error,Segmentation fault,C,,medium,web:Examveda.com https://www.examveda.com/c-plus-plus-programming/practice-mcq-question-on-inheritance-in-c-plus-plus/?page=5,
C++ / OOP,inheritance in c plus plus,"What happens if the following C++ program is compiled? 
#include <iostream>
#include <string>
using namespace std;
class A
{
 int a;
 public: 
 A(){
 a = 0;
 }
 void show(){
 a++;
 cout<<""a: ""<<a<<endl;
 }
};
 
class B: private A
{
 public:
 void show(){
 show();
 }
};
 
int main(int argc, char const *argv[])
{
 B b;
 b.show();
 return 0;
}",Error because of the conflicts between two show() function in class B,Program will compile successfully,Error due to self call in show() function,Error because show() function from class A is derived privately,B,,medium,web:Examveda.com https://www.examveda.com/c-plus-plus-programming/practice-mcq-question-on-inheritance-in-c-plus-plus/?page=5,
C++ / OOP,inheritance in c plus plus,"What will be the output of the following C++ code? 
#include <iostream>
using namespace std;
class Base
{
 public:
 virtual void print() const = 0;
};
class DerivedOne : public Base
{
 public: 
 void print() const
 {
 cout << ""DerivedOne\n"";
 }
};
class DerivedTwo : public Base
{
 public:
 void print() const
 {
 cout << ""DerivedTwo\n"";
 } 
}; 
class Multiple : public DerivedOne, public DerivedTwo
{
 public:
 void print() const
 {
 DerivedTwo :: print();
 } 
}; 
int main()
{
 int i;
 Multiple both; 
 DerivedOne one; 
 DerivedTwo two; 
 Base *array[ 3 ]; 
 array[ 0 ] = &both; 
 array[ 1 ] = &one;
 array[ 2 ] = &two;
 array[ i ] -> print();
 return 0;
}",DerivedOne,DerivedTwo,Error,DerivedThree,C,,medium,web:Examveda.com https://www.examveda.com/c-plus-plus-programming/practice-mcq-question-on-inheritance-in-c-plus-plus/?page=5,
C++ / OOP,inheritance in c plus plus,Which design patterns benefit from the multiple inheritances?,Adapter and observer pattern,Code pattern,Glue pattern,Star pattern,A,,medium,web:Examveda.com https://www.examveda.com/c-plus-plus-programming/practice-mcq-question-on-inheritance-in-c-plus-plus/?page=6,
C++ / OOP,inheritance in c plus plus,"What will be the output of the following C++ code? 
#include <iostream>
#include <string>
using namespace std;
class A
{
 public: 
 virtual static void show(){
 cout<<""class A\n"";
 }
};
 
class B: public A
{
 public:
 static void show(){
 cout<<""class B\n"";
 }
};
 
int main(int argc, char const *argv[])
{
 A *a = new A();
 B b;
 a = &b;
 a->show();
 return 0;
}",class B,Error,Segmentation fault,class A,B,,medium,web:Examveda.com https://www.examveda.com/c-plus-plus-programming/practice-mcq-question-on-inheritance-in-c-plus-plus/?page=6,
C++ / OOP,inheritance in c plus plus,"What will be the output of the following C++ code? 
#include <iostream>
#include <string>
using namespace std;
class A
{
 float d;
 public:
 A(){
 cout<<""Constructor of class A\n"";
 }
};
 
class B: public A
{
 int a = 15;
 public:
 B(){
 cout<<""Constructor of class B\n"";
 }
};
 
int main(int argc, char const *argv[])
{
 B b;
 return 0;
}","Constructor of class A 
Constructor of class B",Constructor of class A,Constructor of class B,"Constructor of class B 
Constructor of class A",A,,medium,web:Examveda.com https://www.examveda.com/c-plus-plus-programming/practice-mcq-question-on-inheritance-in-c-plus-plus/?page=6,
C++ / OOP,inheritance in c plus plus,"What will be the output of the following C++ code? 
#include <iostream>
using namespace std;
class student
{
 public:
 int rno , m1 , m2 ;
 void get()
 {
 rno = 15, m1 = 10, m2 = 10;
 }
};
class sports
{
 public:
 int sm;
 void getsm()
 {
 sm = 10;
 }
};
class statement:public student,public sports
{
 int tot,avg;
 public:
 void display()
 {
 tot = (m1 + m2 + sm);
 avg = tot / 3;
 cout << tot;
 cout << avg;
 }
};
int main()
{
 statement obj;
 obj.get();
 obj.getsm();
 obj.display();
}",3100,3010,2010,1010,B,,medium,web:Examveda.com https://www.examveda.com/c-plus-plus-programming/practice-mcq-question-on-inheritance-in-c-plus-plus/?page=6,
C++ / OOP,inheritance in c plus plus,What is a pure virtual function?,A virtual function defined inside the base class,A virtual function that has no definition relative to the base class,A virtual function that is defined inside the derived class,Any function that is made virtual,B,,medium,web:Examveda.com https://www.examveda.com/c-plus-plus-programming/practice-mcq-question-on-inheritance-in-c-plus-plus/?page=6,
C++ / OOP,inheritance in c plus plus,"What will be the output of the following C++ code? 
#include <iostream>
#include <string>
using namespace std;
 
class Mammal
{
 public:
 virtual void Define(){
 cout<<""I'm a Mammal\n"";
 }
};
 
class Human: public Mammal
{
 public:
 void Define(){
 cout<<""I'm a Human\n"";
 }
};
 
class Male: public Human
{
 public:
 void Define(){
 cout<<""I'm a Male\n"";
 }
};
 
class Female: public Human
{
 public:
 void Define(){
 cout<<""I'm a Female\n"";
 }
};
 
int main(int argc, char const *argv[])
{
 Mammal *M = new Mammal();
 Male m;
 Female f;
 *M = m;
 M->Define();
 M = &m;
 M->Define();
 return 0;
}","I'm a Male 
I'm a Male","I'm a Male 
I'm a Mammal","I'm a Mammal 
I'm a Male","I'm a Mammal 
I'm a Mammal",C,,medium,web:Examveda.com https://www.examveda.com/c-plus-plus-programming/practice-mcq-question-on-inheritance-in-c-plus-plus/?page=6,
C++ / OOP,inheritance in c plus plus,"What will be the output of the following C++ code? 
#include <iostream>
using namespace std;
struct a
{
 int count;
};
struct b
{
 int* value;
};
struct c : public a, public b
{
};
int main()
{
 c* p = new c;
 p->value = 0;
 cout << ""Inherited"";
 return 0;
}",Inherited,Error,Runtime error,None of the above,A,,medium,web:Examveda.com https://www.examveda.com/c-plus-plus-programming/practice-mcq-question-on-inheritance-in-c-plus-plus/?page=6,
C++ / OOP,inheritance in c plus plus,"What will be the output of the following C++ code? 
#include <iostream>
using namespace std;
class Base1
{
 protected:
 int SampleDataOne;
 public:
 Base1()
 {
 SampleDataOne = 100;
 }
 ~Base1()
 {
 }
 int SampleFunctOne()
 {
 return SampleDataOne;
 }
};
class Base2
{
 protected:
 int SampleDataTwo;
 public:
 Base2()
 {
 SampleDataTwo = 200;
 }
 ~Base2()
 {
 }
 int SampleFunctTwo()
 {
 return SampleDataTwo;
 }
};
class Derived1 : public Base1, public Base2
{
 int MyData;
 public:
 Derived1() 
 {
 MyData = 300;
 }
 ~Derived1()
 {
 } 
 int MyFunct()
 {
 return (MyData + SampleDataOne + SampleDataTwo);
 }
};
int main()
{
 Base1 SampleObjOne;
 Base2 SampleObjTwo;
 Derived1 SampleObjThree;
 cout << SampleObjThree.Base1 :: SampleFunctOne() << endl;
 cout << SampleObjThree.Base2 :: SampleFunctTwo() << endl;
 return 0;
}",100,200,Both 100 & 200,150,C,,medium,web:Examveda.com https://www.examveda.com/c-plus-plus-programming/practice-mcq-question-on-inheritance-in-c-plus-plus/?page=6,
C++ / OOP,inheritance in c plus plus,Which of the following advantages we lose by using multiple inheritances?,Dynamic binding,Polymorphism,Both Dynamic binding & Polymorphism,Constructor,C,,medium,web:Examveda.com https://www.examveda.com/c-plus-plus-programming/practice-mcq-question-on-inheritance-in-c-plus-plus/?page=6,
C++ / OOP,inheritance in c plus plus,"What will be the output of the following C++ code? 
#include <iostream>
#include <string>
using namespace std;
class A
{
 int a;
 public: 
 A(){
 a = 0;
 }
 void show(){
 a++;
 cout<<""a: ""<<a<<endl;
 }
};
 
class B: private A
{
 public:
 
};
 
int main(int argc, char const *argv[])
{
 B b;
 b.show();
 return 0;
}",Error,Segmentation fault,a: 1,a: 0,A,,medium,web:Examveda.com https://www.examveda.com/c-plus-plus-programming/practice-mcq-question-on-inheritance-in-c-plus-plus/?page=7,
C++ / OOP,inheritance in c plus plus,What is a virtual function in C++?,Any member function of a class,All functions that are derived from the base class,All the members that are accessing base class data members,All the functions which are declared in the base class and is re-defined/overridden by the derived class,D,,medium,web:Examveda.com https://www.examveda.com/c-plus-plus-programming/practice-mcq-question-on-inheritance-in-c-plus-plus/?page=7,
C++ / OOP,inheritance in c plus plus,"What will be the output of the following C++ code? 
#include <iostream>
#include <string>
using namespace std;
class A
{
 float d;
 public:
 int a;
 void change(int i){
 a = i;
 }
 void value_of_a(){
 cout<<a;
 }
};
 
class B: public A
{
 int a = 15;
 public:
 void print(){
 cout<<a;
 }
};
 
int main(int argc, char const *argv[])
{
 B b;
 b.change(10);
 b.print();
 b.value_of_a();
 
 return 0;
}",1010,1510,1515,5110,B,,medium,web:Examveda.com https://www.examveda.com/c-plus-plus-programming/practice-mcq-question-on-inheritance-in-c-plus-plus/?page=7,
C++ / OOP,inheritance in c plus plus,"What will be the output of the following C++ code? 
#include <iostream>
#include <string>
using namespace std;
class A
{
 float d;
 public:
 virtual void func(){
 cout<<""Hello this is class A\n"";
 }
};
 
class B: public A
{
 int a = 15;
 public:
 void func(){
 cout<<""Hello this is class B\n"";
 }
};
 
int main(int argc, char const *argv[])
{
 A *a = new A();
 B b;
 a = &b;
 a->func();
 return 0;
}",Hello this is class A,Hello this is class B,Error,Segmentation Fault,B,,medium,web:Examveda.com https://www.examveda.com/c-plus-plus-programming/practice-mcq-question-on-inheritance-in-c-plus-plus/?page=7,
C++ / OOP,inheritance in c plus plus,"What will be the output of the following C++ code? 
#include <iostream>
#include <string>
using namespace std;
class Mammal
{
 public:
 virtual void Define(){
 cout<<""I'm a Mammal\n"";
 }
};
 
class Human: public Mammal
{
 private:
 void Define(){
 cout<<""I'm a Human\n"";
 }
};
 
int main(int argc, char const *argv[])
{
 Mammal *M = new Mammal();
 Human H;
 M = &H;
 M->Define();
 return 0;
}",Error,Segmnetation fault,I'm a Human,Garbage Value,C,,medium,web:Examveda.com https://www.examveda.com/c-plus-plus-programming/practice-mcq-question-on-inheritance-in-c-plus-plus/?page=7,
C++ / OOP,inheritance in c plus plus,"What will be the output of the following C++ code? 
#include <iostream>
#include <string>
using namespace std;
class A{
 float d;
 public:
 virtual void func(){
 cout<<""Hello this is class A\n"";
 }
};
 
class B: public A{
 int a = 15;
public:
 void func(){
 cout<<""Hello this is class B\n"";
 }
};
 
int main(int argc, char const *argv[])
{
 B b;
 b.func();
 return 0;
}",Hello this is class B,Hello this is class A,Error,Segmentation fault,A,,medium,web:Examveda.com https://www.examveda.com/c-plus-plus-programming/practice-mcq-question-on-inheritance-in-c-plus-plus/?page=7,
C++ / OOP,inheritance in c plus plus,Which concept of OOPs is shown by Virtual Functions?,Inheritance,Encapsulation,Polymorphism,Abstraction,C,,medium,web:Examveda.com https://www.examveda.com/c-plus-plus-programming/practice-mcq-question-on-inheritance-in-c-plus-plus/?page=7,
C++ / OOP,inheritance in c plus plus,Virtual functions in C++ tells the compiler to perform . . . . . . . . on such functions.,static binding,late binding,compile time binding,no binding,B,,medium,web:Examveda.com https://www.examveda.com/c-plus-plus-programming/practice-mcq-question-on-inheritance-in-c-plus-plus/?page=7,
C++ / OOP,inheritance in c plus plus,"What will be the output of the following C++ code? 
#include <iostream>
#include <string>
using namespace std;
class Mammal
{
 public:
 virtual void Define(){
 cout<<""I'm a Mammal\n"";
 }
};
 
class Human: public Mammal
{
 public:
 void Define(){
 cout<<""I'm a Human\n"";
 }
};
 
class Male: public Human
{
 public:
 void Define(){
 cout<<""I'm a Male\n"";
 }
};
 
class Female: public Human
{
 public:
 void Define(){
 cout<<""I'm a Female\n"";
 }
};
 
int main(int argc, char const *argv[])
{
 Mammal *M;
 Male m;
 Female f;
 *M = m;
 M->Define();
 return 0;
}",I'm a Male,I'm a Mammal,Error,Segmentation Fault,D,,medium,web:Examveda.com https://www.examveda.com/c-plus-plus-programming/practice-mcq-question-on-inheritance-in-c-plus-plus/?page=7,
C++ / OOP,inheritance in c plus plus,The concept of deciding which function to invoke during runtime is called . . . . . . . .,late binding,dynamic linkage,static binding,both late binding and dynamic linkage,D,,medium,web:Examveda.com https://www.examveda.com/c-plus-plus-programming/practice-mcq-question-on-inheritance-in-c-plus-plus/?page=8,
C++ / OOP,inheritance in c plus plus,"What is the order of Destructors call when the object of derived class B is declared, provided class B is derived from class A?",Destructor of A followed by B,Destructor of B followed by A,Destructor of A only,Destructor of B only,B,,medium,web:Examveda.com https://www.examveda.com/c-plus-plus-programming/practice-mcq-question-on-inheritance-in-c-plus-plus/?page=8,
C++ / OOP,inheritance in c plus plus,"What will be the output of the following C++ code? 
#include <iostream>
#include <string>
using namespace std;
class A
{
 int a, b;
 float d;
 public:
 void change(int i){
 a = i;
 }
 void value_of_a(){
 cout<<a;
 }
};
 
class B: private A
{
 
};
 
int main(int argc, char const *argv[])
{
 B b;
 cout<<sizeof(B);
 return 0;
}",8,12,Error,Segmentation fault,B,,medium,web:Examveda.com https://www.examveda.com/c-plus-plus-programming/practice-mcq-question-on-inheritance-in-c-plus-plus/?page=8,
C++ / OOP,inheritance in c plus plus,What are the things are inherited from the base class?,Constructor and its destructor,Operator=() members,Friends,All of the mentioned,D,,medium,web:Examveda.com https://www.examveda.com/c-plus-plus-programming/practice-mcq-question-on-inheritance-in-c-plus-plus/?page=8,
C++ / OOP,inheritance in c plus plus,"What is the order of Constructors call when the object of derived class B is declared, provided class B is derived from class A?",Constructor of A followed by B,Constructor of B followed by A,Constructor of A only,Constructor of B only,A,,medium,web:Examveda.com https://www.examveda.com/c-plus-plus-programming/practice-mcq-question-on-inheritance-in-c-plus-plus/?page=8,
C++ / OOP,inheritance in c plus plus,"What will be the output of the following C++ code? 
#include <iostream>
using namespace std;
class polygon 
{
 protected:
 int width, height;
 public:
 void set_values (int a, int b)
 { 
 width = a; height = b;}
 };
 class output1 
 {
 public:
 void output (int i);
 };
void output1::output (int i) 
{
 cout << i << endl;
}
class rectangle: public polygon, public output1 
{
 public:
 int area ()
 { 
 return (width * height); 
 }
};
class triangle: public polygon, public output1 
{
 public:
 int area ()
 {
 return (width * height / 2); 
 }
};
int main () 
{
 rectangle rect;
 triangle trgl;
 rect.set_values (4, 5);
 trgl.set_values (4, 5);
 rect.output (rect.area());
 trgl.output (trgl.area());
 return 0;
}",20,10,"20 
10",30,C,,medium,web:Examveda.com https://www.examveda.com/c-plus-plus-programming/practice-mcq-question-on-inheritance-in-c-plus-plus/?page=8,
C++ / OOP,inheritance in c plus plus,Which symbol is used to create multiple inheritances?,Dot,Comma,Dollar,star,B,,medium,web:Examveda.com https://www.examveda.com/c-plus-plus-programming/practice-mcq-question-on-inheritance-in-c-plus-plus/?page=8,
C++ / OOP,inheritance in c plus plus,How many specifiers are used to derive a class?,1,2,3,4,C,,medium,web:Examveda.com https://www.examveda.com/c-plus-plus-programming/practice-mcq-question-on-inheritance-in-c-plus-plus/?page=8,
C++ / OOP,inheritance in c plus plus,If a class is derived privately from a base class then . . . . . . . .,no members of the base class is inherited,all members are accessible by the derived class,all the members are inherited by the class but are hidden and cannot be accessible,no derivation of the class gives an error,C,,medium,web:Examveda.com https://www.examveda.com/c-plus-plus-programming/practice-mcq-question-on-inheritance-in-c-plus-plus/?page=8,
C++ / OOP,inheritance in c plus plus,What is meant by multiple inheritance?,Deriving a base class from derived class,Deriving a derived class from base class,Deriving a derived class from more than one base class,Deriving a derived base class,C,,medium,web:Examveda.com https://www.examveda.com/c-plus-plus-programming/practice-mcq-question-on-inheritance-in-c-plus-plus/?page=8,
C++ / OOP,polymorphism in c plus plus,Which type of polymorphism is achieved by function overloading in C++?,Compile-time polymorphism,Run-time polymorphism,Static polymorphism,Dynamic polymorphism,A,,medium,web:Examveda.com https://www.examveda.com/c-plus-plus-programming/practice-mcq-question-on-polymorphism-in-c-plus-plus/,
C++ / OOP,polymorphism in c plus plus,How is polymorphism implemented in C++?,By defining multiple functions with the same name but different parameters.,By using function pointers.,By using virtual functions.,By defining multiple classes with the same name.,C,,medium,web:Examveda.com https://www.examveda.com/c-plus-plus-programming/practice-mcq-question-on-polymorphism-in-c-plus-plus/,
C++ / OOP,polymorphism in c plus plus,Which keyword is used to achieve runtime polymorphism in C++?,override,virtual,final,polymorphic,B,,medium,web:Examveda.com https://www.examveda.com/c-plus-plus-programming/practice-mcq-question-on-polymorphism-in-c-plus-plus/,
C++ / OOP,polymorphism in c plus plus,What is the use of the 'virtual' keyword in C++?,It indicates that a function can be overridden in derived classes.,It indicates that a function cannot be overridden in derived classes.,It indicates that a function must be called in the derived class.,It indicates that a function can be called from anywhere.,A,,medium,web:Examveda.com https://www.examveda.com/c-plus-plus-programming/practice-mcq-question-on-polymorphism-in-c-plus-plus/,
C++ / OOP,polymorphism in c plus plus,What is the role of a virtual destructor in C++?,Ensures proper destruction of derived class objects when deleted through a base class pointer.,Ensures proper destruction of base class objects.,Ensures proper memory allocation for virtual functions.,Ensures proper memory alignment for polymorphic objects.,A,,medium,web:Examveda.com https://www.examveda.com/c-plus-plus-programming/practice-mcq-question-on-polymorphism-in-c-plus-plus/,
C++ / OOP,polymorphism in c plus plus,Which type of polymorphism is achieved by function overriding in C++?,Compile-time polymorphism,Run-time polymorphism,Static polymorphism,Dynamic polymorphism,D,,medium,web:Examveda.com https://www.examveda.com/c-plus-plus-programming/practice-mcq-question-on-polymorphism-in-c-plus-plus/,
C++ / OOP,polymorphism in c plus plus,"In C++, can a derived class have its own definition of a function that is already defined in the base class?",Yes,No,It depends on the access specifier of the base class function.,It depends on the data type of the base class function.,A,,medium,web:Examveda.com https://www.examveda.com/c-plus-plus-programming/practice-mcq-question-on-polymorphism-in-c-plus-plus/,
C++ / OOP,polymorphism in c plus plus,Which type of inheritance is necessary for achieving polymorphism in C++?,Single inheritance,Multiple inheritance,Hierarchical inheritance,Multilevel inheritance,D,,medium,web:Examveda.com https://www.examveda.com/c-plus-plus-programming/practice-mcq-question-on-polymorphism-in-c-plus-plus/,
C++ / OOP,polymorphism in c plus plus,What happens if a virtual function is not overridden in the derived class in C++?,Compilation error,Run-time error,"No error, the base class function is called.","No error, the derived class function is called.",C,,medium,web:Examveda.com https://www.examveda.com/c-plus-plus-programming/practice-mcq-question-on-polymorphism-in-c-plus-plus/?page=2,
C++ / OOP,polymorphism in c plus plus,What is function overloading in C++?,Defining multiple functions with the same name but different parameters.,Defining multiple functions with the same name and same parameters.,Defining a function that can accept multiple data types.,Defining a function inside another function.,A,,medium,web:Examveda.com https://www.examveda.com/c-plus-plus-programming/practice-mcq-question-on-polymorphism-in-c-plus-plus/?page=2,
C++ / OOP,polymorphism in c plus plus,What is compile-time polymorphism in C++?,Polymorphism resolved during compile time.,Polymorphism resolved during runtime.,Polymorphism resolved during linking.,Polymorphism resolved during execution.,A,,medium,web:Examveda.com https://www.examveda.com/c-plus-plus-programming/practice-mcq-question-on-polymorphism-in-c-plus-plus/?page=2,
C++ / OOP,polymorphism in c plus plus,"In C++, can a function be both virtual and static at the same time?",Yes,No,"Yes, but only for member functions.","Yes, but only for non-member functions.",B,,medium,web:Examveda.com https://www.examveda.com/c-plus-plus-programming/practice-mcq-question-on-polymorphism-in-c-plus-plus/?page=2,
C++ / OOP,polymorphism in c plus plus,Which of the following is not a type of polymorphism in C++?,Parametric polymorphism,Ad-hoc polymorphism,Compile-time polymorphism,Run-time polymorphism,A,,medium,web:Examveda.com https://www.examveda.com/c-plus-plus-programming/practice-mcq-question-on-polymorphism-in-c-plus-plus/?page=2,
C++ / OOP,polymorphism in c plus plus,What is the purpose of a pure virtual function in C++?,It forces derived classes to implement the function.,It prevents derived classes from implementing the function.,It allows the base class to override the derived class's function.,It allows multiple inheritance.,A,,medium,web:Examveda.com https://www.examveda.com/c-plus-plus-programming/practice-mcq-question-on-polymorphism-in-c-plus-plus/?page=2,
C++ / OOP,polymorphism in c plus plus,How is polymorphism different from overloading in C++?,Polymorphism involves different implementations of the same function name.,Overloading involves multiple functions with the same name but different parameters.,"Polymorphism is resolved at compile time, while overloading is resolved at runtime.",Polymorphism is a feature of C++ while overloading is a feature of Java.,A,,medium,web:Examveda.com https://www.examveda.com/c-plus-plus-programming/practice-mcq-question-on-polymorphism-in-c-plus-plus/?page=2,
C++ / OOP,polymorphism in c plus plus,What is the concept of function overriding in C++?,It involves a derived class defining a function that redefines a base class function.,It involves a base class defining a function that is already defined in the derived class.,It involves multiple functions with the same name but different implementations.,It involves calling a function multiple times within the same scope.,A,,medium,web:Examveda.com https://www.examveda.com/c-plus-plus-programming/practice-mcq-question-on-polymorphism-in-c-plus-plus/?page=2,
C++ / OOP,polymorphism in c plus plus,Which keyword is used to prevent further inheritance of a class in C++?,sealed,final,restrict,abstract,B,,medium,web:Examveda.com https://www.examveda.com/c-plus-plus-programming/practice-mcq-question-on-polymorphism-in-c-plus-plus/?page=2,
C++ / OOP,polymorphism in c plus plus,What is the role of the 'virtual' keyword in function declaration in C++?,It indicates that the function can be accessed globally.,It indicates that the function can be overridden in derived classes.,It indicates that the function is immutable.,It indicates that the function has no return type.,B,,medium,web:Examveda.com https://www.examveda.com/c-plus-plus-programming/practice-mcq-question-on-polymorphism-in-c-plus-plus/?page=2,
C++ / OOP,polymorphism in c plus plus,Which type of polymorphism allows a class to have multiple methods with the same name but different signatures?,Run-time polymorphism,Operator overloading,Parametric polymorphism,Ad-hoc polymorphism,D,,medium,web:Examveda.com https://www.examveda.com/c-plus-plus-programming/practice-mcq-question-on-polymorphism-in-c-plus-plus/?page=3,
C++ / OOP,polymorphism in c plus plus,What is the purpose of a virtual destructor in C++?,To prevent memory leaks when deleting objects of derived classes through base class pointers.,To prevent memory leaks when deleting objects of base classes.,To ensure proper destruction of derived class objects when deleted through a base class pointer.,To ensure proper memory alignment for polymorphic objects.,C,,medium,web:Examveda.com https://www.examveda.com/c-plus-plus-programming/practice-mcq-question-on-polymorphism-in-c-plus-plus/?page=3,
C++ / OOP,polymorphism in c plus plus,Which of the following is true about virtual functions in C++?,They cannot be overloaded.,They can be static.,They are resolved at compile-time.,They are resolved at runtime.,D,,medium,web:Examveda.com https://www.examveda.com/c-plus-plus-programming/practice-mcq-question-on-polymorphism-in-c-plus-plus/?page=3,
C++ / OOP,polymorphism in c plus plus,What is the syntax for calling a virtual function from a derived class constructor in C++?,virtual_function(),Base::virtual_function(),this->virtual_function(),Derived::virtual_function(),B,,medium,web:Examveda.com https://www.examveda.com/c-plus-plus-programming/practice-mcq-question-on-polymorphism-in-c-plus-plus/?page=3,
C++ / OOP,polymorphism in c plus plus,What is the difference between static binding and dynamic binding in C++?,Static binding occurs at compile time while dynamic binding occurs at runtime.,Static binding occurs at runtime while dynamic binding occurs at compile time.,Static binding occurs when linking while dynamic binding occurs when executing.,Static binding occurs in inheritance while dynamic binding occurs in polymorphism.,A,,medium,web:Examveda.com https://www.examveda.com/c-plus-plus-programming/practice-mcq-question-on-polymorphism-in-c-plus-plus/?page=3,
C++ / OOP,polymorphism in c plus plus,"In C++, can a derived class have more than one base class with a virtual function?",Yes,No,"Yes, but only if the virtual functions have the same name.","Yes, but only if the virtual functions have different return types.",A,,medium,web:Examveda.com https://www.examveda.com/c-plus-plus-programming/practice-mcq-question-on-polymorphism-in-c-plus-plus/?page=3,
C++ / OOP,polymorphism in c plus plus,Which type of polymorphism is achieved by function templates in C++?,Compile-time polymorphism,Run-time polymorphism,Static polymorphism,Dynamic polymorphism,A,,medium,web:Examveda.com https://www.examveda.com/c-plus-plus-programming/practice-mcq-question-on-polymorphism-in-c-plus-plus/?page=3,
C++ / OOP,polymorphism in c plus plus,What happens if a pure virtual function is not implemented in a derived class in C++?,Compilation error,Run-time error,"No error, the base class function is called.","No error, the derived class function is called.",A,,medium,web:Examveda.com https://www.examveda.com/c-plus-plus-programming/practice-mcq-question-on-polymorphism-in-c-plus-plus/?page=3,
C++ / OOP,polymorphism in c plus plus,Which C++ feature allows a function to behave differently based on the number or types of its arguments?,Operator overloading,Function overloading,Inheritance,Encapsulation,B,,medium,web:Examveda.com https://www.examveda.com/c-plus-plus-programming/practice-mcq-question-on-polymorphism-in-c-plus-plus/?page=3,
C++ / OOP,polymorphism in c plus plus,"In C++, what is the effect of declaring a destructor as virtual?",It prevents memory leaks,It allows dynamic binding,It enables polymorphism,It raises a compilation error,B,,medium,web:Examveda.com https://www.examveda.com/c-plus-plus-programming/practice-mcq-question-on-polymorphism-in-c-plus-plus/?page=3,
C++ / OOP,polymorphism in c plus plus,Which type of polymorphism allows different classes to be treated as instances of the same class through a common interface?,Compile-time polymorphism,Run-time polymorphism,Static polymorphism,Dynamic polymorphism,B,,medium,web:Examveda.com https://www.examveda.com/c-plus-plus-programming/practice-mcq-question-on-polymorphism-in-c-plus-plus/?page=4,
C++ / OOP,polymorphism in c plus plus,How can you achieve runtime polymorphism in C++?,By overloading functions,By using virtual functions,By using friend functions,By using template functions,B,,medium,web:Examveda.com https://www.examveda.com/c-plus-plus-programming/practice-mcq-question-on-polymorphism-in-c-plus-plus/?page=4,
C++ / OOP,polymorphism in c plus plus,"In C++, which keyword can be used to prevent a virtual function from being overridden in derived classes?",override,final,virtual,extend,B,,medium,web:Examveda.com https://www.examveda.com/c-plus-plus-programming/practice-mcq-question-on-polymorphism-in-c-plus-plus/?page=4,
C++ / OOP,polymorphism in c plus plus,What is the main advantage of polymorphism in C++?,Code reusability,Code optimization,Memory efficiency,Type safety,A,,medium,web:Examveda.com https://www.examveda.com/c-plus-plus-programming/practice-mcq-question-on-polymorphism-in-c-plus-plus/?page=4,
C++ / OOP,polymorphism in c plus plus,Which C++ keyword is used to access the base class within a derived class?,super,base,this,parent,B,,medium,web:Examveda.com https://www.examveda.com/c-plus-plus-programming/practice-mcq-question-on-polymorphism-in-c-plus-plus/?page=4,
C++ / OOP,polymorphism in c plus plus,What is the difference between function overloading and function overriding in C++?,Overloading deals with static binding,Overloading deals with dynamic binding,Overriding deals with static binding,Overriding deals with dynamic binding,A,,medium,web:Examveda.com https://www.examveda.com/c-plus-plus-programming/practice-mcq-question-on-polymorphism-in-c-plus-plus/?page=4,
C++ / OOP,polymorphism in c plus plus,"In C++, can you overload the return type of a function?",Yes,No,Only if the function is virtual,Only if the function is static,B,,medium,web:Examveda.com https://www.examveda.com/c-plus-plus-programming/practice-mcq-question-on-polymorphism-in-c-plus-plus/?page=4,
C++ / OOP,polymorphism in c plus plus,Which type of polymorphism is not supported in C++?,Compile-time polymorphism,Run-time polymorphism,Ad-hoc polymorphism,Parametric polymorphism,D,,medium,web:Examveda.com https://www.examveda.com/c-plus-plus-programming/practice-mcq-question-on-polymorphism-in-c-plus-plus/?page=4,
C++ / OOP,polymorphism in c plus plus,What is the primary reason for using virtual functions in C++?,To improve code readability,To ensure proper destruction,To enable polymorphism,To avoid memory leaks,C,,medium,web:Examveda.com https://www.examveda.com/c-plus-plus-programming/practice-mcq-question-on-polymorphism-in-c-plus-plus/?page=4,
C++ / OOP,polymorphism in c plus plus,How can you achieve polymorphism in C++?,By using function overloading,By using function overriding,By using both function overloading and overriding,By using encapsulation,C,,medium,web:Examveda.com https://www.examveda.com/c-plus-plus-programming/practice-mcq-question-on-polymorphism-in-c-plus-plus/?page=4,
C++ / OOP,polymorphism in c plus plus,"In C++, can you declare a constructor as virtual?",Yes,No,Only if it has parameters,Only if it is a copy constructor,B,,medium,web:Examveda.com https://www.examveda.com/c-plus-plus-programming/practice-mcq-question-on-polymorphism-in-c-plus-plus/?page=5,
C++ / OOP,polymorphism in c plus plus,What is the result of attempting to instantiate an object of an abstract class in C++?,Compilation error,Run-time error,"No error, but the program may crash","No error, the object is instantiated",A,,medium,web:Examveda.com https://www.examveda.com/c-plus-plus-programming/practice-mcq-question-on-polymorphism-in-c-plus-plus/?page=5,
C++ / OOP,file handling in c plus plus,Which header file is required for file handling in C++?,<iostream>,<fstream>,<file>,<filestream>,B,,medium,web:Examveda.com https://www.examveda.com/c-plus-plus-programming/practice-mcq-question-on-file-handling-in-c-plus-plus/,
C++ / OOP,file handling in c plus plus,What is the function used to open a file in C++?,open(),read(),fopen(),start(),A,,medium,web:Examveda.com https://www.examveda.com/c-plus-plus-programming/practice-mcq-question-on-file-handling-in-c-plus-plus/,
C++ / OOP,file handling in c plus plus,How do you close a file in C++?,file.close(),closeFile(),fclose(),endFile(),A,,medium,web:Examveda.com https://www.examveda.com/c-plus-plus-programming/practice-mcq-question-on-file-handling-in-c-plus-plus/,
C++ / OOP,file handling in c plus plus,Which mode is used to open a file for writing in C++?,read,append,write,update,C,,medium,web:Examveda.com https://www.examveda.com/c-plus-plus-programming/practice-mcq-question-on-file-handling-in-c-plus-plus/,
C++ / OOP,file handling in c plus plus,What is the correct syntax for writing data to a file in C++?,file.write(data),"write(file, data)",file << data,data << file,C,,medium,web:Examveda.com https://www.examveda.com/c-plus-plus-programming/practice-mcq-question-on-file-handling-in-c-plus-plus/,
C++ / OOP,file handling in c plus plus,How do you check if a file has been successfully opened in C++?,file.is_open(),isFileOpen(),file.opened(),isOpen(file),A,,medium,web:Examveda.com https://www.examveda.com/c-plus-plus-programming/practice-mcq-question-on-file-handling-in-c-plus-plus/,
C++ / OOP,file handling in c plus plus,Which of the following is used to read data from a file in C++?,file.read(),read(file),file >> data,data >> file,C,,medium,web:Examveda.com https://www.examveda.com/c-plus-plus-programming/practice-mcq-question-on-file-handling-in-c-plus-plus/,
C++ / OOP,file handling in c plus plus,What does the seekg() function do in C++ file handling?,Sets the get position pointer,Sets the put position pointer,Sets the end of file pointer,Sets the beginning of file pointer,A,,medium,web:Examveda.com https://www.examveda.com/c-plus-plus-programming/practice-mcq-question-on-file-handling-in-c-plus-plus/,
C++ / OOP,file handling in c plus plus,Which function is used to delete a file in C++?,deleteFile(),removeFile(),delete(),remove(),D,,medium,web:Examveda.com https://www.examveda.com/c-plus-plus-programming/practice-mcq-question-on-file-handling-in-c-plus-plus/,
C++ / OOP,file handling in c plus plus,Which file mode is used to open a file for reading and writing in C++?,append,readwrite,write,rplus,D,,medium,web:Examveda.com https://www.examveda.com/c-plus-plus-programming/practice-mcq-question-on-file-handling-in-c-plus-plus/,
C++ / OOP,file handling in c plus plus,How do you check if the end of a file has been reached in C++?,file.end_of_file(),endOfFile(file),file.eof(),eof(file),C,,medium,web:Examveda.com https://www.examveda.com/c-plus-plus-programming/practice-mcq-question-on-file-handling-in-c-plus-plus/?page=2,
C++ / OOP,file handling in c plus plus,Which function is used to get the current position of the file pointer in C++?,getpos(),currentPos(),tellg(),position(),C,,medium,web:Examveda.com https://www.examveda.com/c-plus-plus-programming/practice-mcq-question-on-file-handling-in-c-plus-plus/?page=2,
C++ / OOP,file handling in c plus plus,What is the purpose of the ios::app flag in C++ file handling?,Appends data to the end of the file,Opens the file in append mode,Opens the file in write mode,Opens the file in read mode,B,,medium,web:Examveda.com https://www.examveda.com/c-plus-plus-programming/practice-mcq-question-on-file-handling-in-c-plus-plus/?page=2,
C++ / OOP,file handling in c plus plus,Which function is used to check if a file exists in C++?,file.exists(),exists(file),file.opened(),open(file),B,,medium,web:Examveda.com https://www.examveda.com/c-plus-plus-programming/practice-mcq-question-on-file-handling-in-c-plus-plus/?page=2,
C++ / OOP,file handling in c plus plus,How do you create a new file in C++?,newFile(),createFile(),file.create(),ofstream file(),B,,medium,web:Examveda.com https://www.examveda.com/c-plus-plus-programming/practice-mcq-question-on-file-handling-in-c-plus-plus/?page=2,
C++ / OOP,file handling in c plus plus,What is the function used to create a new file in C++?,create(),newFile(),fopen(),ofstream file(),D,"The correct answer is D: ofstream file() 
Let's break down why: 
 
Option A: create() - There isn't a standard C++ function called create() specifically for file creation. 
 
Option B: newFile() - Similarly, newFile() is not a built-in C++ function for file handling. 
 
Option C: fopen() - fopen() is a C function for file input/output, and while it *can* be used in C++, it's more common and idiomatic to use C++'s file stream classes. fopen() also requires you to specify a mode (like ""w"" for write) which determines if you want to create the file, overwrite it, or append to it. It's generally less type-safe than C++ streams. 
 
Option D: ofstream file() - This is the C++ way to create a new file. ofstream is a class from the C++ standard library designed for output file streams. 
By creating an object of type ofstream (e.g., ofstream file;), you can automatically create a new file or open ",medium,web:Examveda.com https://www.examveda.com/c-plus-plus-programming/practice-mcq-question-on-file-handling-in-c-plus-plus/?page=2,
C++ / OOP,file handling in c plus plus,Which file mode is used to open a file for reading only in C++?,write,append,read,ronly,C,,medium,web:Examveda.com https://www.examveda.com/c-plus-plus-programming/practice-mcq-question-on-file-handling-in-c-plus-plus/?page=2,
C++ / OOP,file handling in c plus plus,How do you check if a file exists before opening it in C++?,file.exists(),exists(file),file.is_open(),isOpen(file),A,,medium,web:Examveda.com https://www.examveda.com/c-plus-plus-programming/practice-mcq-question-on-file-handling-in-c-plus-plus/?page=2,
C++ / OOP,file handling in c plus plus,Which of the following is not a file stream class in C++?,ifstream,ofstream,fstream,filestream,D,,medium,web:Examveda.com https://www.examveda.com/c-plus-plus-programming/practice-mcq-question-on-file-handling-in-c-plus-plus/?page=2,
C++ / OOP,file handling in c plus plus,What is the function used to write data to a file in C++?,file.put(),"write(file, data)",file << data,data << file,C,,medium,web:Examveda.com https://www.examveda.com/c-plus-plus-programming/practice-mcq-question-on-file-handling-in-c-plus-plus/?page=2,
C++ / OOP,file handling in c plus plus,Which function is used to set the file position in C++ file handling?,file.seek(),seekg(),file.position(),setPosition(),B,,medium,web:Examveda.com https://www.examveda.com/c-plus-plus-programming/practice-mcq-question-on-file-handling-in-c-plus-plus/?page=3,
C++ / OOP,file handling in c plus plus,What is the purpose of the ios::ate flag in C++ file handling?,Sets the get position pointer at the beginning of the file,Sets the get position pointer at the end of the file,Sets the get position pointer at the current position in the file,Sets the get position pointer to the specified position in the file,B,,medium,web:Examveda.com https://www.examveda.com/c-plus-plus-programming/practice-mcq-question-on-file-handling-in-c-plus-plus/?page=3,
C++ / OOP,file handling in c plus plus,"In C++, how do you check if a file has reached the end while reading?",file.eof(),eof(file),file.end_of_file(),endOfFile(file),A,,medium,web:Examveda.com https://www.examveda.com/c-plus-plus-programming/practice-mcq-question-on-file-handling-in-c-plus-plus/?page=3,
C++ / OOP,file handling in c plus plus,Which function is used to rewind the file pointer to the beginning of the file in C++?,rewind(),reset(),file.rewind(),file.seekg(0),D,,medium,web:Examveda.com https://www.examveda.com/c-plus-plus-programming/practice-mcq-question-on-file-handling-in-c-plus-plus/?page=3,
C++ / OOP,file handling in c plus plus,What is the function used to read a single character from a file in C++?,file.getch(),readChar(),file.readChar(),get(),D,,medium,web:Examveda.com https://www.examveda.com/c-plus-plus-programming/practice-mcq-question-on-file-handling-in-c-plus-plus/?page=3,
C++ / OOP,file handling in c plus plus,Which of the following is not a valid file mode in C++?,w,a,r,x,A,,medium,web:Examveda.com https://www.examveda.com/c-plus-plus-programming/practice-mcq-question-on-file-handling-in-c-plus-plus/?page=3,
C++ / OOP,file handling in c plus plus,How do you delete a file in C++?,file.delete(),deleteFile(),removeFile(),remove(),C,,medium,web:Examveda.com https://www.examveda.com/c-plus-plus-programming/practice-mcq-question-on-file-handling-in-c-plus-plus/?page=3,
C++ / OOP,file handling in c plus plus,Which function is used to return the current file pointer position in C++?,currentPos(),tellg(),position(),getFilePos(),B,,medium,web:Examveda.com https://www.examveda.com/c-plus-plus-programming/practice-mcq-question-on-file-handling-in-c-plus-plus/?page=3,
C++ / OOP,file handling in c plus plus,Which function is used to check if a file is open or not in C++?,isOpen(),isFileOpen(),file.is_open(),fileOpened(),C,,medium,web:Examveda.com https://www.examveda.com/c-plus-plus-programming/practice-mcq-question-on-file-handling-in-c-plus-plus/?page=3,
C++ / OOP,file handling in c plus plus,What happens if you try to open a file that does not exist in C++ without specifying any flags?,The file will be created,An error will occur,The program will wait indefinitely,The file will be opened in read mode,B,,medium,web:Examveda.com https://www.examveda.com/c-plus-plus-programming/practice-mcq-question-on-file-handling-in-c-plus-plus/?page=3,
C++ / OOP,file handling in c plus plus,"Which file mode in C++ opens a file for reading and writing, and truncates it to zero length if it exists?",readwrite,truncate,wplus,truncwrite,C,,medium,web:Examveda.com https://www.examveda.com/c-plus-plus-programming/practice-mcq-question-on-file-handling-in-c-plus-plus/?page=4,
C++ / OOP,file handling in c plus plus,What is the difference between fstream and ofstream in C++?,"fstream can read and write, ofstream can only write","ofstream can read and write, fstream can only write","ofstream is used for text files, fstream is used for binary files","fstream is used for text files, ofstream is used for binary files",A,,medium,web:Examveda.com https://www.examveda.com/c-plus-plus-programming/practice-mcq-question-on-file-handling-in-c-plus-plus/?page=4,
C++ / OOP,file handling in c plus plus,How do you check if a file operation in C++ has encountered an error?,file.is_error(),file.error(),file.fail(),file.has_error(),C,,medium,web:Examveda.com https://www.examveda.com/c-plus-plus-programming/practice-mcq-question-on-file-handling-in-c-plus-plus/?page=4,
C++ / OOP,file handling in c plus plus,What is the purpose of the ios::binary flag in C++ file handling?,Opens the file in binary mode,Opens the file in text mode,Opens the file in append mode,Opens the file in read mode,A,,medium,web:Examveda.com https://www.examveda.com/c-plus-plus-programming/practice-mcq-question-on-file-handling-in-c-plus-plus/?page=4,
C++ / OOP,file handling in c plus plus,Which of the following is used to close a file in C++?,close(),closeFile(),fclose(),file.close(),D,,medium,web:Examveda.com https://www.examveda.com/c-plus-plus-programming/practice-mcq-question-on-file-handling-in-c-plus-plus/?page=4,
C++ / OOP,file handling in c plus plus,"In C++, how do you check if a file operation has reached the end of the file?",file.eof(),eof(file),file.end_of_file(),endOfFile(file),A,,medium,web:Examveda.com https://www.examveda.com/c-plus-plus-programming/practice-mcq-question-on-file-handling-in-c-plus-plus/?page=4,
C++ / OOP,file handling in c plus plus,Which function is used to set the position of the file pointer in C++ file handling?,seekg(),seekp(),file.setpos(),setpos(),B,,medium,web:Examveda.com https://www.examveda.com/c-plus-plus-programming/practice-mcq-question-on-file-handling-in-c-plus-plus/?page=4,
C++ / OOP,file handling in c plus plus,How do you check if a file exists in C++ before opening it?,file.exists(),exists(file),file.opened(),open(file),A,,medium,web:Examveda.com https://www.examveda.com/c-plus-plus-programming/practice-mcq-question-on-file-handling-in-c-plus-plus/?page=4,
C++ / OOP,file handling in c plus plus,What is the purpose of the ios::trunc flag in C++ file handling?,Truncates the file if it exists and opens it in write mode,Opens the file in trunc mode,Opens the file in read mode,Opens the file in append mode,A,,medium,web:Examveda.com https://www.examveda.com/c-plus-plus-programming/practice-mcq-question-on-file-handling-in-c-plus-plus/?page=4,
C++ / OOP,file handling in c plus plus,Which file mode in C++ opens a file for reading and writing without truncating it if it exists?,readwrite,append,wplus,readplus,D,,medium,web:Examveda.com https://www.examveda.com/c-plus-plus-programming/practice-mcq-question-on-file-handling-in-c-plus-plus/?page=4,
C++ / OOP,file handling in c plus plus,Which function is used to read a line from a file in C++?,getline(),readLine(),file.getLine(),file.readline(),A,,medium,web:Examveda.com https://www.examveda.com/c-plus-plus-programming/practice-mcq-question-on-file-handling-in-c-plus-plus/?page=5,
C++ / OOP,file handling in c plus plus,"By default, all the files in C++ are opened in . . . . . . . . mode.",Text,Binary,ISCII,VTC,A,,medium,web:Examveda.com https://www.examveda.com/c-plus-plus-programming/practice-mcq-question-on-file-handling-in-c-plus-plus/?page=5,
C++ / OOP,file handling in c plus plus,Which header file is required to use file I/O operations?,<ifstream>,<ostream>,<fstream>,<iostream>,C,,medium,web:Examveda.com https://www.examveda.com/c-plus-plus-programming/practice-mcq-question-on-file-handling-in-c-plus-plus/?page=5,
C++ / OOP,file handling in c plus plus,Which function is used to reposition the file pointer?,moveg(),seekg(),changep(),go_p(),B,,medium,web:Examveda.com https://www.examveda.com/c-plus-plus-programming/practice-mcq-question-on-file-handling-in-c-plus-plus/?page=5,
C++ / OOP,file handling in c plus plus,Which of the following is not used as a file opening mode?,ios::trunc,ios::binary,ios::in,ios::ate,A,,medium,web:Examveda.com https://www.examveda.com/c-plus-plus-programming/practice-mcq-question-on-file-handling-in-c-plus-plus/?page=5,
C++ / OOP,file handling in c plus plus,Which of the following is used to create an output stream?,ofstream,ifstream,iostream,fsstream,A,,medium,web:Examveda.com https://www.examveda.com/c-plus-plus-programming/practice-mcq-question-on-file-handling-in-c-plus-plus/?page=5,
C++ / OOP,file handling in c plus plus,What is the use of ios::trunc mode?,To open a file in input mode,To open a file in output mode,To truncate an existing file to half,To truncate an existing file to zero,D,,medium,web:Examveda.com https://www.examveda.com/c-plus-plus-programming/practice-mcq-question-on-file-handling-in-c-plus-plus/?page=5,
C++ / OOP,file handling in c plus plus,Which of the following is not used to seek file pointer?,ios::set,ios::end,ios::cur,ios::beg,A,,medium,web:Examveda.com https://www.examveda.com/c-plus-plus-programming/practice-mcq-question-on-file-handling-in-c-plus-plus/?page=5,
C++ / OOP,file handling in c plus plus,Which of the following is the default mode of the opening using the ifstream class?,ios::in,ios::out,ios::app,ios::trunc,A,,medium,web:Examveda.com https://www.examveda.com/c-plus-plus-programming/practice-mcq-question-on-file-handling-in-c-plus-plus/?page=5,
C++ / OOP,file handling in c plus plus,Which of the following is used to create a stream that performs both input and output operations?,ofstream,ifstream,iostream,fstream,D,,medium,web:Examveda.com https://www.examveda.com/c-plus-plus-programming/practice-mcq-question-on-file-handling-in-c-plus-plus/?page=5,
C++ / OOP,file handling in c plus plus,Which of the following is used to move the file pointer to start of a file?,ios::beg,ios::start,ios::cur,ios::first,A,,medium,web:Examveda.com https://www.examveda.com/c-plus-plus-programming/practice-mcq-question-on-file-handling-in-c-plus-plus/?page=6,
C++ / OOP,file handling in c plus plus,"Which of the following statements are correct? 
1. It is not possible to combine two or more file opening mode in open() method. 
2. It is possible to combine two or more file opening mode in open() method. 
3. ios::in and ios::out are input and output file opening mode respectively.","1, 3","2, 3",3 only,"1, 2",B,,medium,web:Examveda.com https://www.examveda.com/c-plus-plus-programming/practice-mcq-question-on-file-handling-in-c-plus-plus/?page=6,
C++ / OOP,file handling in c plus plus,What is the return type open() method?,int,char,bool,float,C,,medium,web:Examveda.com https://www.examveda.com/c-plus-plus-programming/practice-mcq-question-on-file-handling-in-c-plus-plus/?page=6,
C++ / OOP,file handling in c plus plus,Which of the following is the default mode of the opening using the ofstream class?,ios::in,ios::out,ios::app,ios::trunc,B,,medium,web:Examveda.com https://www.examveda.com/c-plus-plus-programming/practice-mcq-question-on-file-handling-in-c-plus-plus/?page=6,
C++ / OOP,file handling in c plus plus,Which function is used in C++ to get the current position of file pointer in a file?,tell_p(),get_pos(),get_p(),tell_pos(),A,,medium,web:Examveda.com https://www.examveda.com/c-plus-plus-programming/practice-mcq-question-on-file-handling-in-c-plus-plus/?page=6,
C++ / OOP,file handling in c plus plus,Which of the following is the default mode of the opening using the fstream class?,ios::in,ios::out,ios::in|ios::out,ios::trunc,C,,medium,web:Examveda.com https://www.examveda.com/c-plus-plus-programming/practice-mcq-question-on-file-handling-in-c-plus-plus/?page=6,
C++ / OOP,exception handling in c plus plus,What is exception handling in C++?,A method to handle errors during runtime,A method to handle errors during compile time,A method to handle errors during linking,A method to handle errors during execution,A,,medium,web:Examveda.com https://www.examveda.com/c-plus-plus-programming/practice-mcq-question-on-exception-handling--in-c-plus-plus/,
C++ / OOP,exception handling in c plus plus,Which keyword is used to throw an exception in C++?,raise,throw,catch,try,B,,medium,web:Examveda.com https://www.examveda.com/c-plus-plus-programming/practice-mcq-question-on-exception-handling--in-c-plus-plus/,
C++ / OOP,exception handling in c plus plus,What is the purpose of the 'try' block in exception handling in C++?,To catch exceptions,To throw exceptions,To define the block of code that may generate exceptions,To handle exceptions,C,,medium,web:Examveda.com https://www.examveda.com/c-plus-plus-programming/practice-mcq-question-on-exception-handling--in-c-plus-plus/,
C++ / OOP,exception handling in c plus plus,Which of the following is not a standard exception class in C++?,IOException,std::exception,std::runtime_error,std::out_of_range,A,,medium,web:Examveda.com https://www.examveda.com/c-plus-plus-programming/practice-mcq-question-on-exception-handling--in-c-plus-plus/,
C++ / OOP,exception handling in c plus plus,What is the purpose of the 'catch' block in exception handling in C++?,To throw exceptions,To define the block of code that may generate exceptions,To catch and handle exceptions,To handle errors during compile time,C,,medium,web:Examveda.com https://www.examveda.com/c-plus-plus-programming/practice-mcq-question-on-exception-handling--in-c-plus-plus/,
C++ / OOP,exception handling in c plus plus,Which of the following is not a part of the exception handling mechanism in C++?,try block,throw keyword,assert function,catch block,C,,medium,web:Examveda.com https://www.examveda.com/c-plus-plus-programming/practice-mcq-question-on-exception-handling--in-c-plus-plus/,
C++ / OOP,exception handling in c plus plus,What does the 'std::exception' class represent in C++ exception handling?,It is a base class for all standard C++ exceptions,It is used to handle file exceptions,It is used to handle memory exceptions,It is used to handle arithmetic exceptions,A,,medium,web:Examveda.com https://www.examveda.com/c-plus-plus-programming/practice-mcq-question-on-exception-handling--in-c-plus-plus/,
C++ / OOP,exception handling in c plus plus,How do you catch all exceptions in C++?,catch (...),catch (Exception e),catch (AllExceptions),catch (std::exception),A,,medium,web:Examveda.com https://www.examveda.com/c-plus-plus-programming/practice-mcq-question-on-exception-handling--in-c-plus-plus/,
C++ / OOP,exception handling in c plus plus,Which function is used to retrieve the description of the exception in C++?,get_message(),what(),catch_msg(),exception_desc(),B,,medium,web:Examveda.com https://www.examveda.com/c-plus-plus-programming/practice-mcq-question-on-exception-handling--in-c-plus-plus/,
C++ / OOP,exception handling in c plus plus,What happens if an exception is thrown but not caught in C++?,The program terminates abruptly,The program continues execution normally,The program waits indefinitely,The exception is automatically caught,A,,medium,web:Examveda.com https://www.examveda.com/c-plus-plus-programming/practice-mcq-question-on-exception-handling--in-c-plus-plus/,
C++ / OOP,exception handling in c plus plus,Which of the following statements is true about the 'finally' block in C++ exception handling?,It must be present after every 'try' block,It is executed if an exception is caught,It is executed regardless of whether an exception is thrown or not,It is optional and is not required,C,,medium,web:Examveda.com https://www.examveda.com/c-plus-plus-programming/practice-mcq-question-on-exception-handling--in-c-plus-plus/?page=2,
C++ / OOP,exception handling in c plus plus,What is the purpose of re-throwing an exception in C++?,To handle the exception at a different location,To ignore the exception,To propagate the exception up the call stack,To handle the exception at the same location,A,,medium,web:Examveda.com https://www.examveda.com/c-plus-plus-programming/practice-mcq-question-on-exception-handling--in-c-plus-plus/?page=2,
C++ / OOP,exception handling in c plus plus,Which header file is necessary for exception handling in C++?,<exception>,<error>,<assert>,<throw>,A,,medium,web:Examveda.com https://www.examveda.com/c-plus-plus-programming/practice-mcq-question-on-exception-handling--in-c-plus-plus/?page=2,
C++ / OOP,exception handling in c plus plus,What is the function of the 'assert' macro in C++?,It throws an exception if a condition is false,It catches exceptions,It handles arithmetic errors,It ensures proper memory allocation,A,,medium,web:Examveda.com https://www.examveda.com/c-plus-plus-programming/practice-mcq-question-on-exception-handling--in-c-plus-plus/?page=2,
C++ / OOP,exception handling in c plus plus,How do you define your own exception class in C++?,class MyException : public std::exception,class MyException extends Exception,class MyException extends Throwable,class MyException : exception,A,,medium,web:Examveda.com https://www.examveda.com/c-plus-plus-programming/practice-mcq-question-on-exception-handling--in-c-plus-plus/?page=2,
C++ / OOP,exception handling in c plus plus,What is the default behavior of an uncaught exception in C++?,It leads to undefined behavior,It causes the program to crash,It is automatically caught and handled,It is logged to a file,B,,medium,web:Examveda.com https://www.examveda.com/c-plus-plus-programming/practice-mcq-question-on-exception-handling--in-c-plus-plus/?page=2,
C++ / OOP,exception handling in c plus plus,What is the purpose of the 'std::runtime_error' class in C++ exception handling?,It represents errors detected during runtime,It represents errors detected during compile time,It represents logical errors in the code,It represents memory allocation errors,A,,medium,web:Examveda.com https://www.examveda.com/c-plus-plus-programming/practice-mcq-question-on-exception-handling--in-c-plus-plus/?page=2,
C++ / OOP,exception handling in c plus plus,How do you specify that a function may throw an exception in C++?,Using the 'throws' keyword,Using the 'exception' keyword,Using the 'throws()' specifier,Using the 'noexcept' specifier,D,"The correct answer is Option D: Using the 'noexcept' specifier 
Here's why: 
Exception handling in C++ allows you to deal with unexpected problems that occur during the execution of a program. 
A function can signal that something went wrong by ""throwing"" an exception. 
 
Let's break down the options: 
Option A: Using the 'throws' keyword - The `throws` keyword is not used in standard C++ for specifying exceptions. Languages like Java use `throws`. 
Option B: Using the 'exception' keyword - The `exception` keyword is related to exception classes but not to specifying if a function *might* throw an exception. 
Option C: Using the 'throws()' specifier - This is also incorrect. C++11 introduced `noexcept` for this purpose. Older C++ standards used something called exception specifications but they are largely deprecated and not the best practice to use anymore. 
Option D: Using the 'noexcep",medium,web:Examveda.com https://www.examveda.com/c-plus-plus-programming/practice-mcq-question-on-exception-handling--in-c-plus-plus/?page=2,
C++ / OOP,exception handling in c plus plus,Which of the following is true about the 'noexcept' specifier in C++?,It indicates that a function may throw an exception,It indicates that a function will never throw an exception,It automatically catches exceptions,It is used for exception handling,B,,medium,web:Examveda.com https://www.examveda.com/c-plus-plus-programming/practice-mcq-question-on-exception-handling--in-c-plus-plus/?page=2,
C++ / OOP,exception handling in c plus plus,What is the purpose of the 'std::bad_alloc' class in C++ exception handling?,It represents errors related to dynamic memory allocation,It represents errors related to file handling,It represents errors related to string manipulation,It represents errors related to type conversion,A,,medium,web:Examveda.com https://www.examveda.com/c-plus-plus-programming/practice-mcq-question-on-exception-handling--in-c-plus-plus/?page=2,
C++ / OOP,exception handling in c plus plus,What happens if an exception is thrown inside a 'catch' block in C++?,The exception is automatically caught and handled,The program continues normally,The program terminates unexpectedly,It leads to an infinite loop,C,,medium,web:Examveda.com https://www.examveda.com/c-plus-plus-programming/practice-mcq-question-on-exception-handling--in-c-plus-plus/?page=3,
C++ / OOP,exception handling in c plus plus,How do you re-throw the current exception in C++?,throw,throw e,rethrow,throw e.what(),A,,medium,web:Examveda.com https://www.examveda.com/c-plus-plus-programming/practice-mcq-question-on-exception-handling--in-c-plus-plus/?page=3,
C++ / OOP,exception handling in c plus plus,Which of the following statements about exception handling in C++ is correct?,It is an alternative to error codes,It is faster and more efficient than error codes,It is used only for compile-time errors,It cannot handle runtime errors,A,,medium,web:Examveda.com https://www.examveda.com/c-plus-plus-programming/practice-mcq-question-on-exception-handling--in-c-plus-plus/?page=3,
C++ / OOP,exception handling in c plus plus,What is the purpose of the 'std::exception_ptr' class in C++ exception handling?,It represents a pointer to an exception object,It represents a pointer to the exception handler,It represents a pointer to the exception stack,It represents a pointer to the exception catch block,A,,medium,web:Examveda.com https://www.examveda.com/c-plus-plus-programming/practice-mcq-question-on-exception-handling--in-c-plus-plus/?page=3,
C++ / OOP,exception handling in c plus plus,How do you catch multiple exceptions of different types in C++?,Using multiple catch blocks,Using a single catch block with multiple exception types,Using the 'catch (...) ' block,Using nested catch blocks,B,,medium,web:Examveda.com https://www.examveda.com/c-plus-plus-programming/practice-mcq-question-on-exception-handling--in-c-plus-plus/?page=3,
C++ / OOP,exception handling in c plus plus,Which keyword is used to define a custom exception class in C++?,exception,custom_exception,throw_exception,class,D,,medium,web:Examveda.com https://www.examveda.com/c-plus-plus-programming/practice-mcq-question-on-exception-handling--in-c-plus-plus/?page=3,
C++ / OOP,exception handling in c plus plus,What is the purpose of the 'std::terminate' function in C++?,It is called when an exception is thrown,It is called when a program terminates normally,It is called when an exception is caught,It is called when an uncaught exception causes program termination,D,,medium,web:Examveda.com https://www.examveda.com/c-plus-plus-programming/practice-mcq-question-on-exception-handling--in-c-plus-plus/?page=3,
C++ / OOP,exception handling in c plus plus,What is the purpose of the 'nothrow' parameter in the 'new' operator in C++?,It prevents the 'new' operator from throwing exceptions,It forces the 'new' operator to throw exceptions,It specifies the size of the allocated memory,It specifies the alignment of the allocated memory,A,,medium,web:Examveda.com https://www.examveda.com/c-plus-plus-programming/practice-mcq-question-on-exception-handling--in-c-plus-plus/?page=3,
C++ / OOP,exception handling in c plus plus,How do you handle exceptions thrown from constructor initialization lists in C++?,Using try-catch blocks inside the constructor,Using try-catch blocks outside the constructor,Using the 'noexcept' specifier,Exceptions from constructor initialization lists cannot be caught,B,,medium,web:Examveda.com https://www.examveda.com/c-plus-plus-programming/practice-mcq-question-on-exception-handling--in-c-plus-plus/?page=3,
C++ / OOP,exception handling in c plus plus,What is the purpose of the 'std::bad_function_call' class in C++ exception handling?,It represents errors in function calls,It represents errors in lambda expressions,It represents errors in function pointers,It represents errors in function templates,A,,medium,web:Examveda.com https://www.examveda.com/c-plus-plus-programming/practice-mcq-question-on-exception-handling--in-c-plus-plus/?page=3,
C++ / OOP,exception handling in c plus plus,Which statement about the 'finally' block in C++ exception handling is true?,It must always be followed by a 'catch' block,It must always be followed by a 'try' block,It is executed regardless of whether an exception is thrown or not,It is optional and can be omitted,C,,medium,web:Examveda.com https://www.examveda.com/c-plus-plus-programming/practice-mcq-question-on-exception-handling--in-c-plus-plus/?page=4,
C++ / OOP,exception handling in c plus plus,What is the purpose of the 'std::nested_exception' class in C++ exception handling?,It represents exceptions nested within other exceptions,It represents exceptions thrown by nested functions,It represents exceptions caught by nested try-catch blocks,It represents exceptions that occur in nested loops,A,,medium,web:Examveda.com https://www.examveda.com/c-plus-plus-programming/practice-mcq-question-on-exception-handling--in-c-plus-plus/?page=4,
C++ / OOP,exception handling in c plus plus,How do you catch an exception by reference in C++?,Using a catch block with an ampersand (&) after the exception type,Using a catch block with an asterisk (*) after the exception type,Using a catch block with no specifier after the exception type,Using a catch block with a 'ref' keyword after the exception type,A,,medium,web:Examveda.com https://www.examveda.com/c-plus-plus-programming/practice-mcq-question-on-exception-handling--in-c-plus-plus/?page=4,
C++ / OOP,exception handling in c plus plus,What is the purpose of the 'std::logic_error' class in C++ exception handling?,It represents errors in logical operations,It represents errors in runtime logic,It represents errors in memory operations,It represents errors in arithmetic operations,A,,medium,web:Examveda.com https://www.examveda.com/c-plus-plus-programming/practice-mcq-question-on-exception-handling--in-c-plus-plus/?page=4,
C++ / OOP,exception handling in c plus plus,What happens if an exception is thrown inside a destructor in C++?,It leads to undefined behavior,It is automatically caught and handled,It causes the program to crash,It is logged to a file,A,,medium,web:Examveda.com https://www.examveda.com/c-plus-plus-programming/practice-mcq-question-on-exception-handling--in-c-plus-plus/?page=4,
C++ / OOP,exception handling in c plus plus,Which keyword is used to specify that a function will not throw any exceptions in C++?,nothrow,noexcept,exception,noexception,B,,medium,web:Examveda.com https://www.examveda.com/c-plus-plus-programming/practice-mcq-question-on-exception-handling--in-c-plus-plus/?page=4,
C++ / OOP,exception handling in c plus plus,What is the purpose of the 'std::uncaught_exception' function in C++?,It checks if there are any uncaught exceptions,It handles uncaught exceptions,It throws an exception,It catches an exception,A,,medium,web:Examveda.com https://www.examveda.com/c-plus-plus-programming/practice-mcq-question-on-exception-handling--in-c-plus-plus/?page=4,
C++ / OOP,exception handling in c plus plus,Which standard header file is required for exception handling in C++?,<stdexcept>,<exception>,<error>,<assert>,A,,medium,web:Examveda.com https://www.examveda.com/c-plus-plus-programming/practice-mcq-question-on-exception-handling--in-c-plus-plus/?page=4,
C++ / OOP,exception handling in c plus plus,How do you specify that a function will throw no exceptions in C++?,Using the 'noexcept' specifier,Using the 'nothrow' specifier,Using the 'throw' keyword,Using the 'catch' block,A,,medium,web:Examveda.com https://www.examveda.com/c-plus-plus-programming/practice-mcq-question-on-exception-handling--in-c-plus-plus/?page=4,
C++ / OOP,exception handling in c plus plus,What is the purpose of the 'std::exception_ptr::rethrow' function in C++?,It rethrows the current exception,It creates a new exception,It catches an exception,It checks for exceptions,A,,medium,web:Examveda.com https://www.examveda.com/c-plus-plus-programming/practice-mcq-question-on-exception-handling--in-c-plus-plus/?page=4,
C++ / OOP,exception handling in c plus plus,Which keyword is used to specify that a function will throw any exceptions in C++?,throw,throwall,throwexception,throws,D,,medium,web:Examveda.com https://www.examveda.com/c-plus-plus-programming/practice-mcq-question-on-exception-handling--in-c-plus-plus/?page=5,
C++ / OOP,exception handling in c plus plus,What is the purpose of the 'std::unexpected' function in C++ exception handling?,It is called when an unexpected exception occurs,It handles unexpected exceptions,It throws an unexpected exception,It catches an unexpected exception,A,,medium,web:Examveda.com https://www.examveda.com/c-plus-plus-programming/practice-mcq-question-on-exception-handling--in-c-plus-plus/?page=5,
C++ / OOP,exception handling in c plus plus,Which statement about exception handling in C++ is true?,An exception thrown inside a 'try' block must always be caught,An exception thrown inside a 'catch' block must always be rethrown,An exception can only be caught once,An exception can only be thrown once,A,,medium,web:Examveda.com https://www.examveda.com/c-plus-plus-programming/practice-mcq-question-on-exception-handling--in-c-plus-plus/?page=5,
C++ / OOP,exception handling in c plus plus,What is the behavior of the 'std::terminate' function in C++?,It is called when an uncaught exception occurs,It terminates the program,It handles exceptions,It catches exceptions,B,,medium,web:Examveda.com https://www.examveda.com/c-plus-plus-programming/practice-mcq-question-on-exception-handling--in-c-plus-plus/?page=5,
C++ / OOP,exception handling in c plus plus,Uncaught exception leads to . . . . . . . .,termination of program,successful execution of programs,no effect on the program,execution of other functions of the program starts,A,,medium,web:Examveda.com https://www.examveda.com/c-plus-plus-programming/practice-mcq-question-on-exception-handling--in-c-plus-plus/?page=5,
C++ / OOP,exception handling in c plus plus,"What will be the output of the following C++ code? 
#include <iostream>
#include <string>
#include <cstdlib>
using namespace std;
 
void func(int a, int b)
{
 
 if(b == 0){
 throw ""This value of b will make the product zero. "" 
 ""So please provide positive values.\n"";
 }
 else{
 cout<<""Product of ""<<a<<"" and ""<<b<<"" is: ""<<a*b<<endl;
 }
}
 
int main()
{
 try{
 func(5,0);
 }
 catch(const char* e){
 cout<<e;
 }
}",0,5,This value of b will make the product zero. So please provide positive values.,Product of 5 and 0 is: 0,C,,medium,web:Examveda.com https://www.examveda.com/c-plus-plus-programming/practice-mcq-question-on-exception-handling--in-c-plus-plus/?page=5,
C++ / OOP,exception handling in c plus plus,What is an error in C++?,Violation of syntactic and semantic rules of a languages,Missing of Semicolon,Missing of double quotes,Violation of program interface,A,,medium,web:Examveda.com https://www.examveda.com/c-plus-plus-programming/practice-mcq-question-on-exception-handling--in-c-plus-plus/?page=5,
C++ / OOP,exception handling in c plus plus,What are the different types of exceptions?,1,2,3,4,B,,medium,web:Examveda.com https://www.examveda.com/c-plus-plus-programming/practice-mcq-question-on-exception-handling--in-c-plus-plus/?page=5,
C++ / OOP,exception handling in c plus plus,Why do we need to handle exceptions?,To avoid unexpected behaviour of a program during run-time,To let compiler remove all exceptions by itself,To successfully compile the program,To get correct output,A,,medium,web:Examveda.com https://www.examveda.com/c-plus-plus-programming/practice-mcq-question-on-exception-handling--in-c-plus-plus/?page=5,
C++ / OOP,exception handling in c plus plus,Which keyword is used to throw an exception?,try,throw,throws,except,B,,medium,web:Examveda.com https://www.examveda.com/c-plus-plus-programming/practice-mcq-question-on-exception-handling--in-c-plus-plus/?page=5,
C++ / OOP,exception handling in c plus plus,How Exception handling is implemented in the C++ program?,Using Exception keyword,Using try-catch block,Using Exception block,Using Error handling schedules,B,,medium,web:Examveda.com https://www.examveda.com/c-plus-plus-programming/practice-mcq-question-on-exception-handling--in-c-plus-plus/?page=6,
C++ / OOP,exception handling in c plus plus,Header file used for exception handling in C++?,<cstdlib>,<string>,<handler>,<exception>,D,,medium,web:Examveda.com https://www.examveda.com/c-plus-plus-programming/practice-mcq-question-on-exception-handling--in-c-plus-plus/?page=6,
C++ / OOP,exception handling in c plus plus,"What will be the output of the following C++ code? 
#include <iostream>
#include <string>
#include <cstdlib>
using namespace std;
class A
{
 int a;
 public:
 A(){}
};
 
class B: public A
{
 int b;
 public:
 B(){}
};
 
void func()
{
 B b;
 throw b;
}
 
int main()
{
 try{
 func();
 }
 catch(B b){
 cout<<""Caught B Class\n"";
 }
 catch(A a){
 cout<<""Caught A Class\n"";
 }
}",Caught B Class,Caught A Class,Compile-time error,Run-time error,A,,medium,web:Examveda.com https://www.examveda.com/c-plus-plus-programming/practice-mcq-question-on-exception-handling--in-c-plus-plus/?page=6,
C++ / OOP,exception handling in c plus plus,Where should we place catch block of the derived class in a try-catch block?,Before the catch block of Base class,After the catch block of Base class,Anywhere in the sequence of catch blocks,After all the catch blocks,A,,medium,web:Examveda.com https://www.examveda.com/c-plus-plus-programming/practice-mcq-question-on-exception-handling--in-c-plus-plus/?page=6,
C++ / OOP,exception handling in c plus plus,"What will be the output of the following C++ code? 
#include <iostream>
#include <string>
#include <cstdlib>
using namespace std;
class A
{
 int a;
 public:
 A(){}
};
 
class B: public A
{
 int b;
 public:
 B(){}
};
 
void func1()
{
 B b;
 throw b;
}
 
void func2()
{
 A a;
 throw a;
}
 
int main()
{
 try{
 func1();
 }
 catch(...){
 cout<<""Caught All types of exceptions\n"";
 }
 try{
 func2();
 }
 catch(B b){
 cout<<""Caught All types of exceptions\n"";
 }
}",Caught All types of exceptions,"Caught All types of exceptions 
Aborted (core dumped)",Error,"Caught All types of exceptions 
Caught All types of exceptions",B,,medium,web:Examveda.com https://www.examveda.com/c-plus-plus-programming/practice-mcq-question-on-exception-handling--in-c-plus-plus/?page=6,
C++ / OOP,exception handling in c plus plus,An uncaught handler returns to . . . . . . . .,main function,its caller,its callee,waits there for some time,C,,medium,web:Examveda.com https://www.examveda.com/c-plus-plus-programming/practice-mcq-question-on-exception-handling--in-c-plus-plus/?page=6,
C++ / OOP,exception handling in c plus plus,What is an exception in C++ program?,A problem that arises during the execution of a program,A problem that arises during compilation,Also known as the syntax error,Also known as semantic error,A,,medium,web:Examveda.com https://www.examveda.com/c-plus-plus-programming/practice-mcq-question-on-exception-handling--in-c-plus-plus/?page=6,
C++ / OOP,exception handling in c plus plus,Which part of the try-catch block is always fully executed?,try part,catch part,finally part,throw part,C,,medium,web:Examveda.com https://www.examveda.com/c-plus-plus-programming/practice-mcq-question-on-exception-handling--in-c-plus-plus/?page=6,
C++ / OOP,exception handling in c plus plus,"By default, what a program does when it detects an exception?",Continue running,Results in the termination of the program,Calls other functions of the program,Removes the exception and tells the programmer about an exception,B,,medium,web:Examveda.com https://www.examveda.com/c-plus-plus-programming/practice-mcq-question-on-exception-handling--in-c-plus-plus/?page=6,
C++ / OOP,exception handling in c plus plus,"What will be the output of the following C++ code? 
#include <iostream>
#include <string>
#include <cstdlib>
using namespace std;
void func(int a, int b)
{
 if(b == 0){
 throw ""This value of b will make the product zero. "" 
 ""So please provide positive values.\n"";
 }
 else{
 cout<<""Product of ""<<a<<"" and ""<<b<<"" is: ""<<a*b<<endl;
 }
}
 
int main()
{
 try{
 func(5,0);
 }
 catch(char* e){
 cout<<e;
 }
}",0,Aborted (core dumped),This value of b will make the product zero. So please provide positive values.,Product of 5 and 0 is: 0,B,,medium,web:Examveda.com https://www.examveda.com/c-plus-plus-programming/practice-mcq-question-on-exception-handling--in-c-plus-plus/?page=6,
C++ / OOP,exception handling in c plus plus,What is Re-throwing an exception means in C++?,An exception that is thrown again as it is not handled by that catching block,An exception that is caught twice,An exception that is not handled in one caught hence thrown again,All of the mentioned,D,,medium,web:Examveda.com https://www.examveda.com/c-plus-plus-programming/practice-mcq-question-on-exception-handling--in-c-plus-plus/?page=7,
C++ / OOP,exception handling in c plus plus,"What will be the output of the following C++ code? 
#include <iostream>
#include <string>
#include <cstdlib>
using namespace std;
void func(int a, int b)
{
 if(b < 1){
 throw b;
 }
 else{
 cout<<""Product of ""<<a<<"" and ""<<b<<"" is: ""<<a*b<<endl;
 }
}
 
int main()
{
 try
 {
 try
 { 
 func(5,-1);
 }
 catch(int b)
 {
 if(b==0)
 throw ""value of b is zero\n"";
 else
 throw ""value of b is less than zero\n"";
 }
 }
 catch(const char* e)
 {
 cout<<e;
 }
}",value of b is zero,value of b is less than zero,Product of 5 and -1 is: -5,Aborted(core dumped),B,,medium,web:Examveda.com https://www.examveda.com/c-plus-plus-programming/practice-mcq-question-on-exception-handling--in-c-plus-plus/?page=7,
C++ / OOP,exception handling in c plus plus,What id the syntax for catching any type of exceptions?,catch(Exception e),catch(...),catch(Exception ALL),catch(ALL),B,,medium,web:Examveda.com https://www.examveda.com/c-plus-plus-programming/practice-mcq-question-on-exception-handling--in-c-plus-plus/?page=7,
C++ / OOP,exception handling in c plus plus,"What will be the output of the following C++ code? 
#include <iostream>
#include <string>
#include <cstdlib>
using namespace std;
class A
{
 int a;
 public:
 A(){}
};
class B: public A
{
 int b;
 public:
 B(){}
};
 
void func()
{
 B b;
 throw b;
}
int main()
{
 try{
 func();
 }
 catch(B *b){
 cout<<""Caught B Class\n"";
 }
 catch(A a){
 cout<<""Caught A Class\n"";
 }
}",Caught B Class,Caught A Class,Compile-time error,Run-time error,B,,medium,web:Examveda.com https://www.examveda.com/c-plus-plus-programming/practice-mcq-question-on-exception-handling--in-c-plus-plus/?page=7,
C++ / OOP,exception handling in c plus plus,Which of the following is an exception in C++?,Divide by zero,Semicolon not written,Variable not declared,An expression is wrongly written,A,,medium,web:Examveda.com https://www.examveda.com/c-plus-plus-programming/practice-mcq-question-on-exception-handling--in-c-plus-plus/?page=7,
C++ / OOP,exception handling in c plus plus,"What will be the output of the following C++ code? 
#include <iostream>
#include <string>
#include <cstdlib>
using namespace std;
class A
{
 int a;
 public:
 A(){}
};
 
class B: public A
{
 int b;
 public:
 B(){}
};
 
void func()
{
 B b;
 throw b;
}
 
int main()
{
 try{
 func();
 }
 catch(A a){
 cout<<""Caught A Class\n"";
 }
 catch(B b){
 cout<<""Caught B Class\n"";
 }
}",Caught B Class,Caught A Class,Compile-time error,Run-time error,B,,medium,web:Examveda.com https://www.examveda.com/c-plus-plus-programming/practice-mcq-question-on-exception-handling--in-c-plus-plus/?page=7,
C++ / OOP,exception handling in c plus plus,"What happens when this C++ program is compiled? 
#include <iostream>
#include <string>
#include <cstdlib>
using namespace std;
class A
{
 int a;
 public:
 A(){}
};
 
class B: public A
{
 int b;
 public:
 B(){}
};
 
void func()
{
 B b;
 throw b;
}
 
int main()
{
 try{
 func();
 }
 catch(A a){
 cout<<""Caught A Class\n"";
 }
 catch(B b){
 cout<<""Caught B Class\n"";
 }
}",The program compiles successfully without any errors or warnings,Compile-time error occurs,The program compiles successfully with warnings,The program gives both errors and warnings,C,,medium,web:Examveda.com https://www.examveda.com/c-plus-plus-programming/practice-mcq-question-on-exception-handling--in-c-plus-plus/?page=7,
C++ / OOP,exception handling in c plus plus,What is the difference between error and exception?,Both are the same,Errors can be handled at the run-time but the exceptions cannot,Exceptions can be handled at the run-time but the errors cannot,Both can be handled during run-time,C,,medium,web:Examveda.com https://www.examveda.com/c-plus-plus-programming/practice-mcq-question-on-exception-handling--in-c-plus-plus/?page=7,
C++ / OOP,standard template library (stl) in c plus plus,Which header file is used to include the vector container in C++ STL?,<vector>,<array>,<list>,<map>,A,,medium,web:Examveda.com https://www.examveda.com/c-plus-plus-programming/practice-mcq-question-on-standard-template-library-(stl)--in-c-plus-plus/,
C++ / OOP,standard template library (stl) in c plus plus,What does STL stand for in C++?,Simple Template Library,Standard Template Library,System Template Library,Structured Template Library,B,,medium,web:Examveda.com https://www.examveda.com/c-plus-plus-programming/practice-mcq-question-on-standard-template-library-(stl)--in-c-plus-plus/,
C++ / OOP,standard template library (stl) in c plus plus,What is the purpose of the 'std::sort' function in C++ STL?,To sort elements of a container,To search for an element in a container,To insert elements into a container,To remove elements from a container,A,,medium,web:Examveda.com https://www.examveda.com/c-plus-plus-programming/practice-mcq-question-on-standard-template-library-(stl)--in-c-plus-plus/,
C++ / OOP,standard template library (stl) in c plus plus,Which container in C++ STL does not allow duplicate elements?,vector,list,set,map,C,,medium,web:Examveda.com https://www.examveda.com/c-plus-plus-programming/practice-mcq-question-on-standard-template-library-(stl)--in-c-plus-plus/,
C++ / OOP,standard template library (stl) in c plus plus,What is the time complexity of accessing an element in a vector in C++ STL?,O(1),O(log n),O(n),O(n log n),A,,medium,web:Examveda.com https://www.examveda.com/c-plus-plus-programming/practice-mcq-question-on-standard-template-library-(stl)--in-c-plus-plus/,
C++ / OOP,standard template library (stl) in c plus plus,Which algorithm in C++ STL is used to find the maximum element in a range?,max_element,find_max,maximum,find_max_element,A,,medium,web:Examveda.com https://www.examveda.com/c-plus-plus-programming/practice-mcq-question-on-standard-template-library-(stl)--in-c-plus-plus/,
C++ / OOP,standard template library (stl) in c plus plus,What is the purpose of the 'std::map' container in C++ STL?,To store elements in key-value pairs,To store elements in a sorted sequence,To store elements in a stack,To store elements in a queue,A,,medium,web:Examveda.com https://www.examveda.com/c-plus-plus-programming/practice-mcq-question-on-standard-template-library-(stl)--in-c-plus-plus/,
C++ / OOP,standard template library (stl) in c plus plus,Which container in C++ STL is implemented as a doubly linked list?,vector,list,deque,stack,B,,medium,web:Examveda.com https://www.examveda.com/c-plus-plus-programming/practice-mcq-question-on-standard-template-library-(stl)--in-c-plus-plus/,
C++ / OOP,standard template library (stl) in c plus plus,What is the purpose of the 'std::set' container in C++ STL?,To store unique elements in sorted order,To store duplicate elements in sorted order,To store unique elements in random order,To store duplicate elements in random order,A,,medium,web:Examveda.com https://www.examveda.com/c-plus-plus-programming/practice-mcq-question-on-standard-template-library-(stl)--in-c-plus-plus/,
C++ / OOP,standard template library (stl) in c plus plus,What does the 'std::reverse' algorithm do in C++ STL?,Reverses the order of elements in a range,Sorts the elements in descending order,Finds the maximum element in a range,Finds the minimum element in a range,A,,medium,web:Examveda.com https://www.examveda.com/c-plus-plus-programming/practice-mcq-question-on-standard-template-library-(stl)--in-c-plus-plus/,
C++ / OOP,standard template library (stl) in c plus plus,Which container in C++ STL does not preserve the order of elements?,vector,list,set,map,C,,medium,web:Examveda.com https://www.examveda.com/c-plus-plus-programming/practice-mcq-question-on-standard-template-library-(stl)--in-c-plus-plus/?page=2,
C++ / OOP,standard template library (stl) in c plus plus,What is the time complexity of searching for an element in a set in C++ STL?,O(1),O(log n),O(n),O(n log n),B,,medium,web:Examveda.com https://www.examveda.com/c-plus-plus-programming/practice-mcq-question-on-standard-template-library-(stl)--in-c-plus-plus/?page=2,
C++ / OOP,standard template library (stl) in c plus plus,Which algorithm in C++ STL is used to merge two sorted ranges into a single sorted range?,merge,sort,concatenate,combine,A,,medium,web:Examveda.com https://www.examveda.com/c-plus-plus-programming/practice-mcq-question-on-standard-template-library-(stl)--in-c-plus-plus/?page=2,
C++ / OOP,standard template library (stl) in c plus plus,What is the purpose of the 'std::unordered_map' container in C++ STL?,To store elements in key-value pairs with constant-time access,To store elements in a sorted sequence with constant-time access,To store elements in a stack with constant-time access,To store elements in a queue with constant-time access,A,,medium,web:Examveda.com https://www.examveda.com/c-plus-plus-programming/practice-mcq-question-on-standard-template-library-(stl)--in-c-plus-plus/?page=2,
C++ / OOP,standard template library (stl) in c plus plus,Which algorithm in C++ STL is used to remove all occurrences of a value from a container?,remove,erase,delete,eliminate,B,,medium,web:Examveda.com https://www.examveda.com/c-plus-plus-programming/practice-mcq-question-on-standard-template-library-(stl)--in-c-plus-plus/?page=2,
C++ / OOP,standard template library (stl) in c plus plus,What is the purpose of the 'std::deque' container in C++ STL?,To provide dynamic array-like functionality with efficient insertion and deletion at both ends,To store elements in a sorted sequence,To store elements in a stack,To store elements in a queue,A,,medium,web:Examveda.com https://www.examveda.com/c-plus-plus-programming/practice-mcq-question-on-standard-template-library-(stl)--in-c-plus-plus/?page=2,
C++ / OOP,standard template library (stl) in c plus plus,Which algorithm in C++ STL is used to count the number of occurrences of a value in a range?,count,find,search,find_count,A,,medium,web:Examveda.com https://www.examveda.com/c-plus-plus-programming/practice-mcq-question-on-standard-template-library-(stl)--in-c-plus-plus/?page=2,
C++ / OOP,standard template library (stl) in c plus plus,What is the time complexity of inserting an element into a set in C++ STL?,O(log n),O(1),O(n),O(n log n),A,,medium,web:Examveda.com https://www.examveda.com/c-plus-plus-programming/practice-mcq-question-on-standard-template-library-(stl)--in-c-plus-plus/?page=2,
C++ / OOP,standard template library (stl) in c plus plus,Which container in C++ STL is typically implemented using a red-black tree?,vector,list,set,map,C,,medium,web:Examveda.com https://www.examveda.com/c-plus-plus-programming/practice-mcq-question-on-standard-template-library-(stl)--in-c-plus-plus/?page=2,
C++ / OOP,standard template library (stl) in c plus plus,What is the purpose of the 'std::priority_queue' container in C++ STL?,To store elements in a sorted sequence with constant-time access to the largest element,To store elements in a sorted sequence with constant-time access to the smallest element,To store elements in a stack with constant-time access to the largest element,To store elements in a queue with constant-time access to the largest element,C,,medium,web:Examveda.com https://www.examveda.com/c-plus-plus-programming/practice-mcq-question-on-standard-template-library-(stl)--in-c-plus-plus/?page=2,
C++ / OOP,standard template library (stl) in c plus plus,Which algorithm in C++ STL is used to find the first occurrence of a value in a range?,find,search,locate,find_first,A,,medium,web:Examveda.com https://www.examveda.com/c-plus-plus-programming/practice-mcq-question-on-standard-template-library-(stl)--in-c-plus-plus/?page=3,
C++ / OOP,standard template library (stl) in c plus plus,What is the time complexity of removing an element from a list in C++ STL?,O(1),O(log n),O(n),O(n log n),A,,medium,web:Examveda.com https://www.examveda.com/c-plus-plus-programming/practice-mcq-question-on-standard-template-library-(stl)--in-c-plus-plus/?page=3,
C++ / OOP,standard template library (stl) in c plus plus,What is the purpose of the 'std::stack' container adapter in C++ STL?,"To provide last-in, first-out (LIFO) access to elements","To provide first-in, first-out (FIFO) access to elements",To store elements in a sorted sequence,To store elements in a hash table,A,,medium,web:Examveda.com https://www.examveda.com/c-plus-plus-programming/practice-mcq-question-on-standard-template-library-(stl)--in-c-plus-plus/?page=3,
C++ / OOP,standard template library (stl) in c plus plus,Which algorithm in C++ STL is used to find the last occurrence of a value in a range?,find_last,rfind,search_last,find_end,D,,medium,web:Examveda.com https://www.examveda.com/c-plus-plus-programming/practice-mcq-question-on-standard-template-library-(stl)--in-c-plus-plus/?page=3,
C++ / OOP,standard template library (stl) in c plus plus,What is the time complexity of searching for an element in a map in C++ STL?,O(log n),O(1),O(n),O(n log n),A,,medium,web:Examveda.com https://www.examveda.com/c-plus-plus-programming/practice-mcq-question-on-standard-template-library-(stl)--in-c-plus-plus/?page=3,
C++ / OOP,standard template library (stl) in c plus plus,What is the purpose of the 'std::multiset' container in C++ STL?,To store multiple elements in sorted order,To store multiple elements in random order,To store unique elements in sorted order,To store unique elements in random order,A,"The purpose of the 'std::multiset' container in C++ STL is to store multiple elements in sorted order. 
Unlike a std::set, which only stores unique elements, a std::multiset allows multiple occurrences of the same element. 
The elements in a std::multiset are always sorted according to a specified sorting criterion, which is by default the operator. 
This makes std::multiset useful when you need to maintain a collection of sorted elements with duplicates allowed.",medium,web:Examveda.com https://www.examveda.com/c-plus-plus-programming/practice-mcq-question-on-standard-template-library-(stl)--in-c-plus-plus/?page=3,
C++ / OOP,standard template library (stl) in c plus plus,Which algorithm in C++ STL is used to find the union of two sorted ranges?,union,merge,combine,join,B,,medium,web:Examveda.com https://www.examveda.com/c-plus-plus-programming/practice-mcq-question-on-standard-template-library-(stl)--in-c-plus-plus/?page=3,
C++ / OOP,standard template library (stl) in c plus plus,What is the purpose of the 'std::queue' container adapter in C++ STL?,"To provide first-in, first-out (FIFO) access to elements","To provide last-in, first-out (LIFO) access to elements",To store elements in a sorted sequence,To store elements in a hash table,A,,medium,web:Examveda.com https://www.examveda.com/c-plus-plus-programming/practice-mcq-question-on-standard-template-library-(stl)--in-c-plus-plus/?page=3,
C++ / OOP,standard template library (stl) in c plus plus,What is the time complexity of removing an element from a priority queue in C++ STL?,O(log n),O(1),O(n),O(n log n),A,,medium,web:Examveda.com https://www.examveda.com/c-plus-plus-programming/practice-mcq-question-on-standard-template-library-(stl)--in-c-plus-plus/?page=3,
C++ / OOP,standard template library (stl) in c plus plus,Which algorithm in C++ STL is used to find the intersection of two sorted ranges?,intersect,set_intersection,common,intersect_range,B,,medium,web:Examveda.com https://www.examveda.com/c-plus-plus-programming/practice-mcq-question-on-standard-template-library-(stl)--in-c-plus-plus/?page=3,
C++ / OOP,standard template library (stl) in c plus plus,What is the purpose of the 'std::unordered_set' container in C++ STL?,To store unique elements in a hash table,To store elements in a sorted sequence,To store elements in a stack,To store elements in a queue,A,,medium,web:Examveda.com https://www.examveda.com/c-plus-plus-programming/practice-mcq-question-on-standard-template-library-(stl)--in-c-plus-plus/?page=4,
C++ / OOP,standard template library (stl) in c plus plus,Which algorithm in C++ STL is used to find the median of a range of elements?,median,find_median,partial_sort,nth_element,D,,medium,web:Examveda.com https://www.examveda.com/c-plus-plus-programming/practice-mcq-question-on-standard-template-library-(stl)--in-c-plus-plus/?page=4,
C++ / OOP,standard template library (stl) in c plus plus,What is the purpose of the 'std::unordered_multiset' container in C++ STL?,To store multiple elements in a hash table,To store unique elements in a sorted sequence,To store unique elements in a hash table,To store multiple elements in a sorted sequence,A,,medium,web:Examveda.com https://www.examveda.com/c-plus-plus-programming/practice-mcq-question-on-standard-template-library-(stl)--in-c-plus-plus/?page=4,
C++ / OOP,standard template library (stl) in c plus plus,Which algorithm in C++ STL is used to find the difference between two sorted ranges?,difference,set_difference,distinct,find_difference,B,,medium,web:Examveda.com https://www.examveda.com/c-plus-plus-programming/practice-mcq-question-on-standard-template-library-(stl)--in-c-plus-plus/?page=4,
C++ / OOP,standard template library (stl) in c plus plus,What is the time complexity of searching for an element in an unordered_set in C++ STL?,O(1),O(log n),O(n),O(n log n),A,,medium,web:Examveda.com https://www.examveda.com/c-plus-plus-programming/practice-mcq-question-on-standard-template-library-(stl)--in-c-plus-plus/?page=4,
C++ / OOP,standard template library (stl) in c plus plus,Which algorithm in C++ STL is used to find the symmetric difference between two sets?,symmetric_difference,set_symmetric_difference,distinct,find_symmetric_difference,B,,medium,web:Examveda.com https://www.examveda.com/c-plus-plus-programming/practice-mcq-question-on-standard-template-library-(stl)--in-c-plus-plus/?page=4,
C++ / OOP,standard template library (stl) in c plus plus,What is the purpose of the 'std::unordered_multimap' container in C++ STL?,To store multiple key-value pairs in a hash table,To store key-value pairs in a sorted sequence,To store unique key-value pairs in a hash table,To store multiple key-value pairs in a sorted sequence,A,,medium,web:Examveda.com https://www.examveda.com/c-plus-plus-programming/practice-mcq-question-on-standard-template-library-(stl)--in-c-plus-plus/?page=4,
C++ / OOP,standard template library (stl) in c plus plus,Which algorithm in C++ STL is used to rotate the elements in a range?,rotate,shift,swap,rotate_range,A,,medium,web:Examveda.com https://www.examveda.com/c-plus-plus-programming/practice-mcq-question-on-standard-template-library-(stl)--in-c-plus-plus/?page=4,
C++ / OOP,standard template library (stl) in c plus plus,What is the purpose of the 'std::bitset' container in C++ STL?,To represent a fixed-size sequence of bits,To represent a dynamic array,To store elements in a sorted sequence,To store elements in a hash table,A,,medium,web:Examveda.com https://www.examveda.com/c-plus-plus-programming/practice-mcq-question-on-standard-template-library-(stl)--in-c-plus-plus/?page=4,
C++ / OOP,standard template library (stl) in c plus plus,Which algorithm in C++ STL is used to shuffle the elements in a range randomly?,random_shuffle,shuffle,mix,randomize,B,,medium,web:Examveda.com https://www.examveda.com/c-plus-plus-programming/practice-mcq-question-on-standard-template-library-(stl)--in-c-plus-plus/?page=4,
C++ / OOP,standard template library (stl) in c plus plus,What is the purpose of the 'std::forward_list' container in C++ STL?,To provide a singly linked list implementation,To provide a doubly linked list implementation,To store elements in a sorted sequence,To store elements in a hash table,A,,medium,web:Examveda.com https://www.examveda.com/c-plus-plus-programming/practice-mcq-question-on-standard-template-library-(stl)--in-c-plus-plus/?page=5,
C++ / OOP,standard template library (stl) in c plus plus,Which algorithm in C++ STL is used to sort a range of elements using quicksort?,quick_sort,sort,qsort,quicksort,B,,medium,web:Examveda.com https://www.examveda.com/c-plus-plus-programming/practice-mcq-question-on-standard-template-library-(stl)--in-c-plus-plus/?page=5,
C++ / OOP,standard template library (stl) in c plus plus,What is the purpose of the 'std::array' container in C++ STL?,To represent a fixed-size array,To represent a dynamic array,To store elements in a sorted sequence,To store elements in a hash table,A,,medium,web:Examveda.com https://www.examveda.com/c-plus-plus-programming/practice-mcq-question-on-standard-template-library-(stl)--in-c-plus-plus/?page=5,
C++ / OOP,standard template library (stl) in c plus plus,Which algorithm in C++ STL is used to compute the sum of elements in a range?,sum,accumulate,total,add_range,B,,medium,web:Examveda.com https://www.examveda.com/c-plus-plus-programming/practice-mcq-question-on-standard-template-library-(stl)--in-c-plus-plus/?page=5,
C++ / OOP,standard template library (stl) in c plus plus,"What will be the output of the following C++ code? 
#include <stdio.h>
#include <math.h>
int main ()
{
 printf (""%lf\n"", fmod (5.3, 2) );
 printf (""%lf\n"", fmod (18.5, 4.2) );
 return 0;
}",1.300,1.700,"1.300 
1.700",1.65,C,,medium,web:Examveda.com https://www.examveda.com/c-plus-plus-programming/practice-mcq-question-on-standard-template-library-(stl)--in-c-plus-plus/?page=5,
C++ / OOP,standard template library (stl) in c plus plus,"What will be the output of the following C++ code? 
#include <typeinfo>
#include <iostream>
using namespace std;
class shape
{
 public:
 virtual void myvirtualfunc() const {}
};
class mytriangle: public shape
{
 public:
 virtual void myvirtualfunc() const
 { 
 };
};
int main()
{
 shape shape_instance;
 shape &ref_shape = shape_instance;
 try 
 {
 mytriangle &ref_mytriangle = dynamic_cast(ref_shape);
 }
 catch (bad_cast) 
 {
 cout << ""Caught: bad_cast exception\n"";
 }
 return 0;
}",Caught standard exception,No exception arises,Caught: bad_cast exception,Caught: cast,C,,medium,web:Examveda.com https://www.examveda.com/c-plus-plus-programming/practice-mcq-question-on-standard-template-library-(stl)--in-c-plus-plus/?page=5,
C++ / OOP,standard template library (stl) in c plus plus,Which is best for coding the standard library for c++?,no trailing underscores on names,complex objects are returned by value,have a member-swap(),all of the mentioned,D,,medium,web:Examveda.com https://www.examveda.com/c-plus-plus-programming/practice-mcq-question-on-standard-template-library-(stl)--in-c-plus-plus/?page=5,
C++ / OOP,standard template library (stl) in c plus plus,Where are standard exception classes grouped?,namespace std,error,catch,final,A,,medium,web:Examveda.com https://www.examveda.com/c-plus-plus-programming/practice-mcq-question-on-standard-template-library-(stl)--in-c-plus-plus/?page=5,
C++ / OOP,standard template library (stl) in c plus plus,"What will be the output of the following C++ code? 
#include <iostream>
#include <algorithm>
#include <vector>
using namespace std;
int main () 
{
 vector<int> myvector;
 for (int i = 1; i < 6; ++i) 
 myvector.push_back(i);
 reverse(myvector.begin(), myvector.end());
 for (vector<int> :: iterator it = myvector.begin(); it != myvector.end(); ++it)
 cout << ' ' << *it;
 return 0;
}",1 2 3 4 5,5 4 3 2 1,0 1 2 3 4,5 4 1 2 3,B,,medium,web:Examveda.com https://www.examveda.com/c-plus-plus-programming/practice-mcq-question-on-standard-template-library-(stl)--in-c-plus-plus/?page=5,
C++ / OOP,standard template library (stl) in c plus plus,How many parameters are used in frexp function?,1,2,3,4,B,,medium,web:Examveda.com https://www.examveda.com/c-plus-plus-programming/practice-mcq-question-on-standard-template-library-(stl)--in-c-plus-plus/?page=5,
C++ / OOP,standard template library (stl) in c plus plus,Pick out parameter for rehash method in unordered_set in c++?,count,size,hash,type,A,,medium,web:Examveda.com https://www.examveda.com/c-plus-plus-programming/practice-mcq-question-on-standard-template-library-(stl)--in-c-plus-plus/?page=6,
C++ / OOP,standard template library (stl) in c plus plus,What are Container Adaptors?,Containers that implements data structures which can be accessed sequentially,Containers that implements sorted data structures for fast search in O(logn),Containers that implements unsorted(hashed) data structures for quick search in O(1),Containers that provide a different interface for sequential containers,D,,medium,web:Examveda.com https://www.examveda.com/c-plus-plus-programming/practice-mcq-question-on-standard-template-library-(stl)--in-c-plus-plus/?page=6,
C++ / OOP,standard template library (stl) in c plus plus,What are Unordered Associative Containers?,Containers that implements data structures which can be accessed sequentially,Containers that implements sorted data structures for fast search in O(logn),Containers that implements unsorted(hashed) data structures for quick search in O(1),Containers that implements data structures which can be accessed non-sequentially,C,,medium,web:Examveda.com https://www.examveda.com/c-plus-plus-programming/practice-mcq-question-on-standard-template-library-(stl)--in-c-plus-plus/?page=6,
C++ / OOP,standard template library (stl) in c plus plus,How does the limits.h header file can be represented in C++?,limits,limit,climits,dlimits,C,,medium,web:Examveda.com https://www.examveda.com/c-plus-plus-programming/practice-mcq-question-on-standard-template-library-(stl)--in-c-plus-plus/?page=6,
C++ / OOP,standard template library (stl) in c plus plus,"What will be the output of the following C++ code? 
#include <iostream>
#include <vector>
using namespace std;
int main()
{
 vector<int> v;
 v.assign( 10, 42 );
 for (int i = 0; i < v.size(); i++) 
 {
 cout << v[i] << "" "";
 }
}",42,42 42,424,42 for 10 times,D,,medium,web:Examveda.com https://www.examveda.com/c-plus-plus-programming/practice-mcq-question-on-standard-template-library-(stl)--in-c-plus-plus/?page=6,
C++ / OOP,standard template library (stl) in c plus plus,Pick out the wrong header file.,<algorithm>,<containers>,<iterators>,<process>,D,,medium,web:Examveda.com https://www.examveda.com/c-plus-plus-programming/practice-mcq-question-on-standard-template-library-(stl)--in-c-plus-plus/?page=6,
C++ / OOP,standard template library (stl) in c plus plus,"What will be the output of the following C++ code? 
#include <stdio.h> 
#include <stdlib.h>
int main ()
{
 char s[] = ""365.24 29.53"";
 char* p;
 double d1, d2;
 d1 = strtod (s, &p);
 d2 = strtod (p, NULL);
 printf (""%.2f\n"", d1/d2);
 return 0;
}",12,12.37,13,15,B,,medium,web:Examveda.com https://www.examveda.com/c-plus-plus-programming/practice-mcq-question-on-standard-template-library-(stl)--in-c-plus-plus/?page=6,
C++ / OOP,standard template library (stl) in c plus plus,"What will be the output of the following C++ code? 
#include <iostream>
#include <list>
#include <queue>
using namespace std;
int main()
{
 queue<char> q;
 q.push('a');
 q.push('b');
 q.push('c');
 cout << q.front();
 q.pop();
 cout << q.front();
 q.pop();
 cout << q.front();
 q.pop();
}",ab,abc,a,error,B,,medium,web:Examveda.com https://www.examveda.com/c-plus-plus-programming/practice-mcq-question-on-standard-template-library-(stl)--in-c-plus-plus/?page=6,
C++ / OOP,standard template library (stl) in c plus plus,"What will be the output of the following C++ code? 
#include <list>
#include <string>
#include <iostream>
using namespace std ;
typedef list<string> LISTSTR; 
int main()
{
 LISTSTR :: iterator i;
 LISTSTR test;
 test.insert(test.end(), ""one"");
 test.insert(test.end(), ""two"");
 LISTSTR test2(test);
 LISTSTR test3(3, ""three"");
 LISTSTR test4(++test3.begin(),
 test3.end());
 cout << ""test:"";
 for (i = test.begin(); i != test.end(); ++i)
 cout << "" "" << *i << endl;
 cout << ""test:"";
 for (i = test2.begin(); i != test2.end(); ++i)
 cout << "" "" << *i << endl;
 cout << ""test:"";
 for (i = test3.begin(); i != test3.end(); ++i)
 cout << "" "" << *i << endl;
 cout << ""test:"";
 for (i = test4.begin(); i != test4.end(); ++i)
 cout << "" "" << *i << endl;
}",test,test one,test two,"test: one 
 two 
test: one 
 two 
test: three 
 three 
 three 
test: three 
 three",D,,medium,web:Examveda.com https://www.examveda.com/c-plus-plus-programming/practice-mcq-question-on-standard-template-library-(stl)--in-c-plus-plus/?page=6,
C++ / OOP,standard template library (stl) in c plus plus,What is the use of <exception> header,Contains the standard exception files,Contains the standard library files,It is used to arise an exception in the program,Reduce the memory size,A,"The <exception> header in C++ is specifically designed to handle errors and unusual situations that occur during the execution of a program. 
It defines a hierarchy of standard exception classes, such as std::exception, std::bad_alloc, std::runtime_error, and others. 
These classes are used to represent different types of errors and provide a way to report and handle them gracefully. 
Option B is incorrect because <exception> doesn't contain all standard library files. 
Option C is partially correct, as exceptions can be raised, but <exception> primarily *defines* the exception classes, not directly raise them (though you can throw instances of these classes). 
Option D is incorrect because <exception> has nothing to do with reducing memory size. Its purpose is for error handling.
 

 
 
 
 



 
 
 
 
 
 
 
 
 
 
 
 
 
1
2
3
4
5
6
7
8
9
10

 
 
 
 
 
 
 
 
 Read More Section(Standard Te",medium,web:Examveda.com https://www.examveda.com/c-plus-plus-programming/practice-mcq-question-on-standard-template-library-(stl)--in-c-plus-plus/?page=6,
C++ / OOP,standard template library (stl) in c plus plus,Which header file is used for Iterators?,<iterator>,<algorithm>,<iter>,<loopIter>,A,,medium,web:Examveda.com https://www.examveda.com/c-plus-plus-programming/practice-mcq-question-on-standard-template-library-(stl)--in-c-plus-plus/?page=7,
C++ / OOP,standard template library (stl) in c plus plus,"What will be the output of the following C++ code? 
#include <iostream>
#include <exception>
using namespace std;
class myexc: public exception
{
 virtual const char* what() const throw()
 {
 return ""My exception"";
 }
} myex;
int main () 
{
 try
 {
 throw myex;
 }
 catch (exception& e)
 {
 cout << e.what() << endl;
 }
 return 0;
}",My,My exception,No exception,exception,B,,medium,web:Examveda.com https://www.examveda.com/c-plus-plus-programming/practice-mcq-question-on-standard-template-library-(stl)--in-c-plus-plus/?page=7,
C++ / OOP,standard template library (stl) in c plus plus,What is the use of make_heap in the heap operation?,Rearrange a heap,Deform a heap,Form a heap,Delete a heap,C,,medium,web:Examveda.com https://www.examveda.com/c-plus-plus-programming/practice-mcq-question-on-standard-template-library-(stl)--in-c-plus-plus/?page=7,
C++ / OOP,standard template library (stl) in c plus plus,"What will be the output of the following C++ code? 
#include <stdio.h>
#include <math.h>
int main ()
{
 printf (""The value of -3.1416 is %lf\n"", fabs (-3.1416));
 return 0;
}",3.1416,-3.1416,-3.141600,3.141600,D,,medium,web:Examveda.com https://www.examveda.com/c-plus-plus-programming/practice-mcq-question-on-standard-template-library-(stl)--in-c-plus-plus/?page=7,
C++ / OOP,standard template library (stl) in c plus plus,What are the predefined exceptions in c++?,Memory allocation errors,I/O errors,Both Memory allocation errors & I/O errors,static errors,C,,medium,web:Examveda.com https://www.examveda.com/c-plus-plus-programming/practice-mcq-question-on-standard-template-library-(stl)--in-c-plus-plus/?page=7,
C++ / OOP,standard template library (stl) in c plus plus,Pick out the correct library in the following choices.,Search,Generate,Numeric,All of the mentioned,D,,medium,web:Examveda.com https://www.examveda.com/c-plus-plus-programming/practice-mcq-question-on-standard-template-library-(stl)--in-c-plus-plus/?page=7,
C++ / OOP,standard template library (stl) in c plus plus,"In how many categories, containers are divided?",1,2,3,4,D,,medium,web:Examveda.com https://www.examveda.com/c-plus-plus-programming/practice-mcq-question-on-standard-template-library-(stl)--in-c-plus-plus/?page=7,
C++ / OOP,standard template library (stl) in c plus plus,Which header file is used to declare the standard exception?,#include<exception>,#include<except>,#include<error>,#include<exce>,A,,medium,web:Examveda.com https://www.examveda.com/c-plus-plus-programming/practice-mcq-question-on-standard-template-library-(stl)--in-c-plus-plus/?page=7,
C++ / OOP,standard template library (stl) in c plus plus,Pick out the wrong header file about strings.,<string>,<regex>,<ios>,<reg>,C,,medium,web:Examveda.com https://www.examveda.com/c-plus-plus-programming/practice-mcq-question-on-standard-template-library-(stl)--in-c-plus-plus/?page=7,
C++ / OOP,standard template library (stl) in c plus plus,What is the type of the first item in the heap?,Bigger than others,Lower than others,Mean value of the heap,Equal to others,A,,medium,web:Examveda.com https://www.examveda.com/c-plus-plus-programming/practice-mcq-question-on-standard-template-library-(stl)--in-c-plus-plus/?page=7,
C++ / OOP,standard template library (stl) in c plus plus,How many components STL has?,1,2,3,4,D,,medium,web:Examveda.com https://www.examveda.com/c-plus-plus-programming/practice-mcq-question-on-standard-template-library-(stl)--in-c-plus-plus/?page=8,
C++ / OOP,standard template library (stl) in c plus plus,"What will be the output of the following C++ code? 
#include <iostream>
#include <exception>
using namespace std;
int main () 
{
 try
 {
 int* myarray= new int[1000];
 cout << ""Allocated"";
 }
 catch (exception& e)
 {
 cout << ""Standard exception: "" << e.what() << endl;
 }
 return 0;
}",Allocated,Standard exception:,bad_alloc,Depends on memory,D,,medium,web:Examveda.com https://www.examveda.com/c-plus-plus-programming/practice-mcq-question-on-standard-template-library-(stl)--in-c-plus-plus/?page=8,
C++ / OOP,standard template library (stl) in c plus plus,What is meant by standard c++ library?,It is the collection of class definitions for standard data structures and a collection of algorithms,It is a header file,Collection of algorithms,Step by step process,A,,medium,web:Examveda.com https://www.examveda.com/c-plus-plus-programming/practice-mcq-question-on-standard-template-library-(stl)--in-c-plus-plus/?page=8,
C++ / OOP,standard template library (stl) in c plus plus,How many Container Adaptors are provided by C++?,2,3,4,5,B,,medium,web:Examveda.com https://www.examveda.com/c-plus-plus-programming/practice-mcq-question-on-standard-template-library-(stl)--in-c-plus-plus/?page=8,
C++ / OOP,standard template library (stl) in c plus plus,Which of the following mathematical function is overloaded in <complex> and <valarray>?,cos,tan,sin,mod,B,,medium,web:Examveda.com https://www.examveda.com/c-plus-plus-programming/practice-mcq-question-on-standard-template-library-(stl)--in-c-plus-plus/?page=8,
C++ / OOP,standard template library (stl) in c plus plus,Pick out the correct syntax of the header file that can be used with C++.,#include <float>,#include <float.h>,Both #include <float> & #include <float.h>,#include <flot.h>,B,,medium,web:Examveda.com https://www.examveda.com/c-plus-plus-programming/practice-mcq-question-on-standard-template-library-(stl)--in-c-plus-plus/?page=8,
C++ / OOP,standard template library (stl) in c plus plus,"What will be the output of the following C++ code? 
#include <stdio.h>
#include <stdlib.h>
int compareints (const void * a, const void * b)
{
 return ( *(int*)a - *(int*)b );
}
int values[] = { 50, 20, 60, 40, 10, 30 };
int main ()
{
 int * p;
 int key = 40;
 qsort(values, 6, sizeof (int), compareints);
 p = (int*) bsearch (&key, values, 6, sizeof (int), compareints);
 if (p != NULL)
 printf (""%d\n"",*p);
 return 0;
}",10,20,40,30,C,,medium,web:Examveda.com https://www.examveda.com/c-plus-plus-programming/practice-mcq-question-on-standard-template-library-(stl)--in-c-plus-plus/?page=8,
C++ / OOP,standard template library (stl) in c plus plus,With which does the trigonometric functions work with angles in c++?,Degrees,Radians,Both Degrees & Radians,Celsius,B,,medium,web:Examveda.com https://www.examveda.com/c-plus-plus-programming/practice-mcq-question-on-standard-template-library-(stl)--in-c-plus-plus/?page=8,
C++ / OOP,standard template library (stl) in c plus plus,What are the Associative Containers?,Containers that implements data structures which can be accessed sequentially,Containers that implements sorted data structures for fast search in O(logn),Containers that implements unsorted(hashed) data structures for quick search in O(1),Containers that implements data structures which can be accessed non-sequentially,B,,medium,web:Examveda.com https://www.examveda.com/c-plus-plus-programming/practice-mcq-question-on-standard-template-library-(stl)--in-c-plus-plus/?page=8,
C++ / OOP,standard template library (stl) in c plus plus,How many types of Iterators are provided by C++?,2,3,4,5,D,,medium,web:Examveda.com https://www.examveda.com/c-plus-plus-programming/practice-mcq-question-on-standard-template-library-(stl)--in-c-plus-plus/?page=8,
C++ / OOP,standard template library (stl) in c plus plus,What are the containers?,Containers store objects and data,Containers stores all the algorithms,Containers contain overloaded functions,Containers contain set of Iterators,A,,medium,web:Examveda.com https://www.examveda.com/c-plus-plus-programming/practice-mcq-question-on-standard-template-library-(stl)--in-c-plus-plus/?page=9,
C++ / OOP,standard template library (stl) in c plus plus,What is the header file used for declaring the standard library algorithms?,container,algorithm,library,iterator,B,,medium,web:Examveda.com https://www.examveda.com/c-plus-plus-programming/practice-mcq-question-on-standard-template-library-(stl)--in-c-plus-plus/?page=9,
C++ / OOP,standard template library (stl) in c plus plus,"What will be the output of the following C++ code? 
#include <iostream>
#include <algorithm>
#include <vector>
using namespace std;
int main () 
{
 int myints[] = {10, 20, 30, 30, 20, 10, 10, 20};
 int mycount = count (myints, myints + 8, 10);
 cout << ""10 appears "" << mycount << "" times.\n"";
 vector<int> myvector (myints, myints+8);
 mycount = count (myvector.begin(), myvector.end(), 20);
 cout << ""20 appears "" << mycount << "" times.\n"";
 return 0;
}",3 3,3 1,8,9,A,,medium,web:Examveda.com https://www.examveda.com/c-plus-plus-programming/practice-mcq-question-on-standard-template-library-(stl)--in-c-plus-plus/?page=9,
C++ / OOP,standard template library (stl) in c plus plus,"What will be the output of the following C++ code? 
#include <stdio.h>
#include <stdlib.h>
int main ()
{
 div_t divresult;
 
 divresult = div (38, 5);
 printf (""%d\n"", divresult.rem);
 return 0;
}",7,3,4,9,B,,medium,web:Examveda.com https://www.examveda.com/c-plus-plus-programming/practice-mcq-question-on-standard-template-library-(stl)--in-c-plus-plus/?page=9,
C++ / OOP,standard template library (stl) in c plus plus,"What will be the output of the following C++ code? 
#include <iostream>
#include <algorithm>
#include <vector>
using namespace std;
int main () 
{
 vector<int> myvector (4);
 fill (myvector.begin(), myvector.begin() + 2, 3);
 fill (myvector.begin() + 1, myvector.end() - 1, 4);
 for (vector<int> :: iterator it = myvector.begin(); it != myvector.end(); ++it)
 cout << ' ' << *it;
 return 0;
}",3 4,3 4 4,3 4 & 3 4 4,3 4 4 0,D,,medium,web:Examveda.com https://www.examveda.com/c-plus-plus-programming/practice-mcq-question-on-standard-template-library-(stl)--in-c-plus-plus/?page=9,
C++ / OOP,standard template library (stl) in c plus plus,What are Iterators?,Iterators are used to iterate over C-like arrays,Iterators are used to iterate over pointers,Iterators are used to point memory addresses of STL containers,Iterators are used to iterate over functions,C,,medium,web:Examveda.com https://www.examveda.com/c-plus-plus-programming/practice-mcq-question-on-standard-template-library-(stl)--in-c-plus-plus/?page=9,
C++ / OOP,standard template library (stl) in c plus plus,"What will be the output of the following C++ code? 
#include <typeinfo>
#include <iostream>
using namespace std;
class Test
{
 public:
 Test();
 virtual ~Test();
};
int main()
{
 Test *ptrvar = NULL;
 try 
 {
 cout << typeid(*ptrvar).name() << endl;
 }
 catch (bad_typeid) 
 {
 cout << ""The object is null"" << endl;
 }
 return 0;
}",No exception arises,The object is null,Error,The object is,B,,medium,web:Examveda.com https://www.examveda.com/c-plus-plus-programming/practice-mcq-question-on-standard-template-library-(stl)--in-c-plus-plus/?page=9,
C++ / OOP,standard template library (stl) in c plus plus,"What will be the output of the following C++ code? 
#include <iostream> 
#include <algorithm>
using namespace std;
int main () 
{
 int myints[] = {10, 20, 30, 30, 20, 10, 10, 20}; 
 int* pbegin = myints; 
 int* pend = myints + sizeof(myints) / sizeof(int);
 pend = remove (pbegin, pend, 20); 
 for (int* p = pbegin; p != pend; ++p)
 cout << ' ' << *p;
 return 0;
}","10, 20, 30, 30, 20, 10, 10, 20","10, 30, 30, 10, 10","10, 20, 20, 10, 10, 10, 20","10, 20, 20, 10, 30, 10, 15",B,,medium,web:Examveda.com https://www.examveda.com/c-plus-plus-programming/practice-mcq-question-on-standard-template-library-(stl)--in-c-plus-plus/?page=9,
C++ / OOP,standard template library (stl) in c plus plus,What is meant by vector in the container library contains?,It is a sequence container that encapsulates dynamic size arrays,It is a sequence container that encapsulates static size arrays,It manages the memory,It manages the length and size,A,,medium,web:Examveda.com https://www.examveda.com/c-plus-plus-programming/practice-mcq-question-on-standard-template-library-(stl)--in-c-plus-plus/?page=9,
C++ / OOP,standard template library (stl) in c plus plus,How many macros are used by mathematical functions in the header file <cerrno>?,1,2,3,4,C,,medium,web:Examveda.com https://www.examveda.com/c-plus-plus-programming/practice-mcq-question-on-standard-template-library-(stl)--in-c-plus-plus/?page=9,
C++ / OOP,standard template library (stl) in c plus plus,"What will be the output of the following C++ code? 
#include <iostream>
#include <algorithm>
#include <vector>
using namespace std;
int main ()
{
 int first[] = {5, 10, 15, 20, 25};
 int second[] = {50, 40, 30, 20, 10};
 vector<int> v(10); 
 vector<int> :: iterator it;
 sort (first, first + 5); 
 sort (second, second + 5); 
 it = set_union (first, first + 5, second, second + 5, v.begin());
 cout << int(it - v.begin());
 return 0;
}",6,7,8,9,C,,medium,web:Examveda.com https://www.examveda.com/c-plus-plus-programming/practice-mcq-question-on-standard-template-library-(stl)--in-c-plus-plus/?page=10,
C++ / OOP,standard template library (stl) in c plus plus,What are the Sequence Containers?,Containers that implements data structures which can be accessed sequentially,Containers that implements sorted data structures for fast search in O(logn),Containers that implements unsorted(hashed) data structures for quick search in O(1),Containers that implements data structures which can be accessed non-sequentially,A,,medium,web:Examveda.com https://www.examveda.com/c-plus-plus-programming/practice-mcq-question-on-standard-template-library-(stl)--in-c-plus-plus/?page=10,
C++ / OOP,standard template library (stl) in c plus plus,Which of the following is best to include under try block?,static values,const values,dynamic allocations,default values,C,,medium,web:Examveda.com https://www.examveda.com/c-plus-plus-programming/practice-mcq-question-on-standard-template-library-(stl)--in-c-plus-plus/?page=10,
C++ / OOP,standard template library (stl) in c plus plus,How many Associative Containers are provided by C++?,2,3,4,5,C,,medium,web:Examveda.com https://www.examveda.com/c-plus-plus-programming/practice-mcq-question-on-standard-template-library-(stl)--in-c-plus-plus/?page=10,
C++ / OOP,standard template library (stl) in c plus plus,How many elements does a floating point number is composed of?,1,2,3,4,D,,medium,web:Examveda.com https://www.examveda.com/c-plus-plus-programming/practice-mcq-question-on-standard-template-library-(stl)--in-c-plus-plus/?page=10,
C++ / OOP,standard template library (stl) in c plus plus,"What will be the output of the following C++ code? 
#include <stdio.h> 
#include <stdlib.h> 
int main ()
{
 int n, m;
 n = abs(23);
 m = abs(-11);
 printf (""%d"", n);
 printf (""%d"", m);
 return 0;
}",23-11,1123,2311,4325,C,,medium,web:Examveda.com https://www.examveda.com/c-plus-plus-programming/practice-mcq-question-on-standard-template-library-(stl)--in-c-plus-plus/?page=10,
C++ / OOP,standard template library (stl) in c plus plus,What is the Standard Template Library?,Set of C++ template classes to provide common programming data structures and functions,Set of C++ classes,Set of Template functions used for easy data structures implementation,Set of Template data structures only,A,,medium,web:Examveda.com https://www.examveda.com/c-plus-plus-programming/practice-mcq-question-on-standard-template-library-(stl)--in-c-plus-plus/?page=10,
C++ / OOP,standard template library (stl) in c plus plus,Which header file is required for manipulation of math functions in c++?,cmath,maths,math,dmath,A,,medium,web:Examveda.com https://www.examveda.com/c-plus-plus-programming/practice-mcq-question-on-standard-template-library-(stl)--in-c-plus-plus/?page=10,
C++ / OOP,standard template library (stl) in c plus plus,"What will be the output of the following C++ code? 
#include <stdio.h>
#include <math.h>
int main ()
{
 double param, result;
 param = 5.5;
 result = log (param);
 printf (""%lf"", result );
 return 0;
}",5.5,3.14,1.704,2.4656,C,,medium,web:Examveda.com https://www.examveda.com/c-plus-plus-programming/practice-mcq-question-on-standard-template-library-(stl)--in-c-plus-plus/?page=10,
C++ / OOP,standard template library (stl) in c plus plus,Pick out the correct method in the c++ standard library algorithm.,mismatch,maximum,minimum,maxmatch,A,,medium,web:Examveda.com https://www.examveda.com/c-plus-plus-programming/practice-mcq-question-on-standard-template-library-(stl)--in-c-plus-plus/?page=10,
C++ / OOP,multi threading in c plus plus,What is multi-threading in C++?,A process that allows parallel execution of tasks,A process that allows a single thread to execute,A process that allows multiple processes to execute concurrently,A process that allows multiple threads to execute concurrently,D,,medium,web:Examveda.com https://www.examveda.com/c-plus-plus-programming/practice-mcq-question-on-multi-threading-in-c-plus-plus/,
C++ / OOP,multi threading in c plus plus,Which header file is used for multi-threading in C++?,<mutex>,<condition_variable>,<thread>,<atomic>,C,,medium,web:Examveda.com https://www.examveda.com/c-plus-plus-programming/practice-mcq-question-on-multi-threading-in-c-plus-plus/,
C++ / OOP,multi threading in c plus plus,What is the maximum number of threads that can run concurrently in C++?,2,Depends on the hardware and operating system,4,8,B,,medium,web:Examveda.com https://www.examveda.com/c-plus-plus-programming/practice-mcq-question-on-multi-threading-in-c-plus-plus/,
C++ / OOP,multi threading in c plus plus,What is the purpose of the 'std::thread' class in C++ multi-threading?,To define thread-specific data,To manage thread priorities,To create and manage threads,To synchronize access to shared resources,C,,medium,web:Examveda.com https://www.examveda.com/c-plus-plus-programming/practice-mcq-question-on-multi-threading-in-c-plus-plus/,
C++ / OOP,multi threading in c plus plus,Which of the following is a common synchronization primitive in C++ multi-threading?,Semaphore,Barrier,Spinlock,Mutex,D,,medium,web:Examveda.com https://www.examveda.com/c-plus-plus-programming/practice-mcq-question-on-multi-threading-in-c-plus-plus/,
C++ / OOP,multi threading in c plus plus,What is a race condition in multi-threading?,A condition where the outcome of a program depends on the order of thread execution,A condition where multiple threads try to access shared resources simultaneously,A condition where threads wait indefinitely for a signal,A condition where threads execute in parallel,B,,medium,web:Examveda.com https://www.examveda.com/c-plus-plus-programming/practice-mcq-question-on-multi-threading-in-c-plus-plus/,
C++ / OOP,multi threading in c plus plus,Which function is used to join a thread in C++ multi-threading?,join(),wait(),sync(),connect(),A,,medium,web:Examveda.com https://www.examveda.com/c-plus-plus-programming/practice-mcq-question-on-multi-threading-in-c-plus-plus/,
C++ / OOP,multi threading in c plus plus,What is the purpose of the 'std::mutex' class in C++ multi-threading?,To manage thread priorities,To synchronize thread execution,To notify waiting threads,To provide mutual exclusion,D,,medium,web:Examveda.com https://www.examveda.com/c-plus-plus-programming/practice-mcq-question-on-multi-threading-in-c-plus-plus/,
C++ / OOP,multi threading in c plus plus,What is deadlock in multi-threading?,A situation where a thread blocks other threads from executing,A situation where threads execute out of order,A situation where two or more threads are waiting indefinitely for each other to release resources,A situation where threads race to access shared resources,C,,medium,web:Examveda.com https://www.examveda.com/c-plus-plus-programming/practice-mcq-question-on-multi-threading-in-c-plus-plus/,
C++ / OOP,multi threading in c plus plus,Which of the following is used to avoid race conditions in C++ multi-threading?,Mutex,Semaphore,Condition variable,All of the above,D,,medium,web:Examveda.com https://www.examveda.com/c-plus-plus-programming/practice-mcq-question-on-multi-threading-in-c-plus-plus/,
C++ / OOP,multi threading in c plus plus,What is the purpose of the 'std::condition_variable' class in C++ multi-threading?,To notify waiting threads,To synchronize the execution of threads,To manage thread priorities,None of the above,B,,medium,web:Examveda.com https://www.examveda.com/c-plus-plus-programming/practice-mcq-question-on-multi-threading-in-c-plus-plus/?page=2,
C++ / OOP,multi threading in c plus plus,Which of the following is true about thread safety in C++ multi-threading?,Thread safety ensures that threads do not race,Thread safety ensures that threads do not deadlock,Thread safety ensures that data accessed by multiple threads is synchronized,Thread safety guarantees that threads execute in parallel,C,,medium,web:Examveda.com https://www.examveda.com/c-plus-plus-programming/practice-mcq-question-on-multi-threading-in-c-plus-plus/?page=2,
C++ / OOP,multi threading in c plus plus,What is the purpose of the 'std::atomic' class in C++ multi-threading?,To manage thread priorities,To synchronize thread execution,To notify waiting threads,To perform atomic operations on shared variables,D,,medium,web:Examveda.com https://www.examveda.com/c-plus-plus-programming/practice-mcq-question-on-multi-threading-in-c-plus-plus/?page=2,
C++ / OOP,multi threading in c plus plus,Which of the following is used to implement a barrier in C++ multi-threading?,std::barrier,std::mutex,std::condition_variable,std::atomic,A,,medium,web:Examveda.com https://www.examveda.com/c-plus-plus-programming/practice-mcq-question-on-multi-threading-in-c-plus-plus/?page=2,
C++ / OOP,multi threading in c plus plus,What is the purpose of the 'std::async' function in C++ multi-threading?,To manage thread priorities,To synchronize access to shared resources,To join two threads asynchronously,To create a new thread and execute a function asynchronously,D,,medium,web:Examveda.com https://www.examveda.com/c-plus-plus-programming/practice-mcq-question-on-multi-threading-in-c-plus-plus/?page=2,
C++ / OOP,multi threading in c plus plus,Which of the following is a thread management library in C++?,pthread,std::thread,thread.h,concurrent.h,B,,medium,web:Examveda.com https://www.examveda.com/c-plus-plus-programming/practice-mcq-question-on-multi-threading-in-c-plus-plus/?page=2,
C++ / OOP,multi threading in c plus plus,What is the purpose of the 'std::lock_guard' class in C++ multi-threading?,To block the execution of a thread,To signal waiting threads,To acquire and release a mutex automatically,To synchronize thread execution,C,,medium,web:Examveda.com https://www.examveda.com/c-plus-plus-programming/practice-mcq-question-on-multi-threading-in-c-plus-plus/?page=2,
C++ / OOP,multi threading in c plus plus,What is the purpose of the 'std::unique_lock' class in C++ multi-threading?,To manage thread priorities,To provide more flexibility than std::lock_guard,To handle exceptions in threads,None of the above,B,,medium,web:Examveda.com https://www.examveda.com/c-plus-plus-programming/practice-mcq-question-on-multi-threading-in-c-plus-plus/?page=2,
C++ / OOP,multi threading in c plus plus,What is the purpose of the 'std::condition_variable_any' class in C++ multi-threading?,To provide mutual exclusion,To synchronize the execution of threads,To wait for a condition to be satisfied by any type of mutex,To signal waiting threads,C,,medium,web:Examveda.com https://www.examveda.com/c-plus-plus-programming/practice-mcq-question-on-multi-threading-in-c-plus-plus/?page=2,
C++ / OOP,multi threading in c plus plus,What is the purpose of the 'std::packaged_task' class in C++ multi-threading?,To execute a task asynchronously,To provide mutual exclusion,To manage thread priorities,To package a task and its associated state,D,,medium,web:Examveda.com https://www.examveda.com/c-plus-plus-programming/practice-mcq-question-on-multi-threading-in-c-plus-plus/?page=2,
C++ / OOP,multi threading in c plus plus,What is the purpose of the 'std::future' class in C++ multi-threading?,To represent the result of an asynchronous operation,To execute a task asynchronously,To synchronize the execution of threads,To manage thread priorities,A,,medium,web:Examveda.com https://www.examveda.com/c-plus-plus-programming/practice-mcq-question-on-multi-threading-in-c-plus-plus/?page=3,
C++ / OOP,multi threading in c plus plus,What is the difference between std::async and std::thread in C++ multi-threading?,"std::async returns a std::future object representing the result of the asynchronous operation, while std::thread does not return anything","std::thread allows you to specify the execution policy, while std::async does not","std::async creates a new thread and executes a function asynchronously, while std::thread simply creates a new thread",std::thread provides more control over thread creation and management compared to std::async,C,,medium,web:Examveda.com https://www.examveda.com/c-plus-plus-programming/practice-mcq-question-on-multi-threading-in-c-plus-plus/?page=3,
C++ / OOP,multi threading in c plus plus,What is the purpose of the 'std::promise' class in C++ multi-threading?,To signal waiting threads,To manage thread priorities,To acquire and release a mutex automatically,To store a value or an exception that will be made available asynchronously,D,,medium,web:Examveda.com https://www.examveda.com/c-plus-plus-programming/practice-mcq-question-on-multi-threading-in-c-plus-plus/?page=3,
C++ / OOP,multi threading in c plus plus,What is the difference between std::condition_variable and std::condition_variable_any in C++ multi-threading?,std::condition_variable is more efficient than std::condition_variable_any,"std::condition_variable_any can work with any mutex type, while std::condition_variable can only work with std::mutex","std::condition_variable can only work with std::mutex, while std::condition_variable_any can work with any mutex type",std::condition_variable_any is more efficient than std::condition_variable,C,,medium,web:Examveda.com https://www.examveda.com/c-plus-plus-programming/practice-mcq-question-on-multi-threading-in-c-plus-plus/?page=3,
C++ / OOP,multi threading in c plus plus,What is the purpose of the 'std::thread::hardware_concurrency()' function in C++ multi-threading?,To return the number of threads created by the program,To return the number of cores in the system,To return the number of hardware concurrency units supported by the implementation,To return the number of threads currently running,C,,medium,web:Examveda.com https://www.examveda.com/c-plus-plus-programming/practice-mcq-question-on-multi-threading-in-c-plus-plus/?page=3,
C++ / OOP,multi threading in c plus plus,What is the purpose of the 'std::recursive_mutex' class in C++ multi-threading?,To provide mutual exclusion,To allow a thread to lock the same mutex multiple times without causing a deadlock,To manage thread priorities,None of the above,B,,medium,web:Examveda.com https://www.examveda.com/c-plus-plus-programming/practice-mcq-question-on-multi-threading-in-c-plus-plus/?page=3,
C++ / OOP,multi threading in c plus plus,What is the purpose of the 'std::atomic_flag' class in C++ multi-threading?,To manage thread priorities,To synchronize the execution of threads,To provide atomic access to a boolean flag,To provide mutual exclusion,C,,medium,web:Examveda.com https://www.examveda.com/c-plus-plus-programming/practice-mcq-question-on-multi-threading-in-c-plus-plus/?page=3,
C++ / OOP,multi threading in c plus plus,What is the purpose of the 'std::latch' class in C++ multi-threading?,To signal waiting threads,To provide mutual exclusion,To manage thread priorities,To synchronize the execution of threads until a specified count is reached,D,,medium,web:Examveda.com https://www.examveda.com/c-plus-plus-programming/practice-mcq-question-on-multi-threading-in-c-plus-plus/?page=3,
C++ / OOP,multi threading in c plus plus,What is the purpose of the 'std::barrier' class in C++ multi-threading?,To synchronize the execution of threads at a specified point,To execute a task asynchronously,To signal waiting threads,To manage thread priorities,A,,medium,web:Examveda.com https://www.examveda.com/c-plus-plus-programming/practice-mcq-question-on-multi-threading-in-c-plus-plus/?page=3,
C++ / OOP,multi threading in c plus plus,What is the purpose of the 'std::semaphore' class in C++ multi-threading?,To manage thread priorities,To synchronize the execution of threads,To provide mutual exclusion,To control access to a shared resource by multiple threads,D,,medium,web:Examveda.com https://www.examveda.com/c-plus-plus-programming/practice-mcq-question-on-multi-threading-in-c-plus-plus/?page=3,
C++ / OOP,multi threading in c plus plus,Which of the following is not a synchronization mechanism in C++ multi-threading?,Semaphore,Mutex,Spinlock,Barrier,D,,medium,web:Examveda.com https://www.examveda.com/c-plus-plus-programming/practice-mcq-question-on-multi-threading-in-c-plus-plus/?page=4,
C++ / OOP,multi threading in c plus plus,"What does the term ""thread-safe"" mean in the context of multi-threading?",The code is guaranteed to be error-free,The code can be safely executed by multiple threads concurrently,The code can only be executed by a certain thread,None of the above,B,,medium,web:Examveda.com https://www.examveda.com/c-plus-plus-programming/practice-mcq-question-on-multi-threading-in-c-plus-plus/?page=4,
C++ / OOP,multi threading in c plus plus,What is the primary purpose of a mutex in C++ multi-threading?,To manage thread priorities,To synchronize the execution of threads,To provide mutual exclusion,To execute a task asynchronously,C,,medium,web:Examveda.com https://www.examveda.com/c-plus-plus-programming/practice-mcq-question-on-multi-threading-in-c-plus-plus/?page=4,
C++ / OOP,multi threading in c plus plus,Which of the following is true about a condition variable in C++ multi-threading?,It allows multiple threads to share the same memory location,It provides mutual exclusion,It provides atomic access to shared variables,It allows one thread to notify other threads about a condition,D,,medium,web:Examveda.com https://www.examveda.com/c-plus-plus-programming/practice-mcq-question-on-multi-threading-in-c-plus-plus/?page=4,
C++ / OOP,multi threading in c plus plus,What is a deadlock in the context of multi-threading?,A situation where threads execute out of order,A situation where threads wait indefinitely for a signal,A situation where two or more threads are waiting indefinitely for each other to release resources,A situation where a thread blocks other threads from executing,C,,medium,web:Examveda.com https://www.examveda.com/c-plus-plus-programming/practice-mcq-question-on-multi-threading-in-c-plus-plus/?page=4,
C++ / OOP,multi threading in c plus plus,Which C++11 feature introduced support for multi-threading?,std::mutex,std::atomic,std::condition_variable,std::thread,D,,medium,web:Examveda.com https://www.examveda.com/c-plus-plus-programming/practice-mcq-question-on-multi-threading-in-c-plus-plus/?page=4,
C++ / OOP,multi threading in c plus plus,What is the difference between std::mutex and std::recursive_mutex in C++ multi-threading?,"std::mutex can be locked multiple times by the same thread, while std::recursive_mutex cannot","std::recursive_mutex can be locked multiple times by the same thread, while std::mutex cannot","std::mutex cannot be locked multiple times by the same thread, while std::recursive_mutex can",They both provide the same functionality,B,,medium,web:Examveda.com https://www.examveda.com/c-plus-plus-programming/practice-mcq-question-on-multi-threading-in-c-plus-plus/?page=4,
C++ / OOP,multi threading in c plus plus,Which of the following is not a potential issue in multi-threading?,Deadlock,Race condition,Starvation,Deterministic execution,D,,medium,web:Examveda.com https://www.examveda.com/c-plus-plus-programming/practice-mcq-question-on-multi-threading-in-c-plus-plus/?page=4,
C++ / OOP,multi threading in c plus plus,What is the purpose of the 'std::this_thread::sleep_for' function in C++ multi-threading?,To block the execution of a thread,To synchronize the execution of threads,To terminate the current thread,To make the current thread sleep for a specified duration,D,,medium,web:Examveda.com https://www.examveda.com/c-plus-plus-programming/practice-mcq-question-on-multi-threading-in-c-plus-plus/?page=4,
C++ / OOP,multi threading in c plus plus,What is the primary difference between a std::mutex and a std::spinlock in C++ multi-threading?,"std::spinlock is a blocking synchronization primitive, while std::mutex is a non-blocking synchronization primitive",They both provide the same functionality,"std::mutex is a blocking synchronization primitive, while std::spinlock is a non-blocking synchronization primitive",std::spinlock is more efficient than std::mutex,C,,medium,web:Examveda.com https://www.examveda.com/c-plus-plus-programming/practice-mcq-question-on-multi-threading-in-c-plus-plus/?page=4,
C++ / OOP,multi threading in c plus plus,Which of the following is a potential benefit of multi-threading in C++?,Increased reliability,Reduced memory usage,Improved performance,Decreased complexity,C,,medium,web:Examveda.com https://www.examveda.com/c-plus-plus-programming/practice-mcq-question-on-multi-threading-in-c-plus-plus/?page=5,
C++ / OOP,multi threading in c plus plus,What is the primary goal of using multi-threading in C++ programs?,To increase program size,To decrease program speed,To decrease program size,To improve program responsiveness,D,,medium,web:Examveda.com https://www.examveda.com/c-plus-plus-programming/practice-mcq-question-on-multi-threading-in-c-plus-plus/?page=5,
C++ / OOP,c plus plus miscellaneous,What is the difference between '++i' and 'i++' in C++?,None of the above,They both have the same effect,"'++i' increments the value of 'i' before returning it, while 'i++' increments the value of 'i' after returning it","'++i' increments the value of 'i' after returning it, while 'i++' increments the value of 'i' before returning it",C,,medium,web:Examveda.com https://www.examveda.com/c-plus-plus-programming/practice-mcq-question-on-c-plus-plus-miscellaneous/,
C++ / OOP,c plus plus miscellaneous,What does the 'const' qualifier indicate in C++?,That the variable is a constant,That the variable has dynamic storage duration,That the variable has external linkage,That the value of the variable cannot be changed,D,,medium,web:Examveda.com https://www.examveda.com/c-plus-plus-programming/practice-mcq-question-on-c-plus-plus-miscellaneous/,
C++ / OOP,c plus plus miscellaneous,What is the difference between 'delete' and 'delete[]' in C++?,None of the above,"'delete' is used to deallocate memory allocated for an array of objects, while 'delete[]' is used to deallocate memory allocated for a single object",They both have the same effect,"'delete' is used to deallocate memory allocated for a single object, while 'delete[]' is used to deallocate memory allocated for an array of objects",D,,medium,web:Examveda.com https://www.examveda.com/c-plus-plus-programming/practice-mcq-question-on-c-plus-plus-miscellaneous/,
C++ / OOP,c plus plus miscellaneous,What is the purpose of the 'inline' keyword in C++?,To declare a variable as inline,To define a function as inline,To suggest the compiler to inline the function call,To declare a function as static,C,,medium,web:Examveda.com https://www.examveda.com/c-plus-plus-programming/practice-mcq-question-on-c-plus-plus-miscellaneous/,
C++ / OOP,c plus plus miscellaneous,What is the purpose of the 'volatile' qualifier in C++?,To indicate that a variable should be optimized by the compiler,To indicate that a variable may be modified by external factors,To indicate that a variable should not be optimized by the compiler,None of the above,B,,medium,web:Examveda.com https://www.examveda.com/c-plus-plus-programming/practice-mcq-question-on-c-plus-plus-miscellaneous/,
C++ / OOP,c plus plus miscellaneous,Which of the following is a valid way to initialize a constant variable in C++?,Using the 'volatile' keyword,Using the 'static' keyword,Using the 'const' keyword,Using the 'constexpr' keyword,C,,medium,web:Examveda.com https://www.examveda.com/c-plus-plus-programming/practice-mcq-question-on-c-plus-plus-miscellaneous/,
C++ / OOP,c plus plus miscellaneous,What is the purpose of the 'using' directive in C++?,To define a new namespace,To declare a variable,To declare a function,To introduce a name from a namespace into the current scope,D,,medium,web:Examveda.com https://www.examveda.com/c-plus-plus-programming/practice-mcq-question-on-c-plus-plus-miscellaneous/?page=2,
C++ / OOP,c plus plus miscellaneous,Which of the following is not a valid C++ data type?,long long,long double,unsigned float,wchar_t,C,,medium,web:Examveda.com https://www.examveda.com/c-plus-plus-programming/practice-mcq-question-on-c-plus-plus-miscellaneous/?page=2,
C++ / OOP,c plus plus miscellaneous,What is the purpose of the typeid operator in C++?,To return the type of an expression,To return the memory address of a type,To compare two types,To perform type casting,A,,medium,web:Examveda.com https://www.examveda.com/c-plus-plus-programming/practice-mcq-question-on-c-plus-plus-miscellaneous/?page=2,
C++ / OOP,c plus plus miscellaneous,What does the mutable keyword in C++ mean when applied to a class member function?,It specifies that the member function cannot be overridden,It specifies that the member function does not modify the object's data members,It allows the member function to modify the object's data members declared as static,It allows the member function to modify the object's data members declared as const,D,,medium,web:Examveda.com https://www.examveda.com/c-plus-plus-programming/practice-mcq-question-on-c-plus-plus-miscellaneous/?page=2,
C++ / OOP,c plus plus miscellaneous,Which of the following correctly defines a lambda function in C++?,"lambda(int x, int y) { return x + y; };","function lambda(int x, int y) { return x + y; };","auto lambda = [](int x, int y) { return x + y; };","auto lambda(int x, int y) -> int { return x + y; };",C,,medium,web:Examveda.com https://www.examveda.com/c-plus-plus-programming/practice-mcq-question-on-c-plus-plus-miscellaneous/?page=2,
C++ / OOP,c plus plus miscellaneous,What is the purpose of the static_cast operator in C++?,To perform implicit type conversions,To perform explicit type conversions,To access static class members,None of the above,B,,medium,web:Examveda.com https://www.examveda.com/c-plus-plus-programming/practice-mcq-question-on-c-plus-plus-miscellaneous/?page=2,
C++ / OOP,c plus plus miscellaneous,Which of the following is not a valid way to initialize an array in C++?,"int arr[5] = {1, 2, 3, 4, 5};","int arr[] = {1, 2, 3, 4, 5};","int arr[5] {1, 2, 3, 4, 5};","int arr[5]; arr = {1, 2, 3, 4, 5};",D,,medium,web:Examveda.com https://www.examveda.com/c-plus-plus-programming/practice-mcq-question-on-c-plus-plus-miscellaneous/?page=2,
C++ / OOP,c plus plus miscellaneous,What does the nullptr keyword represent in C++?,A null pointer value,A reference to a null pointer,An empty string,An integer value,A,,medium,web:Examveda.com https://www.examveda.com/c-plus-plus-programming/practice-mcq-question-on-c-plus-plus-miscellaneous/?page=2,
C++ / OOP,c plus plus miscellaneous,What is the purpose of the std::move function in C++?,To access static class members,To allocate memory dynamically,To perform explicit type conversions,To cast an object to an rvalue reference,D,,medium,web:Examveda.com https://www.examveda.com/c-plus-plus-programming/practice-mcq-question-on-c-plus-plus-miscellaneous/?page=2,
C++ / OOP,c plus plus miscellaneous,What is the purpose of the std::initializer_list class in C++?,To store a list of initializers,To initialize class objects with a list of values at runtime,To initialize containers with a list of values at compile time,To allocate memory dynamically,C,,medium,web:Examveda.com https://www.examveda.com/c-plus-plus-programming/practice-mcq-question-on-c-plus-plus-miscellaneous/?page=2,
C++ / OOP,c plus plus miscellaneous,What is the purpose of the volatile keyword in C++?,To specify that a variable's value cannot be changed once initialized,To indicate that a variable may be changed unexpectedly by hardware or another thread,To specify that a function cannot be overridden,None of the above,B,,medium,web:Examveda.com https://www.examveda.com/c-plus-plus-programming/practice-mcq-question-on-c-plus-plus-miscellaneous/?page=3,
C++ / OOP,c plus plus miscellaneous,Which of the following is not a valid C++ standard library container?,queue,deque,ArrayList,vector,C,,medium,web:Examveda.com https://www.examveda.com/c-plus-plus-programming/practice-mcq-question-on-c-plus-plus-miscellaneous/?page=3,
C++ / OOP,c plus plus miscellaneous,What is the purpose of the const keyword in C++?,To indicate that a variable may be changed unexpectedly by hardware or another thread,To indicate that a variable cannot be modified,To specify that a function cannot be overridden,To specify that a variable's value cannot be changed once initialized,D,,medium,web:Examveda.com https://www.examveda.com/c-plus-plus-programming/practice-mcq-question-on-c-plus-plus-miscellaneous/?page=3,
C++ / OOP,c plus plus miscellaneous,What does RAII stand for in C++?,Resource Acquisition Is Initialization,Resource Allocation Is Implementation,Resource Allocation Is Initialization,Resource Acquisition Is Implementation,A,,medium,web:Examveda.com https://www.examveda.com/c-plus-plus-programming/practice-mcq-question-on-c-plus-plus-miscellaneous/?page=3,
C++ / OOP,c plus plus miscellaneous,Which class is used to design the base class?,abstract class,derived class,base class,derived & base class,A,,medium,web:Examveda.com https://www.examveda.com/c-plus-plus-programming/practice-mcq-question-on-c-plus-plus-miscellaneous/?page=3,
C++ / OOP,c plus plus miscellaneous,"What will be the output of the following C++ code? 
#include <iostream>
#include <limits>
using namespace std;
int main( )
{
 cout << numeric_limits<float> :: is_exact;
 cout << numeric_limits<double> :: is_exact;
 cout << numeric_limits<long int> :: is_exact;
 cout << numeric_limits<unsigned char> :: is_exact;
}",0010,0012,1100,0011,D,,medium,web:Examveda.com https://www.examveda.com/c-plus-plus-programming/practice-mcq-question-on-c-plus-plus-miscellaneous/?page=3,
C++ / OOP,c plus plus miscellaneous,Where does the abstract class is used?,base class only,derived class,both derived & base class,virtual class,A,,medium,web:Examveda.com https://www.examveda.com/c-plus-plus-programming/practice-mcq-question-on-c-plus-plus-miscellaneous/?page=3,
C++ / OOP,c plus plus miscellaneous,Which is the best design choice for using pointer to member function?,Interface,Class,Structure,Block,A,,medium,web:Examveda.com https://www.examveda.com/c-plus-plus-programming/practice-mcq-question-on-c-plus-plus-miscellaneous/?page=3,
C++ / OOP,c plus plus miscellaneous,Which function is used to check whether a character is punctuation mark?,isxdigit(),isprint(),iscntrl(),ispunct(),D,,medium,web:Examveda.com https://www.examveda.com/c-plus-plus-programming/practice-mcq-question-on-c-plus-plus-miscellaneous/?page=3,
C++ / OOP,c plus plus miscellaneous,Which function is used to calculate the norm of a complex number?,abs(),norm(),mod(),square_sum(),B,,medium,web:Examveda.com https://www.examveda.com/c-plus-plus-programming/practice-mcq-question-on-c-plus-plus-miscellaneous/?page=4,
C++ / OOP,c plus plus miscellaneous,"What will be the output of the following C++ code? 
#include <iostream>
#include <cctype>
using namespace std;
int main(int argc, char const *argv[])
{
 char arr[20] = ""\'H3ll0\'"";
 for(int i=0;i<8;i++)
 {
 cout<<(bool)ispunct(arr[i]);
 }
}",10000010,111111111110,111000111110,111110000000,A,,medium,web:Examveda.com https://www.examveda.com/c-plus-plus-programming/practice-mcq-question-on-c-plus-plus-miscellaneous/?page=4,
C++ / OOP,c plus plus miscellaneous,What is the syntax of printing the first element of an array Arr using get() function?,Arr.get(0),get<0>(Arr),Arr.get[0],get<0>[Arr],B,,medium,web:Examveda.com https://www.examveda.com/c-plus-plus-programming/practice-mcq-question-on-c-plus-plus-miscellaneous/?page=4,
C++ / OOP,c plus plus miscellaneous,"What will be the output of the following C++ code? 
#include <iostream> 
#include <vector> 
#include <forward_list> 
 
using namespace std; 
 
int main() 
{ 
 forward_list<int> fl1 = {1,7,8,9,10};
 forward_list<int> fl2 = {2,3,4,5,6};
 fl1.splice_after(fl1.begin(), fl2);
 for (int&c : fl1) 
 cout << c << "" "";
 cout<<endl;
 return 0; 
}",1 2 3 4 5,1 2 3 4 5 6 7 8 9 10,1 7 8 9 10,2 3 4 5 6,B,,medium,web:Examveda.com https://www.examveda.com/c-plus-plus-programming/practice-mcq-question-on-c-plus-plus-miscellaneous/?page=4,
C++ / OOP,c plus plus miscellaneous,Which of the following is correct about map and multimap?,Map can have same keys whereas multimap cannot,Implementation of maps and multimap are different,Multimap can have same keys whereas the map cannot,Average search time of map is greater than multimap,C,,medium,web:Examveda.com https://www.examveda.com/c-plus-plus-programming/practice-mcq-question-on-c-plus-plus-miscellaneous/?page=4,
C++ / OOP,c plus plus miscellaneous,Which of the following is correct about Input Iterators?,They cannot be decremented,Cannot be used in multi-pass algorithms,Can only be incremented,All of the mentioned,D,,medium,web:Examveda.com https://www.examveda.com/c-plus-plus-programming/practice-mcq-question-on-c-plus-plus-miscellaneous/?page=4,
C++ / OOP,c plus plus miscellaneous,"What will be the output of the following C++ code? 
#include <iostream>
#include <functional>
#include <numeric>
using namespace std;
int myop (int x, int y)
{
 return x + y;
}
int main ()
{
 int val[] = {1, 2, 3, 5};
 int result[7];
 adjacent_difference (val, val + 7, result);
 for (int i = 0; i < 4; i++)
 cout << result[i] <<' ';
 return 0;
}",1 1 1 2,1 2 3 1,1 2 3 5,1 2 5 6,A,,medium,web:Examveda.com https://www.examveda.com/c-plus-plus-programming/practice-mcq-question-on-c-plus-plus-miscellaneous/?page=4,
C++ / OOP,c plus plus miscellaneous,Pick the incorrect statement.,Vectors have a dynamic size,Vectors are placed in contiguous storage,Insertion in vectors always takes constant time,Vectors insert the element at the end,C,,medium,web:Examveda.com https://www.examveda.com/c-plus-plus-programming/practice-mcq-question-on-c-plus-plus-miscellaneous/?page=4,
C++ / OOP,c plus plus miscellaneous,"Given below classes which of the following are the possible row entries in vtable of D1 class? 
class Base
{
 public:
 virtual void function1() {};
 virtual void function2() {};
};
class D1: public Base
{
 public:
 virtual void function1() {};
};
class D2: public Base
{
 public:
 virtual void function2() {};
};",Base::function1() and Base::function2(),D1::function1() and Base::function2(),Base::function1() and D1::function2(),D1::function1() and D1::function2(),B,,medium,web:Examveda.com https://www.examveda.com/c-plus-plus-programming/practice-mcq-question-on-c-plus-plus-miscellaneous/?page=4,
C++ / OOP,c plus plus miscellaneous,"What will be the capacity of the vector after 10 is pushed into the vector in the following C++ code? 
#include <iostream> 
#include <vector> 
 
using namespace std; 
 
int main() 
{ 
 vector<int> v; 
 for (int i = 1; i <= 5; i++) 
 v.push_back(i); 
 cout<<v.capacity()<<endl;
 v.shrink_to_fit();
 cout<<v.capacity()<<endl;
 v.push_back(10);
 return 0; 
}",8,10,5,6,B,,medium,web:Examveda.com https://www.examveda.com/c-plus-plus-programming/practice-mcq-question-on-c-plus-plus-miscellaneous/?page=4,
C++ / OOP,c plus plus miscellaneous,Which header file is used for generating random numbers?,<gen_dist>,<distribution>,<generator>,<random>,D,,medium,web:Examveda.com https://www.examveda.com/c-plus-plus-programming/practice-mcq-question-on-c-plus-plus-miscellaneous/?page=5,
C++ / OOP,c plus plus miscellaneous,"What will be the output of the following C++ code? 
#include<iostream>
using namespace std;
class X 
{
 int m;
 public:
 X() : m(10)
 { 
 }
 X(int mm): m(mm)
 {
 }
 int getm()
 {
 return m;
 }
};
class Y : public X 
{
 int n;
 public:
 Y(int nn) : n(nn) {} 
 int getn() { return n; }
};
int main()
{
 Y yobj( 100 );
 cout << yobj.getm() << "" "" << yobj.getn() << endl;
}",10 100,100 10,10 10,100 100,A,,medium,web:Examveda.com https://www.examveda.com/c-plus-plus-programming/practice-mcq-question-on-c-plus-plus-miscellaneous/?page=5,
C++ / OOP,c plus plus miscellaneous,"What will be the output of the following C++ code? 
#include <iostream>
#include <bitset>
using namespace std;
int main()
{
 bitset<8> b1(95);
 bitset<8> b2(45);
 cout<<~b1<<endl;
 cout<<(b1|b2)<<endl;
 cout<<(b1&b2)<<endl;
}","10100000 
01111111 
00001101","11111111 
01111111 
00001101","10100000 
00001111 
00001101","10100000 
01111111 
00000000",A,,medium,web:Examveda.com https://www.examveda.com/c-plus-plus-programming/practice-mcq-question-on-c-plus-plus-miscellaneous/?page=5,
C++ / OOP,c plus plus miscellaneous,Which function is used to check whether a character is a number?,isalpha(),isalnum(),isdigit(),isblank(),C,,medium,web:Examveda.com https://www.examveda.com/c-plus-plus-programming/practice-mcq-question-on-c-plus-plus-miscellaneous/?page=5,
C++ / OOP,c plus plus miscellaneous,How many kinds of parameters are there in C++?,1,2,3,5,C,,medium,web:Examveda.com https://www.examveda.com/c-plus-plus-programming/practice-mcq-question-on-c-plus-plus-miscellaneous/?page=5,
C++ / OOP,c plus plus miscellaneous,"What will be the output of the following C++ code? 
#include <iostream>
#include <functional>
#include <numeric>
using namespace std;
int myfunction (int x, int y) 
{
 return x + 2 * y;
}
struct myclass 
{
 int operator()(int x, int y) 
 {
 return x + 3 * y;
 }
} myobject;
int main () 
{
 int init = 100;
 int numbers[] = {10, 20, 30};
 cout << accumulate(numbers, numbers + 3, init);
 cout << endl;
}",100,140,160,180,C,,medium,web:Examveda.com https://www.examveda.com/c-plus-plus-programming/practice-mcq-question-on-c-plus-plus-miscellaneous/?page=5,
C++ / OOP,c plus plus miscellaneous,Which is used to get the input during runtime?,cout,cin,coi,cinout,B,,medium,web:Examveda.com https://www.examveda.com/c-plus-plus-programming/practice-mcq-question-on-c-plus-plus-miscellaneous/?page=5,
C++ / OOP,c plus plus miscellaneous,What is meant by pure virtual function?,Function which does not have definition of its own,Function which does have definition of its own,Function which does not have any return type,Function which does not have any return type & own definition,A,,medium,web:Examveda.com https://www.examveda.com/c-plus-plus-programming/practice-mcq-question-on-c-plus-plus-miscellaneous/?page=5,
C++ / OOP,c plus plus miscellaneous,"What will be the output of the following C++ code? 
#include <iostream>
#include <complex>
using namespace std;
int main()
{
 complex <double> cn(3.0, 5.0);
 cout<<""Complex number is: ""<<real(cn)<<"" + ""<<imag(cn)<<""i""<<endl;
 return 0;
}",Complex number is: 3 + 5i,Complex number is: 5 + 3i,Complex number is: 9 + 25i,Complex number is: 3 – 5i,A,"In the given C++ code, the complex class from the C++ Standard Library is used to represent a complex number. In the statement complex cn(3.0, 5.0), the constructor initializes the real part as 3.0 and the imaginary part as 5.0. The function real(cn) returns the real part of the complex number, which is 3. The function imag(cn) returns the imaginary part, which is 5. Hence, the output will be: Complex number is: 3 + 5i.",medium,web:Examveda.com https://www.examveda.com/c-plus-plus-programming/practice-mcq-question-on-c-plus-plus-miscellaneous/?page=5,
C++ / OOP,c plus plus miscellaneous,"What will be the output of the following C++ code? 
#include <iostream>
using namespace std;
class poly
{
 protected:
 int width, height;
 public:
 void set_values(int a, int b)
 {
 width = a; height = b;
 }
};
class Coutput
{
 public:
 void output(int i);
};
void Coutput::output(int i)
{
 cout << i;
}
class rect:public poly, public Coutput
{
 public:
 int area()
 {
 return(width * height);
 }
};
class tri:public poly, public Coutput
{
 public:
 int area()
 {
 return(width * height / 2);
 }
};
int main()
{
 rect rect;
 tri trgl;
 rect.set_values(3, 4);
 trgl.set_values(4, 5);
 rect.output(rect.area());
 trgl.output(trgl.area());
 return 0;
}",1212,1210,1010,1250,B,,medium,web:Examveda.com https://www.examveda.com/c-plus-plus-programming/practice-mcq-question-on-c-plus-plus-miscellaneous/?page=5,
C++ / OOP,c plus plus miscellaneous,How many types of sequence operations are provided by the C++ algorithm STL?,1,2,3,4,B,,medium,web:Examveda.com https://www.examveda.com/c-plus-plus-programming/practice-mcq-question-on-c-plus-plus-miscellaneous/?page=6,
C++ / OOP,c plus plus miscellaneous,"What will be the output of the following C++ code? 
#include <iostream>
#include <memory>
#include <string>
using namespace std;
int main ()
{
 string numbers[] = {""steve"", ""jobs""};
 pair <string*, ptrdiff_t> result = get_temporary_buffer<string>(2);
 if (result.second>0) 
 {
 uninitialized_copy ( numbers, numbers + result.second, result.first );
 for (int i = 0; i < result.second; i++)
 cout << result.first[i] << "" "";
 return_temporary_buffer(result.first);
 }
 return 0;
}",steve,jobs,jobs steve,steve jobs,D,,medium,web:Examveda.com https://www.examveda.com/c-plus-plus-programming/practice-mcq-question-on-c-plus-plus-miscellaneous/?page=6,
C++ / OOP,c plus plus miscellaneous,What kind of iteration does forward_list provide in C++?,Uni-directional,Bi-directional,Multi-directional,Bi-directional & Multi-directional,A,,medium,web:Examveda.com https://www.examveda.com/c-plus-plus-programming/practice-mcq-question-on-c-plus-plus-miscellaneous/?page=6,
C++ / OOP,c plus plus miscellaneous,Which of the following header file is needed to use vectors in your program?,<array>,<vector>,<containers>,<stdio>,B,,medium,web:Examveda.com https://www.examveda.com/c-plus-plus-programming/practice-mcq-question-on-c-plus-plus-miscellaneous/?page=6,
C++ / OOP,c plus plus miscellaneous,"What will be the output of the following C++ code? 
#include <string>
#include <iostream>
using namespace std;
void string_permutation( string& orig, string& perm )
{
 if (orig.empty())
 {
 cout<<perm<<endl;
 return;
 }
 for (int i = 0; i < orig.size(); ++i)
 {
 string orig2 = orig;
 orig2.erase(i, 1);
 string perm2 = perm;
 perm2 += orig.at(i);
 string_permutation(orig2, perm2);
 }
}
int main()
{
 string orig = ""ter"";
 string perm;
 string_permutation(orig, perm);
 return 0;
}",ter,ert,ret,returns all the combination of ter,D,,medium,web:Examveda.com https://www.examveda.com/c-plus-plus-programming/practice-mcq-question-on-c-plus-plus-miscellaneous/?page=6,
C++ / OOP,c plus plus miscellaneous,What type of class template is list?,Class-based,Node-based,Method-based,size-based,B,,medium,web:Examveda.com https://www.examveda.com/c-plus-plus-programming/practice-mcq-question-on-c-plus-plus-miscellaneous/?page=6,
C++ / OOP,c plus plus miscellaneous,Pick out the correct statement about vector.,vector<int> values (5),vector values (5),vector<int> (5),vector<5>,A,,medium,web:Examveda.com https://www.examveda.com/c-plus-plus-programming/practice-mcq-question-on-c-plus-plus-miscellaneous/?page=6,
C++ / OOP,c plus plus miscellaneous,How do define the user-defined exceptions?,inheriting and overriding exception class functionality,overriding class functionality,inheriting class functionality,delting and adding class member,A,,medium,web:Examveda.com https://www.examveda.com/c-plus-plus-programming/practice-mcq-question-on-c-plus-plus-miscellaneous/?page=6,
C++ / OOP,c plus plus miscellaneous,"What will be the output of the following C++ code? 
#include <iostream>
#include <vector>
using namespace std;
int main ()
{
 vector<int> first;
 first.assign (7,100);
 vector<int>::iterator it;
 it=first.begin()+1;
 int myints[] = {1776,7,4};
 cout << int (first.size()) << '\n';
 return 0;
}",10,9,8,7,D,,medium,web:Examveda.com https://www.examveda.com/c-plus-plus-programming/practice-mcq-question-on-c-plus-plus-miscellaneous/?page=6,
C++ / OOP,c plus plus miscellaneous,"What will be the output of the following C++ code? 
#include <iostream>
#include <Valarray>
using namespace std;
int main()
{
 Valarray<int> varr = { 1, 2, 3, 4, 5 };
 for (int &x: varr) cout << x << "" "";
 cout<<endl;
 varr = varr.shift(2);
 for (int &x: varr) cout << x << "" "";
 return 0;
}","1 2 3 4 5 
3 4 5 0 0","1 2 3 4 5 
0 0 3 4 5","1 2 3 4 5 
1 2 3 4 5","1 2 3 4 5 
3 4 5 1 2",A,,medium,web:Examveda.com https://www.examveda.com/c-plus-plus-programming/practice-mcq-question-on-c-plus-plus-miscellaneous/?page=7,
C++ / OOP,c plus plus miscellaneous,What function will be called when we have an uncaught exception?,catch,throw,terminate,try,C,,medium,web:Examveda.com https://www.examveda.com/c-plus-plus-programming/practice-mcq-question-on-c-plus-plus-miscellaneous/?page=7,
C++ / OOP,c plus plus miscellaneous,"What will be the output of the following C++ code? 
#include <iostream> 
#include <vector> 
#include <forward_list> 
 
using namespace std; 
 
int main() 
{ 
 forward_list<int> fl1 = {1,2,3,4,5};
 for (int&c : fl1) 
 cout << c << "" "";
 cout<<endl;
 fl1.remove_if([](int x){ return x > 3;});
 for (int&c : fl1) 
 cout << c << "" "";
 cout<<endl;
 return 0; 
}","1 2 3 4 5 
1 2 3 4 5","1 2 3 4 5 
1 2","1 2 3 4 5 
1 2 3","4 5 
1 2 3 4 5",C,,medium,web:Examveda.com https://www.examveda.com/c-plus-plus-programming/practice-mcq-question-on-c-plus-plus-miscellaneous/?page=7,
C++ / OOP,c plus plus miscellaneous,"What will be the output of the following C++ code? 
#include <iostream>
#include <valarray>
using namespace std;
int main()
{
 valarray<int> varr = { 10, 2, 20, 1, 30 };
 cout<<""Sum of array: ""<<varr.sum();
 return 0;
}",Sum of array: 20,Sum of array: 53,Sum of array: 12,Sum of array: 63,D,,medium,web:Examveda.com https://www.examveda.com/c-plus-plus-programming/practice-mcq-question-on-c-plus-plus-miscellaneous/?page=7,
C++ / OOP,c plus plus miscellaneous,"What will be the output of the following C++ code? 
#include <iostream>
using namespace std;
class Base
{
 public:
 Base ( )
 {
 cout << ""1"" << endl;
 }
 ~Base ( )
 {
 cout << ""2"" << endl;
 }
};
class Derived : public Base
{
 public:
 Derived ( )
 {
 cout << ""3"" << endl;
 }
 ~Derived ( )
 {
 cout << ""4"" << endl;
 } 
}; 
int main( )
{
 Derived x;
}",1234,4321,1423,1342,D,,medium,web:Examveda.com https://www.examveda.com/c-plus-plus-programming/practice-mcq-question-on-c-plus-plus-miscellaneous/?page=7,
C++ / OOP,c plus plus miscellaneous,"What will be the output of the following C++ code? 
#include <iostream>
#include <bitset>
using namespace std;
int main()
{
 bitset<8> b1(95);
 bitset<8> b2 = b1 << 3;
 cout<<b2;
}",01110001,11111000,01111111,00001101,B,,medium,web:Examveda.com https://www.examveda.com/c-plus-plus-programming/practice-mcq-question-on-c-plus-plus-miscellaneous/?page=7,
C++ / OOP,c plus plus miscellaneous,What is the main feature of locale in C++?,Sustainability,Portability,Reliability,Sustainability & Reliability,B,,medium,web:Examveda.com https://www.examveda.com/c-plus-plus-programming/practice-mcq-question-on-c-plus-plus-miscellaneous/?page=7,
C++ / OOP,c plus plus miscellaneous,Elements in STL heap are removed in . . . . . . . .,decreasing order,increasing order,alternate i.e. once max element then min element,input order,A,,medium,web:Examveda.com https://www.examveda.com/c-plus-plus-programming/practice-mcq-question-on-c-plus-plus-miscellaneous/?page=7,
C++ / OOP,c plus plus miscellaneous,"What will be the output of the following C++ code? 
#include <iostream>
#include <algorithm>
#include <vector>
using namespace std;
int main () 
{
 vector<int> myvector;
 for (int i = 1; i < 5; ++i)
 myvector.push_back(i);
 rotate(myvector.begin(), myvector.begin() + 3, myvector.end( ));
 for (vector<int> :: iterator it = myvector.begin(); 
 it != myvector.end(); ++it)
 cout << ' ' << *it;
 return 0;
}",1 2 3 4,4 3 2 1,3 4 2 1,4 1 2 3,D,,medium,web:Examveda.com https://www.examveda.com/c-plus-plus-programming/practice-mcq-question-on-c-plus-plus-miscellaneous/?page=7,
C++ / OOP,c plus plus miscellaneous,What are command line arguments?,Arguments passed to main() function,Arguments passed to any function,Arguments passed to class functions,Arguments passed to structure functions,A,,medium,web:Examveda.com https://www.examveda.com/c-plus-plus-programming/practice-mcq-question-on-c-plus-plus-miscellaneous/?page=7,
C++ / OOP,c plus plus miscellaneous,How many parameters are there in getline function?,1,2,2 or 3,3,C,,medium,web:Examveda.com https://www.examveda.com/c-plus-plus-programming/practice-mcq-question-on-c-plus-plus-miscellaneous/?page=8,
C++ / OOP,c plus plus miscellaneous,Which of the following relationships is uni-directional?,Aggregation,Association,Composition,Both Aggregation and Composition,D,,medium,web:Examveda.com https://www.examveda.com/c-plus-plus-programming/practice-mcq-question-on-c-plus-plus-miscellaneous/?page=8,
C++ / OOP,c plus plus miscellaneous,"What will be the output of the following C++ code? 
#include <iostream>
using namespace std;
int main()
{
 int a = 10;
 if (a < 15)
 {
 time:
 cout << a;
 goto time;
 }
 break;
 return 0;
}",1010,10,infinitely print 10,compile time error,D,,medium,web:Examveda.com https://www.examveda.com/c-plus-plus-programming/practice-mcq-question-on-c-plus-plus-miscellaneous/?page=8,
C++ / OOP,c plus plus miscellaneous,Which is used to create a pure virtual function?,$,=0,&,!,B,,medium,web:Examveda.com https://www.examveda.com/c-plus-plus-programming/practice-mcq-question-on-c-plus-plus-miscellaneous/?page=8,
C++ / OOP,c plus plus miscellaneous,"What will be the output of the following C++ code? 
#include <iostream>
#include <string>
using namespace std;
int main ()
{
 int num = 3;
 string str_bad = ""wrong number used"";
 try
 {
 if ( num == 1 )
 { 
 throw 5;
 }
 if ( num == 2 )
 {
 throw 1.1f;
 }
 if ( num != 1 || num != 2 )
 { 
 throw str_bad;
 }
 }
 catch (int a)
 {
 cout << ""Exception is: "" << a << endl;
 }
 catch (float b)
 {
 cout << ""Exception is: "" << b << endl;
 }
 catch (...)
 {
 cout << str_bad << endl;
 }
 return 0;
}",Exception is 5,Exception is 1.1f,Wrong number used,Exception is 1.6g,C,,medium,web:Examveda.com https://www.examveda.com/c-plus-plus-programming/practice-mcq-question-on-c-plus-plus-miscellaneous/?page=8,
C++ / OOP,c plus plus miscellaneous,Which of the following function is used to insert an element at the end of a vector?,push_back(),pop_back(),front(),end(),A,,medium,web:Examveda.com https://www.examveda.com/c-plus-plus-programming/practice-mcq-question-on-c-plus-plus-miscellaneous/?page=8,
C++ / OOP,c plus plus miscellaneous,What are the tuples in C++?,Objects that can hold more than one element of different types,Objects that can hold a single element of complex type,Objects that can hold more than one element of the same types,Objects that can hold a single element of fundamental type,A,,medium,web:Examveda.com https://www.examveda.com/c-plus-plus-programming/practice-mcq-question-on-c-plus-plus-miscellaneous/?page=8,
C++ / OOP,c plus plus miscellaneous,How many ways of reusing are there in the class hierarchy?,1,2,3,4,B,,medium,web:Examveda.com https://www.examveda.com/c-plus-plus-programming/practice-mcq-question-on-c-plus-plus-miscellaneous/?page=8,
C++ / OOP,c plus plus miscellaneous,Which header file is used for the numeric limits in C++?,<iostream>,<limits>,<number>,<digit>,B,,medium,web:Examveda.com https://www.examveda.com/c-plus-plus-programming/practice-mcq-question-on-c-plus-plus-miscellaneous/?page=8,
C++ / OOP,c plus plus miscellaneous,"What will be the output of the following C++ code? 
#include <iostream>
#include <string>
#include <tuple>
using namespace std;
int main()
{
 tuple <int, char, string> tp1;
 tuple <int, char, string> tp2;
 tp1 = make_tuple(6, 'a', ""Hello"");
 tp2 = make_tuple(9, 'z', ""World"");
 cout<<""(""<<get<0>(tp1)<<"", ""<<get<1>(tp1)<<"", ""<<get<2>(tp1)<<"")""<<endl;
 cout<<""(""<<get<0>(tp2)<<"", ""<<get<1>(tp2)<<"", ""<<get<2>(tp2)<<"")""<<endl;
 tp1.swap(tp2);
 cout<<""(""<<get<0>(tp1)<<"", ""<<get<1>(tp1)<<"", ""<<get<2>(tp1)<<"")""<<endl;
 cout<<""(""<<get<0>(tp2)<<"", ""<<get<1>(tp2)<<"", ""<<get<2>(tp2)<<"")""<<endl;
 return 0;
}","(6, a, Hello) 
(9, z, World) 
(9, z, World) 
(6, a, Hello)","(6, a, Hello) 
(9, z, World) 
(6, a, Hello) 
(9, z, World)","(9, z, World) 
(6, a, Hello) 
(9, z, World) 
(6, a, Hello)","(6, a, Hello) 
(6, a, Hello) 
(9, z, World) 
(9, z, World)",A,,medium,web:Examveda.com https://www.examveda.com/c-plus-plus-programming/practice-mcq-question-on-c-plus-plus-miscellaneous/?page=8,
C++ / OOP,c plus plus miscellaneous,"What will be the output of the following C++ code? 
#include <iostream>
#include <vector>
#include <algorithm>
using namespace std;
void show(const vector<int>& vi)
{
 for (size_t i = 0; i < vi.size(); ++i)
 cout << vi[i];
 cout << endl;
}
int main()
{
 vector<int> vi;
 vi.push_back(3);
 vi.push_back(5);
 vi.push_back(5);
 sort(vi.begin(), vi.end());
 show(vi);
 while(next_permutation(vi.begin(), vi.end()))
 show(vi);
 return 0;
}",355,535,553,"355 
535 
553",D,,medium,web:Examveda.com https://www.examveda.com/c-plus-plus-programming/practice-mcq-question-on-c-plus-plus-miscellaneous/?page=9,
C++ / OOP,c plus plus miscellaneous,In how many different ways any-container can be constructed?,1,2,3,4,C,,medium,web:Examveda.com https://www.examveda.com/c-plus-plus-programming/practice-mcq-question-on-c-plus-plus-miscellaneous/?page=9,
C++ / OOP,c plus plus miscellaneous,"What does this template function indicates? 
==================
template<class T, class U>
U func(T a, U b)
{
 cout<<a<<""\t""<<b;
}
==================",A function taking a single generic parameter and returning a generic type which may be different from argument type,A function taking a single generic parameter and returning a generic type which must be different from argument type,A function taking a single generic parameter and returning a generic type which must have the same type as argument type,A function taking a single generic parameter and returning a specific non-void type,A,,medium,web:Examveda.com https://www.examveda.com/c-plus-plus-programming/practice-mcq-question-on-c-plus-plus-miscellaneous/?page=9,
C++ / OOP,c plus plus miscellaneous,"What will be the output of the following C++ code? 
#include <iostream> 
#include <algorithm> 
#include <vector> 
 
using namespace std;
 
int main () 
{
 vector<int> v = {4,2,10,5,1,8};
 sort(v.begin(), v.end());
 if (binary_search(v.begin(), v.end(), 4))
 cout << ""found.\n""; 
 else 
 cout << ""not found.\n"";
 return 0;
}",found.,not found.,Error,Segmentation fault,A,,medium,web:Examveda.com https://www.examveda.com/c-plus-plus-programming/practice-mcq-question-on-c-plus-plus-miscellaneous/?page=9,
C++ / OOP,c plus plus miscellaneous,Identify the correct statement about throw(type).,A function can throw any type of exceptions,A function can throw an exception of certain type only,A function can't throw any type of exception,A function can catch all types of exceptions,B,,medium,web:Examveda.com https://www.examveda.com/c-plus-plus-programming/practice-mcq-question-on-c-plus-plus-miscellaneous/?page=9,
C++ / OOP,c plus plus miscellaneous,Which operator is used as catch-all handler?,ellipses operator,ternary operator,string operator,unary operator,A,,medium,web:Examveda.com https://www.examveda.com/c-plus-plus-programming/practice-mcq-question-on-c-plus-plus-miscellaneous/?page=9,
C++ / OOP,c plus plus miscellaneous,"What will be the output of the following C++ code? 
#include <iostream>
#include <string>
using namespace std;
int main() 
{
 string s = ""a long string"";
 s.insert(s.size() / 2, "" * "");
 cout << s << endl;
 return 0;
}",a long* string,a long st*ring,Depends on compiler,a long string*,C,,medium,web:Examveda.com https://www.examveda.com/c-plus-plus-programming/practice-mcq-question-on-c-plus-plus-miscellaneous/?page=9,
C++ / OOP,c plus plus miscellaneous,"What will be the output of the following C++ code? 
#include <iostream> 
#include <vector> 
 
using namespace std; 
 
int main() 
{ 
 vector<int> v; 
 for (int i = 1; i <= 5; i++) 
 v.push_back(i);
 for(int i=0;i<v.size();i++)
 cout<<v[i]<<"" "";
 cout<<endl;
 v.assign(3, 8);
 for(int i=0;i<v.size();i++)
 cout<<v[i]<<"" "";
 cout<<endl;
 return 0; 
}","1 2 3 4 5 
8 8 8","1 2 3 4 5 
8 8 8 8 8","1 2 3 4 5 
8 8 8 4 5",1 2 3 4 5,A,,medium,web:Examveda.com https://www.examveda.com/c-plus-plus-programming/practice-mcq-question-on-c-plus-plus-miscellaneous/?page=9,
C++ / OOP,c plus plus miscellaneous,"What will be the output of the following C++ code? 
#include <iostream>
#include <vector>
using namespace std;
int main ()
{
 vector<int> myvector;
 myvector.push_back(78);
 myvector.push_back(16);
 myvector.front() += myvector.back();
 cout << myvector.front() << '\n';
 return 0;
}",78,16,94,86,C,,medium,web:Examveda.com https://www.examveda.com/c-plus-plus-programming/practice-mcq-question-on-c-plus-plus-miscellaneous/?page=9,
C++ / OOP,c plus plus miscellaneous,What is the default operation of adjacent_difference function in numeric library?,Difference,Addition,Multiplication,Subtraction,A,,medium,web:Examveda.com https://www.examveda.com/c-plus-plus-programming/practice-mcq-question-on-c-plus-plus-miscellaneous/?page=9,
C++ / OOP,c plus plus miscellaneous,"What will be the output of the following C++ code? 
#include <iostream> 
#include <algorithm> 
#include <vector> 
 
using namespace std;
 
bool IsOdd (int i) 
{ 
 return (i%2)==1; 
}
 
int main () 
{
 vector<int> v = {4,2,10,5,1,8};
 for(int i=0;i<v.size();i++)
 cout<<v[i]<<"" "";
 cout<<endl;
 sort(v.begin(), v.end());
 for(int i=0;i<v.size();i++)
 cout<<v[i]<<"" "";
 return 0;
}","4 2 10 5 1 8 
1 2 4 5 8 10","1 2 4 5 8 10 
4 2 10 5 1 8","4 2 10 5 1 8 
4 2 10 5 1 8","1 2 4 5 8 10 
1 2 4 5 8 10",A,,medium,web:Examveda.com https://www.examveda.com/c-plus-plus-programming/practice-mcq-question-on-c-plus-plus-miscellaneous/?page=10,
C++ / OOP,c plus plus miscellaneous,How many types of Association can be there between classes?,1,2,3,4,D,,medium,web:Examveda.com https://www.examveda.com/c-plus-plus-programming/practice-mcq-question-on-c-plus-plus-miscellaneous/?page=10,
C++ / OOP,c plus plus miscellaneous,"What will be the output of the following C++ code? 
#include <iostream>
using namespace std;
template<typename T> 
inline T square(T x)
{
 T result;
 result = x * x;
 return result;
};
int main()
{
 int i, ii;
 float x, xx;
 double y, yy;
 i = 2;
 x = 2.2;
 y = 2.2;
 ii = square(i);
 cout << i << "" "" << ii << endl;
 yy = square(y);
 cout << y << "" "" << yy << endl;
}","2 4 
2.2 4.84",2 4,error,3 6,A,,medium,web:Examveda.com https://www.examveda.com/c-plus-plus-programming/practice-mcq-question-on-c-plus-plus-miscellaneous/?page=10,
C++ / OOP,c plus plus miscellaneous,What type of access does deque and vector provide?,Linear access,Parallel access,Random access,Memory access,C,,medium,web:Examveda.com https://www.examveda.com/c-plus-plus-programming/practice-mcq-question-on-c-plus-plus-miscellaneous/?page=10,
C++ / OOP,c plus plus miscellaneous,Indexing of bitset variables starts from . . . . . . . .,leftmost bit,rightmost bit,same as in an array,front,B,,medium,web:Examveda.com https://www.examveda.com/c-plus-plus-programming/practice-mcq-question-on-c-plus-plus-miscellaneous/?page=10,
C++ / OOP,c plus plus miscellaneous,"What will be the output of the following C++ code? 
#include <iostream>
using namespace std;
class Base
{
 protected:
 int a;
 public:
 Base() 
 { 
 a = 34; 
 }
 Base(int i)
 { 
 a = i; 
 }
 virtual ~Base() 
 { 
 if (a < 0) throw a; 
 }
 virtual int getA()
 {
 if (a < 0) 
 { 
 throw a;
 }
 }
};
int main()
{
 try
 {
 Base b(-25);
 cout << endl << b.getA();
 }
 catch (int) 
 {
 cout << endl << ""Illegal initialization"";
 }
}",Illegal initialization,Terminate called after throwing an instance of 'int',Illegal initialization & terminate called after throwing an instance,initialization,B,,medium,web:Examveda.com https://www.examveda.com/c-plus-plus-programming/practice-mcq-question-on-c-plus-plus-miscellaneous/?page=10,
C++ / OOP,c plus plus miscellaneous,By using which function does the buffer are automatically flushed?,fopen,copy,compare,fclose,D,,medium,web:Examveda.com https://www.examveda.com/c-plus-plus-programming/practice-mcq-question-on-c-plus-plus-miscellaneous/?page=10,
C++ / OOP,c plus plus miscellaneous,Which function is used to access the last element of an array class?,end(),start(),back(),last(),C,,medium,web:Examveda.com https://www.examveda.com/c-plus-plus-programming/practice-mcq-question-on-c-plus-plus-miscellaneous/?page=10,
C++ / OOP,c plus plus miscellaneous,How many constructors can present in a class?,1,2,3,multiple,D,,medium,web:Examveda.com https://www.examveda.com/c-plus-plus-programming/practice-mcq-question-on-c-plus-plus-miscellaneous/?page=10,
