subject,topic,question,option_a,option_b,option_c,option_d,correct_letter,explanation,difficulty,source,tags
DBMS & SQL,Top 130 PL/SQL Multiple-Choice Questions (MCQs),What does PL/SQL stand for?,PL/SQL stands for Procedural Language Extension of SQL,PL/SQL stands for Primary Language Extension of SQL,PL/SQL stands for Pattern Language Extension of SQL,PL/SQL stands for Private Language Extension of SQL,A,PL/SQL stands for Procedural Language Extension of SQL.,medium,web:Includehelp.com https://www.includehelp.com/sql/pl-sql-multiple-choice-questions-mcqs.aspx,
DBMS & SQL,Top 130 PL/SQL Multiple-Choice Questions (MCQs),What is TRUE about PL/SQL functionalities?,Conditions and loops are fundamental elements of procedural languages like PL/SQL.,"Various types and variables can be declared, as can procedures and functions, as well as types and variables of those types.",Arrays can be used with it as well as handling exceptions (runtime errors).,All of the above,D,"TRUE about PL/SQL functionalities –
 Conditions and loops are fundamental elements of procedural languages like PL/SQL.
 Various types and variables can be declared, as can procedures and functions, as well as types and variables of those types.
 Arrays can be used with it as well as handling exceptions (runtime errors).",medium,web:Includehelp.com https://www.includehelp.com/sql/pl-sql-multiple-choice-questions-mcqs.aspx,
DBMS & SQL,Top 130 PL/SQL Multiple-Choice Questions (MCQs),Oracle Database's ____ are inherited in PL/SQL.,Portability,Robustness,Security,All of the above,D,"Oracle Database's portability, robustness and security are inherited in it.",medium,web:Includehelp.com https://www.includehelp.com/sql/pl-sql-multiple-choice-questions-mcqs.aspx,
DBMS & SQL,Top 130 PL/SQL Multiple-Choice Questions (MCQs),"PL/SQL text is made up of lexical units, which are groups of characters and can be classified as –",Delimiters,Identifiers,Literals,All of the above,D,"PL/SQL text is made up of lexical units, which are groups of characters and can be classified as Delimiters, Identifiers, Literals and Comments.",medium,web:Includehelp.com https://www.includehelp.com/sql/pl-sql-multiple-choice-questions-mcqs.aspx,
DBMS & SQL,Top 130 PL/SQL Multiple-Choice Questions (MCQs),A Variable in PL/SQL should not exceed –,10,20,30,40,C,A Variable in PL/SQL should not exceed 30 characters.,medium,web:Includehelp.com https://www.includehelp.com/sql/pl-sql-multiple-choice-questions-mcqs.aspx,
DBMS & SQL,Top 130 PL/SQL Multiple-Choice Questions (MCQs),Which of the following is/are TRUE about PL/SQL Variables?,Variables serve as a means for programmers to temporarily store data during code execution.,PL/SQL programs benefit from its use.,There is nothing special about it other than being the name of a storage area.,All of the above,D,"In the case of PL/SQL Variables –
 Variables serve as a means for programmers to temporarily store data during code execution.
 PL/SQL programs benefit from its use.
 There is nothing special about it other than being the name of a storage area.",medium,web:Includehelp.com https://www.includehelp.com/sql/pl-sql-multiple-choice-questions-mcqs.aspx,
DBMS & SQL,Top 130 PL/SQL Multiple-Choice Questions (MCQs),PL/SQL Variables are by default –,Case Sensitive,Upper Case Sensitive,Lower Case Sensitive,Not Case Sensitive,D,PL/SQL Variables are by default not case sensitive.,medium,web:Includehelp.com https://www.includehelp.com/sql/pl-sql-multiple-choice-questions-mcqs.aspx,
DBMS & SQL,Top 130 PL/SQL Multiple-Choice Questions (MCQs),PL/SQL Variable needs to be declared in the –,Variable Section,Declaration Section,Initialization Section,None of the above,B,PL/SQL Variable needs to be declared in the Declaration Section.,medium,web:Includehelp.com https://www.includehelp.com/sql/pl-sql-multiple-choice-questions-mcqs.aspx,
DBMS & SQL,Top 130 PL/SQL Multiple-Choice Questions (MCQs),The correct syntax to declare PL/SQL variable is –,variable_name [CONSTANT] datatype [NOT NULL] [:= | DEFAULT initial_value],datatype [CONSTANT] variable_name [NOT NULL] [:= | DEFAULT initial_value],variable_name [CONSTANT] datatype [NULL] [:= | DEFAULT initial_value],datatype [CONSTANT] variable_name [NULL] [:= | DEFAULT initial_value],A,"The correct syntax to declare PL/SQL variable is –
variable_name [CONSTANT] datatype [NOT NULL] [:= | DEFAULT initial_value]",medium,web:Includehelp.com https://www.includehelp.com/sql/pl-sql-multiple-choice-questions-mcqs.aspx,
DBMS & SQL,Top 130 PL/SQL Multiple-Choice Questions (MCQs),"The term ____ refers to a declaration with a size, scale, or precision limit.",Constant declaration,Constrained declaration,Constant decision,Constrained decision,B,"The term constrained declaration refers to a declaration with a size, scale, or precision limit.",medium,web:Includehelp.com https://www.includehelp.com/sql/pl-sql-multiple-choice-questions-mcqs.aspx,
DBMS & SQL,Top 130 PL/SQL Multiple-Choice Questions (MCQs),Which of the following is TRUE about Constrained Declaration?,An unconstrained declaration requires more memory than a constrained declaration.,An unconstrained declaration requires less memory than a constrained declaration.,An unconstrained declaration requires equal memory to a constrained declaration.,None of the above,A,An unconstrained declaration requires more memory than a constrained declaration.,medium,web:Includehelp.com https://www.includehelp.com/sql/pl-sql-multiple-choice-questions-mcqs.aspx,
DBMS & SQL,Top 130 PL/SQL Multiple-Choice Questions (MCQs),What is/are the Naming Rules for the PL/SQL Variables?,An ASCII letter must be the first letter in the variable name.,"In the case of variables, make sure you use easy to read, easy to understand characters after the first character, such as underscore (_) or dollar sign ($).","Optionally, the variable can be specified as NOT NULL.",All of the above,D,"The Naming Rules for the PL/SQL Variables states that –
 An ASCII letter must be the first letter in the variable name.
 In the case of variables, make sure you use easy to read, easy to understand characters after the first character, such as underscore (_) or dollar sign ($).
 Optionally, the variable can be specified as NOT NULL.",medium,web:Includehelp.com https://www.includehelp.com/sql/pl-sql-multiple-choice-questions-mcqs.aspx,
DBMS & SQL,Top 130 PL/SQL Multiple-Choice Questions (MCQs),"In order to initialize a variable with the value other than NULL, it can be done using which method?",The Assignment Operator,The DEFAULT Keyword,Both A. and B.,None of the above,C,"In order to initialize a variable with the value other than NULL, it can be done using the Assignment Operator and the DEFAULT Keyword both.",medium,web:Includehelp.com https://www.includehelp.com/sql/pl-sql-multiple-choice-questions-mcqs.aspx,
DBMS & SQL,Top 130 PL/SQL Multiple-Choice Questions (MCQs),What is the name of the two variable scopes in PL/SQL?,Local & Grind Variable,Letter & Grind Variable,Local & Global Variable,Letter & Global Variable,C,The two variable scopes in PL/SQL are Local & Global Variables.,medium,web:Includehelp.com https://www.includehelp.com/sql/pl-sql-multiple-choice-questions-mcqs.aspx,
DBMS & SQL,Top 130 PL/SQL Multiple-Choice Questions (MCQs),What is the difference between Local & Global Variables?,Variables in an outer block are defined as local variables since they cannot be accessed from the outside whereas the innermost block declares global variables.,Variables in an inner block are defined as global variables since they cannot be accessed from the outside whereas the outermost block declares local variables.,Variables in an outer block are defined as global variables since they can be accessed from the outside and the innermost block also declares global variables.,Variables in an inner block are defined as local variables since they cannot be accessed from the outside whereas the outermost block declares global variables.,D,Variables in an inner block are defined as local variables since they cannot be accessed from the outside whereas the outermost block declares global variables.,medium,web:Includehelp.com https://www.includehelp.com/sql/pl-sql-multiple-choice-questions-mcqs.aspx,
DBMS & SQL,Top 130 PL/SQL Multiple-Choice Questions (MCQs),"PL/SQL Constants, Literals, and If MCQs",Variables,Constants,Functions,Cursor,B,Constants are values used in PL/SQL blocks that do not change during execution.,medium,web:Includehelp.com https://www.includehelp.com/sql/pl-sql-multiple-choice-questions-mcqs.aspx,
DBMS & SQL,Top 130 PL/SQL Multiple-Choice Questions (MCQs),PL/SQL Constant is a/an ____ literal value.,In-built,User-defined,Both a and b,None of the above,B,PL/SQL Constant is a User-defined literal value.,medium,web:Includehelp.com https://www.includehelp.com/sql/pl-sql-multiple-choice-questions-mcqs.aspx,
DBMS & SQL,Top 130 PL/SQL Multiple-Choice Questions (MCQs),Choose the correct syntax to declare a constant.,constant_name CONSTANT datatype := VALUE;,datatype CONSTANT constant_name := VALUE;,constant_name CONST datatype =: VALUE;,datatype CONSTANT constant_name =: VALUE;,A,"The correct syntax to declare a constant is –
constant_name CONSTANT datatype := VALUE;",medium,web:Includehelp.com https://www.includehelp.com/sql/pl-sql-multiple-choice-questions-mcqs.aspx,
DBMS & SQL,Top 130 PL/SQL Multiple-Choice Questions (MCQs),What is TRUE about constant_name in PL/SQL Constant?,"Exactly like a variable name, it is a name for a constant.",A constant word doesn't change its value and is a reserved word.,Both A. and B.,None of the above,C,"In case of constant_name in PL/SQL Constant –
 Exactly like a variable name, it is a name for a constant.
 A constant word doesn't change its value and is a reserved word.",medium,web:Includehelp.com https://www.includehelp.com/sql/pl-sql-multiple-choice-questions-mcqs.aspx,
DBMS & SQL,Top 130 PL/SQL Multiple-Choice Questions (MCQs),A value is assigned to a constant in PL/SQL at the time of –,Initialization,Declaration,Valuation,Numeralization,B,A value is assigned to a constant in PL/SQL at the time of Declaration.,medium,web:Includehelp.com https://www.includehelp.com/sql/pl-sql-multiple-choice-questions-mcqs.aspx,
DBMS & SQL,Top 130 PL/SQL Multiple-Choice Questions (MCQs),"____ are values which do not have an identifier and are numeric, character, string, or boolean.",Constants,Literals,Cursor,Variables,B,"Literals are values which do not have an identifier and are numeric, character, string, or Boolean.",medium,web:Includehelp.com https://www.includehelp.com/sql/pl-sql-multiple-choice-questions-mcqs.aspx,
DBMS & SQL,Top 130 PL/SQL Multiple-Choice Questions (MCQs),Which is the correct example of the literal of type Boolean.,NULL,TRUE,Both A. and B.,None of the above,C,"NULL, TRUE, etc. Are the examples of the literal of type Boolean.",medium,web:Includehelp.com https://www.includehelp.com/sql/pl-sql-multiple-choice-questions-mcqs.aspx,
DBMS & SQL,Top 130 PL/SQL Multiple-Choice Questions (MCQs),Select the correct statement.,PL/SQL literals are case-sensitive,PL/SQL literals are not case-sensitive,PL-SQL Variables are not case-sensitive,None of the above,A,PL/SQL literals are case-sensitive.,medium,web:Includehelp.com https://www.includehelp.com/sql/pl-sql-multiple-choice-questions-mcqs.aspx,
DBMS & SQL,Top 130 PL/SQL Multiple-Choice Questions (MCQs),Which of the following is NOT a type of PL/SQL literal?,Numeric,String,Boolean,Check,D,"Type of PL/SQL literals are Numeric, Character, String, Boolean and Date & Time.",medium,web:Includehelp.com https://www.includehelp.com/sql/pl-sql-multiple-choice-questions-mcqs.aspx,
DBMS & SQL,Top 130 PL/SQL Multiple-Choice Questions (MCQs),Which of the following is Numeric literal?,1234,22,0,All of the above,D,"Examples of Numeric literals are 1234, 12.22, 0 etc.",medium,web:Includehelp.com https://www.includehelp.com/sql/pl-sql-multiple-choice-questions-mcqs.aspx,
DBMS & SQL,Top 130 PL/SQL Multiple-Choice Questions (MCQs),Which of the following is NOT a Boolean literal?,TRUE,FALSE,HELLO,NULL,C,"HELLO is NOT a Boolean literal. TRUE, FALSE, NULL etc. are Boolean literals.",medium,web:Includehelp.com https://www.includehelp.com/sql/pl-sql-multiple-choice-questions-mcqs.aspx,
DBMS & SQL,Top 130 PL/SQL Multiple-Choice Questions (MCQs),Which of the following is a Character literal?,B,4,%,All of the above,D,"B, 4, % etc. are all Character literals.",medium,web:Includehelp.com https://www.includehelp.com/sql/pl-sql-multiple-choice-questions-mcqs.aspx,
DBMS & SQL,Top 130 PL/SQL Multiple-Choice Questions (MCQs),What programming languages features are used in PL/SQL?,Iterative Statements,Conditional Statements,Both A. and B.,None of the above,C,Programming languages features that are used in PL/SQL are iterative and conditional statements.,medium,web:Includehelp.com https://www.includehelp.com/sql/pl-sql-multiple-choice-questions-mcqs.aspx,
DBMS & SQL,Top 130 PL/SQL Multiple-Choice Questions (MCQs),Which of the following is correct syntax of IF statement?,IF-THEN statement,IF-THEN-ELSE statement,IF-THEN-ELSIF statement,All of the above,D,"Explanation: Different Syntax of If statements are –
 IF-THEN statement
 IF-THEN-ELSE statement
 IF-THEN-ELSIF statement
 IF-THEN-ELSIF-ELSE statement",medium,web:Includehelp.com https://www.includehelp.com/sql/pl-sql-multiple-choice-questions-mcqs.aspx,
DBMS & SQL,Top 130 PL/SQL Multiple-Choice Questions (MCQs),IF-THEN syntax is used –,"Depending on whether the condition is TRUE or FALSE, you may want to execute one set of statements or another set.","If the condition is TRUE, then you want statements to be executed","As long as condition1 is TRUE, then one set of statements will be executed, and when condition2 is TRUE, another set will be executed.","When condition1 is TRUE, one set of statements will be executed, and when both conditions are FALSE, a different set of statements will be executed.",B,"If the condition is TRUE, then you want statements to be executed",medium,web:Includehelp.com https://www.includehelp.com/sql/pl-sql-multiple-choice-questions-mcqs.aspx,
DBMS & SQL,Top 130 PL/SQL Multiple-Choice Questions (MCQs),IF-THEN-ELSE syntax is used –,"Depending on whether the condition is TRUE or FALSE, you may want to execute one set of statements or another set.","If the condition is TRUE, then you want statements to be executed","As long as condition1 is TRUE, then one set of statements will be executed, and when condition2 is TRUE, another set will be executed.","When condition1 is TRUE, one set of statements will be executed, and when both conditions are FALSE, a different set of statements will be executed.",A,"Depending on whether the condition is TRUE or FALSE, you may want to execute one set of statements or another set.",medium,web:Includehelp.com https://www.includehelp.com/sql/pl-sql-multiple-choice-questions-mcqs.aspx,
DBMS & SQL,Top 130 PL/SQL Multiple-Choice Questions (MCQs),IF-THEN-ELSIF syntax is used –,"Depending on whether the condition is TRUE or FALSE, you may want to execute one set of statements or another set.","If the condition is TRUE, then you want statements to be executed","As long as condition1 is TRUE, then one set of statements will be executed, and when condition2 is TRUE, another set will be executed.","When condition1 is TRUE, one set of statements will be executed, and when both conditions are FALSE, a different set of statements will be executed.",C,"As long as condition1 is TRUE, then one set of statements will be executed, and when condition2 is TRUE, another set will be executed.",medium,web:Includehelp.com https://www.includehelp.com/sql/pl-sql-multiple-choice-questions-mcqs.aspx,
DBMS & SQL,Top 130 PL/SQL Multiple-Choice Questions (MCQs),"____ executes the corresponding code whenever a TRUE condition is found. Otherwise, the condition cannot be checked again.",IF-THEN statement,IF-THEN-ELSE statement,IF-THEN-ELSIF statement,IF-THEN-ELSIF-ELSE statement,B,"IF-THEN-ELSE executes the corresponding code whenever a TRUE condition is found. Otherwise, the condition cannot be checked again.",medium,web:Includehelp.com https://www.includehelp.com/sql/pl-sql-multiple-choice-questions-mcqs.aspx,
DBMS & SQL,Top 130 PL/SQL Multiple-Choice Questions (MCQs),"In the absence of a condition, the ELSE part of the ____ statement will be executed.",IF-THEN-ELSE statement,IF-THEN-ELSIF statement,IF-THEN-ELSIF-ELSE statement,None of the above,A,"In the absence of a condition, the ELSE part of the IF-THEN-ELSE statement will be executed.",medium,web:Includehelp.com https://www.includehelp.com/sql/pl-sql-multiple-choice-questions-mcqs.aspx,
DBMS & SQL,Top 130 PL/SQL Multiple-Choice Questions (MCQs),Which portion is optional in IF statements?,IF,THEN,ELSE,None of the above,C,ELSE and ELSIF portions are optional in IF statements.,medium,web:Includehelp.com https://www.includehelp.com/sql/pl-sql-multiple-choice-questions-mcqs.aspx,
DBMS & SQL,Top 130 PL/SQL Multiple-Choice Questions (MCQs),"PL/SQL CASE, LOOP, CONTINUE, GOTO MCQs",INTO,AS,WHEN,IN,C,CASE statement uses WHEN keyword to work like IF statement.,medium,web:Includehelp.com https://www.includehelp.com/sql/pl-sql-multiple-choice-questions-mcqs.aspx,
DBMS & SQL,Top 130 PL/SQL Multiple-Choice Questions (MCQs),What are the selectors in case of CASE statement?,Variable,Function,Expression,All of the above,D,"The selectors in case of CASE statement are Variable, Function or Expression.",medium,web:Includehelp.com https://www.includehelp.com/sql/pl-sql-multiple-choice-questions-mcqs.aspx,
DBMS & SQL,Top 130 PL/SQL Multiple-Choice Questions (MCQs),Evaluation of CASE statement is done –,RIGHT to LEFT,TOP to BOTTOM,BOTTOM to TOP,None of the above,B,Evaluation of CASE statement is done TOP to BOTTOM.,medium,web:Includehelp.com https://www.includehelp.com/sql/pl-sql-multiple-choice-questions-mcqs.aspx,
DBMS & SQL,Top 130 PL/SQL Multiple-Choice Questions (MCQs),"By using PL/SQL ____, you can repeatedly execute one or more statements over and over again.",Loops,Cursor,Variables,Case,A,"By using PL/SQL loops, you can repeatedly execute one or more statements over and over again.",medium,web:Includehelp.com https://www.includehelp.com/sql/pl-sql-multiple-choice-questions-mcqs.aspx,
DBMS & SQL,Top 130 PL/SQL Multiple-Choice Questions (MCQs),PL/SQL Loops are also known as –,Iterative Case Statements,Iterative Control Statements,Indentation Control Statements,Indentation Case Statements,B,PL/SQL Loops are also known as Iterative Control Statements.,medium,web:Includehelp.com https://www.includehelp.com/sql/pl-sql-multiple-choice-questions-mcqs.aspx,
DBMS & SQL,Top 130 PL/SQL Multiple-Choice Questions (MCQs),What is the syntax of PL/SQL Loop?,"LOOP
END LOOP;
Sequence of statements;","END LOOP;
LOOP
Sequence of statements;","LOOP
Sequence of statements;
END LOOP;","END LOOP;
Sequence of statements;
LOOP",C,"Syntax of PL/SQL Loop is –
LOOP
Sequence of statements;
END LOOP;",medium,web:Includehelp.com https://www.includehelp.com/sql/pl-sql-multiple-choice-questions-mcqs.aspx,
DBMS & SQL,Top 130 PL/SQL Multiple-Choice Questions (MCQs),How many types of PL/SQL Loops are there?,3,4,5,6,B,There are 4 types of PL/SQL loops.,medium,web:Includehelp.com https://www.includehelp.com/sql/pl-sql-multiple-choice-questions-mcqs.aspx,
DBMS & SQL,Top 130 PL/SQL Multiple-Choice Questions (MCQs),Which of the following is correct type of PL/SQL Loop?,While,For,Cursor For,All of the above,D,"Types of PL/SQL Loops are –
 Basic Loop / Exit Loop
 While Loop
 For Loop
 Cursor For Loop",medium,web:Includehelp.com https://www.includehelp.com/sql/pl-sql-multiple-choice-questions-mcqs.aspx,
DBMS & SQL,Top 130 PL/SQL Multiple-Choice Questions (MCQs),A/An _______ loop in PL/SQL ensures that at least one statement is executed before the loop terminates.,While,For,Cursor For,Exit,D,An exit loop in PL/SQL ensures that at least one statement is executed before the loop terminates.,medium,web:Includehelp.com https://www.includehelp.com/sql/pl-sql-multiple-choice-questions-mcqs.aspx,
DBMS & SQL,Top 130 PL/SQL Multiple-Choice Questions (MCQs),Which of the following is TRUE while using PL/SQL Exit Loop?,The loop body should be initialized with a variable,Variables in the loop are incremented.,"When you are ready to exit the loop, you should use the EXIT WHEN statement.",All of the above,D,"While using PL/SQL Exit Loop –
 The loop body should be initialized with a variable
 Variables in the loop are incremented.
 When you are ready to exit the loop, you should use the EXIT WHEN statement.",medium,web:Includehelp.com https://www.includehelp.com/sql/pl-sql-multiple-choice-questions-mcqs.aspx,
DBMS & SQL,Top 130 PL/SQL Multiple-Choice Questions (MCQs),"The PL/SQL ____ loop runs a series of statements as long as a condition is true, so it can be used in a series of statements.",While,Cursor For,Basic,For,A,"The PL/SQL While loop runs a series of statements as long as a condition is true, so it can be used in a series of statements.",medium,web:Includehelp.com https://www.includehelp.com/sql/pl-sql-multiple-choice-questions-mcqs.aspx,
DBMS & SQL,Top 130 PL/SQL Multiple-Choice Questions (MCQs),What is the correct syntax of WHILE Loop?,"WHILE <condition> 
LOOP statements; 
END LOOP;","LOOP statements; 
WHILE <condition> 
END LOOP;","END LOOP;
WHILE <condition> 
LOOP statements;",None of the above,A,"The correct syntax of WHILE Loop is –
WHILE <condition>
LOOP statements; 
END LOOP;",medium,web:Includehelp.com https://www.includehelp.com/sql/pl-sql-multiple-choice-questions-mcqs.aspx,
DBMS & SQL,Top 130 PL/SQL Multiple-Choice Questions (MCQs),"When you want to execute a series of statements repeatedly, you use the PL/SQL ____ loop.",Cursor For,Cursor,For,While,C,"When you want to execute a series of statements repeatedly, you use the PL/SQL for loop.",medium,web:Includehelp.com https://www.includehelp.com/sql/pl-sql-multiple-choice-questions-mcqs.aspx,
DBMS & SQL,Top 130 PL/SQL Multiple-Choice Questions (MCQs),The counter in PL/SQL FOR Loop is by default incremented by –,0,1,2,NULL,B,The counter in PL/SQL FOR Loop is by default incremented by 1.,medium,web:Includehelp.com https://www.includehelp.com/sql/pl-sql-multiple-choice-questions-mcqs.aspx,
DBMS & SQL,Top 130 PL/SQL Multiple-Choice Questions (MCQs),Which of the following is TRUE while using PL/SQL FOR Loop?,"The counter variable is implicitly declared in the declaration section, so you do not need to declare it explicitly.",It is not necessary to explicitly increment the counter variable since it is incremented by 1.,"FOR loops can use EXIT WHEN and EXIT statements, but it isn't often used.",All of the above,D,"While using PL/SQL FOR Loop –
 The counter variable is implicitly declared in the declaration section, so you do not need to declare it explicitly.
 It is not necessary to explicitly increment the counter variable since it is incremented by 1.
 FOR loops can use EXIT WHEN and EXIT statements, but it isn't often used.",medium,web:Includehelp.com https://www.includehelp.com/sql/pl-sql-multiple-choice-questions-mcqs.aspx,
DBMS & SQL,Top 130 PL/SQL Multiple-Choice Questions (MCQs),"PL/SQL ____ statement initiates the next iteration of a loop, skipping any code in between, by exiting the loop from the reminder in its body either conditionally or unconditionally.",Condition,Cursor,Continue,Check,C,"PL/SQL Continue statement initiates the next iteration of a loop, skipping any code in between, by exiting the loop from the reminder in its body either conditionally or unconditionally.",medium,web:Includehelp.com https://www.includehelp.com/sql/pl-sql-multiple-choice-questions-mcqs.aspx,
DBMS & SQL,Top 130 PL/SQL Multiple-Choice Questions (MCQs),In which Oracle does the PL/SQL Continue Statement is supported?,Oracle 8g,Oracle 9g,Oracle 10g,Oracle 11g,D,Oracle 11g supports PL/SQL Continue statement.,medium,web:Includehelp.com https://www.includehelp.com/sql/pl-sql-multiple-choice-questions-mcqs.aspx,
DBMS & SQL,Top 130 PL/SQL Multiple-Choice Questions (MCQs),A ____ statement in PL/SQL allows you to jump from this statement to a specific statement label within the same subprogram within a PL/SQL block.,JUMP,GOTO,CONTINUE,BLINK,B,A GOTO statement in PL/SQL allows you to jump from this statement to a specific statement label within the same subprogram within a PL/SQL block.,medium,web:Includehelp.com https://www.includehelp.com/sql/pl-sql-multiple-choice-questions-mcqs.aspx,
DBMS & SQL,Top 130 PL/SQL Multiple-Choice Questions (MCQs),The symbol in which the label_name is encapsulated in PL/SQL GOTO statement is –,( ),{ },[ ],<<>>,D,The symbol in which the label_name is encapsulated in PL/SQL GOTO statement is << >>.,medium,web:Includehelp.com https://www.includehelp.com/sql/pl-sql-multiple-choice-questions-mcqs.aspx,
DBMS & SQL,Top 130 PL/SQL Multiple-Choice Questions (MCQs),What is/are the correct restriction(s) on GOTO statement?,"A LOOP statement or sub-block cannot be used as an IF statement, CASE statement, or LOOP statement.",A CASE statement WHEN clause or an IF statement clause cannot transfer control to another.,No control can be transferred between outer blocks and sub-blocks.,All of the above,D,"The restrictions on the GOTO statement are –
 A LOOP statement or sub-block cannot be used as an IF statement, CASE statement, or LOOP statement.
 A CASE statement WHEN clause or an IF statement clause cannot transfer control to another.
 No control can be transferred between outer blocks and sub-blocks.
 A subprogram cannot be controlled by a parent program.
 An exception handler cannot take control.",medium,web:Includehelp.com https://www.includehelp.com/sql/pl-sql-multiple-choice-questions-mcqs.aspx,
DBMS & SQL,Top 130 PL/SQL Multiple-Choice Questions (MCQs),PL/SQL Procedure MCQs,Header and Footer,Body and Footer,Header and Body,None of the above,C,PL/SQL Procedure consists of Header and Body.,medium,web:Includehelp.com https://www.includehelp.com/sql/pl-sql-multiple-choice-questions-mcqs.aspx,
DBMS & SQL,Top 130 PL/SQL Multiple-Choice Questions (MCQs),What is TRUE about header?,Parameters and variables are contained in the header of the procedure.,"Similar to a general PL/SQL block, the header contains declarations, executions, and exceptions.",Both A. and B.,None of the above,A,Parameters and variables are contained in the header of the procedure.,medium,web:Includehelp.com https://www.includehelp.com/sql/pl-sql-multiple-choice-questions-mcqs.aspx,
DBMS & SQL,Top 130 PL/SQL Multiple-Choice Questions (MCQs),How much number of ways is there to pass the parameters in procedure?,1,2,3,4,C,There are 3 numbers of ways to pass the parameters in the procedure.,medium,web:Includehelp.com https://www.includehelp.com/sql/pl-sql-multiple-choice-questions-mcqs.aspx,
DBMS & SQL,Top 130 PL/SQL Multiple-Choice Questions (MCQs),Which of the following are the pass parameters in procedure?,IN,OUT,INOUT,All of the above,D,"The pass parameters in procedure are –
 IN
 OUT
 INOUT",medium,web:Includehelp.com https://www.includehelp.com/sql/pl-sql-multiple-choice-questions-mcqs.aspx,
DBMS & SQL,Top 130 PL/SQL Multiple-Choice Questions (MCQs),Which of the following pass parameters can be referenced by procedure?,"IN, OUT","OUT, INOUT","IN, INOUT",None of the above,C,IN and INOUT pass parameters can be reference by procedure.,medium,web:Includehelp.com https://www.includehelp.com/sql/pl-sql-multiple-choice-questions-mcqs.aspx,
DBMS & SQL,Top 130 PL/SQL Multiple-Choice Questions (MCQs),Which of the following cannot be overwritten by procedure?,IN,OUT,INOUT,None of the above,A,IN pass parameter cannot be overwritten by procedure.,medium,web:Includehelp.com https://www.includehelp.com/sql/pl-sql-multiple-choice-questions-mcqs.aspx,
DBMS & SQL,Top 130 PL/SQL Multiple-Choice Questions (MCQs),Which of the following can be performed in PL/SQL Procedure?,Create,Call,Drop,All of the above,D,"In PL/SQL Procedure, the following functions can be performed –
 Create
 Call
 Drop",medium,web:Includehelp.com https://www.includehelp.com/sql/pl-sql-multiple-choice-questions-mcqs.aspx,
DBMS & SQL,Top 130 PL/SQL Multiple-Choice Questions (MCQs),PL/SQL Function MCQs,PL/SQL function may or may not return the value whereas PL/SQL Procedure must have to return the value.,PL/SQL Procedure may or may not return the value whereas PL/SQL Function must have to return the value.,PL/SQL Function may or may not return the function whereas PL/SQL Procedure must have to return the function.,None of the above,B,PL/SQL Procedure may or may not return the value whereas PL/SQL Function must have to return the value.,medium,web:Includehelp.com https://www.includehelp.com/sql/pl-sql-multiple-choice-questions-mcqs.aspx,
DBMS & SQL,Top 130 PL/SQL Multiple-Choice Questions (MCQs),Which of the following is NOT present in the syntax of PL/SQL function?,Function_name,[OR REPLACE],Optional Parameter List,None of the above,D,"Function_name, [OR REPLACE], Optional Parameter List, IN are all present in the syntax of PL/SQL function.",medium,web:Includehelp.com https://www.includehelp.com/sql/pl-sql-multiple-choice-questions-mcqs.aspx,
DBMS & SQL,Top 130 PL/SQL Multiple-Choice Questions (MCQs),PL/SQL function must contain a –,Follow Statement,GOTO Statement,Return Statement,NULL Statement,C,PL/SQL function must contain a Return Statement.,medium,web:Includehelp.com https://www.includehelp.com/sql/pl-sql-multiple-choice-questions-mcqs.aspx,
DBMS & SQL,Top 130 PL/SQL Multiple-Choice Questions (MCQs),AS Keyword is used in the PL/SQL function in order to create a –,Identity Function,Quadratic Function,One to One Function,Standalone Function,D,AS keyword is used in the PL/SQL function in order to create a Standalone Function.,medium,web:Includehelp.com https://www.includehelp.com/sql/pl-sql-multiple-choice-questions-mcqs.aspx,
DBMS & SQL,Top 130 PL/SQL Multiple-Choice Questions (MCQs),We can demonstrate which of the following in a PL/SQL function?,Declare,Define,Invoke,All of the above,D,"We can demonstrate Declare, Define and Invoke in PL/SQL function.",medium,web:Includehelp.com https://www.includehelp.com/sql/pl-sql-multiple-choice-questions-mcqs.aspx,
DBMS & SQL,Top 130 PL/SQL Multiple-Choice Questions (MCQs),Which of the following is /are TRUE about calling a PL/SQL function?,You need to define a function's purpose when creating it.,"In order to utilize a function, you must call it in order to accomplish the defined task.",Calling a function passes the program control to that function.,All of the above,D,"All the below points are TRUE about calling a PL/SQL function –
 You need to define a function's purpose when creating it.
 In order to utilize a function, you must call it in order to accomplish the defined task.
 Calling a function passes the program control to that function.",medium,web:Includehelp.com https://www.includehelp.com/sql/pl-sql-multiple-choice-questions-mcqs.aspx,
DBMS & SQL,Top 130 PL/SQL Multiple-Choice Questions (MCQs),The call function returns program control to the ____ after successful completion of the defined task.,Main Table,Main Database,Main Program,Main Row,C,The call function returns program control to the main program after successful completion of the defined task.,medium,web:Includehelp.com https://www.includehelp.com/sql/pl-sql-multiple-choice-questions-mcqs.aspx,
DBMS & SQL,Top 130 PL/SQL Multiple-Choice Questions (MCQs),"Calling a function requires that the parameters be provided along with the ____, and if the function returns a value, that value can be stored.",Function Name,Optional Parameter List,IF Statement,Rollback Statement,A,"Calling a function requires that the parameters be provided along with the function name, and if the function returns a value, that value can be stored.",medium,web:Includehelp.com https://www.includehelp.com/sql/pl-sql-multiple-choice-questions-mcqs.aspx,
DBMS & SQL,Top 130 PL/SQL Multiple-Choice Questions (MCQs),It is called ____ when the subprogram calls itself and ____ is the process.,"Recursion, Recursive Call","Recursive Call, Recursion","Recursive Name, Recursive Call","Recursive Call, Recursive Name",B,It is called recursive call when the subprogram calls itself and recursion is the process.,medium,web:Includehelp.com https://www.includehelp.com/sql/pl-sql-multiple-choice-questions-mcqs.aspx,
DBMS & SQL,Top 130 PL/SQL Multiple-Choice Questions (MCQs),"In order to remove the PL/SQL function, which function is used?",REMOVE FUNCTION,DELETE FUNCTION,ERASE FUNCTION,DROP FUNCTION,D,"In order to remove the PL/SQL function, DROP FUNCTION is used.",medium,web:Includehelp.com https://www.includehelp.com/sql/pl-sql-multiple-choice-questions-mcqs.aspx,
DBMS & SQL,Top 130 PL/SQL Multiple-Choice Questions (MCQs),PL/SQL Cursor MCQs,Content Areas,Context Areas,Context Ids,Content Ids,B,Oracle creates context areas when SQL statements are processed.,medium,web:Includehelp.com https://www.includehelp.com/sql/pl-sql-multiple-choice-questions-mcqs.aspx,
DBMS & SQL,Top 130 PL/SQL Multiple-Choice Questions (MCQs),"In the contexts created by Oracle, a cursor represents a ____.",Function,Table,Pointer,None of the above,C,"In the contexts, create by Oracle, a cursor represents a Pointer.",medium,web:Includehelp.com https://www.includehelp.com/sql/pl-sql-multiple-choice-questions-mcqs.aspx,
DBMS & SQL,Top 130 PL/SQL Multiple-Choice Questions (MCQs),"An SQL ____ refers to a program that retrieves and processes one row at a time, based on the results of the SQL statement.",Cursor,Function,Procedure,View,A,"An SQL cursor refers to a program that retrieves and processes one row at a time, based on the results of the SQL statement.",medium,web:Includehelp.com https://www.includehelp.com/sql/pl-sql-multiple-choice-questions-mcqs.aspx,
DBMS & SQL,Top 130 PL/SQL Multiple-Choice Questions (MCQs),How many types of PL/SQL Cursor are there?,1,2,3,4,B,There are 2 types of PL/SQL Cursors.,medium,web:Includehelp.com https://www.includehelp.com/sql/pl-sql-multiple-choice-questions-mcqs.aspx,
DBMS & SQL,Top 130 PL/SQL Multiple-Choice Questions (MCQs),Which of the following is/are the type(s) of the PL/SQL Cursor?,Implicit,Explicit,Both A. and B.,None of the above,C,Implicit and Explicit Cursors are the types of PL/SQL Cursor.,medium,web:Includehelp.com https://www.includehelp.com/sql/pl-sql-multiple-choice-questions-mcqs.aspx,
DBMS & SQL,Top 130 PL/SQL Multiple-Choice Questions (MCQs),Which of the following PL/SQL Cursor is automatically generated by Oracle?,Implicit,Explicit,Both a and b,None of the above,A,Implicit Cursor is automatically generated by Oracle.,medium,web:Includehelp.com https://www.includehelp.com/sql/pl-sql-multiple-choice-questions-mcqs.aspx,
DBMS & SQL,Top 130 PL/SQL Multiple-Choice Questions (MCQs),The Implicit cursors are created in order to process the ____ statements.,DDL,DCL,DML,TCL,C,"The implicit cursors are created in order to process the DML statements such as INSERT, DELETE, UPDATE, etc.",medium,web:Includehelp.com https://www.includehelp.com/sql/pl-sql-multiple-choice-questions-mcqs.aspx,
DBMS & SQL,Top 130 PL/SQL Multiple-Choice Questions (MCQs),Which of the following is/are an/the implicit cursor's attribute(s)?,%FOUND,%ROWCOUNT,%ISOPEN,All of the above,D,"%FOUND, %ROWCOUNT, %OPEN and %NOTFOUND are all the implicit cursor's attributes.",medium,web:Includehelp.com https://www.includehelp.com/sql/pl-sql-multiple-choice-questions-mcqs.aspx,
DBMS & SQL,Top 130 PL/SQL Multiple-Choice Questions (MCQs),What is TRUE about %FOUND in PL/SQL Cursor?,"If any DML statement, such as INSERT, DELETE or UPDATE, effects one or more rows, or if a SELECT INTO statement returns at least one row, this method returns TRUE.","A SELECT INTO statement or DML statements like INSERT, DELETE, AND UPDATE do not result in any rows being affected.","Because SQL cursors are automatically closed after execution of their associated SQL statements, the function always returns FALSE for implicit cursors.","Results are returned for DML statements such as inserting, deleting, and updating records, or for those returned by a SELECT INTO command.",A,"In the case of %FOUND, if any DML statement, such as INSERT, DELETE or UPDATE, effects one or more rows, or if a SELECT INTO statement returns at least one row, this method returns TRUE.",medium,web:Includehelp.com https://www.includehelp.com/sql/pl-sql-multiple-choice-questions-mcqs.aspx,
DBMS & SQL,Top 130 PL/SQL Multiple-Choice Questions (MCQs),What is TRUE about %ISOPEN in PL/SQL Cursor?,"If any DML statement, such as INSERT, DELETE or UPDATE, effects one or more rows, or if a SELECT INTO statement returns at least one row, this method returns TRUE.","A SELECT INTO statement or DML statements like INSERT, DELETE, AND UPDATE do not result in any rows being affected.","Because SQL cursors are automatically closed after execution of their associated SQL statements, the function always returns FALSE for implicit cursors.","Results are returned for DML statements such as inserting, deleting, and updating records, or for those returned by a SELECT INTO command.",C,"In the case of %ISOPEN, Because SQL cursors are automatically closed after execution of their associated SQL statements, the function always returns FALSE for implicit cursors.",medium,web:Includehelp.com https://www.includehelp.com/sql/pl-sql-multiple-choice-questions-mcqs.aspx,
DBMS & SQL,Top 130 PL/SQL Multiple-Choice Questions (MCQs),What is TRUE about %ROWCOUNT in PL/SQL Cursor?,"A SELECT INTO statement or DML statements like INSERT, DELETE, AND UPDATE do not result in any rows being affected.","Results are returned for DML statements such as inserting, deleting, and updating records, or for those returned by a SELECT INTO command.",Both A. and B.,None of the above,B,"Results are returned for DML statements such as inserting, deleting, and updating records, or for those returned by a SELECT INTO command.",medium,web:Includehelp.com https://www.includehelp.com/sql/pl-sql-multiple-choice-questions-mcqs.aspx,
DBMS & SQL,Top 130 PL/SQL Multiple-Choice Questions (MCQs),"For ____ control over the context area, programmers can define explicit cursors.",Greater,Lesser,Equal,None of the above,A,"For greater control over the context area, programmers can define explicit cursors.",medium,web:Includehelp.com https://www.includehelp.com/sql/pl-sql-multiple-choice-questions-mcqs.aspx,
DBMS & SQL,Top 130 PL/SQL Multiple-Choice Questions (MCQs),"In the PL/SQL Block, Explicit cursors are defined in ___________ section.",Initialization,Declaration,End,None of the above,B,"In the PL/SQL Block, Explicit cursors are defined in Declaration Section.",medium,web:Includehelp.com https://www.includehelp.com/sql/pl-sql-multiple-choice-questions-mcqs.aspx,
DBMS & SQL,Top 130 PL/SQL Multiple-Choice Questions (MCQs),"On the ____ statements, the explicit cursors are created which return rows more than one.",DELETE,CREATE,SELECT,UPDATE,C,"On the SELECT statements, the explicit cursors are created which return rows more than one.",medium,web:Includehelp.com https://www.includehelp.com/sql/pl-sql-multiple-choice-questions-mcqs.aspx,
DBMS & SQL,Top 130 PL/SQL Multiple-Choice Questions (MCQs),Which of the following is the correct syntax to create the Explicit Cursor?,IS select_statement cursor_name CURSOR;,CURSOR select_statement IS cursor_name;,CURSOR cursor_name select_statement IS;,CURSOR cursor_name IS select_statement;,D,CURSOR cursor_name IS select_statement; is the correct syntax to create the Explicit Cursor.,medium,web:Includehelp.com https://www.includehelp.com/sql/pl-sql-multiple-choice-questions-mcqs.aspx,
DBMS & SQL,Top 130 PL/SQL Multiple-Choice Questions (MCQs),There are 4 steps to work on Explicit Cursor:,II > III > IV > I,I > II > IV > III,I > II > III > IV,IV > III > II > I,C,"This is the order in which 4 steps will be performed to work on Explicit Cursor:
 Declare the cursor to be initialized in memory.
 Allocate memory by opening the cursor.
 Retrieve data by fetching the cursor.
 Release allocated memory by closing the cursor.",medium,web:Includehelp.com https://www.includehelp.com/sql/pl-sql-multiple-choice-questions-mcqs.aspx,
DBMS & SQL,Top 130 PL/SQL Multiple-Choice Questions (MCQs),Which of the following is the correct syntax to declare explicit cursor?,"CURSOR IS name
SELECT statement;","CURSOR name is
Statement SELECT;","Name IS CURSOR
SELECT statement;","CURSOR name IS
SELECT statement;",D,"The correct syntax to declare explicit cursor is –
CURSOR name IS
SELECT statement;",medium,web:Includehelp.com https://www.includehelp.com/sql/pl-sql-multiple-choice-questions-mcqs.aspx,
DBMS & SQL,Top 130 PL/SQL Multiple-Choice Questions (MCQs),Which of the following is the correct syntax to fetch the cursor?,FETCH cursor_name INTO variable_list;,FETCH variable_list INTO cursor_name;,INTO cursor_name FETCH variable_list;,INTO variable_list FETCH cursor_name;,A,FETCH cursor_name INTO variable_list is the correct syntax to fetch the cursor.,medium,web:Includehelp.com https://www.includehelp.com/sql/pl-sql-multiple-choice-questions-mcqs.aspx,
DBMS & SQL,Top 130 PL/SQL Multiple-Choice Questions (MCQs),Which clause is used to open the cursor?,BEGIN,START,OPEN,INITIATE,C,OPEN is the clause used to open the cursor.,medium,web:Includehelp.com https://www.includehelp.com/sql/pl-sql-multiple-choice-questions-mcqs.aspx,
DBMS & SQL,Top 130 PL/SQL Multiple-Choice Questions (MCQs),Which clause is used to close the cursor?,END,STOP,FINISH,CLOSE,D,CLOSE clause is used to close the cursor.,medium,web:Includehelp.com https://www.includehelp.com/sql/pl-sql-multiple-choice-questions-mcqs.aspx,
DBMS & SQL,Top 130 PL/SQL Multiple-Choice Questions (MCQs),PL/SQL Triggers MCQs,Cursor,Trigger,Exception,View,B,"Whenever a specified event occurs, the trigger is automatically triggered by the Oracle engine.",medium,web:Includehelp.com https://www.includehelp.com/sql/pl-sql-multiple-choice-questions-mcqs.aspx,
DBMS & SQL,Top 130 PL/SQL Multiple-Choice Questions (MCQs),Which of the following is TRUE about PL/SQL Trigger?,"When certain conditions are met, a trigger stored in a database is triggered.",A trigger is an application that executes or fires automatically when a certain event occurs.,Both A. and B.,None of the above,C,"The following points are TRUE about PL/SQL Trigger –
 When certain conditions are met, a trigger stored in a database is triggered.
 A trigger is an application that executes or fires automatically when a certain event occurs.",medium,web:Includehelp.com https://www.includehelp.com/sql/pl-sql-multiple-choice-questions-mcqs.aspx,
DBMS & SQL,Top 130 PL/SQL Multiple-Choice Questions (MCQs),In which event(s) trigger is executed?,DDL,DML,Database Operation,All of the above,D,"Trigger is executed when -
 DDL occurs
 DML occurs
 Database Operation occurs",medium,web:Includehelp.com https://www.includehelp.com/sql/pl-sql-multiple-choice-questions-mcqs.aspx,
DBMS & SQL,Top 130 PL/SQL Multiple-Choice Questions (MCQs),Which of the following is database operation?,SERVERERROR,STARTUP,SHUTDOWN,All of the above,D,"SERVERERROR, STARTUP, SHUTDOWN, LOGON and LOGOFF are all the database operations.",medium,web:Includehelp.com https://www.includehelp.com/sql/pl-sql-multiple-choice-questions-mcqs.aspx,
DBMS & SQL,Top 130 PL/SQL Multiple-Choice Questions (MCQs),Which of the following is not an advantage of trigger?,Various column values are automatically generated by triggers,Maintains the integrity of referential,Tables are replicated asynchronously,Validating transactions and preventing them from being invalid,C,Trigger has this advantage of the tables to be replicated synchronously and not asynchronously.,medium,web:Includehelp.com https://www.includehelp.com/sql/pl-sql-multiple-choice-questions-mcqs.aspx,
DBMS & SQL,Top 130 PL/SQL Multiple-Choice Questions (MCQs),What does INSERT or UPDATE or DELETE clauses do in Trigger syntax?,DML Operation is performed,DDL Operation is performed,DCL Operation is performed,TCL Operation is performed,A,INSERT or UPDATE or DELETE clauses performs the DML Operations in Trigger syntax.,medium,web:Includehelp.com https://www.includehelp.com/sql/pl-sql-multiple-choice-questions-mcqs.aspx,
DBMS & SQL,Top 130 PL/SQL Multiple-Choice Questions (MCQs),Which clause(s) is/are used to specify when the trigger will get executed?,BEFORE,AFTER,INSTEAD OF,All of the above,D,BEFORE or AFTER or INSTEAD OF clauses are used to specify when the trigger will get executed.,medium,web:Includehelp.com https://www.includehelp.com/sql/pl-sql-multiple-choice-questions-mcqs.aspx,
DBMS & SQL,Top 130 PL/SQL Multiple-Choice Questions (MCQs),Which clause is used to create trigger on a view?,BEFORE,AFTER,INSTEAD OF,None of the above,C,INSTEAD OF clause is used to create trigger on a view.,medium,web:Includehelp.com https://www.includehelp.com/sql/pl-sql-multiple-choice-questions-mcqs.aspx,
DBMS & SQL,Top 130 PL/SQL Multiple-Choice Questions (MCQs),What is the difference between OF column_name and ON table_name in trigger syntax?,OF column_name specifies the column name that is needed to be updated whereas ON table_name specified the table name that is associated with the trigger.,ON table_name specifies the column name that is needed to be updated whereas OF column_name specified the table name that is associated with the trigger.,OF table_name specifies the column name that is needed to be updated whereas ON column_name specified the table name that is associated with the trigger.,ON column_name specifies the column name that is needed to be updated whereas OF table_name specified the table name that is associated with the trigger.,A,OF column_name specifies the column name that is needed to be updated whereas ON table_name specified the table name that is associated with the trigger.,medium,web:Includehelp.com https://www.includehelp.com/sql/pl-sql-multiple-choice-questions-mcqs.aspx,
DBMS & SQL,Top 130 PL/SQL Multiple-Choice Questions (MCQs),What does FOR EACH ROW clause do in Trigger syntax?,"A row-level trigger is specified, meaning that each row is affected by this trigger","When the SQL statement is run, the trigger will be executed just once, which is what is called a table-level trigger",Both A. and B.,None of the above,C,"In the case of FOR EACH ROW –
 A row-level trigger is specified, meaning that each row is affected by this trigger
 When the SQL statement is run, the trigger will be executed just once, which is what is called a table-level trigger",medium,web:Includehelp.com https://www.includehelp.com/sql/pl-sql-multiple-choice-questions-mcqs.aspx,
DBMS & SQL,Top 130 PL/SQL Multiple-Choice Questions (MCQs),WHEN condition is valid for which triggers?,Table Level Triggers,Row Level Triggers,Column Level Triggers,Database Level Triggers,B,WHEN condition is valid for Row Level Triggers.,medium,web:Includehelp.com https://www.includehelp.com/sql/pl-sql-multiple-choice-questions-mcqs.aspx,
DBMS & SQL,Top 130 PL/SQL Multiple-Choice Questions (MCQs),Which keyword is used to query the table in the same trigger?,BEFORE,AFTER,SAME,EXACT,B,AFTER keyword is used to query the table in the same trigger.,medium,web:Includehelp.com https://www.includehelp.com/sql/pl-sql-multiple-choice-questions-mcqs.aspx,
DBMS & SQL,Top 130 PL/SQL Multiple-Choice Questions (MCQs),What does REFERENCING OLD AS o NEW AS n clause do in trigger?,This clause is used to refer the old values for different DML statements.,This clause is used to refer the new values for different DML statements.,Both A. and B.,None of the above,C,REFERENCING OLD AS o NEW AS n clause is used to refer the old and new values for different DML statements.,medium,web:Includehelp.com https://www.includehelp.com/sql/pl-sql-multiple-choice-questions-mcqs.aspx,
DBMS & SQL,Top 130 PL/SQL Multiple-Choice Questions (MCQs),Which of the following is an advantage of trigger?,Imposing authorizations for security,Keeping track of table access events and logging them,Auditing,All of the above,D,"The advantages of trigger are –
 Imposing authorizations for security
 Keeping track of table access events and logging them
 Auditing",medium,web:Includehelp.com https://www.includehelp.com/sql/pl-sql-multiple-choice-questions-mcqs.aspx,
DBMS & SQL,Top 130 PL/SQL Multiple-Choice Questions (MCQs),Which of the following clause is not present in the syntax of trigger?,DECLARE,TRIGGER,CURSOR,INSTEAD OF,C,CURSOR clause is not present in the syntax of trigger.,medium,web:Includehelp.com https://www.includehelp.com/sql/pl-sql-multiple-choice-questions-mcqs.aspx,
DBMS & SQL,Top 130 PL/SQL Multiple-Choice Questions (MCQs),"Tables, views, schemas, or databases can be defined as ________ for events.",Procedure,Views,Triggers,Cursors,C,"Tables, views, schemas, or databases can be defined as triggers for events.",medium,web:Includehelp.com https://www.includehelp.com/sql/pl-sql-multiple-choice-questions-mcqs.aspx,
DBMS & SQL,Top 130 PL/SQL Multiple-Choice Questions (MCQs),PL/SQL Exception MCQs,FUNCTION,CURSOR,EXCEPTION,PROCEDURE,C,Errors that are encountered during the execution of the program are referred to as exceptions in PL/SQL.,medium,web:Includehelp.com https://www.includehelp.com/sql/pl-sql-multiple-choice-questions-mcqs.aspx,
DBMS & SQL,Top 130 PL/SQL Multiple-Choice Questions (MCQs),How many types of exceptions are there?,2,3,4,5,A,There are 2 types of exceptions.,medium,web:Includehelp.com https://www.includehelp.com/sql/pl-sql-multiple-choice-questions-mcqs.aspx,
DBMS & SQL,Top 130 PL/SQL Multiple-Choice Questions (MCQs),Which of the following is/are an/the type(s) of exceptions?,System-defined,User-defined,Both A. and B.,None of the above,C,System-defined and User-defined exceptions are both the types of exceptions.,medium,web:Includehelp.com https://www.includehelp.com/sql/pl-sql-multiple-choice-questions-mcqs.aspx,
DBMS & SQL,Top 130 PL/SQL Multiple-Choice Questions (MCQs),Which command is used in order to raise an exception explicitly?,RISE,ROSE,RAISE,RINSE,C,"With the help of RAISE command, one can easily raise an exception explicitly.",medium,web:Includehelp.com https://www.includehelp.com/sql/pl-sql-multiple-choice-questions-mcqs.aspx,
DBMS & SQL,Top 130 PL/SQL Multiple-Choice Questions (MCQs),Which of the following is TRUE about User-defined exceptions?,Users can explicitly raise an exception by using a RAISE statement,RAISE_APPLICATION_ERROR can be used to raise a user-defined exception explicitly.,Both A. and B.,None of the above,C,Users can explicitly raise an exception by using a RAISE statement or DBMS_STANDARD.RAISE_APPLICATION_ERROR can be used to raise a user-defined exception explicitly.,medium,web:Includehelp.com https://www.includehelp.com/sql/pl-sql-multiple-choice-questions-mcqs.aspx,
DBMS & SQL,Top 130 PL/SQL Multiple-Choice Questions (MCQs),What is the syntax of User-defined exceptions?,DECLARE my-exception EXCEPTION;,DECLARE EXCEPTION;,DECLARE my-exception;,EXCEPTION;,A,DECLARE my-exception EXCEPTION is the syntax of user-defined exceptions.,medium,web:Includehelp.com https://www.includehelp.com/sql/pl-sql-multiple-choice-questions-mcqs.aspx,
DBMS & SQL,Top 130 PL/SQL Multiple-Choice Questions (MCQs),Which of the following clause does not comes in the syntax while raising an exception?,DECLARE,WHEN,CLOSE,END,C,CLOSE clause doesn't come in the syntax while raising an exception.,medium,web:Includehelp.com https://www.includehelp.com/sql/pl-sql-multiple-choice-questions-mcqs.aspx,
DBMS & SQL,Top 130 PL/SQL Multiple-Choice Questions (MCQs),"When SELECT INTO returns no rows, which pre-defined exception is raised?",ACCESS_INTO_NULL,NO_DATA_FOUND,NOT_LOGGED_ON,VALUE_ERROR,B,"When SELECT INTO returns no rows, NO_DATA_FOUND pre-defined exception is raised.",medium,web:Includehelp.com https://www.includehelp.com/sql/pl-sql-multiple-choice-questions-mcqs.aspx,
DBMS & SQL,Top 130 PL/SQL Multiple-Choice Questions (MCQs),When ACCESS_INTO_NULL exception does is raised?,A unique index column with duplicate values is raised when this error occurs.,An invalid username or password is used by a program to connect to a database.,An automatic assignment of a value to a NULL object raises this exception.,It is raised when more than one row is returned by a SELECT INTO statement.,C,ACCESS_INTO_NULL exception is raised when an automatic assignment of a value to a NULL object raises this exception.,medium,web:Includehelp.com https://www.includehelp.com/sql/pl-sql-multiple-choice-questions-mcqs.aspx,
DBMS & SQL,Top 130 PL/SQL Multiple-Choice Questions (MCQs),"Which exception is rose when there is no other clause in the ""WHEN"" clause of a CASE statement, and none of the choices in the ""WHEN"" clause have been selected?",INVALID_CURSOR,DUP_VAL_ON_INDEX,VALUE_ERROR,CASE_NOT_FOUND,D,"CASE_NOT_FOUND exception is rose when there is no other clause in the ""WHEN"" clause of a CASE statement, and none of the choices in the ""WHEN"" clause have been selected.",medium,web:Includehelp.com https://www.includehelp.com/sql/pl-sql-multiple-choice-questions-mcqs.aspx,
DBMS & SQL,Top 130 PL/SQL Multiple-Choice Questions (MCQs),When COLLECTION_IS_NULL exception is raised?,A unique index column with duplicate values is raised when this error occurs.,"The exception is thrown when an uninitialized nested table or varray is attempted to be populated with collection methods other than exist, or when an element of an uninitialized nested table or varray is attempted to be assigned values.","If a select into statement fails to return any rows, it raises this error.",This error message appears when a number is divided by zero.,B,"COLLECTION_IS_NULL exception is raised when an uninitialized nested table or varray is attempted to be populated with collection methods other than exist, or when an element of an uninitialized nested table or varray is attempted to be assigned values.",medium,web:Includehelp.com https://www.includehelp.com/sql/pl-sql-multiple-choice-questions-mcqs.aspx,
DBMS & SQL,Top 130 PL/SQL Multiple-Choice Questions (MCQs),When DUP_VAL_ON_INDEX exception does is raised?,A unique index column with duplicate values is raised when this error occurs.,The error is raised if an attempt is made to close an unopened cursor or perform a cursor operation without permission.,"When character strings are converted to numbers, it is raised if the string did not represent a valid number.",An invalid username or password is used to log on to the database by a program.,A,DUP_VAL_ON_INDEX exception is raised when an attempt is made to close an unopened cursor or perform a cursor operation without permission.,medium,web:Includehelp.com https://www.includehelp.com/sql/pl-sql-multiple-choice-questions-mcqs.aspx,
DBMS & SQL,Top 130 PL/SQL Multiple-Choice Questions (MCQs),An exception which occurs when attempting to access a database without connecting to it is –,PROGRAM_ERROR,NOT_LOGGED_IN,NOT_LOGGED_ON,NULL_LOGGED-ON,C,An exception which occurs when attempting to access a database without connecting to it is NOT_LOGGED_ON.,medium,web:Includehelp.com https://www.includehelp.com/sql/pl-sql-multiple-choice-questions-mcqs.aspx,
DBMS & SQL,Top 130 PL/SQL Multiple-Choice Questions (MCQs),Which exception is raised when there is an internal problem in PL/SQL?,VALUE_ERROR,INTERNAL_ERROR,PROBLEM_ERROR,PROGRAM_ERROR,D,PROGRAM_ERROR is raised when there is an internal problem in PL/SQL.,medium,web:Includehelp.com https://www.includehelp.com/sql/pl-sql-multiple-choice-questions-mcqs.aspx,
DBMS & SQL,Top 130 PL/SQL Multiple-Choice Questions (MCQs),When ROWTYPE_MISMATCH exception is raised?,"When a member method is invoked on an object type, but its instance has not been initialized, this exception is raised.",Error in PL/SQL occurs when memory is exhausted or corrupt.,Cursors raise this exception when they seek values in variables of incompatible types.,None of the above,C,Cursors raise the exception ROWTYPE_MISMATCH when they seek values in variables of incompatible types.,medium,web:Includehelp.com https://www.includehelp.com/sql/pl-sql-multiple-choice-questions-mcqs.aspx,
DBMS & SQL,Top 130 PL/SQL Multiple-Choice Questions (MCQs),When SELF_IS_NULL exception is raised?,Errors are raised when dividing by zero is attempted.,"When a member method is invoked on an object type, but its instance has not been initialized, this exception is raised.",Error in PL/SQL occurs when memory is exhausted or corrupt.,It is raised when more than one row is returned by a SELECT INTO statement.,B,"SELF_IS_NULL exception is raised when a member method is invoked on an object type, but its instance has not been initialized, this exception is raised.",medium,web:Includehelp.com https://www.includehelp.com/sql/pl-sql-multiple-choice-questions-mcqs.aspx,
DBMS & SQL,Top 130 PL/SQL Multiple-Choice Questions (MCQs),"A PL/SQL exception, which occurs when a memory error occurs?",ZERO-DIVIDE,VALUE_ERROR,MEMORY_ERROR,STORAGE_ERROR,D,"A PL /SQL exception, which occurs when a memory error occurs, is STORAGE_ERROR.",medium,web:Includehelp.com https://www.includehelp.com/sql/pl-sql-multiple-choice-questions-mcqs.aspx,
DBMS & SQL,Top 130 PL/SQL Multiple-Choice Questions (MCQs),The exception thrown when more than one row is returned from a SELECT INTO statement?,MORE_THAN_ONE_ROW,MORE_ROWS,TOO_MANY_ROWS,MANY_ROWS,C,The exception thrown when more than one row is returned from a SELECT INTO statement is TOO_MANY_ROWS.,medium,web:Includehelp.com https://www.includehelp.com/sql/pl-sql-multiple-choice-questions-mcqs.aspx,
DBMS & SQL,Top 130 PL/SQL Multiple-Choice Questions (MCQs),When VALUE_ERROR exception is raised?,"Errors relating to arithmetic, conversion, truncation, or size constraints raise this signal.",This error message appears when a number is divided by zero.,Both A. and B.,None of the above,A,"VALUE_ERROR exception is raised when errors relating to arithmetic, conversion, truncation, or size constraints occur.",medium,web:Includehelp.com https://www.includehelp.com/sql/pl-sql-multiple-choice-questions-mcqs.aspx,
DBMS & SQL,Top 130 PL/SQL Multiple-Choice Questions (MCQs),When ZERO_DIVIDE exception is raised?,This error message appears when a number is multiplied by zero.,This error message appears when a number is divided by zero.,This error message appears when a number is integrated by zero.,This error message appears when a number is zero.,B,This error message appears when a number is divided by zero.,medium,web:Includehelp.com https://www.includehelp.com/sql/pl-sql-multiple-choice-questions-mcqs.aspx,
DBMS & SQL,MySQL Multiple-Choice Questions (MCQs),To see the list of options provided by MYSQL which of the following command is used?,HELP,–HELP,-- HELP,ELP-,C,To see the list of options provided by MYSQL we use -- HELP.,medium,web:Includehelp.com https://www.includehelp.com/mcq/mysql-mcqs.aspx,
DBMS & SQL,MySQL Multiple-Choice Questions (MCQs),To know your MYSQL version and current date which of the following command you should use?,"VERSION, CURRENT_DATE();","SELECT VERSION, CURRENTDATE();","SELECT VERSION(), CURRENT_DATE;","SELECT VERSON(),CURRENT_DATE();",C,"SELECT VERSION (), CURRENT_DATE; is the command to check the current MYSQL version and date.",medium,web:Includehelp.com https://www.includehelp.com/mcq/mysql-mcqs.aspx,
DBMS & SQL,MySQL Multiple-Choice Questions (MCQs),In which form MYSQL query results are displayed?,LIST,TUPLE,ROWS AND COLUMNS,LIST AND TUPLES BOTH,C,MYSQL query results are displayed in the form of ROWS AND COLUMNS.,medium,web:Includehelp.com https://www.includehelp.com/mcq/mysql-mcqs.aspx,
DBMS & SQL,MySQL Multiple-Choice Questions (MCQs),If you want to stop the processing query then which of the following command you should use?,QUIT,STOP,/c,C and D both,C,To stop the processing query the /c command is used.,medium,web:Includehelp.com https://www.includehelp.com/mcq/mysql-mcqs.aspx,
DBMS & SQL,MySQL Multiple-Choice Questions (MCQs),To see all the databases which command is used?,Show database;,Show databases;,Show database();,Show_all database;,B,To see all the databases SHOW DATABASES; command is used.,medium,web:Includehelp.com https://www.includehelp.com/mcq/mysql-mcqs.aspx,
DBMS & SQL,MySQL Multiple-Choice Questions (MCQs),"In the following statement, what do you mean by the 'student'?
```
USE student;
```",Database name,Row name,Column name,Table name,A,"In USE student, 'student' represents the database named.",medium,web:Includehelp.com https://www.includehelp.com/mcq/mysql-mcqs.aspx,
DBMS & SQL,MySQL Multiple-Choice Questions (MCQs),Which of the following command is used to delete a database?,DELETE DATABASE_NAME;,DROP DATABASE_NAME;,DROP DATABASE DATABASE_NAME;,DELETE DATABASE DATABASE_NAME;,C,DROP DATABASE DATABASE_NAME; command is used to delete a database.,medium,web:Includehelp.com https://www.includehelp.com/mcq/mysql-mcqs.aspx,
DBMS & SQL,MySQL Multiple-Choice Questions (MCQs),ALTER command is a type of which SQL command?,DML,DDL,DCL,DQL,B,ALTER command is a type DDL (data definition language) SQL command.,medium,web:Includehelp.com https://www.includehelp.com/mcq/mysql-mcqs.aspx,
DBMS & SQL,MySQL Multiple-Choice Questions (MCQs),If you are asked to delete the entire data of a table without disturbing the table definition then in such case which statement you will use?,DELETE,TRUNCATE,DROP,CLEAR,B,"To only remove the data of the table without disturbing the definition of the table we use the TRUNCATE statement, this statement helps us to delete all the data of a table.",medium,web:Includehelp.com https://www.includehelp.com/mcq/mysql-mcqs.aspx,
DBMS & SQL,MySQL Multiple-Choice Questions (MCQs),Which of the following is the correct syntax for using the TRUNCATE statement?,TUNCATE TABLE-NAME;,TRUNCATE TABLE-NAME DATABASE-NAME;,TRUNCATE TABLE TABLE-NAME;,TRUNCATE DATABASE-NAME TABLE-NAME;,C,"The correct syntax to use truncate statement is,
TRUNCATE TABLE TABLE-NAME;",medium,web:Includehelp.com https://www.includehelp.com/mcq/mysql-mcqs.aspx,
DBMS & SQL,MySQL Multiple-Choice Questions (MCQs),Suppose you have 1000 records and you only want 100 records which of the following clause you will use?,SET LIMIT,LIMIT,HAVING,GROUP BY,B,The LIMIT clause helps us to set a limit to records we want in return as a result.,medium,web:Includehelp.com https://www.includehelp.com/mcq/mysql-mcqs.aspx,
DBMS & SQL,MySQL Multiple-Choice Questions (MCQs),Suppose you are asked to display all the names which have 'a' as their second character then which query pattern you will use?,_ _ a%;,_a_;,_a%;,_%a;,C,To know the name who has an as its second character we will write: _a%;,medium,web:Includehelp.com https://www.includehelp.com/mcq/mysql-mcqs.aspx,
DBMS & SQL,MySQL Multiple-Choice Questions (MCQs),If you are asked to find out the names which only have 5 characters then what query pattern you will use?,%%%%%,_%_%_,_____,--%%-,C,"If we are asked to find out the names which only have 5 characters, we will put 5 underscores _____.",medium,web:Includehelp.com https://www.includehelp.com/mcq/mysql-mcqs.aspx,
DBMS & SQL,MySQL Multiple-Choice Questions (MCQs),Which key is commonly known as a subset of a super key?,Candidate key,Foreign key,Primary key,Unique key,A,Candidate key is commonly known as a subset of the super key.,medium,web:Includehelp.com https://www.includehelp.com/mcq/mysql-mcqs.aspx,
DBMS & SQL,MySQL Multiple-Choice Questions (MCQs),Which key is the minimal set of super keys?,Candidate key,Foreign key,Primary key,Unique key,A,Candidate key is the minimal set of super keys.,medium,web:Includehelp.com https://www.includehelp.com/mcq/mysql-mcqs.aspx,
DBMS & SQL,MySQL Multiple-Choice Questions (MCQs),Which key helps us to establish the relationship between two tables?,Candidate key,Foreign key,Primary key,Unique key,B,Foreign key helps us to establish the relationship between two tables.,medium,web:Includehelp.com https://www.includehelp.com/mcq/mysql-mcqs.aspx,
DBMS & SQL,MySQL Multiple-Choice Questions (MCQs),Which operator checks whether the particular condition record exists in the table or not?,Exists,Is null,Not null,In,A,The EXISTS operator checks whether the particular condition record exists in the table or not.,medium,web:Includehelp.com https://www.includehelp.com/mcq/mysql-mcqs.aspx,
DBMS & SQL,MySQL Multiple-Choice Questions (MCQs),Which SQL command is used for granting or revoking the rights?,DML,DDL,DCL,DQL,C,Generally known as Data Control Language. These commands are used for granting or revoking the rights.,medium,web:Includehelp.com https://www.includehelp.com/mcq/mysql-mcqs.aspx,
DBMS & SQL,MySQL Multiple-Choice Questions (MCQs),Which MySQL function is used to get the current date and time?,DATETIME(),TODAY(),DATE(),NOW(),D,The NOW() function is used to get the current date and time in MySQL.,medium,web:Includehelp.com https://www.includehelp.com/mcq/mysql-mcqs.aspx,
DBMS & SQL,MySQL Multiple-Choice Questions (MCQs),SELECT is a type of which SQL command?,DML,DDL,DCL,DQL,D,SELECT is a type of DQL command usually known as Data Query Language.,medium,web:Includehelp.com https://www.includehelp.com/mcq/mysql-mcqs.aspx,
DBMS & SQL,MySQL Multiple-Choice Questions (MCQs),Which SQL commands are used for manipulation/ modifying the data present in the table?,DML,DDL,DCL,DQL,A,"Commonly known as Data Manipulation Language. As the name suggests, these commands are used for manipulation/ modifying the data present in the table.",medium,web:Includehelp.com https://www.includehelp.com/mcq/mysql-mcqs.aspx,
DBMS & SQL,MySQL Multiple-Choice Questions (MCQs),If you want to add a row in a table then which command you will use?,INSERT INTO,ADD,ALTER,CREATE,A,INSERT INTO command helps us to add a row in a table.,medium,web:Includehelp.com https://www.includehelp.com/mcq/mysql-mcqs.aspx,
DBMS & SQL,MySQL Multiple-Choice Questions (MCQs),Which type of join combines the result from both the tables and returns us the Cartesian product of the values?,Right join,Left join,Inner join,Cross join,D,CROSS JOIN combines all the data from the first table and the second table. The result obtained through this join is the Cartesian product like every value will be multiplied with every other value of another table.,medium,web:Includehelp.com https://www.includehelp.com/mcq/mysql-mcqs.aspx,
DBMS & SQL,MySQL Multiple-Choice Questions (MCQs),Which of the following data type is used when it comes to store images in your database?,BIG INT,BLOB,VARCHAR,INT,B,"These are commonly known as binary large objects. This data type (MySQL Data Types) is really important when you have to store a large set of binary data. As we have seen images have large addresses, so to store them we can use this data type. BLOB is case-sensitive. It can store up to 65535 bytes of data.",medium,web:Includehelp.com https://www.includehelp.com/mcq/mysql-mcqs.aspx,
DBMS & SQL,Transact-SQL (T-SQL) Multiple-Choice Questions (MCQs),Which company owns T-SQL?,IBM,Microsoft,Oracle,SAP,B,T-SQL is owned by Microsoft.,medium,web:Includehelp.com https://www.includehelp.com/mcq/transact-sql-t-sql-mcqs.aspx,
DBMS & SQL,Transact-SQL (T-SQL) Multiple-Choice Questions (MCQs),How many types of functions are there in T-SQL?,2,3,4,5,C,"There are four types of functions in T-SQL: Aggregate functions, Ranking functions, Row set functions, Scalar functions",medium,web:Includehelp.com https://www.includehelp.com/mcq/transact-sql-t-sql-mcqs.aspx,
DBMS & SQL,Transact-SQL (T-SQL) Multiple-Choice Questions (MCQs),How many data types and categories are available in T-SQL?,8,9,4,7,D,"There are seven categories of data types in T-SQL: Exact Numeric Types, Numeric Type, Date and Time types, Unicode Character String, Binary Strings, and Character Strings.",medium,web:Includehelp.com https://www.includehelp.com/mcq/transact-sql-t-sql-mcqs.aspx,
DBMS & SQL,Transact-SQL (T-SQL) Multiple-Choice Questions (MCQs),Which of the following commands is used if you want to see the column definition of a particular table?,Show _column table name,Column table name,Exec sp_column table name,Sp_column table name,C,Exec sp_column table name is the command we use when we want to see the columns definition of a particular table.,medium,web:Includehelp.com https://www.includehelp.com/mcq/transact-sql-t-sql-mcqs.aspx,
DBMS & SQL,Transact-SQL (T-SQL) Multiple-Choice Questions (MCQs),Which of the following commands is used if you want to delete the table?,DROP TABLE,DROP TABLE table_name,DELETE TABLE,DELETE TABLE table_name,B,DROP TABLE table_name is the command we use if you want to delete the table.,medium,web:Includehelp.com https://www.includehelp.com/mcq/transact-sql-t-sql-mcqs.aspx,
DBMS & SQL,Transact-SQL (T-SQL) Multiple-Choice Questions (MCQs),Which of the following commands is used if you want to delete the row from a table?,DROP FROM table_name where condition,DROP FROM TABLE table_name,DELETE FROM TABLE table_name,DELETE FROM table_name where condition,D,DELETE FROM table_name where condition command is used if you want to delete the row from a table.,medium,web:Includehelp.com https://www.includehelp.com/mcq/transact-sql-t-sql-mcqs.aspx,
DBMS & SQL,Transact-SQL (T-SQL) Multiple-Choice Questions (MCQs),"What will be the output of the below LIKE query?
```
WHERE SALARY LIKE '9000%'
```",It will find any value that starts with 9000,It will find any value that ends with 9000,It will find any value whose range is between 9000,It will find the value where salary is less than 9000,A,It will find any value that starts with 9000.,medium,web:Includehelp.com https://www.includehelp.com/mcq/transact-sql-t-sql-mcqs.aspx,
DBMS & SQL,Transact-SQL (T-SQL) Multiple-Choice Questions (MCQs),"What will be the output of the below LIKE query?
```
WHERE SALARY LIKE '%9000%'
```",It will find any value that starts with 9000,It will find any value that ends with 9000,It will find any value that has 9000 at any position.,It will find the value where salary is less than 9000,C,It will find any value that has 9000 at any position.,medium,web:Includehelp.com https://www.includehelp.com/mcq/transact-sql-t-sql-mcqs.aspx,
DBMS & SQL,Transact-SQL (T-SQL) Multiple-Choice Questions (MCQs),"What will be the output of the below LIKE query?
```
WHERE SALARY LIKE '8_%_%.'
```",It will find any value that starts with 8 and has more than 3 characters in length,It will find any value that starts with 8 and has only 2 characters in length,It will find any value that starts with 8 and have at least 1 character in length,It will find any value that starts with 8 and has at least 3 characters in length.,D,It finds any value that starts with 8 and has at least 3 characters in length.,medium,web:Includehelp.com https://www.includehelp.com/mcq/transact-sql-t-sql-mcqs.aspx,
DBMS & SQL,Transact-SQL (T-SQL) Multiple-Choice Questions (MCQs),"What will be the output of the below LIKE query?
```
WHERE SALARY LIKE '_10%8'
```",It will find any value that has a 10 at the starting position and ends with 8.,It will find any value that has a 10 in the second position and ends with 8.,It will find any value that has a 10 in the third position and also has 8.,It will find any value that has a 10 in the second position and starts with 8.,B,It will find any value that has a 10 in the second position and ends with 8.,medium,web:Includehelp.com https://www.includehelp.com/mcq/transact-sql-t-sql-mcqs.aspx,
DBMS & SQL,Transact-SQL (T-SQL) Multiple-Choice Questions (MCQs),In T-SQL which keyword is used to sort the data in descending order?,DES,DEC,DESC,DESCORDER,C,DESC is the keyword used in T-SQL to sort the data in descending order.,medium,web:Includehelp.com https://www.includehelp.com/mcq/transact-sql-t-sql-mcqs.aspx,
DBMS & SQL,Transact-SQL (T-SQL) Multiple-Choice Questions (MCQs),In T-SQL which keyword is used to sort the data in ascending order?,AES,AEC,AESC,ASC,D,ASC is the keyword used in T-SQL to sort the data in ascending order.,medium,web:Includehelp.com https://www.includehelp.com/mcq/transact-sql-t-sql-mcqs.aspx,
DBMS & SQL,Transact-SQL (T-SQL) Multiple-Choice Questions (MCQs),Which of the following joins returns rows when there is a match in the tables?,INNER JOIN,LEFT JOIN,RIGHT JOIN,FULL JOIN,A,INNER JOIN is a type of join that returns the rows as a result when there is a match in the tables.,medium,web:Includehelp.com https://www.includehelp.com/mcq/transact-sql-t-sql-mcqs.aspx,
DBMS & SQL,Transact-SQL (T-SQL) Multiple-Choice Questions (MCQs),Which of the following types of joins selects all the rows from the right table if there are no matches found in the left table?,INNER JOIN,LEFT JOIN,RIGHT JOIN,FULL JOIN,C,RIGHT JOIN is a type of join which selects all the rows from the right table if there are no matches found in the left table.,medium,web:Includehelp.com https://www.includehelp.com/mcq/transact-sql-t-sql-mcqs.aspx,
DBMS & SQL,Transact-SQL (T-SQL) Multiple-Choice Questions (MCQs),"In Transact SQL, ____are used to save time by avoiding writing the code repeatedly.",Query,Objects,Stored procedures,Processes,C,"In Transact SQL, stored procedures are used to save time by avoiding writing the code repeatedly.",medium,web:Includehelp.com https://www.includehelp.com/mcq/transact-sql-t-sql-mcqs.aspx,
DBMS & SQL,Transact-SQL (T-SQL) Multiple-Choice Questions (MCQs),How many types of parameters are there in the stored procedure?,3,2,4,5,A,"There are three types of parameters in the stored procedure: IN, OUT, IN OUT.",medium,web:Includehelp.com https://www.includehelp.com/mcq/transact-sql-t-sql-mcqs.aspx,
DBMS & SQL,Transact-SQL (T-SQL) Multiple-Choice Questions (MCQs),How many properties of transactions are there?,2,3,5,4,D,"The transaction has four properties, which are referred to as ACID properties- Atomicity, consistency, Isolation, Durability.",medium,web:Includehelp.com https://www.includehelp.com/mcq/transact-sql-t-sql-mcqs.aspx,
DBMS & SQL,Transact-SQL (T-SQL) Multiple-Choice Questions (MCQs),"In which of the following ACID properties, successful completion of the work unit's operations is ensured and also focuses on the principle where either all operations are successful or none?",Atomicity,Consistency,Isolation,Durability.,A,"In the atomicity property, successful completion of the work unit's operations is ensured and it also focuses on the principle where either all operations are successful or none.",medium,web:Includehelp.com https://www.includehelp.com/mcq/transact-sql-t-sql-mcqs.aspx,
DBMS & SQL,Transact-SQL (T-SQL) Multiple-Choice Questions (MCQs),Which of the following ACID properties ensures that every transaction is unique and every operation works transparently?,Atomicity,Consistency,Isolation,Durability.,C,The isolation property ensures that every transaction is unique and every operation works transparently.,medium,web:Includehelp.com https://www.includehelp.com/mcq/transact-sql-t-sql-mcqs.aspx,
DBMS & SQL,Transact-SQL (T-SQL) Multiple-Choice Questions (MCQs),"Which of the following ACID properties states that upon committing a transaction, the database will change state properly?",Atomicity,Consistency,Isolation,Durability.,B,"The consistency property states that upon committing a transaction, the database will change state properly.",medium,web:Includehelp.com https://www.includehelp.com/mcq/transact-sql-t-sql-mcqs.aspx,
DBMS & SQL,Transact-SQL (T-SQL) Multiple-Choice Questions (MCQs),Which of the following ACID properties ensures that committed transactions will be properly executed if the system fails?,Atomicity,Consistency,Isolation,Durability.,D,The durability property ensures that committed transactions will be properly executed if the system fails.,medium,web:Includehelp.com https://www.includehelp.com/mcq/transact-sql-t-sql-mcqs.aspx,
DBMS & SQL,Transact-SQL (T-SQL) Multiple-Choice Questions (MCQs),Which of the following commands is used to save the changes in the transaction?,COMMIT,ROLLBACK,SAVEPOINT,Set Transport,A,Commit command in the transaction is used to save the changes in the transaction.,medium,web:Includehelp.com https://www.includehelp.com/mcq/transact-sql-t-sql-mcqs.aspx,
DBMS & SQL,Transact-SQL (T-SQL) Multiple-Choice Questions (MCQs),Which of the following commands is used to return a name on the transaction?,COMMIT,ROLLBACK,SAVEPOINT,Set Transport,D,Set transport command is used to return a name on the transaction.,medium,web:Includehelp.com https://www.includehelp.com/mcq/transact-sql-t-sql-mcqs.aspx,
DBMS & SQL,Transact-SQL (T-SQL) Multiple-Choice Questions (MCQs),Which of the following commands is used to retrieve the changes?,COMMIT,ROLLBACK,SAVEPOINT,Set Transport,B,The ROLLBACK command is used to retrieve the changes in the transaction.,medium,web:Includehelp.com https://www.includehelp.com/mcq/transact-sql-t-sql-mcqs.aspx,
DBMS & SQL,Transact-SQL (T-SQL) Multiple-Choice Questions (MCQs),Which of the following commands helps you to generate the collection of transactions with the help of the ROLLBACK command?,COMMIT,ROLLBACK,SAVEPOINT,Set Transport,C,Savepoint command helps you to generate the collection of transactions with the help of the ROLLBACK command.,medium,web:Includehelp.com https://www.includehelp.com/mcq/transact-sql-t-sql-mcqs.aspx,
DBMS & SQL,Transact-SQL (T-SQL) Multiple-Choice Questions (MCQs),Which of the following keywords is used to initiate the transaction?,BEGIN,START,INITIATE,ACTIVATE,A,BEGIN keyword is used before every transaction.,medium,web:Includehelp.com https://www.includehelp.com/mcq/transact-sql-t-sql-mcqs.aspx,
DBMS & SQL,Transact-SQL (T-SQL) Multiple-Choice Questions (MCQs),Which of the following commands is known as Transactional Command?,COMMIT,ROLLBACK,SAVEPOINT,Set Transport,A,COMMIT command is known as Transactional Command.,medium,web:Includehelp.com https://www.includehelp.com/mcq/transact-sql-t-sql-mcqs.aspx,
DBMS & SQL,Transact-SQL (T-SQL) Multiple-Choice Questions (MCQs),Which of the following is the correct syntax to create an index?,CREATE INDEX index_name ON table_name,CREATE index_name ON table_name,CREATE INDEX table_name,Create INDEX on table name/ index name,A,"CREATE INDEX index_name ON table_name, is the correct syntax to create an index.",medium,web:Includehelp.com https://www.includehelp.com/mcq/transact-sql-t-sql-mcqs.aspx,
DBMS & SQL,Transact-SQL (T-SQL) Multiple-Choice Questions (MCQs),How many types of indexes does SQL provide?,3,4,2,5,C,Two types of indexing are there in SQL: Clustered and Non-clustered.,medium,web:Includehelp.com https://www.includehelp.com/mcq/transact-sql-t-sql-mcqs.aspx,
DBMS & SQL,Transact-SQL (T-SQL) Multiple-Choice Questions (MCQs),Which of the following functions is used to generate the square root of the number?,SQT,SQRT,SQUT,SQR,B,SQRT function is used to generate the square root of the number.,medium,web:Includehelp.com https://www.includehelp.com/mcq/transact-sql-t-sql-mcqs.aspx,
DBMS & SQL,Transact-SQL (T-SQL) Multiple-Choice Questions (MCQs),Which of the following functions is used to generate the random number?,RANDOM,RANDOM_NUMBER,RAND,RANDN,C,RAND function is used to generate the random number.,medium,web:Includehelp.com https://www.includehelp.com/mcq/transact-sql-t-sql-mcqs.aspx,
DBMS & SQL,Transact-SQL (T-SQL) Multiple-Choice Questions (MCQs),"Select LEFT('HELLO', 3) What will be the output of the above code?",HELL,ELL,OLL,LLO,A,"LEFT function returns us the left part of the string, according to the specified number of characters, so the output would be HELL",medium,web:Includehelp.com https://www.includehelp.com/mcq/transact-sql-t-sql-mcqs.aspx,
DBMS & SQL,Transact-SQL (T-SQL) Multiple-Choice Questions (MCQs),"Select RIGHT('HELLO', 3) What will be the output of the above code?",HELL,ELL,OLL,LLO,D,"RIGHT function returns us the RIGHT part of the string, according to the specified number of characters, so the output would be LLO.",medium,web:Includehelp.com https://www.includehelp.com/mcq/transact-sql-t-sql-mcqs.aspx,
DBMS & SQL,Transact-SQL (T-SQL) Multiple-Choice Questions (MCQs),Which of the following functions eliminate the leading blanks?,TRIM,LTRIM,ETRIM,RTRIM,B,LTRIM function removes the leading blanks from the given string.,medium,web:Includehelp.com https://www.includehelp.com/mcq/transact-sql-t-sql-mcqs.aspx,
DBMS & SQL,Transact-SQL (T-SQL) Multiple-Choice Questions (MCQs),Which of the following functions eliminate the blanks which are there after the given string?,TRIM,LTRIM,ETRIM,RTRIM,D,RTRIM function eliminates the blanks which are there after the given string.,medium,web:Includehelp.com https://www.includehelp.com/mcq/transact-sql-t-sql-mcqs.aspx,
DBMS & SQL,Transact-SQL (T-SQL) Multiple-Choice Questions (MCQs),Which of the following functions will help you to repeat the string multiple times?,REPEAT,REPLACE,REPLICATE,DUPLICATE,C,The REPLICATE function will help you to repeat the string multiple times.,medium,web:Includehelp.com https://www.includehelp.com/mcq/transact-sql-t-sql-mcqs.aspx,
DBMS & SQL,Transact-SQL (T-SQL) Multiple-Choice Questions (MCQs),What is the full form of PL/SQL?,Process language extension SQL,Procedural language extension SQL,Practical language extension SQL,Progression language extension SQL,B,PL/SQL stands for Procedural language extension SQL.,medium,web:Includehelp.com https://www.includehelp.com/mcq/transact-sql-t-sql-mcqs.aspx,
DBMS & SQL,Transact-SQL (T-SQL) Multiple-Choice Questions (MCQs),Which company owns PL/SQL?,IBM,Microsoft,Oracle,SAP,C,PL/SQL is owned by Oracle.,medium,web:Includehelp.com https://www.includehelp.com/mcq/transact-sql-t-sql-mcqs.aspx,
DBMS & SQL,DBMS Overview Multiple-Choice Questions (MCQs),Database is used to _______ the data.,Retrieve,Insert,Delete,All of the above,D,"Database is used to retrieve, insert and delete the data.",medium,web:Includehelp.com https://www.includehelp.com/mcq/dbms-overview-multiple-choice-questions-mcqs-and-answers.aspx,
DBMS & SQL,DBMS Overview Multiple-Choice Questions (MCQs),Which of the following is a very popular commercial database?,MySQL,Oracle,Both A. and B.,None of the above,C,"The very popular commercial databases are MySQL, Oracle, etc.",medium,web:Includehelp.com https://www.includehelp.com/mcq/dbms-overview-multiple-choice-questions-mcqs-and-answers.aspx,
DBMS & SQL,DBMS Overview Multiple-Choice Questions (MCQs),What is TRUE about Data Definition?,"It can be used to create, modify and remove the definition that defines the data's organization.","It can be used to insert, modify and delete the actual data.",It can be used to retrieve the data that are used for different purposes by various applications.,It can be used to register and monitor users.,A,"Data Definition can be used to create, modify and remove the definition that defines the data’s organization.",medium,web:Includehelp.com https://www.includehelp.com/mcq/dbms-overview-multiple-choice-questions-mcqs-and-answers.aspx,
DBMS & SQL,DBMS Overview Multiple-Choice Questions (MCQs),"What is termed to be used to insert, modify and delete the actual data?",User Administration,Data Definition,Data Updation,Data Retrieval,C,"Data Updation is used to insert, modify and delete the actual data.",medium,web:Includehelp.com https://www.includehelp.com/mcq/dbms-overview-multiple-choice-questions-mcqs-and-answers.aspx,
DBMS & SQL,DBMS Overview Multiple-Choice Questions (MCQs),What is termed to maintain the data integrity and enforcing the data security?,User Address,User Retrieval,User Annotation,User Administration,D,User Administration is termed to maintain the data integrity and enforcing the data security.,medium,web:Includehelp.com https://www.includehelp.com/mcq/dbms-overview-multiple-choice-questions-mcqs-and-answers.aspx,
DBMS & SQL,DBMS Overview Multiple-Choice Questions (MCQs),Which of the following is a characteristic of DBMS?,To manage and store the information,Provides clear and logical view of the process,Contains the procedure to take backup and recovery automatically.,All of the above,D,"The characteristics of DBMS are –
 To manage and store the information
 Provides clear and logical view of the process
 Contains the procedure to take backup and recovery automatically.",medium,web:Includehelp.com https://www.includehelp.com/mcq/dbms-overview-multiple-choice-questions-mcqs-and-answers.aspx,
DBMS & SQL,DBMS Overview Multiple-Choice Questions (MCQs),Which of the following is NOT an advantage of DBMS?,Easily Maintenance,Backup,Size,Reduce Time,C,The large space taken by DBMS in the disk and the large memory needed to run it efficiently makes the size a disadvantage of DBMS.,medium,web:Includehelp.com https://www.includehelp.com/mcq/dbms-overview-multiple-choice-questions-mcqs-and-answers.aspx,
DBMS & SQL,DBMS Overview Multiple-Choice Questions (MCQs),Which of the following is a disadvantage of DBMS?,Controls database redundancy,Complexity,Data Sharing,Multiple User Interface,B,Complexity is one of the disadvantages of DBMS.,medium,web:Includehelp.com https://www.includehelp.com/mcq/dbms-overview-multiple-choice-questions-mcqs-and-answers.aspx,
DBMS & SQL,DBMS Overview Multiple-Choice Questions (MCQs),_____ Speed of the data processor and ______memory size is the requirement to run the software of DBMS.,"Low, Small","Low, Large","High, Small","High, Large",D,High speed of the data processor and large memory size is the requirement to run the software of DBMS.,medium,web:Includehelp.com https://www.includehelp.com/mcq/dbms-overview-multiple-choice-questions-mcqs-and-answers.aspx,
DBMS & SQL,DBMS Databases & Types Multiple-Choice Questions (MCQs) and Answers | Set 1,_____ are organized collections of data that make them easy to access and manage.,Datatype,Database,Data,System,B,Databases are organized collections of data that make them easy to access and manage.,medium,web:Includehelp.com https://www.includehelp.com/mcq/dbms-databases-types-multiple-choice-questions-mcqs-and-answers-1.aspx,
DBMS & SQL,DBMS Databases & Types Multiple-Choice Questions (MCQs) and Answers | Set 1,"In a _____, users have access to the data through a single set of software programs.",Database Handler,Dynamic Websites,Database,Handler,A,"In a database handler, users have access to the data through a single set of software programs.",medium,web:Includehelp.com https://www.includehelp.com/mcq/dbms-databases-types-multiple-choice-questions-mcqs-and-answers-1.aspx,
DBMS & SQL,DBMS Databases & Types Multiple-Choice Questions (MCQs) and Answers | Set 1,Which of the following is a database?,MySQL,Informix,SQL Server,All of the above,D,"In addition to MySQL, Sybase, Oracle, MongoDB, Informix, PostgreSQL, and SQL Server, there are many other databases available.",medium,web:Includehelp.com https://www.includehelp.com/mcq/dbms-databases-types-multiple-choice-questions-mcqs-and-answers-1.aspx,
DBMS & SQL,DBMS Databases & Types Multiple-Choice Questions (MCQs) and Answers | Set 1,What does SQL depend on?,Relation Algebra,Tuple Relational Calculus,Both A. and B.,None of the above,C,The SQL language relies on relationship algebra and tuple relational calculus.,medium,web:Includehelp.com https://www.includehelp.com/mcq/dbms-databases-types-multiple-choice-questions-mcqs-and-answers-1.aspx,
DBMS & SQL,DBMS Databases & Types Multiple-Choice Questions (MCQs) and Answers | Set 1,The image of a database is displayed on a ____ structure.,Cyclical,Cylindrical,Rectangular,Triangular,B,The image of a database is displayed on a cylindrical structure.,medium,web:Includehelp.com https://www.includehelp.com/mcq/dbms-databases-types-multiple-choice-questions-mcqs-and-answers-1.aspx,
DBMS & SQL,DBMS Databases & Types Multiple-Choice Questions (MCQs) and Answers | Set 1,File-Based database system was introduced in –,1968,1958,1978,1948,A,File-Based database system was introduced in 1968.,medium,web:Includehelp.com https://www.includehelp.com/mcq/dbms-databases-types-multiple-choice-questions-mcqs-and-answers-1.aspx,
DBMS & SQL,DBMS Databases & Types Multiple-Choice Questions (MCQs) and Answers | Set 1,What is the access method in File system?,Indexed,Random,Sequential,All of the above,D,"The access methods present in File system are Indexed, Random and Sequential.",medium,web:Includehelp.com https://www.includehelp.com/mcq/dbms-databases-types-multiple-choice-questions-mcqs-and-answers-1.aspx,
DBMS & SQL,DBMS Databases & Types Multiple-Choice Questions (MCQs) and Answers | Set 1,IBM's first database management system was the prominent hierarchical database model known as –,Information Major System,Interactive Major System,Interactive Management System,Information Management System,D,IBM's first database management system was the prominent hierarchical database model known as Information Management System.,medium,web:Includehelp.com https://www.includehelp.com/mcq/dbms-databases-types-multiple-choice-questions-mcqs-and-answers-1.aspx,
DBMS & SQL,DBMS Databases & Types Multiple-Choice Questions (MCQs) and Answers | Set 1,What is the limitation in Hierarchical Database Model?,Lack Structural Independence,Complex Implementation,Tough to handle many-many relationship,All of the above,D,"The limitations in Hierarchical Database Model are that it lacks structural independence, complex implementation and tough to handle many-many relationships, etc.",medium,web:Includehelp.com https://www.includehelp.com/mcq/dbms-databases-types-multiple-choice-questions-mcqs-and-answers-1.aspx,
DBMS & SQL,DBMS Databases & Types Multiple-Choice Questions (MCQs) and Answers | Set 1,_____ (IDS) was the first database management system developed by Charles Bachman at Honeywell.,Integrated Data System,Integrated Database System,Integrated Database Store,Integrated Data Store,D,Integrated Data Store (IDS) was the first database management system developed by Charles Bachman at Honeywell.,medium,web:Includehelp.com https://www.includehelp.com/mcq/dbms-databases-types-multiple-choice-questions-mcqs-and-answers-1.aspx,
DBMS & SQL,DBMS Databases & Types Multiple-Choice Questions (MCQs) and Answers | Set 1,Which of the following is a component in Network data Model?,Network Schema,Sub-schema,Data Management,All of the above,D,"The components in Network data Model are –
 Network Schema
 Sub-schema
 Data Management",medium,web:Includehelp.com https://www.includehelp.com/mcq/dbms-databases-types-multiple-choice-questions-mcqs-and-answers-1.aspx,
DBMS & SQL,DBMS Databases & Types Multiple-Choice Questions (MCQs) and Answers | Set 1,Which of the following is a limitation in Network data Model?,Simple,Difficult design,Low-maintenance,Low-cost,B,One of the limitations in Network data Model is that it is difficult to design.,medium,web:Includehelp.com https://www.includehelp.com/mcq/dbms-databases-types-multiple-choice-questions-mcqs-and-answers-1.aspx,
DBMS & SQL,DBMS Databases & Types Multiple-Choice Questions (MCQs) and Answers | Set 1,What is the main terminology in relational database model?,Instance,Schema,Both A. and B.,None of the above,C,The main terminology in relational database model is instance and schema.,medium,web:Includehelp.com https://www.includehelp.com/mcq/dbms-databases-types-multiple-choice-questions-mcqs-and-answers-1.aspx,
DBMS & SQL,DBMS Databases & Types Multiple-Choice Questions (MCQs) and Answers | Set 1,What is TRUE about relational database model?,Set theory and predicate logic are used in this model.,"Relational databases were replaced by many other models such as object-oriented models, object-relational models, and others during the era of the relational database.",There are two main terms used in a relational database model: instance and schema.,All of the above,D,"The following statements are TRUE about relational database model:
 Set theory and predicate logic are used in this model.
 Relational databases were replaced by many other models such as object-oriented models, object-relational models, and others during the era of the relational database.
 There are two main terms used in a relational database model: instance and schema.",medium,web:Includehelp.com https://www.includehelp.com/mcq/dbms-databases-types-multiple-choice-questions-mcqs-and-answers-1.aspx,
DBMS & SQL,DBMS Databases & Types Multiple-Choice Questions (MCQs) and Answers | Set 1,"The ____ platform facilitates the storage, management, and retrieval of structured, unstructured data.",Storage,Management,Structure,Cloud,D,"The cloud platform facilitates the storage, management, and retrieval of structured, unstructured data.",medium,web:Includehelp.com https://www.includehelp.com/mcq/dbms-databases-types-multiple-choice-questions-mcqs-and-answers-1.aspx,
DBMS & SQL,DBMS Databases & Types Multiple-Choice Questions (MCQs) and Answers | Set 1,A cloud database can also be referred to as a _____ (DBaaS).,Data as a Service,Database as a Service,Database as a System,Data as a System,B,A cloud database can also be referred to as a database as a service (DBaaS).,medium,web:Includehelp.com https://www.includehelp.com/mcq/dbms-databases-types-multiple-choice-questions-mcqs-and-answers-1.aspx,
DBMS & SQL,DBMS Databases & Types Multiple-Choice Questions (MCQs) and Answers | Set 1,Which of the following is a cloud database?,Amazon Web Services,Snowflake Computing,Google cloud spanner,All of the above,D,"The following are cloud database:
 Amazon Web Services
 Snowflake Computing
 Google cloud spanner
 Oracle Database Cloud Services
 Microsoft SQL Server",medium,web:Includehelp.com https://www.includehelp.com/mcq/dbms-databases-types-multiple-choice-questions-mcqs-and-answers-1.aspx,
DBMS & SQL,DBMS Databases & Types Multiple-Choice Questions (MCQs) and Answers | Set 1,What is the advantage of Cloud database?,Higher Cost,Automated,Decreased Accessibility,All of the above,B,One of the advantages of Cloud database is that it is automated.,medium,web:Includehelp.com https://www.includehelp.com/mcq/dbms-databases-types-multiple-choice-questions-mcqs-and-answers-1.aspx,
DBMS & SQL,DBMS Databases & Types Multiple-Choice Questions (MCQs) and Answers | Set 1,NoSQL stands for –,No SQL,Not SQL,Not only SQL,None SQL,D,NoSQL stands for Not only SQL.,medium,web:Includehelp.com https://www.includehelp.com/mcq/dbms-databases-types-multiple-choice-questions-mcqs-and-answers-1.aspx,
DBMS & SQL,DBMS Databases & Types Multiple-Choice Questions (MCQs) and Answers | Set 2,Which of the following is Document-based example of NoSQL database system?,HBase,Redis,Cloudant,Accumulo,C,The document-based example of NoSQL database system is Cloudant.,medium,web:Includehelp.com https://www.includehelp.com/mcq/dbms-databases-types-multiple-choice-questions-mcqs-and-answers-2.aspx,
DBMS & SQL,DBMS Databases & Types Multiple-Choice Questions (MCQs) and Answers | Set 2,Which of the following is key-value store NoSQL database system?,HBase,MongoDB,Redis,Accumulo,C,"Redis is key-value store NoSQL database system. Alongwith Redis, other key-value store NoSQL database system are Memcached and Coherence.",medium,web:Includehelp.com https://www.includehelp.com/mcq/dbms-databases-types-multiple-choice-questions-mcqs-and-answers-2.aspx,
DBMS & SQL,DBMS Databases & Types Multiple-Choice Questions (MCQs) and Answers | Set 2,What is an advantage of NoSQL?,Open Source,Backup,High Scalability,GUI is not available,C,There are 2 advantages of NoSQL – High Scalability and High Availability.,medium,web:Includehelp.com https://www.includehelp.com/mcq/dbms-databases-types-multiple-choice-questions-mcqs-and-answers-2.aspx,
DBMS & SQL,DBMS Databases & Types Multiple-Choice Questions (MCQs) and Answers | Set 2,What is/are the disadvantage(s) of NoSQL?,Open Source,GUI is not available,Backup,All of the above,D,"There are 4 disadvantages of NoSQL –
 Open Source
 GUI is not available
 Backup
 Management Challenge",medium,web:Includehelp.com https://www.includehelp.com/mcq/dbms-databases-types-multiple-choice-questions-mcqs-and-answers-2.aspx,
DBMS & SQL,DBMS Databases & Types Multiple-Choice Questions (MCQs) and Answers | Set 2,"In the event of any failure, auto-_____ restores the database to its previous consistent state.",Indentation,Replication,Enhancement,Storage,B,"In the event of any failure, auto-replication restores the database to its previous consistent state.",medium,web:Includehelp.com https://www.includehelp.com/mcq/dbms-databases-types-multiple-choice-questions-mcqs-and-answers-2.aspx,
DBMS & SQL,DBMS Databases & Types Multiple-Choice Questions (MCQs) and Answers | Set 2,Object-oriented database is an alternative implementation of ______model.,Logical,Cross,Relational,Linear,C,Object-oriented database is an alternative implementation of Relational model.,medium,web:Includehelp.com https://www.includehelp.com/mcq/dbms-databases-types-multiple-choice-questions-mcqs-and-answers-2.aspx,
DBMS & SQL,DBMS Databases & Types Multiple-Choice Questions (MCQs) and Answers | Set 2,Which among the following is a property of Object-oriented programming?,Atomicity,Objects,Durability,Concurrency,B,Objects is a property of Object-oriented programming.,medium,web:Includehelp.com https://www.includehelp.com/mcq/dbms-databases-types-multiple-choice-questions-mcqs-and-answers-2.aspx,
DBMS & SQL,DBMS Databases & Types Multiple-Choice Questions (MCQs) and Answers | Set 2,Which among the following is a property of Relational Model?,Classes,Inheritance,Query Processing,Encapsulation,C,Query Processing is a property of Relational Model.,medium,web:Includehelp.com https://www.includehelp.com/mcq/dbms-databases-types-multiple-choice-questions-mcqs-and-answers-2.aspx,
DBMS & SQL,DBMS Databases & Types Multiple-Choice Questions (MCQs) and Answers | Set 2,What is TRUE about DBMS?,"Database management systems (DBMS) provide interfaces that enable operations such as creation, deletion, and modification.",The DBMS allows the user to design their databases according to their requirements.,"By using the operating system, DBMS provides the application with specific data.",All of the above,D,"In DBMS –
 Database management systems (DBMS) provide interfaces that enable operations such as creation, deletion, and modification.
 The DBMS allows the user to design their databases according to their requirements.
 By using the operating system, DBMS provides the application with specific data.",medium,web:Includehelp.com https://www.includehelp.com/mcq/dbms-databases-types-multiple-choice-questions-mcqs-and-answers-2.aspx,
DBMS & SQL,DBMS Databases & Types Multiple-Choice Questions (MCQs) and Answers | Set 2,Which of the following is an advantage of DBMS?,Controls Redundancy,Data Sharing,Backup,All of the above,D,"The advantages of DBMS are –
 Controls Redundancy
 Data Sharing
 Backup
 Multiple user interfaces",medium,web:Includehelp.com https://www.includehelp.com/mcq/dbms-databases-types-multiple-choice-questions-mcqs-and-answers-2.aspx,
DBMS & SQL,DBMS Databases & Types Multiple-Choice Questions (MCQs) and Answers | Set 2,What is the full form of RDBMS?,Rotational Database Management System,Relational Database Management System,Retention Database Management System,Replication Database Management System,B,The full form of RDBMS is Relational Database Management System.,medium,web:Includehelp.com https://www.includehelp.com/mcq/dbms-databases-types-multiple-choice-questions-mcqs-and-answers-2.aspx,
DBMS & SQL,DBMS Databases & Types Multiple-Choice Questions (MCQs) and Answers | Set 2,Which of the following component is NOT present in Relational Database?,Instance,Schema,Keys,None of the above,D,"The following components are present in Relational Database –
 Table
 Record
 Field
 Instance
 Schema
 Keys",medium,web:Includehelp.com https://www.includehelp.com/mcq/dbms-databases-types-multiple-choice-questions-mcqs-and-answers-2.aspx,
DBMS & SQL,DBMS Databases & Types Multiple-Choice Questions (MCQs) and Answers | Set 2,Graph Database is a ____ Database.,SQL,NoSQL,SQL & NoSQL,None of the above,B,Graph Database is a NoSQL Database.,medium,web:Includehelp.com https://www.includehelp.com/mcq/dbms-databases-types-multiple-choice-questions-mcqs-and-answers-2.aspx,
DBMS & SQL,DBMS Databases & Types Multiple-Choice Questions (MCQs) and Answers | Set 2,Which of the following is present in Graph Database?,Node,Edge,Both A. and B.,None of the above,C,Graph Database contains Nodes and Edges.,medium,web:Includehelp.com https://www.includehelp.com/mcq/dbms-databases-types-multiple-choice-questions-mcqs-and-answers-2.aspx,
DBMS & SQL,DBMS Databases & Types Multiple-Choice Questions (MCQs) and Answers | Set 2,"______ represent entities, and _____ represent relationships between edges.","Edges, Nodes","Nodes, Relations","Relations, Nodes","Nodes, Edges",D,"Nodes represent entities, and edges represent relationships between edges.",medium,web:Includehelp.com https://www.includehelp.com/mcq/dbms-databases-types-multiple-choice-questions-mcqs-and-answers-2.aspx,
DBMS & SQL,DBMS Databases & Types Multiple-Choice Questions (MCQs) and Answers | Set 2,Graph databases contain nodes that represent unique _____.,Identities,Information,Inference,Identifier,D,Graph databases contain nodes that represent unique identifiers.,medium,web:Includehelp.com https://www.includehelp.com/mcq/dbms-databases-types-multiple-choice-questions-mcqs-and-answers-2.aspx,
DBMS & SQL,DBMS Databases & Types Multiple-Choice Questions (MCQs) and Answers | Set 2,Field in Relational Database can also be termed as –,Column name,Attribute,Both A. and B.,None of the above,C,Field in Relational Database can also be termed as Column name and Attribute.,medium,web:Includehelp.com https://www.includehelp.com/mcq/dbms-databases-types-multiple-choice-questions-mcqs-and-answers-2.aspx,
DBMS & SQL,DBMS Databases & Types Multiple-Choice Questions (MCQs) and Answers | Set 2,Record is also known as –,Column,Tuple,Schema,Key,B,Record is also known as Tuple.,medium,web:Includehelp.com https://www.includehelp.com/mcq/dbms-databases-types-multiple-choice-questions-mcqs-and-answers-2.aspx,
DBMS & SQL,DBMS Databases & Types Multiple-Choice Questions (MCQs) and Answers | Set 3,What is Centralized Database?,These databases store information in a central location.,These databases store information in a decentral location.,These databases store information in a left location.,These databases store information in a right location.,A,These databases store information in a central location.,medium,web:Includehelp.com https://www.includehelp.com/mcq/dbms-databases-types-multiple-choice-questions-mcqs-and-answers-3.aspx,
DBMS & SQL,DBMS Databases & Types Multiple-Choice Questions (MCQs) and Answers | Set 3,What is the advantage of Centralized Database?,"As a result of the large size of the centralized database, fetching the data takes a long time.","Because data is managed in a central repository, consistency is maintained.",An extensive database system is difficult to update.,"A server failure could result in the loss of all data, which is a huge loss.",B,"Because data is managed in a central repository, consistency is maintained.",medium,web:Includehelp.com https://www.includehelp.com/mcq/dbms-databases-types-multiple-choice-questions-mcqs-and-answers-3.aspx,
DBMS & SQL,DBMS Databases & Types Multiple-Choice Questions (MCQs) and Answers | Set 3,What is the disadvantage of Centralized Database?,"As a result of the large size of the centralized database, fetching the data takes a long time.",An extensive database system is difficult to update.,"A server failure could result in the loss of all data, which is a huge loss.",All of the above,D,"The disadvantages of Centralized Database are –
 As a result of the large size of the centralized database, fetching the data takes a long time.
 An extensive database system is difficult to update.
 A server failure could result in the loss of all data, which is a huge loss.",medium,web:Includehelp.com https://www.includehelp.com/mcq/dbms-databases-types-multiple-choice-questions-mcqs-and-answers-3.aspx,
DBMS & SQL,DBMS Databases & Types Multiple-Choice Questions (MCQs) and Answers | Set 3,What is an example of Distributed Database?,HBase,Ignite,Apache,All of the above,D,"HBase, Ignite, Apache are all examples of Distributed Database.",medium,web:Includehelp.com https://www.includehelp.com/mcq/dbms-databases-types-multiple-choice-questions-mcqs-and-answers-3.aspx,
DBMS & SQL,DBMS Databases & Types Multiple-Choice Questions (MCQs) and Answers | Set 3,What is a Homogeneous DDB?,"Database systems running on these platforms are running on the same operating system, using the same application protocol, and using similar hardware.","Database systems on these platforms operate on different operating systems and use different application protocols, as well as different hardware.","Database systems running on these platforms are running on the different operating system, using the same application protocol, and using similar hardware.","Database systems on these platforms operate on same operating systems and use different application protocols, as well as different hardware.",A,"Database systems running on these platforms are running on the same operating system, using the same application protocol, and using similar hardware.",medium,web:Includehelp.com https://www.includehelp.com/mcq/dbms-databases-types-multiple-choice-questions-mcqs-and-answers-3.aspx,
DBMS & SQL,DBMS Databases & Types Multiple-Choice Questions (MCQs) and Answers | Set 3,"Database systems on ____ operate on different operating systems and use different application protocols, as well as different hardware.",Homogeneous DDB,Heterogeneous DDB,DDB,None of the above,B,"Database systems on heterogeneous DDB operate on different operating systems and use different application protocols, as well as different hardware.",medium,web:Includehelp.com https://www.includehelp.com/mcq/dbms-databases-types-multiple-choice-questions-mcqs-and-answers-3.aspx,
DBMS & SQL,DBMS Databases & Types Multiple-Choice Questions (MCQs) and Answers | Set 3,What is the advantage of Distributed Database?,"The distributed database can be developed in a modular way, that is, new computers can be added to the system, and they can be connected to the system.",There will be no impact on the data set if one server fails.,Both A. and B.,None of the above,C,"The advantages of Distributed Database are –
 The distributed database can be developed in a modular way, that is, new computers can be added to the system, and they can be connected to the system.
 There will be no impact on the data set if one server fails.",medium,web:Includehelp.com https://www.includehelp.com/mcq/dbms-databases-types-multiple-choice-questions-mcqs-and-answers-3.aspx,
DBMS & SQL,DBMS Databases & Types Multiple-Choice Questions (MCQs) and Answers | Set 3,What is TRUE about Relational Database?,"Relational databases store information in rows (tuples) and columns (attributes), which create tables (relations).","Data is stored, manipulated, and maintained using SQL in a relational database",Tables in the database contain unique keys that identify them from other tables.,All of the above,D,"The following statements are TRUE about Relational Database –
 Relational databases store information in rows (tuples) and columns (attributes), which create tables (relations).
 Data is stored, manipulated, and maintained using SQL in a relational database
 Tables in the database contain unique keys that identify them from other tables.",medium,web:Includehelp.com https://www.includehelp.com/mcq/dbms-databases-types-multiple-choice-questions-mcqs-and-answers-3.aspx,
DBMS & SQL,DBMS Databases & Types Multiple-Choice Questions (MCQs) and Answers | Set 3,What is the short form of properties in Relational Database?,ADEC,ADID,ACIE,ACID,D,"There are four properties in Relational Database known as ACID in short, i.e., Atomicity, Consistency, Isolation and Durability.",medium,web:Includehelp.com https://www.includehelp.com/mcq/dbms-databases-types-multiple-choice-questions-mcqs-and-answers-3.aspx,
DBMS & SQL,"RDBMS, DBMS vs RDBMS Multiple-Choice Questions (MCQs)",What is an example of RDBMS?,SQL,MS SQL Server,IBM DB2,All of the above,D,"There are various RDBMS such as SQL, MS SQL Server, IBM DB2, My-SQL, Microsoft Access and Oracle.",medium,web:Includehelp.com https://www.includehelp.com/mcq/rdbms-dbms-vs-rdbms-multiple-choice-questions-mcqs-and-answers.aspx,
DBMS & SQL,"RDBMS, DBMS vs RDBMS Multiple-Choice Questions (MCQs)",What is TRUE about RDBMS?,Representation of data is done in form of Column.,Every table contains its own candidate key.,There is a collection of organized set of tables.,It is uncommonly used database.,C,"In the RDBMS, there is a collection of organized set of tables.",medium,web:Includehelp.com https://www.includehelp.com/mcq/rdbms-dbms-vs-rdbms-multiple-choice-questions-mcqs-and-answers.aspx,
DBMS & SQL,"RDBMS, DBMS vs RDBMS Multiple-Choice Questions (MCQs)",A small entity that contains the specific information of each record in the table is known as ____.,Row,Column,Field,Record,C,A small entity that contains the specific information of each record in the table is known as Field.,medium,web:Includehelp.com https://www.includehelp.com/mcq/rdbms-dbms-vs-rdbms-multiple-choice-questions-mcqs-and-answers.aspx,
DBMS & SQL,"RDBMS, DBMS vs RDBMS Multiple-Choice Questions (MCQs)",Row of table is also called as ____.,Tuple,Record,Column,Field,B,Row of table is also called as Record.,medium,web:Includehelp.com https://www.includehelp.com/mcq/rdbms-dbms-vs-rdbms-multiple-choice-questions-mcqs-and-answers.aspx,
DBMS & SQL,"RDBMS, DBMS vs RDBMS Multiple-Choice Questions (MCQs)",A record is a ____ entity in the table.,Horizontal,Vertical,Header,Footer,A,A record is a horizontal entity in the table.,medium,web:Includehelp.com https://www.includehelp.com/mcq/rdbms-dbms-vs-rdbms-multiple-choice-questions-mcqs-and-answers.aspx,
DBMS & SQL,"RDBMS, DBMS vs RDBMS Multiple-Choice Questions (MCQs)",Column is a ____ entity of the table.,Horizontal,Vertical,Header,Footer,B,Column is a Vertical entity of the table.,medium,web:Includehelp.com https://www.includehelp.com/mcq/rdbms-dbms-vs-rdbms-multiple-choice-questions-mcqs-and-answers.aspx,
DBMS & SQL,"RDBMS, DBMS vs RDBMS Multiple-Choice Questions (MCQs)",Column contains all the information that are associated to specific ______in the table.,Field,Row,Record,Tuple,A,Column contains all the information that are associated to specific field in the table.,medium,web:Includehelp.com https://www.includehelp.com/mcq/rdbms-dbms-vs-rdbms-multiple-choice-questions-mcqs-and-answers.aspx,
DBMS & SQL,"RDBMS, DBMS vs RDBMS Multiple-Choice Questions (MCQs)",What does NULL value specify in RDBMS?,The field is set to Zero,The field is set to Infinite,The field is left blank,The field is set to Whole Number,C,Null value specifies that the field is left blank.,medium,web:Includehelp.com https://www.includehelp.com/mcq/rdbms-dbms-vs-rdbms-multiple-choice-questions-mcqs-and-answers.aspx,
DBMS & SQL,"RDBMS, DBMS vs RDBMS Multiple-Choice Questions (MCQs)",Which of the following comes under the category of Data Integrity in RDBMS?,Entity,Domain,Referential,All of the above,D,"The following categories are there in Data Integrity in RDBMS:
 Entity
 Domain
 Referential
 User-defined",medium,web:Includehelp.com https://www.includehelp.com/mcq/rdbms-dbms-vs-rdbms-multiple-choice-questions-mcqs-and-answers.aspx,
DBMS & SQL,"RDBMS, DBMS vs RDBMS Multiple-Choice Questions (MCQs)",Which category of data integrity states that no duplicate rows should be there in a table?,User-defined,Referential,Entity,Domain,C,Entity integrity states that no duplicate rows should be there in a table.,medium,web:Includehelp.com https://www.includehelp.com/mcq/rdbms-dbms-vs-rdbms-multiple-choice-questions-mcqs-and-answers.aspx,
DBMS & SQL,"RDBMS, DBMS vs RDBMS Multiple-Choice Questions (MCQs)",What is TRUE about Referential Integrity?,It states that rows can't be deleted,It states that rows can be deleted,It states that columns can't be deleted,It states that columns can be deleted,A,"Referential Integrity states that those rows that are used by other records, can't be deleted.",medium,web:Includehelp.com https://www.includehelp.com/mcq/rdbms-dbms-vs-rdbms-multiple-choice-questions-mcqs-and-answers.aspx,
DBMS & SQL,"RDBMS, DBMS vs RDBMS Multiple-Choice Questions (MCQs)",RDBMS applications stores data ____.,In tabular form,As file,Both a and b,None of the above,A,RDBMS applications stores data in tabular form.,medium,web:Includehelp.com https://www.includehelp.com/mcq/rdbms-dbms-vs-rdbms-multiple-choice-questions-mcqs-and-answers.aspx,
DBMS & SQL,"RDBMS, DBMS vs RDBMS Multiple-Choice Questions (MCQs)",In what format data is stored in DBMS?,Hierarchal form,Navigational form,Both A. and B.,None of the above,C,Data is stored in both hierarchal or navigational form in DBMS.,medium,web:Includehelp.com https://www.includehelp.com/mcq/rdbms-dbms-vs-rdbms-multiple-choice-questions-mcqs-and-answers.aspx,
DBMS & SQL,"RDBMS, DBMS vs RDBMS Multiple-Choice Questions (MCQs)",Normalization is not present in ______.,DBMS,RDBMS,Both A. and B.,None of the above,A,Normalization is not present in DBMS.,medium,web:Includehelp.com https://www.includehelp.com/mcq/rdbms-dbms-vs-rdbms-multiple-choice-questions-mcqs-and-answers.aspx,
DBMS & SQL,"RDBMS, DBMS vs RDBMS Multiple-Choice Questions (MCQs)",How many integrity constraints are there in RDBMS?,3,4,5,6,B,There are 4 integrity constraints in RDBMS.,medium,web:Includehelp.com https://www.includehelp.com/mcq/rdbms-dbms-vs-rdbms-multiple-choice-questions-mcqs-and-answers.aspx,
DBMS & SQL,"RDBMS, DBMS vs RDBMS Multiple-Choice Questions (MCQs)",In DBMS –,There is no relation between the tables,There is relation between the tables,There is custom relation between the databases,There is data value relation between the databases,B,In DBMS there is relations between the tables.,medium,web:Includehelp.com https://www.includehelp.com/mcq/rdbms-dbms-vs-rdbms-multiple-choice-questions-mcqs-and-answers.aspx,
DBMS & SQL,"RDBMS, DBMS vs RDBMS Multiple-Choice Questions (MCQs)",Distributed database is supported by –,RDBMS,DBMS,Both RDBMS & DBMS,Neither RDBMS nor DBMS,A,Distributed database is supported by RDBMS.,medium,web:Includehelp.com https://www.includehelp.com/mcq/rdbms-dbms-vs-rdbms-multiple-choice-questions-mcqs-and-answers.aspx,
DBMS & SQL,"RDBMS, DBMS vs RDBMS Multiple-Choice Questions (MCQs)",RDBMS supports ______ users.,One,Two,None,Multiple,D,RDBMS supports multiple users.,medium,web:Includehelp.com https://www.includehelp.com/mcq/rdbms-dbms-vs-rdbms-multiple-choice-questions-mcqs-and-answers.aspx,
DBMS & SQL,"RDBMS, DBMS vs RDBMS Multiple-Choice Questions (MCQs)",DBMS deals with _____ amount of data.,Large,Small,Custom,None,B,DBMS deals with small amount of data.,medium,web:Includehelp.com https://www.includehelp.com/mcq/rdbms-dbms-vs-rdbms-multiple-choice-questions-mcqs-and-answers.aspx,
DBMS & SQL,DBMS Architecture Multiple-Choice Questions (MCQs),How many types of DBMS architectures are there?,1,2,3,4,C,"There are three types of DBMS architectures, i.e., 1, 2 and 3-tier architectures.",medium,web:Includehelp.com https://www.includehelp.com/mcq/dbms-architecture-multiple-choice-questions-mcqs-and-answers.aspx,
DBMS & SQL,DBMS Architecture Multiple-Choice Questions (MCQs),What is TRUE about 1-tier architecture?,It is directly not available to the user,Changes are not done on the database,No handy tool is provided for the end user,It is not used for the development of local application,C,No handy tool is provided for the end user in 1-tier architecture.,medium,web:Includehelp.com https://www.includehelp.com/mcq/dbms-architecture-multiple-choice-questions-mcqs-and-answers.aspx,
DBMS & SQL,DBMS Architecture Multiple-Choice Questions (MCQs),Basic client-server model is similar to –,2-tier architecture,3-tier architecture,4-tier architecture,5-tier architecture,A,Basic client-server model is similar to 2-tier architecture.,medium,web:Includehelp.com https://www.includehelp.com/mcq/dbms-architecture-multiple-choice-questions-mcqs-and-answers.aspx,
DBMS & SQL,DBMS Architecture Multiple-Choice Questions (MCQs),Which API is used for the interaction in 2-tier architecture?,ODBC,JDBC,Both A. and B.,None of the above,C,"APIs like ODBC, JDBC are used for the interaction in 2-tier architecture.",medium,web:Includehelp.com https://www.includehelp.com/mcq/dbms-architecture-multiple-choice-questions-mcqs-and-answers.aspx,
DBMS & SQL,DBMS Architecture Multiple-Choice Questions (MCQs),What is done through client-side in the 2-tier architecture?,Running of user interfaces and application program,To provide query processing and transaction management functionalities,Establish a connection with the other side,Both A. and C.,D,"Through the client-side in the 2-tier architecture –
 Running of user interfaces and application program
 Establish a connection with the other side",medium,web:Includehelp.com https://www.includehelp.com/mcq/dbms-architecture-multiple-choice-questions-mcqs-and-answers.aspx,
DBMS & SQL,DBMS Architecture Multiple-Choice Questions (MCQs),"In which architecture, another layer is there between client and server?",1-tier architecture,2-tier architecture,3-tier architecture,4-tier architecture,C,"In 3-tier architecture, another layer is there between client and server.",medium,web:Includehelp.com https://www.includehelp.com/mcq/dbms-architecture-multiple-choice-questions-mcqs-and-answers.aspx,
DBMS & SQL,DBMS Architecture Multiple-Choice Questions (MCQs),"In which architecture, client can't directly communicate with the server?",1-tier architecture,2-tier architecture,3-tier architecture,None of the above,C,"In 3-tier architecture, client can't directly communicate with the server.",medium,web:Includehelp.com https://www.includehelp.com/mcq/dbms-architecture-multiple-choice-questions-mcqs-and-answers.aspx,
DBMS & SQL,DBMS Architecture Multiple-Choice Questions (MCQs),What is present in Server but not in Client?,Database,Application Server,User,None,A,Database is present at the server side.,medium,web:Includehelp.com https://www.includehelp.com/mcq/dbms-architecture-multiple-choice-questions-mcqs-and-answers.aspx,
DBMS & SQL,DBMS Architecture Multiple-Choice Questions (MCQs),3-tier architecture is used in –,Large web application,Small web application,Both large and small web application,Neither small nor large web application,A,3-tier architecture is used in large web applications.,medium,web:Includehelp.com https://www.includehelp.com/mcq/dbms-architecture-multiple-choice-questions-mcqs-and-answers.aspx,
DBMS & SQL,DBMS Architecture Multiple-Choice Questions (MCQs),What is three schema architecture also known as?,ANSI/SPARC architecture,Three-level architecture,Both A. and B.,None of the above,C,Three schema architecture is also known as ANSI/SPARC architecture or three-level architecture.,medium,web:Includehelp.com https://www.includehelp.com/mcq/dbms-architecture-multiple-choice-questions-mcqs-and-answers.aspx,
DBMS & SQL,DBMS Architecture Multiple-Choice Questions (MCQs),What is TRUE about three schema architecture?,A specific database system is described by this framework.,Separating user applications from physical databases is also achieved by using the three-schema architecture.,"Based on this architecture, there are three tiers. Three different categories are identified for the database.",All of the above,D,"Three schema architecture is –
 A specific database system is described by this framework.
 Separating user applications from physical databases is also achieved by using the three-schema architecture.
 Based on this architecture, there are three tiers. Three different categories are identified for the database.",medium,web:Includehelp.com https://www.includehelp.com/mcq/dbms-architecture-multiple-choice-questions-mcqs-and-answers.aspx,
DBMS & SQL,DBMS Architecture Multiple-Choice Questions (MCQs),Requests and responses are transformed using ________ between different database layers.,Mapping,Deflection,Taping,Reflection,A,Requests and responses are transformed using mapping between different database layers.,medium,web:Includehelp.com https://www.includehelp.com/mcq/dbms-architecture-multiple-choice-questions-mcqs-and-answers.aspx,
DBMS & SQL,DBMS Architecture Multiple-Choice Questions (MCQs),"For _____ mapping, the request must be transformed from external level to conceptual level.",External,Conceptual,Internal,Both A. and B.,D,"For External / Conceptual mapping, the request must be transformed from external level to conceptual level.",medium,web:Includehelp.com https://www.includehelp.com/mcq/dbms-architecture-multiple-choice-questions-mcqs-and-answers.aspx,
DBMS & SQL,DBMS Architecture Multiple-Choice Questions (MCQs),DBMS transform requests from the conceptual to the internal level through ____ mapping.,External,Internal,Hidden,External / Conceptual,B,DBMS transform requests from the conceptual to the internal level through Conceptual / Internal mapping.,medium,web:Includehelp.com https://www.includehelp.com/mcq/dbms-architecture-multiple-choice-questions-mcqs-and-answers.aspx,
DBMS & SQL,DBMS Architecture Multiple-Choice Questions (MCQs),An important objective of a ___ is to make sure each user has a customized view of the same data while only storing the underlying information once.,One-level architecture,Two-level architecture,Three-level architecture,Four-level architecture,C,An important objective of a three-level architecture is to make sure each user has a customized view of the same data while only storing the underlying information once.,medium,web:Includehelp.com https://www.includehelp.com/mcq/dbms-architecture-multiple-choice-questions-mcqs-and-answers.aspx,
DBMS & SQL,DBMS Architecture Multiple-Choice Questions (MCQs),"By using three schemas, the database structure can be separated from the user's view. What's the reason behind the same?",The same data needs to be viewed differently by different users.,Data access needs may change over time for a particular user.,The same data should be available to all users based on their needs.,All of the above,D,"By using three schemas, the database structure can be separated from the user's view. The reason behind the same –
 The same data needs to be viewed differently by different users.
 Data access needs may change over time for a particular user.
 The same data should be available to all users based on their needs.",medium,web:Includehelp.com https://www.includehelp.com/mcq/dbms-architecture-multiple-choice-questions-mcqs-and-answers.aspx,
DBMS & SQL,DBMS Architecture Multiple-Choice Questions (MCQs),Which Schema is also known as Physical Schema?,Internal,Conceptual,External,None,A,Internal Schema is also known as Physical Schema.,medium,web:Includehelp.com https://www.includehelp.com/mcq/dbms-architecture-multiple-choice-questions-mcqs-and-answers.aspx,
DBMS & SQL,DBMS Architecture Multiple-Choice Questions (MCQs),What is TRUE about internal level?,An internal database structure is described by its external schema.,Intangible data model is used.,"In a block, it determines how data is stored.",Simple low-level data structures are described at the physical level in detail.,C,"In a block, internal level determines how data is stored.",medium,web:Includehelp.com https://www.includehelp.com/mcq/dbms-architecture-multiple-choice-questions-mcqs-and-answers.aspx,
DBMS & SQL,DBMS Architecture Multiple-Choice Questions (MCQs),What is internal level concerned with?,Access Paths,Storage Space Allocations,Data Compression,All of the above,D,"Internal level is concerned with –
 Access Paths
 Storage Space Allocations
 Data Compression
 Encryption Techniques
 Internal structures optimization
 Stored fields representation",medium,web:Includehelp.com https://www.includehelp.com/mcq/dbms-architecture-multiple-choice-questions-mcqs-and-answers.aspx,
DBMS & SQL,DBMS Architecture Multiple-Choice Questions (MCQs),__________ schemas describe the structure of a database from a conceptual perspective.,Internal,Conceptual,External,None,B,Conceptual schemas describe the structure of a database from a conceptual perspective.,medium,web:Includehelp.com https://www.includehelp.com/mcq/dbms-architecture-multiple-choice-questions-mcqs-and-answers.aspx,
DBMS & SQL,DBMS Architecture Multiple-Choice Questions (MCQs),Conceptual level is also termed as __________ level.,Physical,Logical,Rational,Transitional,B,Conceptual level is also termed as Logical level.,medium,web:Includehelp.com https://www.includehelp.com/mcq/dbms-architecture-multiple-choice-questions-mcqs-and-answers.aspx,
DBMS & SQL,DBMS Architecture Multiple-Choice Questions (MCQs),What is TRUE about Conceptual level?,Describes how the entire database is structured conceptually.,"Conceptually, a database describes what data will be stored in it and what relationships exist among them.",Details of internal implementation such as a data structure are hidden at the conceptual level.,All of the above,D,"In conceptual level –
 Describes how the entire database is structured conceptually.
 Conceptually, a database describes what data will be stored in it and what relationships exist among them.
 Details of internal implementation such as a data structure are hidden at the conceptual level.",medium,web:Includehelp.com https://www.includehelp.com/mcq/dbms-architecture-multiple-choice-questions-mcqs-and-answers.aspx,
DBMS & SQL,DBMS Architecture Multiple-Choice Questions (MCQs),Who exactly works at the Conceptual level?,Programmers,Database Administrators,Both A. and B.,None of the above,C,Both programmers and database administrators work at the Conceptual level.,medium,web:Includehelp.com https://www.includehelp.com/mcq/dbms-architecture-multiple-choice-questions-mcqs-and-answers.aspx,
DBMS & SQL,DBMS Architecture Multiple-Choice Questions (MCQs),What is an external level also known as –,Physical,Logical,View,Rational,C,External level is also known as View.,medium,web:Includehelp.com https://www.includehelp.com/mcq/dbms-architecture-multiple-choice-questions-mcqs-and-answers.aspx,
DBMS & SQL,DBMS Architecture Multiple-Choice Questions (MCQs),There are several schemas in a database that sometimes are referred to as ___________ on the external level.,Schema,Superschema,Subschema,Adschema,C,There are several schemas in a database that sometimes are referred to as subschema on the external level,medium,web:Includehelp.com https://www.includehelp.com/mcq/dbms-architecture-multiple-choice-questions-mcqs-and-answers.aspx,
DBMS & SQL,DBMS Architecture Multiple-Choice Questions (MCQs),"In view schemas, a particular _______ group can view only the database parts that are relevant to them while hiding the rest of the database.",Admin,User,Employee,Team,B,"In view schemas, a particular user group can view only the database parts that are relevant to them while hiding the rest of the database.",medium,web:Includehelp.com https://www.includehelp.com/mcq/dbms-architecture-multiple-choice-questions-mcqs-and-answers.aspx,
DBMS & SQL,DBMS Architecture Multiple-Choice Questions (MCQs),_____ User interaction with a database system is described by the view schema.,End,Inter,Front,Back,A,End-User interaction with a database system is described by the view schema.,medium,web:Includehelp.com https://www.includehelp.com/mcq/dbms-architecture-multiple-choice-questions-mcqs-and-answers.aspx,
DBMS & SQL,DBMS Architecture Multiple-Choice Questions (MCQs),____________ are what connects the three types of schema within the DBMS.,Mapping,Copying,Layering,Breaking,A,Mappings are what connect the three types of schemas within the DBMS.,medium,web:Includehelp.com https://www.includehelp.com/mcq/dbms-architecture-multiple-choice-questions-mcqs-and-answers.aspx,
DBMS & SQL,DBMS Architecture Multiple-Choice Questions (MCQs),How many types of mapping are there in database architecture?,1,2,3,4,B,"There are only 2 types of mapping in database architecture, i.e., Conceptual/Internal and External/Conceptual Mapping.",medium,web:Includehelp.com https://www.includehelp.com/mcq/dbms-architecture-multiple-choice-questions-mcqs-and-answers.aspx,
DBMS & SQL,DBMS Data Models Multiple-Choice Questions (MCQs),How many types of data models are there?,1,2,3,4,D,There are four types of data models.,medium,web:Includehelp.com https://www.includehelp.com/mcq/dbms-data-models-multiple-choice-questions-mcqs-and-answers.aspx,
DBMS & SQL,DBMS Data Models Multiple-Choice Questions (MCQs),Which of the following is not the type of the data model?,Relational Data Model,Semi-structured data Model,Entity-Relationship Model,Process-based Data Model,D,Process-based Data Model does not come under the type of data models.,medium,web:Includehelp.com https://www.includehelp.com/mcq/dbms-data-models-multiple-choice-questions-mcqs-and-answers.aspx,
DBMS & SQL,DBMS Data Models Multiple-Choice Questions (MCQs),What is statement explains the Relational Data Model?,"Within a table, rows and columns are used to arrange the data.","As data, objects, and relationships among them are represented logically in this model.","Functions, encapsulation, and object identity are also considered in addition to the ER model.",These data models facilitate data specifications where different attributes are defined for the same data items of the same type.,A,"Within a table, rows and columns are used to arrange the data in the Relational Data Model.",medium,web:Includehelp.com https://www.includehelp.com/mcq/dbms-data-models-multiple-choice-questions-mcqs-and-answers.aspx,
DBMS & SQL,DBMS Data Models Multiple-Choice Questions (MCQs),What is TRUE about Relational Data Model?,Tables are used in relational models to represent data and the relationships between them.,Edgar F. Codd presented this model in 1969.,Most commercial data processing applications use the relational data model.,All of the above,D,"The following statements are TRUE about Relational Data Model –
 Tables are used in relational models to represent data and the relationships between them.
 Edgar F. Codd presented this model in 1969.
 Most commercial data processing applications use the relational data model.",medium,web:Includehelp.com https://www.includehelp.com/mcq/dbms-data-models-multiple-choice-questions-mcqs-and-answers.aspx,
DBMS & SQL,DBMS Data Models Multiple-Choice Questions (MCQs),As data objects and relationships among them are represented logically in an ______.,Relational Data Model,ER Model,Object-based Model,Semi-structured Data Model,B,As data objects and relationships among them are represented logically in an ER model.,medium,web:Includehelp.com https://www.includehelp.com/mcq/dbms-data-models-multiple-choice-questions-mcqs-and-answers.aspx,
DBMS & SQL,DBMS Data Models Multiple-Choice Questions (MCQs),"In an ER Model, what are objects also known as?",Entity,Relationship,Bond,Joint,D,"In an ER Model, objects are also known as Entities.",medium,web:Includehelp.com https://www.includehelp.com/mcq/dbms-data-models-multiple-choice-questions-mcqs-and-answers.aspx,
DBMS & SQL,DBMS Data Models Multiple-Choice Questions (MCQs),_____ are collections of similar types of entities.,Relationship Set,Entity Set,ER Set,None of the above,B,'Entity sets' are collections of similar types of entities.,medium,web:Includehelp.com https://www.includehelp.com/mcq/dbms-data-models-multiple-choice-questions-mcqs-and-answers.aspx,
DBMS & SQL,DBMS Data Models Multiple-Choice Questions (MCQs),Which type of data model is an extension of ER Model?,Relational Data Model,Object-based Data Model,Structured Data Model,Semi-structured Data Model,B,Object-based Data Model is an extension of ER Model.,medium,web:Includehelp.com https://www.includehelp.com/mcq/dbms-data-models-multiple-choice-questions-mcqs-and-answers.aspx,
DBMS & SQL,DBMS Data Models Multiple-Choice Questions (MCQs),What does object refer to in an Object-based data model?,Data carrying its properties,Objects carrying its properties,Relations carrying its properties,Models carrying its properties,A,Objects in an Object-based data model refer to the data-carrying properties.,medium,web:Includehelp.com https://www.includehelp.com/mcq/dbms-data-models-multiple-choice-questions-mcqs-and-answers.aspx,
DBMS & SQL,DBMS Data Models Multiple-Choice Questions (MCQs),"Data specifications can be specified when the same-type data items have different attributes, as in a ____ model.",Relational Data Model,Object-based Data Model,ER Model,Semi-structured Data Model,D,"Data specifications can be specified when the same-type data items have different attributes, as in a semi-structured model.",medium,web:Includehelp.com https://www.includehelp.com/mcq/dbms-data-models-multiple-choice-questions-mcqs-and-answers.aspx,
DBMS & SQL,DBMS Data Models Multiple-Choice Questions (MCQs),"In many cases, semi-structured data is represented using _____.",Extensible Markup Language,Extension Markup Language,Extra Markup Language,Extract Markup Language,A,"In many cases, semi-structured data is represented using Extensible Markup Language, or XML.",medium,web:Includehelp.com https://www.includehelp.com/mcq/dbms-data-models-multiple-choice-questions-mcqs-and-answers.aspx,
DBMS & SQL,DBMS Data Models Multiple-Choice Questions (MCQs),Instance and Schemas are part of the –,Data Definition,Data Manipulation,Data Models,Data Redundancy,C,Instance and Schemas are part of the Data Models.,medium,web:Includehelp.com https://www.includehelp.com/mcq/dbms-data-models-multiple-choice-questions-mcqs-and-answers.aspx,
DBMS & SQL,DBMS Data Models Multiple-Choice Questions (MCQs),A/An __________ of a database is the data in it at a specific moment in time.,Schema,Instance,Instant,Scheme,B,An instance of a database is the data in it at a specific moment in time.,medium,web:Includehelp.com https://www.includehelp.com/mcq/dbms-data-models-multiple-choice-questions-mcqs-and-answers.aspx,
DBMS & SQL,DBMS Data Models Multiple-Choice Questions (MCQs),The ________ of a database describes its overall structure.,Schema,Instance,Design,Structure,A,The schema of a database describes its overall structure.,medium,web:Includehelp.com https://www.includehelp.com/mcq/dbms-data-models-multiple-choice-questions-mcqs-and-answers.aspx,
DBMS & SQL,DBMS Data Models Multiple-Choice Questions (MCQs),Data schemas represent the skeleton structure of a database. They represent the ___ of the database as a whole.,Analytical View,Logical View,Semantic View,Practical View,B,Data schemas represent the skeleton structure of a database. They represent the logical view of the database as a whole.,medium,web:Includehelp.com https://www.includehelp.com/mcq/dbms-data-models-multiple-choice-questions-mcqs-and-answers.aspx,
DBMS & SQL,DBMS Data Models Multiple-Choice Questions (MCQs),What type of schema objects are there in schema?,Primary Key,Foreign Key,Views,All of the above,D,"The types of schema objects present in the schema are primary key, foreign key, views, columns, data types, table & stored procedure, etc.",medium,web:Includehelp.com https://www.includehelp.com/mcq/dbms-data-models-multiple-choice-questions-mcqs-and-answers.aspx,
DBMS & SQL,DBMS Data Models Multiple-Choice Questions (MCQs),What is the process of database creation known as?,Data Creation,Data Processing,Data Modelling,Data Defining,C,Data Modelling is the term given to the process of database creation.,medium,web:Includehelp.com https://www.includehelp.com/mcq/dbms-data-models-multiple-choice-questions-mcqs-and-answers.aspx,
DBMS & SQL,DBMS Data Models Multiple-Choice Questions (MCQs),Which aspect of schema can be displayed in schema diagram?,Record Type,Data Type,Constraints,All of the above,D,"The aspects of schema that can be displayed in the schema diagram are record type, data type, and constraints.",medium,web:Includehelp.com https://www.includehelp.com/mcq/dbms-data-models-multiple-choice-questions-mcqs-and-answers.aspx,
DBMS & SQL,DBMS Data Models Multiple-Choice Questions (MCQs),____ are designed by database designers to facilitate communications between the database and the software.,Database Instances,Database Schemas,Database Roles,Database Structure,B,Database schemas are designed by database designers to facilitate communications between the database and the software.,medium,web:Includehelp.com https://www.includehelp.com/mcq/dbms-data-models-multiple-choice-questions-mcqs-and-answers.aspx,
DBMS & SQL,DBMS Data Models Multiple-Choice Questions (MCQs),_____ diagrams can be used to represent database schemas.,Visual,Logical,Analytical,Structural,A,Visual diagrams can be used to represent database schemas.,medium,web:Includehelp.com https://www.includehelp.com/mcq/dbms-data-models-multiple-choice-questions-mcqs-and-answers.aspx,
DBMS & SQL,DBMS Data Models Multiple-Choice Questions (MCQs),Objects and relationships between _____ are shown through the visual diagrams.,Tables,Rows,Columns,Databases,D,Objects and relationships between databases are shown through the visual diagrams.,medium,web:Includehelp.com https://www.includehelp.com/mcq/dbms-data-models-multiple-choice-questions-mcqs-and-answers.aspx,
DBMS & SQL,DBMS Data Independence Multiple-Choice Questions (MCQs),An independent database is a system that permits __________ modifications on one level without affecting the ____________ on the next level up.,Instance,Schema,Both a and b,None,B,An independent database is a system that permits schema modifications on one level without affecting the schema on the next level up.,medium,web:Includehelp.com https://www.includehelp.com/mcq/dbms-data-independence-multiple-choice-questions.aspx,
DBMS & SQL,DBMS Data Independence Multiple-Choice Questions (MCQs),How many types of data independence are there?,1,2,3,4,B,There are 2 types of data independence.,medium,web:Includehelp.com https://www.includehelp.com/mcq/dbms-data-independence-multiple-choice-questions.aspx,
DBMS & SQL,DBMS Data Independence Multiple-Choice Questions (MCQs),Which of the following is not the type of data independence?,Logical Data Independence,Physical Data Independence,Both A and B,None,D,Logical Data and Physical Data Independence are both types of data independence.,medium,web:Includehelp.com https://www.includehelp.com/mcq/dbms-data-independence-multiple-choice-questions.aspx,
DBMS & SQL,DBMS Data Independence Multiple-Choice Questions (MCQs),An independent conceptual schema can be changed without having to change an ____ schema.,Internal,External,Both A and B,None,B,An independent conceptual schema can be changed without having to change an external schema.,medium,web:Includehelp.com https://www.includehelp.com/mcq/dbms-data-independence-multiple-choice-questions.aspx,
DBMS & SQL,DBMS Data Independence Multiple-Choice Questions (MCQs),Separating external data from ____ data is achieved using logical data independence.,Logical,Conceptual,Analytical,Physical,B,Separating external data from conceptual data is achieved using logical data independence.,medium,web:Includehelp.com https://www.includehelp.com/mcq/dbms-data-independence-multiple-choice-questions.aspx,
DBMS & SQL,DBMS Data Independence Multiple-Choice Questions (MCQs),What is TRUE about Logical Data Independence?,We wouldn't impact the user view of the data if we changed the conceptual view of the data.,User interfaces are logically independent of data.,Both A and B,None of the above,C,"In logical data independence –
 We wouldn't impact the user view of the data if we changed the conceptual view of the data.
 User interfaces are logically independent of data.",medium,web:Includehelp.com https://www.includehelp.com/mcq/dbms-data-independence-multiple-choice-questions.aspx,
DBMS & SQL,DBMS Data Independence Multiple-Choice Questions (MCQs),It is possible to change the internal schema without affecting the conceptual schema to achieve ___ data independence.,Logical,Physical,Analytical,Conceptual,B,It is possible to change the internal schema without affecting the conceptual schema to achieve physical data independence.,medium,web:Includehelp.com https://www.includehelp.com/mcq/dbms-data-independence-multiple-choice-questions.aspx,
DBMS & SQL,DBMS Data Independence Multiple-Choice Questions (MCQs),What is TRUE about Physical Data Independence?,The Conceptual Structure of the database will not be affected by any changes made to the storage size of the database server.,Separating conceptual levels from internal levels is achieved using physical data independence.,The logical interface is where physical data independence occurs.,All of the above,D,"In Physical Data Independence –
 The Conceptual Structure of the database will not be affected by any changes made to the storage size of the database server.
 Separating conceptual levels from internal levels is achieved using physical data independence.
 The logical interface is where physical data independence occurs.",medium,web:Includehelp.com https://www.includehelp.com/mcq/dbms-data-independence-multiple-choice-questions.aspx,
DBMS & SQL,DBMS Data Independence Multiple-Choice Questions (MCQs),What is the difference between logical data independence and physical data independence?,The user interface is where physical data independence occurs whereas the logical interface is where logical data independence occurs.,The logical interface is where physical data independence occurs whereas the user interface is where logical data independence occurs.,The user interface is where physical and logical data independence occurs.,The logical interface is where physical and logical data independence occurs.,B,The logical interface is where physical data independence occurs whereas the user interface is where logical data independence occurs.,medium,web:Includehelp.com https://www.includehelp.com/mcq/dbms-data-independence-multiple-choice-questions.aspx,
DBMS & SQL,DBMS Language Multiple-Choice Questions (MCQs),Database languages can be used to ___________________ the data in the database.,Read,Store,Update,All of the above,D,"Database languages can be used to read, store and update the data in the database.",medium,web:Includehelp.com https://www.includehelp.com/mcq/dbms-language-multiple-choice-questions.aspx,
DBMS & SQL,DBMS Language Multiple-Choice Questions (MCQs),How many types of DBMS languages are there?,1,2,3,4,D,There are 4 types of DBMS languages.,medium,web:Includehelp.com https://www.includehelp.com/mcq/dbms-language-multiple-choice-questions.aspx,
DBMS & SQL,DBMS Language Multiple-Choice Questions (MCQs),Which of the following is not the type of DBMS language?,DDL,DCL,TCL,None of the above,D,"The types of DBMS languages are -
 DDL
 DCL
 DML
 TCL",medium,web:Includehelp.com https://www.includehelp.com/mcq/dbms-language-multiple-choice-questions.aspx,
DBMS & SQL,DBMS Language Multiple-Choice Questions (MCQs),What is the full form of DDL?,Data Distinct Language,Data Different Language,Data Dominant Language,Data Definition Language,D,The full form of DDL is Data Definition Language.,medium,web:Includehelp.com https://www.includehelp.com/mcq/dbms-language-multiple-choice-questions.aspx,
DBMS & SQL,DBMS Language Multiple-Choice Questions (MCQs),What is TRUE about DDL?,Database structure or patterns are defined by it.,"A schema, table, index, constraint, etc. are created in a database using it.",A database skeleton can be created with DDL statements.,All of the above,D,"In case of DDL -
 Database structure or patterns are defined by it.
 A schema, table, index, constraint, etc. are created in a database using it.
 A database skeleton can be created with DDL statements.",medium,web:Includehelp.com https://www.includehelp.com/mcq/dbms-language-multiple-choice-questions.aspx,
DBMS & SQL,DBMS Language Multiple-Choice Questions (MCQs),"In the ____, metadata are stored, such as how many rows and columns per table, their names, indexes, constraints, etc.",DDL,DML,DCL,TCL,A,"In the Data Definition Language, metadata are stored, such as how many rows and columns per table, their names, indexes, constraints, etc.",medium,web:Includehelp.com https://www.includehelp.com/mcq/dbms-language-multiple-choice-questions.aspx,
DBMS & SQL,DBMS Language Multiple-Choice Questions (MCQs),Which of the following comes under DDL?,Create,Alter,Drop,All of the above,D,"The following tasks comes under DDL -
 Create
 Alter
 Drop
 Truncate
 Rename
 Comment",medium,web:Includehelp.com https://www.includehelp.com/mcq/dbms-language-multiple-choice-questions.aspx,
DBMS & SQL,DBMS Language Multiple-Choice Questions (MCQs),What is Create used for in DDL?,Data dictionary comments are made with this tool.,All records in a table can be removed using this function.,A database object is created with this function.,The database structure can be altered with it.,C,A database object is created with a create function in DDL.,medium,web:Includehelp.com https://www.includehelp.com/mcq/dbms-language-multiple-choice-questions.aspx,
DBMS & SQL,DBMS Language Multiple-Choice Questions (MCQs),What is Comment used for in DDL?,Data dictionary comments are made with this tool.,All records in a table can be removed using this function.,A database object is created with this function.,The database structure can be altered with it.,A,Data dictionary comments are made with the Comment tool in DDL.,medium,web:Includehelp.com https://www.includehelp.com/mcq/dbms-language-multiple-choice-questions.aspx,
DBMS & SQL,DBMS Language Multiple-Choice Questions (MCQs),"The create, alter, comment, etc., tasks are under Data definition language since they are used to update the ____.",Database Instance,Database Schema,Database Instant,Database Scheme,B,"Therefore, they are under Data definition language since they are used to update the database schema.",medium,web:Includehelp.com https://www.includehelp.com/mcq/dbms-language-multiple-choice-questions.aspx,
DBMS & SQL,DBMS Language Multiple-Choice Questions (MCQs),What is the full form of DML?,Data Mandatory Language,Data Multiplication Language,Data Manipulation Language,Data Manifestation Language,C,The full form of DML is Data Manipulation Language.,medium,web:Includehelp.com https://www.includehelp.com/mcq/dbms-language-multiple-choice-questions.aspx,
DBMS & SQL,DBMS Language Multiple-Choice Questions (MCQs),Which of the following tasks comes under DML.,Create,Truncate,Merge,Rename,C,The Merge task comes under DML.,medium,web:Includehelp.com https://www.includehelp.com/mcq/dbms-language-multiple-choice-questions.aspx,
DBMS & SQL,DBMS Language Multiple-Choice Questions (MCQs),A database is _____ with Data Manipulation Language.,Accessed and Multiplied,Added and Manipulated,Access and Manipulated,Added and Multiplied,C,A database is accessed and manipulated with Data Manipulation Language.,medium,web:Includehelp.com https://www.includehelp.com/mcq/dbms-language-multiple-choice-questions.aspx,
DBMS & SQL,DBMS Language Multiple-Choice Questions (MCQs),"In DML, the lock table controls the _____.",Concurrency,Comments,Creation,Computation,A,"In DML, the lock table controls the Concurrency.",medium,web:Includehelp.com https://www.includehelp.com/mcq/dbms-language-multiple-choice-questions.aspx,
DBMS & SQL,DBMS Language Multiple-Choice Questions (MCQs),What does the UPSERT operation refer to?,Upstart and Insert,Update and Insert,Uphold and Insert,Uprise and Insert,B,The UPSERT operation refers to Update and Insert.,medium,web:Includehelp.com https://www.includehelp.com/mcq/dbms-language-multiple-choice-questions.aspx,
DBMS & SQL,DBMS Language Multiple-Choice Questions (MCQs),What does the call function in DML used to do?,To call the structured query language,To call the Java subprogram,Both A and B,None of the above,C,"The call function in DML used to -
 To call the structured query language
 To call the Java subprogram",medium,web:Includehelp.com https://www.includehelp.com/mcq/dbms-language-multiple-choice-questions.aspx,
DBMS & SQL,DBMS Language Multiple-Choice Questions (MCQs),What is the full form of DCL?,Data Concurrency Language,Data Control Language,Data Creation Language,Data Cumulative Language,B,The full form of DCL is Data Control Language.,medium,web:Includehelp.com https://www.includehelp.com/mcq/dbms-language-multiple-choice-questions.aspx,
DBMS & SQL,DBMS Language Multiple-Choice Questions (MCQs),DCL execution is -,Transitional,Transitive,Transactional,Transcripted,C,DCL execution is transactional.,medium,web:Includehelp.com https://www.includehelp.com/mcq/dbms-language-multiple-choice-questions.aspx,
DBMS & SQL,DBMS Language Multiple-Choice Questions (MCQs),Which of the following tasks comes under the DCL?,Grant,Revoke,Both A and B,None of the above,C,The grand and revoke tasks come under the DCL.,medium,web:Includehelp.com https://www.includehelp.com/mcq/dbms-language-multiple-choice-questions.aspx,
DBMS & SQL,DBMS Language Multiple-Choice Questions (MCQs),Which of the following operations are there in Revoke?,Connect,Insert,Usage,All of the above,D,"The following operations comes under Revoke -
 Connect
 Insert
 Usage
 Execute
 Delete
 Update
 Select",medium,web:Includehelp.com https://www.includehelp.com/mcq/dbms-language-multiple-choice-questions.aspx,
DBMS & SQL,DBMS Language Multiple-Choice Questions (MCQs),What is the full form of TCL?,Transitional Control Language,Transactional Control Language,Transitional Concurrent Language,Transactional Concurrent Language,B,The full form of TCL is transactional control language.,medium,web:Includehelp.com https://www.includehelp.com/mcq/dbms-language-multiple-choice-questions.aspx,
DBMS & SQL,DBMS Language Multiple-Choice Questions (MCQs),"Using TCL, the ___ statement's changes are executed.",DDL,DML,DCL,All of the above,B,"Using TCL, the DML statement's changes are executed.",medium,web:Includehelp.com https://www.includehelp.com/mcq/dbms-language-multiple-choice-questions.aspx,
DBMS & SQL,DBMS Language Multiple-Choice Questions (MCQs),There are _______ transactions within TCL.,Analytical,Logical,Physical,Practical,B,There are logical transactions within TCL.,medium,web:Includehelp.com https://www.includehelp.com/mcq/dbms-language-multiple-choice-questions.aspx,
DBMS & SQL,DBMS Language Multiple-Choice Questions (MCQs),Which of the following tasks comes under TCL?,Commit,Rollback,Both A and B,None of the above,C,"The following tasks comes under TCL -
 Commit
 Rollback",medium,web:Includehelp.com https://www.includehelp.com/mcq/dbms-language-multiple-choice-questions.aspx,
DBMS & SQL,DBMS Language Multiple-Choice Questions (MCQs),What is Commit used for in TCL?,Transcriptions are stored in the database using this method.,Transitions are stored in the database using this method.,Transactions are stored in the database using this method.,None of the above,C,Transactions are stored in the database using this method.,medium,web:Includehelp.com https://www.includehelp.com/mcq/dbms-language-multiple-choice-questions.aspx,
DBMS & SQL,DBMS Language Multiple-Choice Questions (MCQs),What is rollback used for in TCL?,"In the event the database isn't restored back to its original state since the last commit, this method is used.","In the event the database is restored back to its original state since the last commit, this method is used.","In the event the database isn't restored back to its original state since the last command, this method is used.","In the event the database isn't restored back to its original state since the last creation, this method is used.",A,"In the event the database isn't restored back to its original state since the last commit, this method is used.",medium,web:Includehelp.com https://www.includehelp.com/mcq/dbms-language-multiple-choice-questions.aspx,
DBMS & SQL,DBMS Language Multiple-Choice Questions (MCQs),Which of the following statements is TRUE about DCL?,"The Oracle database, however, permits rolling back in the execution of data control language.","The Oracle database, however, does not permit rolling back in the execution of data control language.","The MySQL database, however, does not permit rolling back in the execution of data control language.","The MySQL database, however, permits rolling back in the execution of data control language.",B,"The Oracle database, however, does not permit rolling back in the execution of data control language.",medium,web:Includehelp.com https://www.includehelp.com/mcq/dbms-language-multiple-choice-questions.aspx,
DBMS & SQL,DBMS Language Multiple-Choice Questions (MCQs),What is the truncate command used for in DDL?,Add all the records,Remove all the records,Transit all the records,None of the above,B,The truncate command is used to remove all the records in DDL.,medium,web:Includehelp.com https://www.includehelp.com/mcq/dbms-language-multiple-choice-questions.aspx,
DBMS & SQL,DBMS Language Multiple-Choice Questions (MCQs),____ handles the user requests.,DDL,DML,DCL,TCL,B,DML handles the user requests.,medium,web:Includehelp.com https://www.includehelp.com/mcq/dbms-language-multiple-choice-questions.aspx,
DBMS & SQL,DBMS Keys Multiple-Choice Questions (MCQs),How many types of keys are there?,1,2,3,4,D,"There are 4 types of keys: Primary Key, Super Key, Candidate Key, Foreign Key.",medium,web:Includehelp.com https://www.includehelp.com/mcq/dbms-keys-multiple-choice-questions-mcqs.aspx,
DBMS & SQL,DBMS Keys Multiple-Choice Questions (MCQs),What is TRUE about Primary Key?,An entity can only be uniquely identified by using the first key,"From these lists, the most appropriate key becomes a primary key",Primary keys are selected for each entity according to its requirements and developers,All of the above,D,"In case of Primary Key -
 An entity can only be uniquely identified by using the first key
 From these lists, the most appropriate key becomes a primary key
 Primary keys are selected for each entity according to its requirements and developers",medium,web:Includehelp.com https://www.includehelp.com/mcq/dbms-keys-multiple-choice-questions-mcqs.aspx,
DBMS & SQL,DBMS Keys Multiple-Choice Questions (MCQs),Tuples can be uniquely identified by an attribute or set of attributes known as a ___ key.,Primary,Foreign,Candidate,Composite,C,Tuples can be uniquely identified by an attribute or set of attributes known as a candidate key.,medium,web:Includehelp.com https://www.includehelp.com/mcq/dbms-keys-multiple-choice-questions-mcqs.aspx,
DBMS & SQL,DBMS Keys Multiple-Choice Questions (MCQs),What is TRUE about the Candidate key?,Candidate keys are considered for all attributes except the primary key,Both the candidate keys and the primary key are equally strong,Both A and B,None of the above,C,"In case of Candidate Key -
 Candidate keys are considered for all attributes except the primary key
 Both the candidate keys and the primary key are equally strong",medium,web:Includehelp.com https://www.includehelp.com/mcq/dbms-keys-multiple-choice-questions-mcqs.aspx,
DBMS & SQL,DBMS Keys Multiple-Choice Questions (MCQs),"Tuples are uniquely identified by a ___ key, which is a set of attributes.",Primary,Candidate,Super,Alternate,C,"Tuples are uniquely identified by a super key, which is a set of attributes.",medium,web:Includehelp.com https://www.includehelp.com/mcq/dbms-keys-multiple-choice-questions-mcqs.aspx,
DBMS & SQL,DBMS Keys Multiple-Choice Questions (MCQs),Which of the following statements is TRUE?,Candidate keys are subsets of super keys,Candidate keys are supersets of super keys,Candidate keys are sets of super keys,Candidate keys are super keys,B,Candidate keys are subsets of super keys.,medium,web:Includehelp.com https://www.includehelp.com/mcq/dbms-keys-multiple-choice-questions-mcqs.aspx,
DBMS & SQL,DBMS Keys Multiple-Choice Questions (MCQs),Which of the following is TRUE about foreign keys?,Tables that contain foreign keys contain columns that point to another table's primary key,Primary key of one table could be the foreign key for another table,Both A and B,None of the above,C,"In case of foreign keys -
 Tables that contain foreign keys contain columns that point to another table's primary key
 Primary key of one table could be the foreign key for another table",medium,web:Includehelp.com https://www.includehelp.com/mcq/dbms-keys-multiple-choice-questions-mcqs.aspx,
DBMS & SQL,DBMS Keys Multiple-Choice Questions (MCQs),Which of the following key is considered unique in a table?,Primary key,Candidate key,Foreign key,Super key,A,Primary key is considered unique in a table.,medium,web:Includehelp.com https://www.includehelp.com/mcq/dbms-keys-multiple-choice-questions-mcqs.aspx,
DBMS & SQL,DBMS Constraints Multiple-Choice Questions (MCQs),Relationship sets involving ___ are best described using the Mapping Constraint.,One entity set,Two entity sets,More than two entity sets,Zero entity set,C,Relationship sets involving more than two entities sets are best described using the Mapping Constraint.,medium,web:Includehelp.com https://www.includehelp.com/mcq/dbms-constraints-multiple-choice-questions-mcqs.aspx,
DBMS & SQL,DBMS Constraints Multiple-Choice Questions (MCQs),How many mapping cardinalities are there?,1,2,3,4,D,"There are 4 mapping cardinalities: One to one, Many to one, One to Many, Many to Many.",medium,web:Includehelp.com https://www.includehelp.com/mcq/dbms-constraints-multiple-choice-questions-mcqs.aspx,
DBMS & SQL,DBMS Constraints Multiple-Choice Questions (MCQs),One to one mapping constraint is denoted as -,M:1,1:M,M:M,1:1,D,One to one mapping constraint is denoted as 1:1.,medium,web:Includehelp.com https://www.includehelp.com/mcq/dbms-constraints-multiple-choice-questions-mcqs.aspx,
DBMS & SQL,DBMS Constraints Multiple-Choice Questions (MCQs),Many to one mapping constraint is denoted as -,1:1,1:M,M:1,M:M,C,Many to one mapping constraint is denoted as 1:M.,medium,web:Includehelp.com https://www.includehelp.com/mcq/dbms-constraints-multiple-choice-questions-mcqs.aspx,
DBMS & SQL,DBMS Constraints Multiple-Choice Questions (MCQs),A one-to-one mapping relies on at most ____ entity being associated with it.,One,Two,Three,Many,A,A one-to-one mapping relies on at most one entity being associated with it.,medium,web:Includehelp.com https://www.includehelp.com/mcq/dbms-constraints-multiple-choice-questions-mcqs.aspx,
DBMS & SQL,DBMS Constraints Multiple-Choice Questions (MCQs),The ___ mapping is a method in which entities in A1 may be associated with any number of entities in A2 and entities in A2 may be associated with any number of entities in A1.,One to one,One to many,Many to one,Many to many,B,The one-to-many mapping is a method in which entities in A1 may be associated with any number of entities in A2 and entities in A2 may be associated with any number of entities in A1.,medium,web:Includehelp.com https://www.includehelp.com/mcq/dbms-constraints-multiple-choice-questions-mcqs.aspx,
DBMS & SQL,DBMS Constraints Multiple-Choice Questions (MCQs),"A ___ mapping assigns a single entity in A1 to at most one entity in A2, and any number of entities in A2 to any number of entities in A1.",One to one,One to many,Many to one,Many to many,C,"A many-to-one mapping assigns a single entity in A1 to at most one entity in A2, and any number of entities in A2 to any number of entities in A1.",medium,web:Includehelp.com https://www.includehelp.com/mcq/dbms-constraints-multiple-choice-questions-mcqs.aspx,
DBMS & SQL,DBMS Constraints Multiple-Choice Questions (MCQs),"The many-to-many mapping involves one entity in A1 being associated with a number of entities in A2, and the reverse is ___.",False,Also true,Boolean,None,B,"The many-to-many mapping involves one entity in E1 being associated with a number of entities in E2, and the reverse is also true.",medium,web:Includehelp.com https://www.includehelp.com/mcq/dbms-constraints-multiple-choice-questions-mcqs.aspx,
DBMS & SQL,DBMS Constraints Multiple-Choice Questions (MCQs),One-to-one mapping constraint is shown by symbol -,Arrow,Line,Pipe,Square,A,One-to-one mapping constraint is shown by symbol arrow.,medium,web:Includehelp.com https://www.includehelp.com/mcq/dbms-constraints-multiple-choice-questions-mcqs.aspx,
DBMS & SQL,"DBMS Generalization, Specialization, and Aggregation Multiple-Choice Questions (MCQs)","When two or more lower-level entities share some attributes, they lead to a ___. This is often referred to as a bottom-up approach.",Lower-level entity,Higher-level entity,Middle-level entity,Center-level entity,B,"When two or more lower-level entities share some attributes, they lead to a higher-level entity. This is often referred to as a bottom-up approach.",medium,web:Includehelp.com https://www.includehelp.com/mcq/dbms-generalization-specialization-and-aggregation-mcqs.aspx,
DBMS & SQL,"DBMS Generalization, Specialization, and Aggregation Multiple-Choice Questions (MCQs)","As a general rule, entities at higher levels can combine with entities at lower levels to form a ___ level entity.",Lower,Higher,Middle,Central,B,"As a general rule, entities at higher levels can combine with entities at lower levels to form a higher-level entity.",medium,web:Includehelp.com https://www.includehelp.com/mcq/dbms-generalization-specialization-and-aggregation-mcqs.aspx,
DBMS & SQL,"DBMS Generalization, Specialization, and Aggregation Multiple-Choice Questions (MCQs)",There are more ___ in generalization.,Subclasses,Superclasses,Both a and b,None of the above,A,There are more subclasses and superclasses in generalization.,medium,web:Includehelp.com https://www.includehelp.com/mcq/dbms-generalization-specialization-and-aggregation-mcqs.aspx,
DBMS & SQL,"DBMS Generalization, Specialization, and Aggregation Multiple-Choice Questions (MCQs)",A ___ entity is created by combining entities.,Generalized,Higher-level,Lower-level,Middle-level,A,A generalized entity is created by combining entities.,medium,web:Includehelp.com https://www.includehelp.com/mcq/dbms-generalization-specialization-and-aggregation-mcqs.aspx,
DBMS & SQL,"DBMS Generalization, Specialization, and Aggregation Multiple-Choice Questions (MCQs)",Specialization is a –,Bottom-Up,Top-Up,Top-Down,Bottom-Top,C,Specialization is a Top-Down approach.,medium,web:Includehelp.com https://www.includehelp.com/mcq/dbms-generalization-specialization-and-aggregation-mcqs.aspx,
DBMS & SQL,"DBMS Generalization, Specialization, and Aggregation Multiple-Choice Questions (MCQs)",Several lower-level entities can be decomposed into one higher-level entity in ___.,Generalization,Specialization,Both A. and B.,None of the above,B,Several lower-level entities can be decomposed into one higher-level entity in specialization.,medium,web:Includehelp.com https://www.includehelp.com/mcq/dbms-generalization-specialization-and-aggregation-mcqs.aspx,
DBMS & SQL,"DBMS Generalization, Specialization, and Aggregation Multiple-Choice Questions (MCQs)",The term specialization refers to a ___ of a set of entities which share some distinguishing characteristics.,Subset,Set,Superset,Upperset,A,The term specialization refers to a subset of a set of entities which share some distinguishing characteristics.,medium,web:Includehelp.com https://www.includehelp.com/mcq/dbms-generalization-specialization-and-aggregation-mcqs.aspx,
DBMS & SQL,"DBMS Generalization, Specialization, and Aggregation Multiple-Choice Questions (MCQs)","___ are defined first, followed by subclasses and their associated attributes, followed by the relationship set.",Subclasses,Superclasses,Classes,Fields,B,"Superclasses are defined first, followed by subclasses and their associated attributes, followed by the relationship set.",medium,web:Includehelp.com https://www.includehelp.com/mcq/dbms-generalization-specialization-and-aggregation-mcqs.aspx,
DBMS & SQL,"DBMS Generalization, Specialization, and Aggregation Multiple-Choice Questions (MCQs)",What is the difference between Generalization and Specialization?,Generalization and Specialization is like the Bottom-Up Approach,Generalization and Specialization is like the Top-Down Approach,Generalization is like the Top-Down approach and Specialization is like the Bottom-Up Approach,Generalization is like a Bottom-Up approach and Specialization is like a Top-Down Approach,D,Generalization is like a Bottom-Up approach and Specialization is like a Top-Down Approach.,medium,web:Includehelp.com https://www.includehelp.com/mcq/dbms-generalization-specialization-and-aggregation-mcqs.aspx,
DBMS & SQL,"DBMS Generalization, Specialization, and Aggregation Multiple-Choice Questions (MCQs)","When two different entities are aggregations, they are treated as if they were ___.",Double,Single,Triple,Many,B,"When two different entities are aggregations, they are treated as if they were Single.",medium,web:Includehelp.com https://www.includehelp.com/mcq/dbms-generalization-specialization-and-aggregation-mcqs.aspx,
DBMS & SQL,"DBMS Generalization, Specialization, and Aggregation Multiple-Choice Questions (MCQs)","When entities are aggregated, their relationships with each other are combined into ___.",Higher-level entity,Lower-level entity,Middle-level entity,Central-level entity,A,"When entities are aggregated, their relationships with each other are combined into higher-level entities.",medium,web:Includehelp.com https://www.includehelp.com/mcq/dbms-generalization-specialization-and-aggregation-mcqs.aspx,
DBMS & SQL,DBMS ER-Diagram Reduction to Table Multiple-Choice Questions (MCQs),An entity or relationship set may be represented in a database as a ___.,Table,Field,Database,Entity,A,An entity or relationship set may be represented in a database as a table.,medium,web:Includehelp.com https://www.includehelp.com/mcq/dbms-er-diagram-reduction-to-table-mcqs.aspx,
DBMS & SQL,DBMS ER-Diagram Reduction to Table Multiple-Choice Questions (MCQs),What are some important points to convert ER Diagrams into tables?,Tables are created from entity types.,"Whenever an attribute is single-valued, it becomes a column for the table.",Primary keys represent key attributes of entity types.,All of the above,D,"Some important points to convert ER Diagrams into tables are -
 Tables are created from entity types.
 Whenever an attribute is single-valued, it becomes a column for the table.
 Primary keys represent key attributes of entity types.",medium,web:Includehelp.com https://www.includehelp.com/mcq/dbms-er-diagram-reduction-to-table-mcqs.aspx,
DBMS & SQL,DBMS ER-Diagram Reduction to Table Multiple-Choice Questions (MCQs),A separate table represents the ___ attribute.,Single-valued,Double-valued,Multivalued,None of the above,C,A separate table represents the multivalued attribute.,medium,web:Includehelp.com https://www.includehelp.com/mcq/dbms-er-diagram-reduction-to-table-mcqs.aspx,
DBMS & SQL,DBMS ER-Diagram Reduction to Table Multiple-Choice Questions (MCQs),Components represent an attribute of a ___.,Simple,Combined,Composite,Intrinsic,C,Components represent an attribute of a composite.,medium,web:Includehelp.com https://www.includehelp.com/mcq/dbms-er-diagram-reduction-to-table-mcqs.aspx,
DBMS & SQL,DBMS ER-Diagram Reduction to Table Multiple-Choice Questions (MCQs),Which attributes aren't considered in a table?,Core,Composite,Derived,None,C,Derived attributes aren't considered in a table.,medium,web:Includehelp.com https://www.includehelp.com/mcq/dbms-er-diagram-reduction-to-table-mcqs.aspx,
DBMS & SQL,DBMS ER-Diagram Reduction to Table Multiple-Choice Questions (MCQs),How many rules are there for reducing the ER Diagram into a table?,3,4,5,6,D,There are 6 rules for reduction of ER Diagram into a table.,medium,web:Includehelp.com https://www.includehelp.com/mcq/dbms-er-diagram-reduction-to-table-mcqs.aspx,
DBMS & SQL,DBMS ER-Diagram Reduction to Table Multiple-Choice Questions (MCQs),Entity type's key attribute is represented by -,Foreign Key,Composite Key,Alternate Key,Primary Key,D,Entity type's key attribute is represented by Primary Key.,medium,web:Includehelp.com https://www.includehelp.com/mcq/dbms-er-diagram-reduction-to-table-mcqs.aspx,
DBMS & SQL,DBMS ER-Diagram Reduction to Table Multiple-Choice Questions (MCQs),Which type of attributes become the column for the table.,Single-valued,Double-valued,Multivalued,None,A,Single-valued attributes become the column for the table.,medium,web:Includehelp.com https://www.includehelp.com/mcq/dbms-er-diagram-reduction-to-table-mcqs.aspx,
DBMS & SQL,DBMS ER-Diagram Reduction to Table Multiple-Choice Questions (MCQs),What cannot be represented in a tabular form?,Entity set,Relationship Set,Dataset,None,D,"All entity set, relationship set and dataset can be represented in a tabular form.",medium,web:Includehelp.com https://www.includehelp.com/mcq/dbms-er-diagram-reduction-to-table-mcqs.aspx,
DBMS & SQL,DBMS Higher Degree Relationship Multiple-Choice Questions (MCQs),How many degrees of relationships are there?,2,3,4,5,B,"There are 3 degrees of relationships: One-to-One, One-to-Many and Many-to-Many.",medium,web:Includehelp.com https://www.includehelp.com/mcq/dbms-higher-degree-relationship-mcqs.aspx,
DBMS & SQL,DBMS Higher Degree Relationship Multiple-Choice Questions (MCQs),A one-to-one relationship occurs when one occurrence of one entity occurs in ___ instance of another entity.,More than two,Multiple,Only Two,Only One,D,A one-to-one relationship occurs when one occurrence of one entity occurs in only one instance of another entity.,medium,web:Includehelp.com https://www.includehelp.com/mcq/dbms-higher-degree-relationship-mcqs.aspx,
DBMS & SQL,DBMS Higher Degree Relationship Multiple-Choice Questions (MCQs),Which of the following degrees exists rarely in a relationship?,One-to-One,Many-to-Many,Both A and B,One-to-Many,C,Both One-to-One and Many-to-Many degrees exist rarely in a relationship.,medium,web:Includehelp.com https://www.includehelp.com/mcq/dbms-higher-degree-relationship-mcqs.aspx,
DBMS & SQL,DBMS Higher Degree Relationship Multiple-Choice Questions (MCQs),What could be an example of a One-to-One degree of relationship?,Employee and Company,Department and Employee,Employee and Project,All of the above,A,Employee and Company is an example of One-to-One degree of relationship.,medium,web:Includehelp.com https://www.includehelp.com/mcq/dbms-higher-degree-relationship-mcqs.aspx,
DBMS & SQL,DBMS Higher Degree Relationship Multiple-Choice Questions (MCQs),"In a ___ relationship, there are many instances of something occurring in one entity associated with many instances of something else.",One-to-One,One-to-Many,Many-to-Many,None of the above,B,"In a one-to-many relationship, there are many instances of something occurring in one entity associated with many instances of something else.",medium,web:Includehelp.com https://www.includehelp.com/mcq/dbms-higher-degree-relationship-mcqs.aspx,
DBMS & SQL,DBMS Higher Degree Relationship Multiple-Choice Questions (MCQs),"In a many-to-many relationship, ____ events in one entity affect ____ events in another.",One,Two,Three,Many,D,"In a many-to-many relationship, many events in one entity affect many events in another.",medium,web:Includehelp.com https://www.includehelp.com/mcq/dbms-higher-degree-relationship-mcqs.aspx,
DBMS & SQL,DBMS Higher Degree Relationship Multiple-Choice Questions (MCQs),What could be an example of a One-to-Many degree of relationship?,Department and Company,Department and Employee,Department and CEO,All of the above,B,Department and Employee is an example of a One-to-Many degree of relationship.,medium,web:Includehelp.com https://www.includehelp.com/mcq/dbms-higher-degree-relationship-mcqs.aspx,
DBMS & SQL,DBMS Higher Degree Relationship Multiple-Choice Questions (MCQs),What could be an example of a Many-to-Many degree of relationship?,Employee and Department,Employee and Project,Employee and CEO,All of the above,B,Employee and Project is an example of a Many-to-Many degree of relationship.,medium,web:Includehelp.com https://www.includehelp.com/mcq/dbms-higher-degree-relationship-mcqs.aspx,
DBMS & SQL,DBMS Higher Degree Relationship Multiple-Choice Questions (MCQs),One-to-Many is denoted as –,1:M,M:M,M:1,1:1,A,One-to-Many is denoted as 1:M.,medium,web:Includehelp.com https://www.includehelp.com/mcq/dbms-higher-degree-relationship-mcqs.aspx,
DBMS & SQL,DBMS Higher Degree Relationship Multiple-Choice Questions (MCQs),One-to-One is denoted as –,1:1,1:M,M:1,M:M,A,One-to-One is denoted as 1:1.,medium,web:Includehelp.com https://www.includehelp.com/mcq/dbms-higher-degree-relationship-mcqs.aspx,
DBMS & SQL,DBMS Higher Degree Relationship Multiple-Choice Questions (MCQs),Many-to-Many is denoted as –,1:1,1:M,M:1,M:M,D,Many-to-Many is denoted as M:M.,medium,web:Includehelp.com https://www.includehelp.com/mcq/dbms-higher-degree-relationship-mcqs.aspx,
DBMS & SQL,DBMS Relational Model Concepts Multiple-Choice Questions (MCQs),What is a row in a table also known as?,Tuple,Name,Attribute,None,A,Row in a table is also known as Tuple.,medium,web:Includehelp.com https://www.includehelp.com/mcq/dbms-relational-model-concepts-mcqs.aspx,
DBMS & SQL,DBMS Relational Model Concepts Multiple-Choice Questions (MCQs),What column in a table is contained?,Tuple,Name,Attribute,Both B. and D.,D,Column in a table contains Name or Attribute.,medium,web:Includehelp.com https://www.includehelp.com/mcq/dbms-relational-model-concepts-mcqs.aspx,
DBMS & SQL,DBMS Relational Model Concepts Multiple-Choice Questions (MCQs),"In ___, there are a set of possible atomic values that apply to an attribute.",Attribute,Instance,Domain,Schema,C,"In Domain, there are a set of possible atomic values that apply to an attribute.",medium,web:Includehelp.com https://www.includehelp.com/mcq/dbms-relational-model-concepts-mcqs.aspx,
DBMS & SQL,DBMS Relational Model Concepts Multiple-Choice Questions (MCQs),"In ___, columns in a particular table are listed by their names.",Domain,Attribute,Instance,Schema,B,"In Attribute, columns in a particular table are listed by their names.",medium,web:Includehelp.com https://www.includehelp.com/mcq/dbms-relational-model-concepts-mcqs.aspx,
DBMS & SQL,DBMS Relational Model Concepts Multiple-Choice Questions (MCQs),___ should be there in each attribute.,Keys,Schema,Instance,Domain,D,Domain should be there in each attribute.,medium,web:Includehelp.com https://www.includehelp.com/mcq/dbms-relational-model-concepts-mcqs.aspx,
DBMS & SQL,DBMS Relational Model Concepts Multiple-Choice Questions (MCQs),What is TRUE about Relational Instance?,"Relational database systems store data in tuples, which represent a relational instance.",There are no duplicate tuples in relation instances.,Both A. and B.,None of the above,C,"In case of Relational Instance -
 Relational database systems store data in tuples, which represent a relational instance.
 There are no duplicate tuples in relation instances.",medium,web:Includehelp.com https://www.includehelp.com/mcq/dbms-relational-model-concepts-mcqs.aspx,
DBMS & SQL,DBMS Relational Model Concepts Multiple-Choice Questions (MCQs),The ___ indicates the name of each relationship and all of its columns and attributes.,Relational Instance,Relational Keys,Relational Schema,Relational Database,C,The relational schema indicates the name of each relationship and all of its columns and attributes.,medium,web:Includehelp.com https://www.includehelp.com/mcq/dbms-relational-model-concepts-mcqs.aspx,
DBMS & SQL,DBMS Relational Model Concepts Multiple-Choice Questions (MCQs),What is TRUE about Relational Keys?,There are one or more attributes in each row of the relational key.,A unique ID can be assigned to each row in the relation.,Both A. and B.,None of the above,C,"In case of Relational Keys -
 There are one or more attributes in each row of the relational key.
 A unique ID can be assigned to each row in the relation.",medium,web:Includehelp.com https://www.includehelp.com/mcq/dbms-relational-model-concepts-mcqs.aspx,
DBMS & SQL,DBMS Relational Model Concepts Multiple-Choice Questions (MCQs),How many properties of relations are there?,4,5,6,7,C,"There are 6 properties of relations.
 = is reflexive (2=2)
 = is symmetric (x=2 implies 2=x)
 < is transitive (2<3 and 3<5 implies 2<5)
 < is irreflexive (2<3 implies 2≠3)
 ≤ is antisymmetric (x≤y and y≤x implies x=y)",medium,web:Includehelp.com https://www.includehelp.com/mcq/dbms-relational-model-concepts-mcqs.aspx,
DBMS & SQL,DBMS Relational Model Concepts Multiple-Choice Questions (MCQs),Which of the following is/are the property/properties of the relations?,"Unlike all other relations, the relation has a unique name.",An atomic (single) value resides in each relation cell,There are distinct names for each attribute,All of the above,D,"The following are the properties of the relations -
 Unlike all other relations, the relation has a unique name.
 An atomic (single) value resides in each relation cell.
 There are distinct names for each attribute.",medium,web:Includehelp.com https://www.includehelp.com/mcq/dbms-relational-model-concepts-mcqs.aspx,
DBMS & SQL,DBMS Relational Model Concepts Multiple-Choice Questions (MCQs),Which of the following is FALSE about the properties of relations?,There is no significance to attribute domains,Duplicate values are present in the tuple,Tuples can be ordered in any order,None of the above,B,Duplicate values are not present in the tuple.,medium,web:Includehelp.com https://www.includehelp.com/mcq/dbms-relational-model-concepts-mcqs.aspx,
DBMS & SQL,DBMS Relational Algebra Multiple-Choice Questions (MCQs),"In Relational Algebra, queries are performed using ___.",Entities,Relationships,Operators,Objects,C,"In Relational Algebra, queries are performed using operators.",medium,web:Includehelp.com https://www.includehelp.com/mcq/dbms-relational-algebra-mcqs.aspx,
DBMS & SQL,DBMS Relational Algebra Multiple-Choice Questions (MCQs),How many types of relational operations are there?,6,7,8,9,B,"There are 7 relational operations.
 Select Operation
 Project Operation
 Union Operation
 Set Intersection
 Set Difference
 Cartesian Product
 Rename Operation",medium,web:Includehelp.com https://www.includehelp.com/mcq/dbms-relational-algebra-mcqs.aspx,
DBMS & SQL,DBMS Relational Algebra Multiple-Choice Questions (MCQs),Which of the following is NOT a type of relational operation?,Select Operation,Set Difference,Set Update,Cartesian Product,C,Set Update is NOT a type of relational operation.,medium,web:Includehelp.com https://www.includehelp.com/mcq/dbms-relational-algebra-mcqs.aspx,
DBMS & SQL,DBMS Relational Algebra Multiple-Choice Questions (MCQs),Which of the following is a type of relational operation?,Project Operation,Union Operation,Set Difference,All of the above,D,"The types of relational operations are -
 Select Operation
 Project Operation
 Union Operation
 Set Intersection
 Set Difference
 Cartesian Product
 Rename Operation",medium,web:Includehelp.com https://www.includehelp.com/mcq/dbms-relational-algebra-mcqs.aspx,
DBMS & SQL,DBMS Relational Algebra Multiple-Choice Questions (MCQs),"Using the select operation, you can select ___ that satisfy certain criteria.",Tuples,Attributes,Operators,None,A,"Using the select operation, you can select tuples that satisfy certain criteria.",medium,web:Includehelp.com https://www.includehelp.com/mcq/dbms-relational-algebra-mcqs.aspx,
DBMS & SQL,DBMS Relational Algebra Multiple-Choice Questions (MCQs),Select operation is denoted by -,σ,R,P,S,A,Select operation is denoted by σ.,medium,web:Includehelp.com https://www.includehelp.com/mcq/dbms-relational-algebra-mcqs.aspx,
DBMS & SQL,DBMS Relational Algebra Multiple-Choice Questions (MCQs),"Propositional logic is conducted using p as a formula, using connectors like -",AND,OR,NOT,All of the above,D,"Propositional logic is conducted using p as a formula, using connectors like: AND, OR and NOT.",medium,web:Includehelp.com https://www.includehelp.com/mcq/dbms-relational-algebra-mcqs.aspx,
DBMS & SQL,DBMS Relational Algebra Multiple-Choice Questions (MCQs),A list of the attributes we wish to appear in the result is displayed in ___ operation.,Select,Project,Union,Rename,B,A list of the attributes we wish to appear in the result is displayed in Project operation.,medium,web:Includehelp.com https://www.includehelp.com/mcq/dbms-relational-algebra-mcqs.aspx,
DBMS & SQL,DBMS Relational Algebra Multiple-Choice Questions (MCQs),What is Project Operation denoted by –,P,R,O,∏,D,Project Operation is denoted by ∏.,medium,web:Includehelp.com https://www.includehelp.com/mcq/dbms-relational-algebra-mcqs.aspx,
DBMS & SQL,DBMS Relational Algebra Multiple-Choice Questions (MCQs),"If there are 2 types of tuples, A & B, the ___ operation contains all the tuples that are either in A or B or both in A & B.",Project,Select,Union,Rename,C,"If there are 2 types of tuples, A & B, the union operation contains all the tuples that are either in A or B or both in A & B.",medium,web:Includehelp.com https://www.includehelp.com/mcq/dbms-relational-algebra-mcqs.aspx,
DBMS & SQL,DBMS Relational Algebra Multiple-Choice Questions (MCQs),Union operation eliminates the ___ tuples.,Simple,Single,Duplicate,NULL,C,Union operation eliminates the Duplicate tuples.,medium,web:Includehelp.com https://www.includehelp.com/mcq/dbms-relational-algebra-mcqs.aspx,
DBMS & SQL,DBMS Relational Algebra Multiple-Choice Questions (MCQs),Union operation is denoted by -,U,^,*,!,A,Union operation is denoted by U.,medium,web:Includehelp.com https://www.includehelp.com/mcq/dbms-relational-algebra-mcqs.aspx,
DBMS & SQL,DBMS Relational Algebra Multiple-Choice Questions (MCQs),The following conditions must be met by a union operation.,There must be a common attribute between A and B.,A duplicate tuple is automatically discarded.,Both A. and B.,None of the above,C,"The following conditions must be met by a union operation:
 There must be a common attribute between A and B.
 A duplicate tuple is automatically discarded.",medium,web:Includehelp.com https://www.includehelp.com/mcq/dbms-relational-algebra-mcqs.aspx,
DBMS & SQL,DBMS Relational Algebra Multiple-Choice Questions (MCQs),"If all the tuples are there in the given two tuples, what operation is it called?",Union,Select,Rename,Set Intersection,D,"If all the tuples are there in the given two tuples, this operation is called Set Intersection.",medium,web:Includehelp.com https://www.includehelp.com/mcq/dbms-relational-algebra-mcqs.aspx,
DBMS & SQL,DBMS Relational Algebra Multiple-Choice Questions (MCQs),What does Set Intersection Operation denote as?,U,∩,∏,I,B,Set Intersection operation is denoted by ∩.,medium,web:Includehelp.com https://www.includehelp.com/mcq/dbms-relational-algebra-mcqs.aspx,
DBMS & SQL,DBMS Relational Algebra Multiple-Choice Questions (MCQs),What does Set Difference Operation denote as?,+,-,U,∩,B,Set Difference Operation is denoted as (-).,medium,web:Includehelp.com https://www.includehelp.com/mcq/dbms-relational-algebra-mcqs.aspx,
DBMS & SQL,DBMS Relational Algebra Multiple-Choice Questions (MCQs),"In ___ products, the rows in one table are combined with the rows in another table.",Cross,Cartesian,Both A and B,None of the above,C,"In Cartesian or Cross products, the rows in one table are combined with the rows in another table.",medium,web:Includehelp.com https://www.includehelp.com/mcq/dbms-relational-algebra-mcqs.aspx,
DBMS & SQL,DBMS Relational Algebra Multiple-Choice Questions (MCQs),Renaming the output relation is done via the ___ operation.,Update,Alter,Rename,Reverse,C,Renaming the output relation is done via the rename operation.,medium,web:Includehelp.com https://www.includehelp.com/mcq/dbms-relational-algebra-mcqs.aspx,
DBMS & SQL,DBMS Integrity Constraints Multiple-Choice Questions (MCQs),Information ___ is maintained by Integrity Constraints.,Quantity,Data,Quality,Flow,C,Information quality is maintained by Integrity Constraints.,medium,web:Includehelp.com https://www.includehelp.com/mcq/dbms-integrity-constraints-mcqs.aspx,
DBMS & SQL,DBMS Integrity Constraints Multiple-Choice Questions (MCQs),"A ___ constraint ensures that insertions, updates, and other processes are performed in a manner that does not compromise ___.",Data Composition,Data Interval,Data Integrity,Data Insertion,C,"A data integrity constraint ensures that insertions, updates, and other processes are performed in a manner that does not compromise data integrity.",medium,web:Includehelp.com https://www.includehelp.com/mcq/dbms-integrity-constraints-mcqs.aspx,
DBMS & SQL,DBMS Integrity Constraints Multiple-Choice Questions (MCQs),An ___ prevents data from being accidentally damaged.,Data Constraint,Integrity Constraint,Integrity Rule,Data Rule,B,An integrity constraint prevents data from being accidentally damaged.,medium,web:Includehelp.com https://www.includehelp.com/mcq/dbms-integrity-constraints-mcqs.aspx,
DBMS & SQL,DBMS Integrity Constraints Multiple-Choice Questions (MCQs),How many types of integrity constraints are there?,3,4,5,6,B,There are 4 types of integrity constraints.,medium,web:Includehelp.com https://www.includehelp.com/mcq/dbms-integrity-constraints-mcqs.aspx,
DBMS & SQL,DBMS Integrity Constraints Multiple-Choice Questions (MCQs),Which of the following is NOT a type of integrity constraint?,Domain Constraint,Entity Integrity Constraint,Key Constraint,Primary Key Constraint,D,Primary Key Constraint is NOT a type of Integrity Constraint.,medium,web:Includehelp.com https://www.includehelp.com/mcq/dbms-integrity-constraints-mcqs.aspx,
DBMS & SQL,DBMS Integrity Constraints Multiple-Choice Questions (MCQs),To include integrity constraint in an existing relation use ___.,Drop table,Modify table,Alter table,Create table,C,"To include integrity constraint in an existing relation use ""Alter table"".",medium,web:Includehelp.com https://www.includehelp.com/mcq/dbms-integrity-constraints-mcqs.aspx,
DBMS & SQL,DBMS Integrity Constraints Multiple-Choice Questions (MCQs),Which of the following is not an integrity constraint?,Not null,Positive,Unique,Check 'predicate',B,"In the given values, the ""Positive"" is not an integrity constraint.",medium,web:Includehelp.com https://www.includehelp.com/mcq/dbms-integrity-constraints-mcqs.aspx,
DBMS & SQL,DBMS Integrity Constraints Multiple-Choice Questions (MCQs),What is Domain Constraint?,An attribute domain constraint can be described as a definition of a valid set of values for a particular attribute,An attribute domain constraint can be described as a definition of a valid set of values for a particular row,An attribute domain constraint can be described as a definition of a valid set of values for a particular table,An attribute domain constraint can be described as a definition of a valid set of values for a particular database,A,,medium,web:Includehelp.com https://www.includehelp.com/mcq/dbms-integrity-constraints-mcqs.aspx,
DBMS & SQL,DBMS Integrity Constraints Multiple-Choice Questions (MCQs),What does the data type of domain include?,String,Date,Currency,All of the above,D,"The data type of domain includes string, date, currency, etc.",medium,web:Includehelp.com https://www.includehelp.com/mcq/dbms-integrity-constraints-mcqs.aspx,
DBMS & SQL,DBMS Integrity Constraints Multiple-Choice Questions (MCQs),"In order for an __ to have a value, it must be available within the corresponding domain.",Value,Order,Attribute,Row,C,"In order for an attribute to have a value, it must be available within the corresponding domain.",medium,web:Includehelp.com https://www.includehelp.com/mcq/dbms-integrity-constraints-mcqs.aspx,
DBMS & SQL,DBMS Integrity Constraints Multiple-Choice Questions (MCQs),What is the full form of EIC?,Entity Internal Constraints,Embedded Internal Constraints,Entity Integrity Constraints,Embedded Integrity Constraints,C,The full form of EIC is Entity Integrity Constraints.,medium,web:Includehelp.com https://www.includehelp.com/mcq/dbms-integrity-constraints-mcqs.aspx,
DBMS & SQL,DBMS Integrity Constraints Multiple-Choice Questions (MCQs),What is TRUE about Entity Integrity Constraints?,Primary key values cannot be null according to the entity integrity constraint.,Primary key values can be null according to the entity integrity constraint.,Primary key values cannot be zero according to the entity integrity constraint.,None of the above,A,,medium,web:Includehelp.com https://www.includehelp.com/mcq/dbms-integrity-constraints-mcqs.aspx,
DBMS & SQL,DBMS Integrity Constraints Multiple-Choice Questions (MCQs),"Identifying individual rows in a relation is based on the ___ value, and if the ___ is null, it will not be able to locate these rows.",Primary Key,Foreign Key,Alternate Key,Composite Key,A,"Identifying individual rows in a relation is based on the primary key value, and if the primary key is null, it will not be able to locate these rows.",medium,web:Includehelp.com https://www.includehelp.com/mcq/dbms-integrity-constraints-mcqs.aspx,
DBMS & SQL,DBMS Integrity Constraints Multiple-Choice Questions (MCQs),"Other than the primary key field, Entity Integrity Constraints allow ___ values in tables.",Zero,One,Null,Two,C,"Other than the primary key field, Entity Integrity Constraints allow null values in tables.",medium,web:Includehelp.com https://www.includehelp.com/mcq/dbms-integrity-constraints-mcqs.aspx,
DBMS & SQL,DBMS Integrity Constraints Multiple-Choice Questions (MCQs),What is the full form of RIC?,Repetitive Integrity Constraints,Referential Integrity Constraints,Regional Integrity Constraints,Relational Integrity Constraints,B,The full form of RIC is Referential Integrity Constraints.,medium,web:Includehelp.com https://www.includehelp.com/mcq/dbms-integrity-constraints-mcqs.aspx,
DBMS & SQL,DBMS Integrity Constraints Multiple-Choice Questions (MCQs),The full form of RIC is Referential Integrity Constraints.,One,Two,Three,Four,B,Two tables are constrained by referential integrity.,medium,web:Includehelp.com https://www.includehelp.com/mcq/dbms-integrity-constraints-mcqs.aspx,
DBMS & SQL,DBMS Integrity Constraints Multiple-Choice Questions (MCQs),A ___ Key in Table 1 that refers to the Primary Key in Table 2 must either have null values or be available in Table 2. This is what Referential Integrity constraints require.,Primary,Alternate,Foreign,Composite,C,A Foreign Key in Table 1 that refers to the Primary Key in Table 2 must either have zero values or be available in Table 2. This is what Referential Integrity constraints require.,medium,web:Includehelp.com https://www.includehelp.com/mcq/dbms-integrity-constraints-mcqs.aspx,
DBMS & SQL,DBMS Integrity Constraints Multiple-Choice Questions (MCQs),Entities are uniquely identified in entity sets by ___.,Methods,Tables,Tuples,Keys,D,Entities are uniquely identified in entity sets by keys.,medium,web:Includehelp.com https://www.includehelp.com/mcq/dbms-integrity-constraints-mcqs.aspx,
DBMS & SQL,DBMS Integrity Constraints Multiple-Choice Questions (MCQs),"There can be multiple keys in an entity set, but only ___ of them will be the primary key.",One,Two,Three,Four,A,"There can be multiple keys in an entity set, but only one of them will be the primary key.",medium,web:Includehelp.com https://www.includehelp.com/mcq/dbms-integrity-constraints-mcqs.aspx,
DBMS & SQL,DBMS Integrity Constraints Multiple-Choice Questions (MCQs),Relational tables can include ___ primary keys.,Only 1,Only 2,More than 2,As many as you want,A,"Primary keys are always unique, it is used to identify the result uniquely and there is always one column in a table that can be marked as a primary key.",medium,web:Includehelp.com https://www.includehelp.com/mcq/dbms-integrity-constraints-mcqs.aspx,
DBMS & SQL,DBMS Join Operations Multiple-Choice Questions (MCQs),What is Join Operation denoted by?,U,(,&,⋈,D,Join Operation is denoted by ⋈.,medium,web:Includehelp.com https://www.includehelp.com/mcq/dbms-join-operations-mcqs.aspx,
DBMS & SQL,DBMS Join Operations Multiple-Choice Questions (MCQs),How many types of Join Operation are there?,2,3,4,5,B,There are 3 types of Join Operations.,medium,web:Includehelp.com https://www.includehelp.com/mcq/dbms-join-operations-mcqs.aspx,
DBMS & SQL,DBMS Join Operations Multiple-Choice Questions (MCQs),Which among the following is a type of Join Operation?,Natural Join,Outer Join,Equi Join,All of the above,D,"Types of Join Operations are -
 Natural Join
 Outer Join
 Equi Join",medium,web:Includehelp.com https://www.includehelp.com/mcq/dbms-join-operations-mcqs.aspx,
DBMS & SQL,DBMS Join Operations Multiple-Choice Questions (MCQs),How many types of outer joins are there?,2,3,4,5,B,"There are three types of Outer Join: LEFT JOIN , RIGHT JOIN , and FULL JOIN.",medium,web:Includehelp.com https://www.includehelp.com/mcq/dbms-join-operations-mcqs.aspx,
DBMS & SQL,DBMS Join Operations Multiple-Choice Questions (MCQs),Which among the following is NOT an Outer Join Operation?,Left Outer Join,Right Outer Join,Natural Join,Full Outer Join,C,Natural Join is a type of Join Operation and not an Outer Join Operation.,medium,web:Includehelp.com https://www.includehelp.com/mcq/dbms-join-operations-mcqs.aspx,
DBMS & SQL,DBMS Join Operations Multiple-Choice Questions (MCQs),It is the set of all the tuples that have the ____ attribute names in each of A and S.,Same,Different,Lesser,Greater,A,It is the set of all the tuples that have the same attribute names in each of A and S.,medium,web:Includehelp.com https://www.includehelp.com/mcq/dbms-join-operations-mcqs.aspx,
DBMS & SQL,DBMS Join Operations Multiple-Choice Questions (MCQs),What does Natural Join Operation denote as?,N,J,⋈,U,C,Natural Join Operation is denoted as ⋈.,medium,web:Includehelp.com https://www.includehelp.com/mcq/dbms-join-operations-mcqs.aspx,
DBMS & SQL,DBMS Join Operations Multiple-Choice Questions (MCQs),Which of the following operations is an extension of the Join Operation?,Natural,Outer,Inner,Equi,B,The Outer Join Operation is an extension of the Join Operation.,medium,web:Includehelp.com https://www.includehelp.com/mcq/dbms-join-operations-mcqs.aspx,
DBMS & SQL,DBMS Join Operations Multiple-Choice Questions (MCQs),A ___ piece of information can be handled by the outer join operation.,Known,Missing,Unused,None,B,A missing piece of information can be handled by the outer join operation.,medium,web:Includehelp.com https://www.includehelp.com/mcq/dbms-join-operations-mcqs.aspx,
DBMS & SQL,DBMS Join Operations Multiple-Choice Questions (MCQs),What is TRUE about Left Outer Join?,It contains all tuples that have the same common attribute names in A and B.,Tuples in A do not match tuples in B in the left outer join.,It is denoted by ⟕.,All of the above,D,"Explanation: In case of Left Outer Join -
 It contains all tuples that have the same common attribute names in A and B.
 Tuples in A do not match tuples in B in the left outer join.
 It is denoted by ⟕.",medium,web:Includehelp.com https://www.includehelp.com/mcq/dbms-join-operations-mcqs.aspx,
DBMS & SQL,DBMS Join Operations Multiple-Choice Questions (MCQs),What is TRUE about Right Outer Join?,It contains all tuples that have the same common attribute names in A and B,Tuples in B do not match tuples in A in the left outer join,Both A and B,None of the above,C,"In case of Right Outer Join -
 It contains all tuples that have the same common attribute names in A and B.
 Tuples in B do not match tuples in A in the left outer join.",medium,web:Includehelp.com https://www.includehelp.com/mcq/dbms-join-operations-mcqs.aspx,
DBMS & SQL,DBMS Join Operations Multiple-Choice Questions (MCQs),What does Right Outer Join denote by?,⋈,⟕,⟖,All of the above,C,Right outer join is denoted by ⟖.,medium,web:Includehelp.com https://www.includehelp.com/mcq/dbms-join-operations-mcqs.aspx,
DBMS & SQL,DBMS Join Operations Multiple-Choice Questions (MCQs),An outer join that contains all rows from both tables is like a ___.,Left Join,Right Join,Natural Join,Both A and B,D,An outer join that contains all rows from both tables is like a left or right join.,medium,web:Includehelp.com https://www.includehelp.com/mcq/dbms-join-operations-mcqs.aspx,
DBMS & SQL,DBMS Join Operations Multiple-Choice Questions (MCQs),"With a ___, no tuples in A have any matches in B, and there are no tuples in B that have any matches in A.",Natural Join,Left Outer Join,Right Outer Join,Full Outer Join,D,"With a full outer join, no tuples in A have any matches in B, and there are no tuples in B that have any matches in A.",medium,web:Includehelp.com https://www.includehelp.com/mcq/dbms-join-operations-mcqs.aspx,
DBMS & SQL,DBMS Join Operations Multiple-Choice Questions (MCQs),What does Full Outer Join denote as?,⟗,⋈,⟕,⟖,A,Full Outer Join is denoted as ⟗.,medium,web:Includehelp.com https://www.includehelp.com/mcq/dbms-join-operations-mcqs.aspx,
DBMS & SQL,DBMS Join Operations Multiple-Choice Questions (MCQs),What does Equi Join also known as?,Inner Join,Outer Join,Natural Join,None,A,Equi Join is also known as Inner Join.,medium,web:Includehelp.com https://www.includehelp.com/mcq/dbms-join-operations-mcqs.aspx,
DBMS & SQL,DBMS Join Operations Multiple-Choice Questions (MCQs),"According to the ___ condition, Inner Join is derived from matched data.",Greater than,Lesser than,Equality,Null,C,"According to the equality condition, Inner Jo is derived from matched data.",medium,web:Includehelp.com https://www.includehelp.com/mcq/dbms-join-operations-mcqs.aspx,
DBMS & SQL,DBMS Join Operations Multiple-Choice Questions (MCQs),A ___ is used for the equi join.,Equal Operation,Comparison Operation,Equi Operation,Contrast Operation,B,A comparison operator is used for the equi join.,medium,web:Includehelp.com https://www.includehelp.com/mcq/dbms-join-operations-mcqs.aspx,
DBMS & SQL,DBMS Join Operations Multiple-Choice Questions (MCQs),What does Comparison Operator denote as?,=,⋈,{},<>,A,Comparison Operator is denoted as =.,medium,web:Includehelp.com https://www.includehelp.com/mcq/dbms-join-operations-mcqs.aspx,
DBMS & SQL,DBMS Relational Calculus Multiple-Choice Questions (MCQs),A ___ query language focuses on how to get the end results for the user.,Procedural,Non-procedural,Circular,Flow,B,A non-procedural query language focuses on how to get the end results for the user.,medium,web:Includehelp.com https://www.includehelp.com/mcq/dbms-relational-calculus-mcqs.aspx,
DBMS & SQL,DBMS Relational Calculus Multiple-Choice Questions (MCQs),How many types of relational calculus are there?,1,2,3,4,B,Explanation: There are two types of relational calculus: the tuple relational calculus and the domain relational calculus.,medium,web:Includehelp.com https://www.includehelp.com/mcq/dbms-relational-calculus-mcqs.aspx,
DBMS & SQL,DBMS Relational Calculus Multiple-Choice Questions (MCQs),Which of the following is a type of relational calculus?,Tuple Relational Calculus,Domain Relational Calculus,Both A and B,None of the above,C,Tuple Relational Calculus and Domain Relational Calculus are two types of relational calculus.,medium,web:Includehelp.com https://www.includehelp.com/mcq/dbms-relational-calculus-mcqs.aspx,
DBMS & SQL,DBMS Relational Calculus Multiple-Choice Questions (MCQs),"In a relation, ___ are selected using the tuple relational calculus.",Attributes,Tuples,Relation,Calculus,B,"In a relation, tuples are selected using the tuple relational calculus.",medium,web:Includehelp.com https://www.includehelp.com/mcq/dbms-relational-calculus-mcqs.aspx,
DBMS & SQL,DBMS Relational Calculus Multiple-Choice Questions (MCQs),___ in TRC use tuples from a relation.,Filtering Variables,Unfiltering Variables,Filtering Statics,Unfiltering Statics,A,Filtering variables in TRC use tuples from a relation.,medium,web:Includehelp.com https://www.includehelp.com/mcq/dbms-relational-calculus-mcqs.aspx,
DBMS & SQL,DBMS Relational Calculus Multiple-Choice Questions (MCQs),There can be ___ tuples in the result of the relation.,One,Two,Three,Many,D,There can be many types in the result of the relation.,medium,web:Includehelp.com https://www.includehelp.com/mcq/dbms-relational-calculus-mcqs.aspx,
DBMS & SQL,DBMS Relational Calculus Multiple-Choice Questions (MCQs),What is the notation to denote Tuple Relational Calculus?,{T | P (T)},{P (T) | T},{P (T)},{T},A,{T | P (T)} is the notation to denote Tuple Relational Calculus.,medium,web:Includehelp.com https://www.includehelp.com/mcq/dbms-relational-calculus-mcqs.aspx,
DBMS & SQL,DBMS Relational Calculus Multiple-Choice Questions (MCQs),What is the T in Tuple Relational Calculus's Notation?,Input Tuples,Resulting Tuples,Both A and B,None of the above,B,T in Tuple Relational Calculus's Notation is Resulting Tuples.,medium,web:Includehelp.com https://www.includehelp.com/mcq/dbms-relational-calculus-mcqs.aspx,
DBMS & SQL,DBMS Relational Calculus Multiple-Choice Questions (MCQs),P(T) represents the condition that is used to ___ T.,Get,Fetch,Both A and B,None of the above,C,P(T) represents the condition that is used to get or fetch T.,medium,web:Includehelp.com https://www.includehelp.com/mcq/dbms-relational-calculus-mcqs.aspx,
DBMS & SQL,DBMS Relational Calculus Multiple-Choice Questions (MCQs),TRC can be ___.,Quantified,Qualified,Destroyed,Created,A,TRC can be quantified.,medium,web:Includehelp.com https://www.includehelp.com/mcq/dbms-relational-calculus-mcqs.aspx,
DBMS & SQL,DBMS Relational Calculus Multiple-Choice Questions (MCQs),___ uses Quantifiers that can be either Existential (*) or Universal (∀).,ERC,TRC,PRC,NRC,B,TRC uses Quantifiers that can be either Existential (*) or Universal (∀).,medium,web:Includehelp.com https://www.includehelp.com/mcq/dbms-relational-calculus-mcqs.aspx,
DBMS & SQL,DBMS Relational Calculus Multiple-Choice Questions (MCQs),What is the full form of DRC?,Domain Rational Calculus,Domain Relational Calculus,Distributed Rational Calculus,Distributed Relational Calculus,B,The full form of DRC is Domain Relational Calculus.,medium,web:Includehelp.com https://www.includehelp.com/mcq/dbms-relational-calculus-mcqs.aspx,
DBMS & SQL,DBMS Relational Calculus Multiple-Choice Questions (MCQs),The domain of ___ is used when filtering variables using domain relational calculus.,Attributes,Tuples,Both a and b,None of the above,A,The domain of attributes is used when filtering variables using domain relational calculus.,medium,web:Includehelp.com https://www.includehelp.com/mcq/dbms-relational-calculus-mcqs.aspx,
DBMS & SQL,DBMS Relational Calculus Multiple-Choice Questions (MCQs),"Using the same operators used in ___, domain relational calculus can be used.",Attribute Calculus,Tuple Calculus,Calculus,None of the above,B,"Using the same operators used in tuple calculus, domain relational calculus can be used.",medium,web:Includehelp.com https://www.includehelp.com/mcq/dbms-relational-calculus-mcqs.aspx,
DBMS & SQL,DBMS Relational Calculus Multiple-Choice Questions (MCQs),"DRC uses logical connectives ∧ (and), ∨ (or) and ┓ (not).",∧ (and),∨ (or),┓ (not),All of the above,D,"DRC uses logical connectives ∧ (and), ∨ (or) and ┓ (not).",medium,web:Includehelp.com https://www.includehelp.com/mcq/dbms-relational-calculus-mcqs.aspx,
DBMS & SQL,DBMS Relational Calculus Multiple-Choice Questions (MCQs),Binding the variable is done using the ___.,Existential Functions (∃),Universal Quantifier Functions (∀),Both A and B,None of the above,C,Binding the variable is done using the Existential Functions (∃) and Universal Quantifier Functions (∀).,medium,web:Includehelp.com https://www.includehelp.com/mcq/dbms-relational-calculus-mcqs.aspx,
DBMS & SQL,DBMS Relational Calculus Multiple-Choice Questions (MCQs),DRC's notation is -,"{a1, a2, a3, ..., an | P (a1, a2, a3, ... ,an)}","{P(a1, a2, a3, ... ,an) | a1, a2, a3, ..., an}","{P(a1, a2, a3, ... ,an)}","{a1, a2, a3, ..., an}",A,"DRC's notation is - {a1, a2, a3, ..., an | P (a1, a2, a3, ... ,an)}.",medium,web:Includehelp.com https://www.includehelp.com/mcq/dbms-relational-calculus-mcqs.aspx,
DBMS & SQL,DBMS Relational Calculus Multiple-Choice Questions (MCQs),Formula P in DRC is built based on ____ attributes.,Inner,Outer,Centric,None,A,Formula P in DRC is built based on inner attributes.,medium,web:Includehelp.com https://www.includehelp.com/mcq/dbms-relational-calculus-mcqs.aspx,
DBMS & SQL,DBMS Relational Calculus Multiple-Choice Questions (MCQs),"a1, a2, ... an notation in DRC are the -",Tuples,Attributes,Both A and B,None of the above,B,"a1, a2, .... an notation in DRC are the attributes.",medium,web:Includehelp.com https://www.includehelp.com/mcq/dbms-relational-calculus-mcqs.aspx,
DBMS & SQL,DBMS Functional Dependency Multiple-Choice Questions (MCQs),An attribute that is ___ and the primary key of a table are typically functionally dependent on one another.,Key,Non-Key,One-Key,Many-Key,B,An attribute that is non-key and the primary key of a table are typically functionally dependent on one another.,medium,web:Includehelp.com https://www.includehelp.com/mcq/dbms-functional-dependency-mcqs.aspx,
DBMS & SQL,DBMS Functional Dependency Multiple-Choice Questions (MCQs),Functional dependencies are classified as ___ on the left.,Dependent,Determined,Determinants,Database,C,Function dependencies are classified as determinants on the left.,medium,web:Includehelp.com https://www.includehelp.com/mcq/dbms-functional-dependency-mcqs.aspx,
DBMS & SQL,DBMS Functional Dependency Multiple-Choice Questions (MCQs),___ is the right side of making functional dependency.,Determinants,Dependency,Independency,None,B,Dependency is the right side of making functional dependency.,medium,web:Includehelp.com https://www.includehelp.com/mcq/dbms-functional-dependency-mcqs.aspx,
DBMS & SQL,DBMS Functional Dependency Multiple-Choice Questions (MCQs),How many types of functional dependencies are there?,1,2,3,4,D,"There are mainly four types of Functional Dependency in DBMS:
 Trivial functional dependency
 Non-Trivial functional dependency
 Multivalued functional dependency
 Transitive functional dependency",medium,web:Includehelp.com https://www.includehelp.com/mcq/dbms-functional-dependency-mcqs.aspx,
DBMS & SQL,DBMS Functional Dependency Multiple-Choice Questions (MCQs),Which of the following is a type of functional dependency?,Trivial Functional Dependency,Non-trivial Functional Dependency,Both A and B,None of the above,C,"There are mainly four types of Functional Dependency in DBMS:
 Trivial functional dependency
 Non-Trivial functional dependency
 Multivalued functional dependency
 Transitive functional dependency",medium,web:Includehelp.com https://www.includehelp.com/mcq/dbms-functional-dependency-mcqs.aspx,
DBMS & SQL,DBMS Functional Dependency Multiple-Choice Questions (MCQs),"If ___, then A -> B has trivial functional dependency.",B is a subset of A,A is a subset of B,A is a subset of A',B is a subset of B',A,"If B is a subset of A, then A -> B has trivial functional dependency.",medium,web:Includehelp.com https://www.includehelp.com/mcq/dbms-functional-dependency-mcqs.aspx,
DBMS & SQL,DBMS Functional Dependency Multiple-Choice Questions (MCQs),Which of the following is a trivial functional dependency?,"A->B, if B is a subset of A",A->A,B->B,All of the above,A,"These are the trivial functional dependencies -
 A->B
 A->A
 B->B",medium,web:Includehelp.com https://www.includehelp.com/mcq/dbms-functional-dependency-mcqs.aspx,
DBMS & SQL,DBMS Functional Dependency Multiple-Choice Questions (MCQs),"If ___, then A -> B has non-trivial functional dependency.",B is not a subset of A,A is not a subset of B,A is not a subset of A',B is not a subset of B',A,"If B is not a subset of A, then A -> B has non-trivial functional dependency.",medium,web:Includehelp.com https://www.includehelp.com/mcq/dbms-functional-dependency-mcqs.aspx,
DBMS & SQL,DBMS Functional Dependency Multiple-Choice Questions (MCQs),"A -> B is a ___l, when A intersection B is NULL.",Complete Trivial,Complete Non-Trivial,Incomplete Trivial,Incomplete Non-Trivial,B,"A -> B is a complete non-trivial, when A intersection B is NULL.",medium,web:Includehelp.com https://www.includehelp.com/mcq/dbms-functional-dependency-mcqs.aspx,
DBMS & SQL,DBMS Inference Rule (IR) Multiple-Choice Questions (MCQs),___ on relational databases can be determined by using Armstrong's axioms.,Functional Independencies,Functional Dependencies,Fractional Independencies,Fraction Dependencies,B,Functional dependencies on relational databases can be determined by using Armstrong's axioms.,medium,web:Includehelp.com https://www.includehelp.com/mcq/dbms-inference-rule-ir-mcqs.aspx,
DBMS & SQL,DBMS Inference Rule (IR) Multiple-Choice Questions (MCQs),A type of assertion is the ___ rule.,Interference,Inference,Intraference,Indifference,B,The inference rule is a type of assertion. It can apply to a set of FD(functional dependency) to derive other FD.,medium,web:Includehelp.com https://www.includehelp.com/mcq/dbms-inference-rule-ir-mcqs.aspx,
DBMS & SQL,DBMS Inference Rule (IR) Multiple-Choice Questions (MCQs),"From the ___ set, we can infer other functional dependencies.",Last,Middle,Initial,None,C,"From the initial set, we can infer other functional dependencies.",medium,web:Includehelp.com https://www.includehelp.com/mcq/dbms-inference-rule-ir-mcqs.aspx,
DBMS & SQL,DBMS Inference Rule (IR) Multiple-Choice Questions (MCQs),How many types of inference rule are there in functional dependency?,3,4,5,6,D,There are 6 types of inference rules in functional dependency.,medium,web:Includehelp.com https://www.includehelp.com/mcq/dbms-inference-rule-ir-mcqs.aspx,
DBMS & SQL,DBMS Inference Rule (IR) Multiple-Choice Questions (MCQs),Which of the following is a type of inference rule in functional dependency?,Reflexive Rule,Augmentation Rule,Transitive Rule,All of the above,D,"The types of inference rule in functional dependency are -
 Reflexive Rule
 Augmentation Rule
 Transitive Rule",medium,web:Includehelp.com https://www.includehelp.com/mcq/dbms-inference-rule-ir-mcqs.aspx,
DBMS & SQL,DBMS Inference Rule (IR) Multiple-Choice Questions (MCQs),Which of the following is not a type of inference rule in functional dependency?,Union Rule,Decomposition Rule,Pseudo Transitive Rule,None of the above,D,"The types of inference rules in functional dependencies are -
 Union Rule
 Decomposition Rule
 Pseudo Transitive Rule",medium,web:Includehelp.com https://www.includehelp.com/mcq/dbms-inference-rule-ir-mcqs.aspx,
DBMS & SQL,DBMS Inference Rule (IR) Multiple-Choice Questions (MCQs),A determines B if B is a ___ of A in the reflexive rule.,Set,Superset,Subset,None,C,A determines B if B is a subset of A in the reflexive rule.,medium,web:Includehelp.com https://www.includehelp.com/mcq/dbms-inference-rule-ir-mcqs.aspx,
DBMS & SQL,DBMS Inference Rule (IR) Multiple-Choice Questions (MCQs),What is the augmentation rule also known as?,Partial Independency,Total Independency,Partial Dependency,Total Dependency,C,Augmentation rule is also known as Partial Dependency.,medium,web:Includehelp.com https://www.includehelp.com/mcq/dbms-inference-rule-ir-mcqs.aspx,
DBMS & SQL,DBMS Inference Rule (IR) Multiple-Choice Questions (MCQs),"If B is determined by A, then ___ is determined by BC regardless of C in the augmentation rule.",AB,A,B,AC,D,"If B is determined by A, then AC is determined by BC regardless of C in the augmentation rule.",medium,web:Includehelp.com https://www.includehelp.com/mcq/dbms-inference-rule-ir-mcqs.aspx,
DBMS & SQL,DBMS Inference Rule (IR) Multiple-Choice Questions (MCQs),"In the case of Transitive Rule, A determines B, and B determines C if B determines A. Therefore, A must also determine ___.",A,B,C,AC,C,"In the case of Transitive Rule, A determines B, and B determines C if B determines A. Therefore, A must also determine C.",medium,web:Includehelp.com https://www.includehelp.com/mcq/dbms-inference-rule-ir-mcqs.aspx,
DBMS & SQL,DBMS Inference Rule (IR) Multiple-Choice Questions (MCQs),"Union rule states that if A decides B and A decides C, then A must also decide ___.",A and C,B and C,A and B,None of the above,B,"Union rule states that if A decides B and A decides C, then A must also decide B and C.",medium,web:Includehelp.com https://www.includehelp.com/mcq/dbms-inference-rule-ir-mcqs.aspx,
DBMS & SQL,DBMS Inference Rule (IR) Multiple-Choice Questions (MCQs),What is the Decomposition Rule also known as?,Unproject Rule,Determined Rule,Composite Rule,Project Rule,D,Decomposition Rule is also known as Project Rule.,medium,web:Includehelp.com https://www.includehelp.com/mcq/dbms-inference-rule-ir-mcqs.aspx,
DBMS & SQL,DBMS Inference Rule (IR) Multiple-Choice Questions (MCQs),"___ says when A and B are determined by the same process, then A and B are determined separately.",Project Rule,Decomposition Rule,Both A and B,None of the above,C,"Decomposition Rule or Project Rule says when A and B are determined by the same process, then A and B are determined separately.",medium,web:Includehelp.com https://www.includehelp.com/mcq/dbms-inference-rule-ir-mcqs.aspx,
DBMS & SQL,DBMS Inference Rule (IR) Multiple-Choice Questions (MCQs),"If A determines B, and BC determines D, then AC determines D according to the ___ Rule.",Transitive Rule,Pseudo Rule,Pseudo Decomposition Rule,Pseudo Transitive Rule,D,"If A determines B, and BC determines D, then AC determines D according to the Pseudo transitive Rule.",medium,web:Includehelp.com https://www.includehelp.com/mcq/dbms-inference-rule-ir-mcqs.aspx,
DBMS & SQL,DBMS Inference Rule (IR) Multiple-Choice Questions (MCQs),If A → B and BC → D then ___.,AB → D,D → AB,AC → D,D → AC,C,If A → B and BC → D then AC → D.,medium,web:Includehelp.com https://www.includehelp.com/mcq/dbms-inference-rule-ir-mcqs.aspx,
DBMS & SQL,DBMS Inference Rule (IR) Multiple-Choice Questions (MCQs),If A → __ then A → B and A → C.,A →C,A → AC,A → AB,A → BC,D,If A → BC then A → B and A → C.,medium,web:Includehelp.com https://www.includehelp.com/mcq/dbms-inference-rule-ir-mcqs.aspx,
DBMS & SQL,DBMS Inference Rule (IR) Multiple-Choice Questions (MCQs),If A → B and A → ___ then A → BC.,A,B,C,None,C,If A → B and A → C then A → BC.,medium,web:Includehelp.com https://www.includehelp.com/mcq/dbms-inference-rule-ir-mcqs.aspx,
DBMS & SQL,DBMS Inference Rule (IR) Multiple-Choice Questions (MCQs),If ___ → B and B → C then A → C.,A,B,C,None,A,If A → B and B → C then A → C.,medium,web:Includehelp.com https://www.includehelp.com/mcq/dbms-inference-rule-ir-mcqs.aspx,
DBMS & SQL,DBMS Inference Rule (IR) Multiple-Choice Questions (MCQs),If A → B then ___ → BC.,AB,AC,BC,None,B,If A → B then AC → BC.,medium,web:Includehelp.com https://www.includehelp.com/mcq/dbms-inference-rule-ir-mcqs.aspx,
DBMS & SQL,DBMS Inference Rule (IR) Multiple-Choice Questions (MCQs),If A ⊇ B then A → ___.,NULL,0,1,B,D,If A ⊇ B then A → B.,medium,web:Includehelp.com https://www.includehelp.com/mcq/dbms-inference-rule-ir-mcqs.aspx,
DBMS & SQL,DBMS Normalization Multiple-Choice Questions (MCQs),"By normalizing relations or sets of relations, one minimizes ___.",Data,Fields,Redundancy,Database,C,"By normalizing relations or sets of relations, one minimizes redundancy.",medium,web:Includehelp.com https://www.includehelp.com/mcq/dbms-normalization-mcqs.aspx,
DBMS & SQL,DBMS Normalization Multiple-Choice Questions (MCQs),"In addition to removing undesirable characteristics, normalization also eliminates ___ anomalies.",Insert,Update,Delete,All of the above,D,"In addition to removing undesirable characteristics, normalization also eliminates insert, update, and delete anomalies.",medium,web:Includehelp.com https://www.includehelp.com/mcq/dbms-normalization-mcqs.aspx,
DBMS & SQL,DBMS Normalization Multiple-Choice Questions (MCQs),A common approach to normalization is to ___ the larger table into smaller tables and link them together by using relationships.,Add,Subtract,Multiply,Divide,D,A common approach to normalization is to divide the larger table into smaller tables and link them together by using relationships.,medium,web:Includehelp.com https://www.includehelp.com/mcq/dbms-normalization-mcqs.aspx,
DBMS & SQL,DBMS Normalization Multiple-Choice Questions (MCQs),Redundancy is reduced in a database table by using the ___ form.,Abnormal,Normal,Special,None,B,Redundancy is reduced in a database table by using the normal form.,medium,web:Includehelp.com https://www.includehelp.com/mcq/dbms-normalization-mcqs.aspx,
DBMS & SQL,DBMS Normalization Multiple-Choice Questions (MCQs),"In practical applications, how many types of Normal Forms are there?",3,4,5,6,B,There are 4 types of normal forms.,medium,web:Includehelp.com https://www.includehelp.com/mcq/dbms-normalization-mcqs.aspx,
DBMS & SQL,DBMS Normalization Multiple-Choice Questions (MCQs),Which of the following is not a type of Normal Form?,1NF,2NF,3NF,10NF,D,10NF is not a type of Normal Form.,medium,web:Includehelp.com https://www.includehelp.com/mcq/dbms-normalization-mcqs.aspx,
DBMS & SQL,DBMS Normalization Multiple-Choice Questions (MCQs),Which of the following is a type of Normal Form?,ACNF,BCNF,CCNF,DCNF,B,BCNF is a type of Normal Form.,medium,web:Includehelp.com https://www.includehelp.com/mcq/dbms-normalization-mcqs.aspx,
DBMS & SQL,DBMS Normalization Multiple-Choice Questions (MCQs),"When a relation contains an atomic value, it is a ___ relation.",1NF,2NF,3NF,BCNF,A,"When a relation contains an atomic value, it is a 1NF relation.",medium,web:Includehelp.com https://www.includehelp.com/mcq/dbms-normalization-mcqs.aspx,
DBMS & SQL,DBMS Normalization Multiple-Choice Questions (MCQs),2NF relations are those that are in 1NF with all the attribute types dependent on the ___ key.,Primary,Foreign,Composite,Alternate,A,2NF relations are those that are in 1NF with all the attribute types dependent on the primary key.,medium,web:Includehelp.com https://www.includehelp.com/mcq/dbms-normalization-mcqs.aspx,
DBMS & SQL,DBMS Normalization Multiple-Choice Questions (MCQs),"When a relation is in 2NF and there is ___, it is in 3NF.",Transition Dependency,No Transition Dependency,Relational Dependency,No Relational Dependency,B,"When a relation is in 2NF and there is no transition dependency, it is in 3NF.",medium,web:Includehelp.com https://www.includehelp.com/mcq/dbms-normalization-mcqs.aspx,
DBMS & SQL,DBMS Normalization Multiple-Choice Questions (MCQs),A relation is in ___ if it is in Boyce Codd normal form and does not have any multivalued dependencies.,1NF,2NF,3NF,4NF,D,A relation is in 4NF if it is in Boyce Codd normal form and does not have any multivalued dependencies.,medium,web:Includehelp.com https://www.includehelp.com/mcq/dbms-normalization-mcqs.aspx,
DBMS & SQL,DBMS Normalization Multiple-Choice Questions (MCQs),"If a relation has a 4NF and no join dependency, and when it joins, it should be___, it is considered 5NF.",Lossful,Lesser,Lossless,Full,C,"If a relation has a 4NF and no join dependency, and when it joins, it should be lossless, it is considered 5NF.",medium,web:Includehelp.com https://www.includehelp.com/mcq/dbms-normalization-mcqs.aspx,
DBMS & SQL,DBMS Normalization Multiple-Choice Questions (MCQs),What is TRUE about the First Normal Form (1NF)?,"If a relation contains an atomic value, it will be 1NF.","A table attribute cannot contain more than one value, according to this rule.",A single-valued attribute can only be stored in it.,All of the above,D,"In case of First Normal Form (1NF) -
 If a relation contains an atomic value, it will be 1NF.
 A table attribute cannot contain more than one value, according to this rule.
 A single-valued attribute can only be stored in it.",medium,web:Includehelp.com https://www.includehelp.com/mcq/dbms-normalization-mcqs.aspx,
DBMS & SQL,DBMS Normalization Multiple-Choice Questions (MCQs),"Neither multivalued nor composite attributes, nor their combinations, may be used in the ___ normal form.",First,Second,Third,fourth,A,"Neither multivalued nor composite attributes, nor their combinations, may be used in the first normal form.",medium,web:Includehelp.com https://www.includehelp.com/mcq/dbms-normalization-mcqs.aspx,
DBMS & SQL,DBMS Normalization Multiple-Choice Questions (MCQs),What is TRUE about the Second Normal Form (2NF)?,Relational must belong to 1NF in the 2NF.,All attributes other than the primary key are fully functional in the second normal form,Both A and B,None of the above,C,"In case of Second Normal Form (2NF) -
 Relational must belong to 1NF in the 2NF.
 All attributes other than the primary key are fully functional in the second normal form",medium,web:Includehelp.com https://www.includehelp.com/mcq/dbms-normalization-mcqs.aspx,
DBMS & SQL,DBMS Normalization Multiple-Choice Questions (MCQs),What is TRUE about the Third Normal Form (3NF)?,"When a relation is in 2NF and does not contain transitive partial dependencies, it will be in 3NF.",Data duplication is reduced by using 3NF.,It helps maintain the integrity of the data.,All of the above,D,"In case of Third Normal Form (3NF) -
 When a relation is in 2NF and does not contain transitive partial dependencies, it will be in 3NF.
 Data duplication is reduced by using 3NF.
 It helps maintain the integrity of the data.",medium,web:Includehelp.com https://www.includehelp.com/mcq/dbms-normalization-mcqs.aspx,
DBMS & SQL,DBMS Normalization Multiple-Choice Questions (MCQs),"Non-prime attributes cannot be transitively dependent, so the relation must have the ___ normal form.",First,Second,Third,Fourth,C,"Non-prime attributes cannot be transitively dependent, so the relation must have the third normal form.",medium,web:Includehelp.com https://www.includehelp.com/mcq/dbms-normalization-mcqs.aspx,
DBMS & SQL,DBMS Normalization Multiple-Choice Questions (MCQs),There needs to be which of the following conditions for each nontrivial dependency of function X on function Y for a relation to be in third normal form.,A super key is X.,"Every element of Y is a part of some candidate key, i.e, Y is a prime attribute.",Either A or B,None of the above,C,"There needs to be at least one of the following conditions for each nontrivial dependency of function X on function Y for a relation to be in third normal form.
 A super key is X.
 Every element of Y is a part of some candidate key, i.e, Y is a prime attribute.",medium,web:Includehelp.com https://www.includehelp.com/mcq/dbms-normalization-mcqs.aspx,
DBMS & SQL,DBMS Normalization Multiple-Choice Questions (MCQs),What is TRUE about BCNF?,The advanced version of 3NF is BCNF.,BCNF is stricter than 3NF.,The super key is X for any functional dependency of X -> Y in the table.,All of the above,D,"In case of BCNF -
 The advanced version of 3NF is BCNF.
 BCNF is stricter than 3NF.
 The super key is X for any functional dependency of X -> Y in the table.",medium,web:Includehelp.com https://www.includehelp.com/mcq/dbms-normalization-mcqs.aspx,
DBMS & SQL,DBMS Normalization Multiple-Choice Questions (MCQs),"If more than one value of B is present for a single value of A in a dependency A -> B, then the relationship is ___.",Single,Multi-valued,Both a and b,None of the above,B,"If more than one value of B is present for a single value of A in a dependency A*B, then the relationship is multi-valued.",medium,web:Includehelp.com https://www.includehelp.com/mcq/dbms-normalization-mcqs.aspx,
DBMS & SQL,DBMS Normalization Multiple-Choice Questions (MCQs),What is TRUE about 5NF?,"A relation is in 5NF if it is in 4NF, does not contain any join dependencies, and has lossless joining.","In order to avoid redundancy, 5NF ensures that the tables are broken up in as many ways as possible.",Project-join normal form (5NF) is sometimes referred to as Project-join NF.,All of the above,D,"In case of 5NF -
 A relation is in 5NF if it is in 4NF, does not contain any join dependencies, and has lossless joining.
 In order to avoid redundancy, 5NF ensures that the tables are broken up in as many ways as possible.
 Project-join normal form (5NF) is sometimes referred to as Project-join NF.",medium,web:Includehelp.com https://www.includehelp.com/mcq/dbms-normalization-mcqs.aspx,
DBMS & SQL,DBMS Relational Decomposition Multiple-Choice Questions (MCQs),The relational decomposition of a database divides the table into ___ tables.,New,Two,Three,Multiple,D,The relational decomposition of a database divides the table into multiple tables.,medium,web:Includehelp.com https://www.includehelp.com/mcq/dbms-relational-decomposition-mcqs.aspx,
DBMS & SQL,DBMS Relational Decomposition Multiple-Choice Questions (MCQs),There may be problems such as loss of information if the relation lacks ___.,Proper Decomposition,Improper Decomposition,Both A and B,None of the above,A,There may be problems such as loss of information if the relation lacks proper decomposition.,medium,web:Includehelp.com https://www.includehelp.com/mcq/dbms-relational-decomposition-mcqs.aspx,
DBMS & SQL,DBMS Relational Decomposition Multiple-Choice Questions (MCQs),"By decomposing the design, ___ associated with bad design are reduced.",Anomalies,Inconsistencies,Redundancies,All of the above,D,"By decomposing the design, anomalies, inconsistencies, and redundancies associated with bad design are reduced.",medium,web:Includehelp.com https://www.includehelp.com/mcq/dbms-relational-decomposition-mcqs.aspx,
DBMS & SQL,DBMS Relational Decomposition Multiple-Choice Questions (MCQs),How many types of decomposition are there?,1,2,3,4,B,There are two types of decomposition : Lossy Decomposition and Lossless Join Decomposition.,medium,web:Includehelp.com https://www.includehelp.com/mcq/dbms-relational-decomposition-mcqs.aspx,
DBMS & SQL,DBMS Relational Decomposition Multiple-Choice Questions (MCQs),Which of the following is a type of decomposition?,Lossless Decomposition,Dependency Preserving,Both A and B,None of the above,C,"The types of decompositions are -
 Lossless Decomposition
 Dependency Preserving",medium,web:Includehelp.com https://www.includehelp.com/mcq/dbms-relational-decomposition-mcqs.aspx,
DBMS & SQL,DBMS Relational Decomposition Multiple-Choice Questions (MCQs),___ decomposition takes place if information from the relation to be decomposed is not lost.,Lossless,Loss,Dependency,Independency,A,Lossless decomposition takes place if information from the relation to be decomposed is not lost.,medium,web:Includehelp.com https://www.includehelp.com/mcq/dbms-relational-decomposition-mcqs.aspx,
DBMS & SQL,DBMS Relational Decomposition Multiple-Choice Questions (MCQs),Decomposition by lossless means guarantees that joining relations will produce the ____ relation as when they were decomposed.,Different,Same,Two,Multiple,B,Decomposition by lossless means guarantees that joining relations will produce the same relation as when they were decomposed.,medium,web:Includehelp.com https://www.includehelp.com/mcq/dbms-relational-decomposition-mcqs.aspx,
DBMS & SQL,DBMS Relational Decomposition Multiple-Choice Questions (MCQs),"If there are ___ between all the decompositions, the relation is said to be lossless decomposition.",Inner Joins,Outer Joins,Full Outer Joins,Natural Joins,D,"If there are natural joins between all the decompositions, the relation is said to be lossless decomposition.",medium,web:Includehelp.com https://www.includehelp.com/mcq/dbms-relational-decomposition-mcqs.aspx,
DBMS & SQL,DBMS Relational Decomposition Multiple-Choice Questions (MCQs),Databases are obligated to ___ dependencies.,Not preserve,Preserve,Spread,Not Spread,B,Databases are obligated to preserve dependencies.,medium,web:Includehelp.com https://www.includehelp.com/mcq/dbms-relational-decomposition-mcqs.aspx,
DBMS & SQL,DBMS Relational Decomposition Multiple-Choice Questions (MCQs),"In dependency preservation, every dependency must be satisfied by at least ___ decomposed table.",Four,Three,Two,One,D,"In dependency preservation, every dependency must be satisfied by at least one decomposed table.",medium,web:Includehelp.com https://www.includehelp.com/mcq/dbms-relational-decomposition-mcqs.aspx,
DBMS & SQL,DBMS Relational Decomposition Multiple-Choice Questions (MCQs),___ a relation R into its dependency relations R1 and R2 requires that the dependencies of R either be a part of R1 or R2 or be derivable from the combination of the functional dependency relationships of R1 and R2.,Composing,Decomposing,Both A and B,None of the above,B,Decomposing a relation R into its dependency relations R1 and R2 requires that the dependencies of R either be a part of R1 or R2 or be derivable from the combination of the functional dependency relationships of R1 and R2.,medium,web:Includehelp.com https://www.includehelp.com/mcq/dbms-relational-decomposition-mcqs.aspx,
DBMS & SQL,DBMS Types of Dependency Multiple-Choice Questions (MCQs),"At least two attributes of a multivalued dependency must be dependent upon a third attribute, hence it always requires _____ attributes.",One,Two,Three,Four,C,"At least two attributes of a multivalued dependency must be dependent upon a third attribute, hence it always requires three attributes.",medium,web:Includehelp.com https://www.includehelp.com/mcq/dbms-types-of-dependency-mcqs.aspx,
DBMS & SQL,DBMS Types of Dependency Multiple-Choice Questions (MCQs),What is true about Join Dependency?,An extension of Multivalued Dependencies is Join Decomposition.,It is possible to call the join of R1 and R2 over C a join dependency (JD) if they are equal to relation R.,"Alternatively, R1 and R2 can be written as lossless decompositions of R.",All of the above,D,"In case of Join Dependency -
 An extension of Multivalued Dependencies is Join Decomposition.
 It is possible to call the join of R1 and R2 over C a join dependency (JD) if they are equal to relation R.
 Alternatively, R1 and R2 can be written as lossless decompositions of R.",medium,web:Includehelp.com https://www.includehelp.com/mcq/dbms-types-of-dependency-mcqs.aspx,
DBMS & SQL,DBMS Types of Dependency Multiple-Choice Questions (MCQs),"Although more rarely used than functional dependencies, ___ can guide database design.",Multivalued Dependencies,Join Dependencies,Both A and B,None of the above,C,"Although more rarely used than functional dependencies, multivalued dependencies and join dependencies can guide database design.",medium,web:Includehelp.com https://www.includehelp.com/mcq/dbms-types-of-dependency-mcqs.aspx,
DBMS & SQL,DBMS Types of Dependency Multiple-Choice Questions (MCQs),"Basically, ___ dependencies are statements where some columns of a relation are contained within other columns.",Join,Multivalued,Inclusion,All of the above,C,"Basically, inclusion dependencies are statements where some columns of a relation are contained within other columns.",medium,web:Includehelp.com https://www.includehelp.com/mcq/dbms-types-of-dependency-mcqs.aspx,
DBMS & SQL,DBMS Types of Dependency Multiple-Choice Questions (MCQs),What is an example of Inclusion Dependency?,Primary key,Foreign key,Alternate key,Composite key,B,An example of Inclusion Dependency is Foreign Key.,medium,web:Includehelp.com https://www.includehelp.com/mcq/dbms-types-of-dependency-mcqs.aspx,
DBMS & SQL,DBMS Types of Dependency Multiple-Choice Questions (MCQs),The ___ key columns(s) of the referenced relation contain the referring relation.,Primary,Foreign,Composite,Alternate,A,The primary key columns(s) of the referenced relation contain the referring relation.,medium,web:Includehelp.com https://www.includehelp.com/mcq/dbms-types-of-dependency-mcqs.aspx,
DBMS & SQL,DBMS Types of Dependency Multiple-Choice Questions (MCQs),It would be considered ___ dependency if projecting R on its key attributes led to a relation which is contained in the relation obtained by projecting S on its key attributes.,Join,Multivalued,Inclusion,None,C,It would be considered inclusion dependency if projecting R on its key attributes led to a relation which is contained in the relation obtained by projecting S on its key attributes.,medium,web:Includehelp.com https://www.includehelp.com/mcq/dbms-types-of-dependency-mcqs.aspx,
DBMS & SQL,DBMS Types of Dependency Multiple-Choice Questions (MCQs),The inclusion dependency should ___ broken up into different sets of attributes.,Be,Not be,Always,None of the above,B,The inclusion dependency should not be broken up into different sets of attributes.,medium,web:Includehelp.com https://www.includehelp.com/mcq/dbms-types-of-dependency-mcqs.aspx,
DBMS & SQL,DBMS Types of Dependency Multiple-Choice Questions (MCQs),"It is common for inclusion dependencies to be ____-based, that is, they deal with only ____.",Formula,Table,Database,Key,D,"It is common for inclusion dependencies to be key-based, that is, they deal with only keys.",medium,web:Includehelp.com https://www.includehelp.com/mcq/dbms-types-of-dependency-mcqs.aspx,
DBMS & SQL,DBMS Transaction Multiple-Choice Questions (MCQs),"To access the contents of the database, ___ user performs transactions.",Single,Two,Three,Multiple,A,"To access the contents of the database, a single user performs transactions.",medium,web:Includehelp.com https://www.includehelp.com/mcq/dbms-transaction-mcqs.aspx,
DBMS & SQL,DBMS Transaction Multiple-Choice Questions (MCQs),How many operations of transactions are there?,3,4,5,6,B,There are 4 operations of transactions.,medium,web:Includehelp.com https://www.includehelp.com/mcq/dbms-transaction-mcqs.aspx,
DBMS & SQL,DBMS Transaction Multiple-Choice Questions (MCQs),Which of the following is an operation of transactions?,Read,Write,Commit,All of the above,D,"The operations of transactions are -
 Read
 Write
 Commit
 Rollback",medium,web:Includehelp.com https://www.includehelp.com/mcq/dbms-transaction-mcqs.aspx,
DBMS & SQL,DBMS Transaction Multiple-Choice Questions (MCQs),X is read from a database and stored in a buffer in main memory with the ___ operation.,Read,Write,Commit,Rollback,A,X is read from a database and stored in a buffer in main memory with the read operation.,medium,web:Includehelp.com https://www.includehelp.com/mcq/dbms-transaction-mcqs.aspx,
DBMS & SQL,DBMS Transaction Multiple-Choice Questions (MCQs),Writing the data from the buffer back to the database is accomplished by using the _____ operation.,Read,Write,Commit,Rollback,B,Writing the data from the buffer back to the database is accomplished by using the write operation.,medium,web:Includehelp.com https://www.includehelp.com/mcq/dbms-transaction-mcqs.aspx,
DBMS & SQL,DBMS Transaction Multiple-Choice Questions (MCQs),___ is used to permanently save the work.,Read,Write,Commit,Rollback,C,Commit is a tool used to permanently save the work.,medium,web:Includehelp.com https://www.includehelp.com/mcq/dbms-transaction-mcqs.aspx,
DBMS & SQL,DBMS Transaction Multiple-Choice Questions (MCQs),An undo operation is called a ___.,Rollback,Commit,Write,Read,A,An undo operation is called a rollback.,medium,web:Includehelp.com https://www.includehelp.com/mcq/dbms-transaction-mcqs.aspx,
DBMS & SQL,DBMS Transaction Multiple-Choice Questions (MCQs),"In a database, prior to and after a transaction, properties are used to ensure ___.",Consistency,Redundancy,Latency,Anonymity,A,"In a database, prior to and after a transaction, properties are used to ensure consistency.",medium,web:Includehelp.com https://www.includehelp.com/mcq/dbms-transaction-mcqs.aspx,
DBMS & SQL,DBMS Transaction Multiple-Choice Questions (MCQs),Which of the following is a property of transaction?,Atomicity,Consistency,Durability,All of the above,D,"The following are the properties of transactions -
 Atomicity
 Consistency
 Isolation
 Durability",medium,web:Includehelp.com https://www.includehelp.com/mcq/dbms-transaction-mcqs.aspx,
DBMS & SQL,DBMS Transaction Multiple-Choice Questions (MCQs),"___ states that all operations of a transaction must occur simultaneously; otherwise, the transaction will be aborted.",Atomicity,Consistency,Isolation,Durability,A,"Atomicity states that all operations of a transaction must occur simultaneously; otherwise, the transaction will be aborted.",medium,web:Includehelp.com https://www.includehelp.com/mcq/dbms-transaction-mcqs.aspx,
DBMS & SQL,DBMS Transaction Multiple-Choice Questions (MCQs),What is TRUE about atomicity?,"The transaction cannot be partially completed, since there is no midway.","In each transaction, either the entire transaction is executed or it is not.",Both A and B,None of the above,C,"In case of atomicity -
 The transaction cannot be partially completed, since there is no midway.
 In each transaction, either the entire transaction is executed or it is not.",medium,web:Includehelp.com https://www.includehelp.com/mcq/dbms-transaction-mcqs.aspx,
DBMS & SQL,DBMS Transaction Multiple-Choice Questions (MCQs),How many operations does atomicity involve?,1,2,3,4,B,Atomicity involves 2 operations.,medium,web:Includehelp.com https://www.includehelp.com/mcq/dbms-transaction-mcqs.aspx,
DBMS & SQL,DBMS Transaction Multiple-Choice Questions (MCQs),Which of the following is an operation in atomicity?,Abort,Commit,Both A and B,None of the above,C,"The operations in the atomicity are -
 Abort
 Commit",medium,web:Includehelp.com https://www.includehelp.com/mcq/dbms-transaction-mcqs.aspx,
DBMS & SQL,DBMS Transaction Multiple-Choice Questions (MCQs),Transactions that are ___ do not expose all changes.,Committed,Rollbacked,Aborted,None of the above,C,Transactions that are aborted do not expose all changes.,medium,web:Includehelp.com https://www.includehelp.com/mcq/dbms-transaction-mcqs.aspx,
DBMS & SQL,DBMS Transaction Multiple-Choice Questions (MCQs),All changes made in a transaction are ___ once it commits.,Visible,Not Visible,Broken,Not Broken,A,All changes made in a transaction are visible once it commits.,medium,web:Includehelp.com https://www.includehelp.com/mcq/dbms-transaction-mcqs.aspx,
DBMS & SQL,DBMS Transaction Multiple-Choice Questions (MCQs),What is TRUE about Consistency?,"As a result of integrity constraints, the database remains consistent before and after the transaction.","In most cases, a database remains either in its previous stable state or in a new stable state following the execution of a transaction.","Every transaction undergoes a consistent database instance, which is the consistent property of databases.",All of the above,D,"In case of consistency -
 As a result of integrity constraints, the database remains consistent before and after the transaction.
 In most cases, a database remains either in its previous stable state or in a new stable state following the execution of a transaction.
 Every transaction undergoes a consistent database instance, which is the consistent property of databases.",medium,web:Includehelp.com https://www.includehelp.com/mcq/dbms-transaction-mcqs.aspx,
DBMS & SQL,DBMS Transaction Multiple-Choice Questions (MCQs),Transactions allow the database to be transformed from ___.,One consistent state to another consistent state,One inconsistent state to another consistent state,One inconsistent state to another inconsistent state,One consistent state to another inconsistent state,A,Transactions allow the database to be transformed from one consistent state to another.consistent state.,medium,web:Includehelp.com https://www.includehelp.com/mcq/dbms-transaction-mcqs.aspx,
DBMS & SQL,DBMS Transaction Multiple-Choice Questions (MCQs),What is TRUE about Isolation?,"By using the data used during a transaction, the second transaction will not be able to use it until the first has been executed.",The data item X cannot be accessed by any other transaction T2 until the transaction T1 is completed and the data item X is used by the transaction T1.,It enforced the isolation property via its concurrency control subsystem.,All of the above,D,"In case of Isolation -
 By using the data used during a transaction, the second transaction will not be able to use it until the first has been executed.
 The data item X cannot be accessed by any other transaction T2 until the transaction T1 is completed and the data item X is used by the transaction T1.
 It enforced the isolation property via its concurrency control subsystem.",medium,web:Includehelp.com https://www.includehelp.com/mcq/dbms-transaction-mcqs.aspx,
DBMS & SQL,DBMS Transaction Multiple-Choice Questions (MCQs),A database's consistent state is measured by the ___ property.,Consistency,Rollback,Durability,Isolation,C,A database's consistent state is measured by the durability property.,medium,web:Includehelp.com https://www.includehelp.com/mcq/dbms-transaction-mcqs.aspx,
DBMS & SQL,DBMS Transaction Multiple-Choice Questions (MCQs),A durable transaction is one that makes ___ changes.,Permanent,Temporary,Basic,Advanced,A,A durable transaction is one that makes permanent changes.,medium,web:Includehelp.com https://www.includehelp.com/mcq/dbms-transaction-mcqs.aspx,
DBMS & SQL,DBMS Transaction Multiple-Choice Questions (MCQs),What is TRUE about Durability?,The failure of the system or an error in a transaction cannot cause them to be lost.,A consistent state is reached when a transaction is completed.,System failures cannot lead to the loss of that consistent state.,All of the above,D,"In case of Durability -
 The failure of the system or an error in a transaction cannot cause them to be lost.
 A consistent state is reached when a transaction is completed.
 System failures cannot lead to the loss of that consistent state.",medium,web:Includehelp.com https://www.includehelp.com/mcq/dbms-transaction-mcqs.aspx,
DBMS & SQL,DBMS Transaction Multiple-Choice Questions (MCQs),The reliability property of a DBMS is managed by the ___ subsystem.,Recovery,Reliability,Property,Database,A,The reliability property of a DBMS is managed by the recovery subsystem.,medium,web:Includehelp.com https://www.includehelp.com/mcq/dbms-transaction-mcqs.aspx,
DBMS & SQL,DBMS States of Transaction Multiple-Choice Questions (MCQs),Which of the following is NOT a state of Transaction?,Begin,End,Partially Aborted,Terminated,C,Partially Aborted is NOT a state of transaction.,medium,web:Includehelp.com https://www.includehelp.com/mcq/dbms-states-of-transaction-mcqs.aspx,
DBMS & SQL,DBMS States of Transaction Multiple-Choice Questions (MCQs),Which of the following is the first state of every transaction?,Active,Failed,Aborted,Committed,A,The first state of every transaction is Active.,medium,web:Includehelp.com https://www.includehelp.com/mcq/dbms-states-of-transaction-mcqs.aspx,
DBMS & SQL,DBMS States of Transaction Multiple-Choice Questions (MCQs),Which of the following functionality can be performed in the active state?,Insertion,Updation,Deletion,All of the above,D,"The following functionality can be performed in the active state -
 Insertion
 Updation
 Deletion",medium,web:Includehelp.com https://www.includehelp.com/mcq/dbms-states-of-transaction-mcqs.aspx,
DBMS & SQL,DBMS States of Transaction Multiple-Choice Questions (MCQs),"In which of the following states, the data is still not saved in the database?",Active,Partially Committed,Both A and B,None of the above,C,"In Active & Partially Committed states, the data is still not saved in the database.",medium,web:Includehelp.com https://www.includehelp.com/mcq/dbms-states-of-transaction-mcqs.aspx,
DBMS & SQL,DBMS States of Transaction Multiple-Choice Questions (MCQs),"In which of the following states, the transaction executes its final operation?",Active,Partially Committed,Aborted,Failed,C,"In the Partially Committed state, the transaction executes its final operation.",medium,web:Includehelp.com https://www.includehelp.com/mcq/dbms-states-of-transaction-mcqs.aspx,
DBMS & SQL,DBMS States of Transaction Multiple-Choice Questions (MCQs),What is TRUE about Committed state of the transaction?,The transaction executes its final operation,Data is still not saved to the database,All the effects are temporarily saved in the database,None of the above,D,None of the above statements are true about the committed state of the transaction.,medium,web:Includehelp.com https://www.includehelp.com/mcq/dbms-states-of-transaction-mcqs.aspx,
DBMS & SQL,DBMS States of Transaction Multiple-Choice Questions (MCQs),"When a transaction executes all its operations successfully, it is said to be in a ___ state.",Partially Committed,Failed,Aborted,Committed,D,"When a transaction executes all its operations successfully, it is said to be in a committed state.",medium,web:Includehelp.com https://www.includehelp.com/mcq/dbms-states-of-transaction-mcqs.aspx,
DBMS & SQL,DBMS States of Transaction Multiple-Choice Questions (MCQs),The ___ state means that the effects have been saved permanently in the database.,Committed,Partially Committed,Active,Aborted,A,The committed state means that the effects have been saved permanently in the database.,medium,web:Includehelp.com https://www.includehelp.com/mcq/dbms-states-of-transaction-mcqs.aspx,
DBMS & SQL,DBMS States of Transaction Multiple-Choice Questions (MCQs),The transaction is said to be in the ___ state if any of the checks made by the database recovery system fail.,Aborted,Committed,Failed,End,C,The transaction is said to be in the failed state if any of the checks made by the database recovery system fail.,medium,web:Includehelp.com https://www.includehelp.com/mcq/dbms-states-of-transaction-mcqs.aspx,
DBMS & SQL,DBMS States of Transaction Multiple-Choice Questions (MCQs),The database recovery system ensures that the database is back to its ___ if any of the checkpoints fail and the transaction reaches a failed state.,Previous Consistent state,Post Consistent State,Inconsistent State,None of the above,A,The database recovery system ensures that the database is back to its previous consistent state if any of the checkpoints fail and the transaction reaches a failed state.,medium,web:Includehelp.com https://www.includehelp.com/mcq/dbms-states-of-transaction-mcqs.aspx,
DBMS & SQL,DBMS States of Transaction Multiple-Choice Questions (MCQs),The transaction will ___ if the database state is not consistent after the last transaction.,Abort,Rollback,Both A and B,None of the above,C,The transaction will abort or rollback if the database state is not consistent after the last transaction.,medium,web:Includehelp.com https://www.includehelp.com/mcq/dbms-states-of-transaction-mcqs.aspx,
DBMS & SQL,DBMS States of Transaction Multiple-Choice Questions (MCQs),The state of all executed transactions is restored to its consistent state if the transaction fails in the ___.,Beginning,End,Middle,None of the above,C,The state of all executed transactions is restored to its consistent state if the transaction fails in the middle.,medium,web:Includehelp.com https://www.includehelp.com/mcq/dbms-states-of-transaction-mcqs.aspx,
DBMS & SQL,DBMS States of Transaction Multiple-Choice Questions (MCQs),Database recovery module will choose an operation from the ___ options after aborting the transaction.,2,3,4,5,A,Database recovery module will choose an operation from the 2 options after aborting the transaction.,medium,web:Includehelp.com https://www.includehelp.com/mcq/dbms-states-of-transaction-mcqs.aspx,
DBMS & SQL,DBMS States of Transaction Multiple-Choice Questions (MCQs),What are the two available operations for the database recovery module after aborting the transaction?,Re-start the transaction,Kill the transaction,Both A and B,None of the above,C,"The two available operations for the database recovery module after aborting the transaction are re-start the transaction and kill the transaction.
 Abort
 Commit",medium,web:Includehelp.com https://www.includehelp.com/mcq/dbms-states-of-transaction-mcqs.aspx,
DBMS & SQL,DBMS States of Transaction Multiple-Choice Questions (MCQs),Which of the following is a state of transaction?,Begin,End,Aborted,Terminated,C,Aborted is a state of transaction.,medium,web:Includehelp.com https://www.includehelp.com/mcq/dbms-states-of-transaction-mcqs.aspx,
DBMS & SQL,DBMS Schedule Multiple-Choice Questions (MCQs),"In each individual transaction, the ___ preserves the order of operations.",Schedule,System,Steps,Syndrome,A,"In each individual transaction, the Schedule preserves the order of operations.",medium,web:Includehelp.com https://www.includehelp.com/mcq/dbms-schedule-mcqs.aspx,
DBMS & SQL,DBMS Schedule Multiple-Choice Questions (MCQs),How many types of schedules are there?,2,3,4,5,B,There are 3 types of schedules.,medium,web:Includehelp.com https://www.includehelp.com/mcq/dbms-schedule-mcqs.aspx,
DBMS & SQL,DBMS Schedule Multiple-Choice Questions (MCQs),Which of the following is a type of schedule?,Serial,Non-serial,Serializable,All of the above,D,"There are 3 types of schedules -
 Serial
 Non-serial
 Serializable",medium,web:Includehelp.com https://www.includehelp.com/mcq/dbms-schedule-mcqs.aspx,
DBMS & SQL,DBMS Schedule Multiple-Choice Questions (MCQs),The ___ schedule is a type of schedule where one transaction is executed completely before starting another transaction.,Serial,Non-serial,Serializable,Non-serializable,A,The serial schedule is a type of schedule where one transaction is executed completely before starting another transaction.,medium,web:Includehelp.com https://www.includehelp.com/mcq/dbms-schedule-mcqs.aspx,
DBMS & SQL,DBMS Schedule Multiple-Choice Questions (MCQs),"In a serial schedule, the next transaction is executed after the ___ one has completed its cycle.",First,Last,Middle,One-Fourth,A,"In a serial schedule, the next transaction is executed after the first one has completed its cycle.",medium,web:Includehelp.com https://www.includehelp.com/mcq/dbms-schedule-mcqs.aspx,
DBMS & SQL,DBMS Schedule Multiple-Choice Questions (MCQs),A non-serial schedule would result if ___ is allowed.,Leaving,Inter-leaving,Intra-leaving,None of the above,B,A non-serial schedule would result if interleaving is allowed.,medium,web:Includehelp.com https://www.includehelp.com/mcq/dbms-schedule-mcqs.aspx,
DBMS & SQL,DBMS Schedule Multiple-Choice Questions (MCQs),A number of possible orders for executing individual operations of transactions are presented in the ___ Schedule.,Serial,Non-Serial,Serializable,Non-serializable,B,A number of possible orders for executing individual operations of transactions are presented in it.,medium,web:Includehelp.com https://www.includehelp.com/mcq/dbms-schedule-mcqs.aspx,
DBMS & SQL,DBMS Schedule Multiple-Choice Questions (MCQs),What is TRUE about Serializable Schedule?,"In order to find non-serial schedules, the serializability of schedules is checked to ensure the transactions can run concurrently without being interfered with.","When the executions of the transactions have interleaving of their operations, it indicates which schedules are correct.","If a non-serial schedule's result equals that of its serial transactions, it will be serializable.",All of the above,D,"In case of Serializable Schedule -
 In order to find non-serial schedules, the serializability of schedules is checked to ensure the transactions can run concurrently without being interfered with.
 When the executions of the transactions have interleaving of their operations, it indicates which schedules are correct.
 If a non-serial schedule's result equals that of its serial transactions, it will be serializable.",medium,web:Includehelp.com https://www.includehelp.com/mcq/dbms-schedule-mcqs.aspx,
DBMS & SQL,DBMS Schedule Multiple-Choice Questions (MCQs),Serializability of a schedule is tested using a ___.,Serial Graph,Non-serial Graph,Serialization Graph,Non-Serialization Graph,C,Serializability of a schedule is tested using a serialization graph.,medium,web:Includehelp.com https://www.includehelp.com/mcq/dbms-schedule-mcqs.aspx,
DBMS & SQL,DBMS Schedule Multiple-Choice Questions (MCQs),Schedules are constructed using a graph known as a ___ graph.,Accordance,Precedence,Serializable,Non-Serializable,B,Schedules are constructed using a graph known as a precedence graph.,medium,web:Includehelp.com https://www.includehelp.com/mcq/dbms-schedule-mcqs.aspx,
DBMS & SQL,DBMS Schedule Multiple-Choice Questions (MCQs),"It is shown that the precedence graph has a pair G = (V, E), where V and E are the ___, respectively.",Edges,Vertices,Edges and Vertices,Vertices and Edges,D,"It is shown that the precedence graph has a pair G = (V, E), where V and E are the vertices and edges, respectively.",medium,web:Includehelp.com https://www.includehelp.com/mcq/dbms-schedule-mcqs.aspx,
DBMS & SQL,DBMS Schedule Multiple-Choice Questions (MCQs),All the transactions participating in the ___ are represented by the set of vertices in the precedence graph.,Set,Schedule,System,Serial,B,All the transactions participating in the schedule are represented by the set of vertices in the precedence graph.,medium,web:Includehelp.com https://www.includehelp.com/mcq/dbms-schedule-mcqs.aspx,
DBMS & SQL,DBMS Schedule Multiple-Choice Questions (MCQs),All edges Ti -> Tj that satisfy one of the following conditions are contained in the set of edges:,"In the case of Ti executing write (Q) before Tj executing read (Q), create node Ti * Tj.","If Ti executes the read operation (Q) before Tj executes the write operation (Q), create a node Ti * Tj.","When Ti executes write (Q) before Tj executes write (Q), a node Ti * Tj is created.",All of the above,D,"All edges Ti -> Tj that satisfy one of the following conditions are contained in the set of edges:
 In the case of Ti executing write (Q) before Tj executing read (Q), create node Ti * Tj.
 If Ti executes the read operation (Q) before Tj executes the write operation (Q), create a node Ti * Tj.
 When Ti executes write (Q) before Tj executes write (Q), a node Ti * Tj is created.",medium,web:Includehelp.com https://www.includehelp.com/mcq/dbms-schedule-mcqs.aspx,
DBMS & SQL,DBMS Schedule Multiple-Choice Questions (MCQs),There will be no execution of the first instruction from Tj before all instructions of Ti from the ___ graph are executed.,Schedule,Precedence,Serializable,Serial,B,There will be no execution of the first instruction from Tj before all instructions of Ti from the precedence graph are executed.,medium,web:Includehelp.com https://www.includehelp.com/mcq/dbms-schedule-mcqs.aspx,
DBMS & SQL,DBMS Schedule Multiple-Choice Questions (MCQs),A precedence graph that contains cycles on schedule S is ___.,Serializable,Non-serializable,Serial,Non-serial,B,A precedence graph that contains cycles on schedule S is non-serializable.,medium,web:Includehelp.com https://www.includehelp.com/mcq/dbms-schedule-mcqs.aspx,
DBMS & SQL,DBMS Schedule Multiple-Choice Questions (MCQs),___ graphs do not have cycles.,Serializable,Non-serializable,Serial,Non-serial,A,Serializable graphs do not have cycles.,medium,web:Includehelp.com https://www.includehelp.com/mcq/dbms-schedule-mcqs.aspx,
DBMS & SQL,DBMS Schedule Multiple-Choice Questions (MCQs),Conflict serializability occurs when a schedule can become a ___ schedule after swapping non-conflicting operations.,Serial,Non-Serial,Serializable,Non-serializable,A,Conflict serializability occurs when a schedule can become a serial schedule after swapping non-conflicting operations.,medium,web:Includehelp.com https://www.includehelp.com/mcq/dbms-schedule-mcqs.aspx,
DBMS & SQL,DBMS Schedule Multiple-Choice Questions (MCQs),"If a schedule is ___ equivalent to a serial schedule, it will be a conflict serializable schedule.",Serial,Non-Serial,Conflict,Non-conflict,C,"If a schedule is conflict equivalent to a serial schedule, it will be a conflict serializable schedule.",medium,web:Includehelp.com https://www.includehelp.com/mcq/dbms-schedule-mcqs.aspx,
DBMS & SQL,DBMS Schedule Multiple-Choice Questions (MCQs),Which condition(s) must be met for the two operations to conflict?,Both transactions are separate.,The data item is the same for both of them.,A write operation is present in at least one of them.,All of the above,D,"All conditions must be met for the two operations to conflict:
 Both transactions are separate.
 The data item is the same for both of them.
 A write operation is present in at least one of them.",medium,web:Includehelp.com https://www.includehelp.com/mcq/dbms-schedule-mcqs.aspx,
DBMS & SQL,DBMS Schedule Multiple-Choice Questions (MCQs),A ___ operation can be swapped for a conflicting one in the conflict equivalent.,Conflicting,Non-conflicting,Serializable,Non-serializable,B,A non-conflicting operation can be swapped for a conflicting one in the conflict equivalent.,medium,web:Includehelp.com https://www.includehelp.com/mcq/dbms-schedule-mcqs.aspx,
DBMS & SQL,DBMS Schedule Multiple-Choice Questions (MCQs),"When two schedules are conflict equivalent, the following conditions must be met?",The transactions in both are identical.,The same order should be followed in each pair of conflict operations.,Both A and B,None of the above,C,"When two schedules are conflict equivalent, the following conditions must be met:
 The transactions in both are identical.
 The same order should be followed in each pair of conflict operations.",medium,web:Includehelp.com https://www.includehelp.com/mcq/dbms-schedule-mcqs.aspx,
DBMS & SQL,DBMS Schedule Multiple-Choice Questions (MCQs),___ scheduling is achieved by completing T1 operations before undertaking any operations on S2.,Serial,Non-serial,Serializable,Non-serializable,A,Serial scheduling is achieved by completing T1 operations before undertaking any operations on S2.,medium,web:Includehelp.com https://www.includehelp.com/mcq/dbms-schedule-mcqs.aspx,
DBMS & SQL,DBMS Schedule Multiple-Choice Questions (MCQs),"By swapping ___ operations in S1, schedule S1 can be turned into a serial schedule.",Conflicting,Non-conflicting,Serial,Non-serial,B,"By swapping non-conflicting operations in S1, schedule S1 can be turned into a serial schedule.",medium,web:Includehelp.com https://www.includehelp.com/mcq/dbms-schedule-mcqs.aspx,
DBMS & SQL,DBMS Schedule Multiple-Choice Questions (MCQs),Serializable schedules are those that are viewed as equivalent to ___ schedules.,Serial,Non-serial,Serializable,Non-serializable,A,Serializable schedules are those that are viewed as equivalent to serial schedules.,medium,web:Includehelp.com https://www.includehelp.com/mcq/dbms-schedule-mcqs.aspx,
DBMS & SQL,DBMS Schedule Multiple-Choice Questions (MCQs),"A schedule can be serialized if it can ___ conflicts; otherwise, it can be serialized if it is viewable.",Create,Update,Resolve,Edit,C,"A schedule can be serialized if it can resolve conflicts; otherwise, it can be serialized if it is viewable.",medium,web:Includehelp.com https://www.includehelp.com/mcq/dbms-schedule-mcqs.aspx,
DBMS & SQL,DBMS Schedule Multiple-Choice Questions (MCQs),___ serializable contains blind writes when it doesn't conflict with serializable.,Conflict,Non-conflict,View,Non-view,C,View serializable contains blind writes when it doesn't conflict with serializable.,medium,web:Includehelp.com https://www.includehelp.com/mcq/dbms-schedule-mcqs.aspx,
DBMS & SQL,DBMS Schedule Multiple-Choice Questions (MCQs),Views S1 and S2 are considered equivalent if they meet the following requirements:,Initial Read,Updated Read,Final Write,All of the above,D,"Views S1 and S2 are considered equivalent if they meet the following requirements:
 Initial Read
 Updated Read
 Final Write",medium,web:Includehelp.com https://www.includehelp.com/mcq/dbms-schedule-mcqs.aspx,
DBMS & SQL,DBMS Schedule Multiple-Choice Questions (MCQs),The initial reading should be the ___ for both schedules.,Same,Different,Partially Same,Partially Different,A,The initial reading should be the same for both schedules.,medium,web:Includehelp.com https://www.includehelp.com/mcq/dbms-schedule-mcqs.aspx,
DBMS & SQL,DBMS Schedule Multiple-Choice Questions (MCQs),"If in schedule S1, Ti is reading A from Tj, it should also read A from ___ in schedule S2.",Ti,Tj,Ta,Tb,B,"If in schedule S1, Ti is reading A from Tj, it should also read A from Tj in schedule S2.",medium,web:Includehelp.com https://www.includehelp.com/mcq/dbms-schedule-mcqs.aspx,
DBMS & SQL,DBMS Schedule Multiple-Choice Questions (MCQs),Both schedules must have the ___ final write.,Same,Different,Serial,Non-serial,A,Both schedules must have the same final write.,medium,web:Includehelp.com https://www.includehelp.com/mcq/dbms-schedule-mcqs.aspx,
DBMS & SQL,DBMS Schedule Multiple-Choice Questions (MCQs),"If a transaction T1 updates A the last in S1, then T1 should also perform ___ writing operations in S2.",Initial,Final,Middle,Center,B,"If a transaction T1 updates A the last in S1, then T1 should also perform final writing operations in S2.",medium,web:Includehelp.com https://www.includehelp.com/mcq/dbms-schedule-mcqs.aspx,
DBMS & SQL,DBMS Schedule Multiple-Choice Questions (MCQs),"Software issues, system crashes, and hardware failures may cause a ___ not to execute completely.",Transition,Table,Database,Transaction,D,"Software issues, system crashes, and hardware failures may cause a transaction not to execute completely.",medium,web:Includehelp.com https://www.includehelp.com/mcq/dbms-schedule-mcqs.aspx,
DBMS & SQL,DBMS Schedule Multiple-Choice Questions (MCQs),"In the unlikely event that Ti commits before Tj commits, the schedule will be ___.",Recoverable,Irrecoverable,Commit,Rollback,B,"In the unlikely event that Ti commits before Tj commits, the schedule will be irrecoverable.",medium,web:Includehelp.com https://www.includehelp.com/mcq/dbms-schedule-mcqs.aspx,
DBMS & SQL,DBMS Schedule Multiple-Choice Questions (MCQs),"In the scenario of Tj reading the updated value of Ti, the schedule will be ___ through cascading rollback.",Recoverable,Irrecoverable,Serial,Non-serial,B,"In the scenario of Tj reading the updated value of Ti, the schedule will be recoverable through cascading rollback.",medium,web:Includehelp.com https://www.includehelp.com/mcq/dbms-schedule-mcqs.aspx,
DBMS & SQL,DBMS Log-Based Recovery Multiple-Choice Questions (MCQs),"In case of any failure, a log of each transaction can be recovered there from some ___ storage.",Stable,Unstable,Recovery,System,A,"In case of any failure, a log of each transaction can be recovered there from some stable storage.",medium,web:Includehelp.com https://www.includehelp.com/mcq/dbms-log-based-recovery-mcqs.aspx,
DBMS & SQL,DBMS Log-Based Recovery Multiple-Choice Questions (MCQs),___ is used to keep track of all database operations.,Dragging,Logging,Receiving,Recovery,B,Logging is used to keep track of all database operations.,medium,web:Includehelp.com https://www.includehelp.com/mcq/dbms-log-based-recovery-mcqs.aspx,
DBMS & SQL,DBMS Log-Based Recovery Multiple-Choice Questions (MCQs),"It is advisable, to store the ___ before applying the actual transaction to the database.",Data,Logs,Receive,Record,B,"It is advisable, however, to store the logs before applying the actual transaction to the database.",medium,web:Includehelp.com https://www.includehelp.com/mcq/dbms-log-based-recovery-mcqs.aspx,
DBMS & SQL,DBMS Log-Based Recovery Multiple-Choice Questions (MCQs),How many approaches are there to modify the database?,2,3,4,5,A,2 approaches are there to modify the database.,medium,web:Includehelp.com https://www.includehelp.com/mcq/dbms-log-based-recovery-mcqs.aspx,
DBMS & SQL,DBMS Log-Based Recovery Multiple-Choice Questions (MCQs),What are the two approaches to modify the database?,Deferred database modification,Immediate database modification,Both A and B,None of the above,C,"Two approaches to modify the database are -
 Deferred database modification
 Immediate database modification",medium,web:Includehelp.com https://www.includehelp.com/mcq/dbms-log-based-recovery-mcqs.aspx,
DBMS & SQL,DBMS Log-Based Recovery Multiple-Choice Questions (MCQs),"When ___ modification is applied, the change to the database does not occur until the transaction is committed.",Deferred,Immediate,Both A and B,None of the above,A,"When deferred modification is applied, the change to the database does not occur until the transaction is committed.",medium,web:Includehelp.com https://www.includehelp.com/mcq/dbms-log-based-recovery-mcqs.aspx,
DBMS & SQL,DBMS Log-Based Recovery Multiple-Choice Questions (MCQs),"All logs are created and stored in ___ storage when the deferred database method is used, and data is synced to the database when a transaction commits.",Stable,Unstable,System,Recovery,A,"All logs are created and stored in stable storage when the deferred database method is used, and data is synced to the database when a transaction commits.",medium,web:Includehelp.com https://www.includehelp.com/mcq/dbms-log-based-recovery-mcqs.aspx,
DBMS & SQL,DBMS Log-Based Recovery Multiple-Choice Questions (MCQs),"Modifications to the database occur while a transaction is still active, using the ___ modification technique.",Deferred,Immediate,Both A and B,None of the above,B,"Modifications to the database occur while a transaction is still active, using the Immediate modification technique.",medium,web:Includehelp.com https://www.includehelp.com/mcq/dbms-log-based-recovery-mcqs.aspx,
DBMS & SQL,DBMS Log-Based Recovery Multiple-Choice Questions (MCQs),The ___ is updated immediately after every operation when using the immediate modification technique.,Table,Row,Column,Database,D,The database is updated immediately after every operation when using the immediate modification technique.,medium,web:Includehelp.com https://www.includehelp.com/mcq/dbms-log-based-recovery-mcqs.aspx,
DBMS & SQL,DBMS Log-Based Recovery Multiple-Choice Questions (MCQs),"Once the system crashes, the log is consulted to determine what needs to be un___ and what needs to be re-___.",Open,Tie,Done,Wrap,C,"Once the system crashes, the log is consulted to determine what needs to be undone and what needs to be re-done.",medium,web:Includehelp.com https://www.includehelp.com/mcq/dbms-log-based-recovery-mcqs.aspx,
DBMS & SQL,DBMS Log-Based Recovery Multiple-Choice Questions (MCQs),"Log records that contain the records <__, Start> and <__, Commit> or <__, Commit> indicate that the Transaction __ must be rewritten.",Start,Commit,Ti,None,C,"Log records that contain the records <Ti, Start> and <Ti, Commit> or <Ti, Commit> indicate that the Transaction Ti must be rewritten.",medium,web:Includehelp.com https://www.includehelp.com/mcq/dbms-log-based-recovery-mcqs.aspx,
DBMS & SQL,DBMS Log-Based Recovery Multiple-Choice Questions (MCQs),"The Transaction Ti needs to be reversed if the log consists of record <Tn, Begin>, but does not contain record <Ti, Commit> or <Ti, ____>.",Begin,End,Commit,Abort,D,"The Transaction Ti needs to be reversed if the log consists of record <Tn, Begin>, but does not contain record <Ti, Commit> or <Ti, Abort>.",medium,web:Includehelp.com https://www.includehelp.com/mcq/dbms-log-based-recovery-mcqs.aspx,
DBMS & SQL,DBMS Failure Classification Multiple-Choice Questions (MCQs),Transactions fail when they either ___ to execute or reach a point at which they cannot proceed.,Pass,Fail,Run,Stop,B,Transactions fail when they either fail to execute or reach a point at which they cannot proceed.,medium,web:Includehelp.com https://www.includehelp.com/mcq/dbms-failure-classification-mcqs.aspx,
DBMS & SQL,DBMS Failure Classification Multiple-Choice Questions (MCQs),A transaction ___ occurs when a process or transaction is harmed.,Success,Failure,Harmful,Search,B,A transaction failure occurs when a process or transaction is harmed.,medium,web:Includehelp.com https://www.includehelp.com/mcq/dbms-failure-classification-mcqs.aspx,
DBMS & SQL,DBMS Failure Classification Multiple-Choice Questions (MCQs),Transactions may fail for the following reasons:,Logical Errors,Syntax Error,Both A and B,None of the above,C,"Transactions may fail for the following reasons:
 Logical Errors
 Syntax Error",medium,web:Includehelp.com https://www.includehelp.com/mcq/dbms-failure-classification-mcqs.aspx,
DBMS & SQL,DBMS Failure Classification Multiple-Choice Questions (MCQs),The _____ error occurs when there is a code error or internal error condition that prevents a transaction from completing.,Logical,Syntax,Data,Code,A,The logical error occurs when there is a code error or internal error condition that prevents a transaction from completing.,medium,web:Includehelp.com https://www.includehelp.com/mcq/dbms-failure-classification-mcqs.aspx,
DBMS & SQL,DBMS Failure Classification Multiple-Choice Questions (MCQs),"If the database system is not able to execute an ___ transaction, the DBMS itself terminates it.",Active,Inactive,Empty,Full,A,"If the database system is not able to execute an active transaction, the DBMS itself terminates it.",medium,web:Includehelp.com https://www.includehelp.com/mcq/dbms-failure-classification-mcqs.aspx,
DBMS & SQL,DBMS Failure Classification Multiple-Choice Questions (MCQs),"In the event of a deadlock or unavailability of resources, an active transaction is ___.",Committed,Rollbacked,Aborted,Sent,C,"In the event of a deadlock or unavailability of resources, an active transaction is aborted.",medium,web:Includehelp.com https://www.includehelp.com/mcq/dbms-failure-classification-mcqs.aspx,
DBMS & SQL,DBMS Failure Classification Multiple-Choice Questions (MCQs),"In addition to power failures, ___ failures can cause system failures.",Hardware,Software,Both A and B,None of the above,C,"In addition to power failures, hardware or software failures can cause system failures.",medium,web:Includehelp.com https://www.includehelp.com/mcq/dbms-failure-classification-mcqs.aspx,
DBMS & SQL,DBMS Failure Classification Multiple-Choice Questions (MCQs),System crashes typically do not corrupt ___ storage.,Volatile,Non-volatile,Crash,System,A,System crashes typically do not corrupt nonvolatile storage.,medium,web:Includehelp.com https://www.includehelp.com/mcq/dbms-failure-classification-mcqs.aspx,
DBMS & SQL,DBMS Failure Classification Multiple-Choice Questions (MCQs),Frequent mechanical failures are caused by ___.,Hard drives,Storage drives,Both A and B,None of the above,C,Frequent mechanical failures are caused by hard drives or storage drives.,medium,web:Includehelp.com https://www.includehelp.com/mcq/dbms-failure-classification-mcqs.aspx,
DBMS & SQL,DBMS Failure Classification Multiple-Choice Questions (MCQs),"What are the causes for disk failure, which destroy the entire disk or part of it?",Bad sectors,Head crashes,Unreachable disks,All of the above,D,"There are many causes for disk failure, including bad sectors, head crashes, and unreachable disks, which destroy the entire disk or part of it.",medium,web:Includehelp.com https://www.includehelp.com/mcq/dbms-failure-classification-mcqs.aspx,
DBMS & SQL,DBMS Concurrency Control Multiple-Choice Questions (MCQs),The concurrent execution of the database in a ____-user system refers to the fact that multiple users are able to access and use it at the same time.,Single,Two,Three,Multiple,D,The concurrent execution of the database in a multi-user system refers to the fact that multiple users are able to access and use it at the same time.,medium,web:Includehelp.com https://www.includehelp.com/mcq/dbms-concurrency-control-mcqs.aspx,
DBMS & SQL,DBMS Concurrency Control Multiple-Choice Questions (MCQs),"When dealing with database transactions, there is often a need for multiple users to use a database to perform different operations. In this case, ___ of the database occurs.",Concurrent Connection,Concurrent Reduction,Concurrent Execution,Concurrent Revolution,C,"When dealing with database transactions, there is often a need for multiple users to use a database to perform different operations. In this case, concurrent execution of the database occurs.",medium,web:Includehelp.com https://www.includehelp.com/mcq/dbms-concurrency-control-mcqs.aspx,
DBMS & SQL,DBMS Concurrency Control Multiple-Choice Questions (MCQs),"During simultaneous execution, each operation should be performed interleaved with the others, ensuring that there is no interference with the other operations. This maintains a database ___.",Consistency,Redundancy,Concurrency,None,C,"During simultaneous execution, each operation should be performed interleaved with the others, ensuring that there is no interference with the other operations. This maintains database consistency.",medium,web:Includehelp.com https://www.includehelp.com/mcq/dbms-concurrency-control-mcqs.aspx,
DBMS & SQL,DBMS Concurrency Control Multiple-Choice Questions (MCQs),What are the two main operations in the database transaction?,READ,WRITE,Both A and B,None of the above,C,The two main operations in the database transactions are READ and WRITE.,medium,web:Includehelp.com https://www.includehelp.com/mcq/dbms-concurrency-control-mcqs.aspx,
DBMS & SQL,DBMS Concurrency Control Multiple-Choice Questions (MCQs),How many concurrency problems are there?,4,5,6,7,B,5 concurrency problems are there.,medium,web:Includehelp.com https://www.includehelp.com/mcq/dbms-concurrency-control-mcqs.aspx,
DBMS & SQL,DBMS Concurrency Control Multiple-Choice Questions (MCQs),Which of the following is a concurrency problem?,Temporary Update Problem,Incorrect Summary Problem,Lost Update Problem,All of the above,D,"These are the concurrency problems -
 Temporary Update Problem
 Incorrect Summary Problem
 Lost Update Problem
 Unrepeatable Read Problem
 Phantom Read Problem",medium,web:Includehelp.com https://www.includehelp.com/mcq/dbms-concurrency-control-mcqs.aspx,
DBMS & SQL,DBMS Concurrency Control Multiple-Choice Questions (MCQs),What is the Lost Update Problem also known as?,W-W Conflict,W-R Conflict,R-R Conflict,None,A,Lost Update Problem is also known as W-W Conflict.,medium,web:Includehelp.com https://www.includehelp.com/mcq/dbms-concurrency-control-mcqs.aspx,
DBMS & SQL,DBMS Concurrency Control Multiple-Choice Questions (MCQs),"This occurs when more than one database transaction attempts to read or write the same database item simultaneously (i.e., concurrent execution), causing the values of the item to become incorrect, resulting in a/an ___ database.",Consistent,Inconsistent,Concurrent,Not-concurrent,B,"This occurs when more than one database transaction attempts to read or write the same database item simultaneously (i.e., concurrent execution), causing the values of the item to become incorrect, resulting in an inconsistent database.",medium,web:Includehelp.com https://www.includehelp.com/mcq/dbms-concurrency-control-mcqs.aspx,
DBMS & SQL,DBMS Concurrency Control Multiple-Choice Questions (MCQs),What is the Dirty Read Problem also known as?,W-W Conflict,W-R Conflict,R-R Conflict,None,B,Dirty Read Problem is also known as W-R Conflict.,medium,web:Includehelp.com https://www.includehelp.com/mcq/dbms-concurrency-control-mcqs.aspx,
DBMS & SQL,DBMS Concurrency Control Multiple-Choice Questions (MCQs),"When one transaction updates a database item, and somehow the transaction fails, and the data doesn't get ___ back, another transaction tries to access the updated database item.",Rolled,Committed,Aborted,None,A,"When one transaction updates a database item, and somehow the transaction fails, and the data doesn't get rolled back, another transaction tries to access the updated database item.",medium,web:Includehelp.com https://www.includehelp.com/mcq/dbms-concurrency-control-mcqs.aspx,
DBMS & SQL,DBMS Concurrency Control Multiple-Choice Questions (MCQs),What is the Unrepeatable Read Problem also known as?,Consistent Retrieval Problems,Inconsistent Retrieval Problems,Concurrent Retrieval Problems,Non-concurrent Retrieval Problems,B,The Unrepeatable Read Problem is also known as Inconsistent Retrieval Problems.,medium,web:Includehelp.com https://www.includehelp.com/mcq/dbms-concurrency-control-mcqs.aspx,
DBMS & SQL,DBMS Concurrency Control Multiple-Choice Questions (MCQs),An unrepeatable read problem occurs when the same database item is read ____ during a transaction.,Once,Twice,Thrice,Multiple,B,An unrepeatable read problem occurs when the same database item is read twice during a transaction.,medium,web:Includehelp.com https://www.includehelp.com/mcq/dbms-concurrency-control-mcqs.aspx,
DBMS & SQL,DBMS Concurrency Control Multiple-Choice Questions (MCQs),___ concurrent database operations are required for avoiding inconsistencies in a database by utilizing the concurrency control concept.,Controlling,Managing,Both A and B,None of the above,C,Controlling and managing concurrent database operations are required for avoiding inconsistencies in a database by utilizing the concurrency control concept.,medium,web:Includehelp.com https://www.includehelp.com/mcq/dbms-concurrency-control-mcqs.aspx,
DBMS & SQL,DBMS Concurrency Control Multiple-Choice Questions (MCQs),The concurrency ___ allows us to maintain the concurrency of the database.,Protocols,Controls,Control Protocols,None,C,The concurrency control protocols allow us to maintain the concurrency of the database.,medium,web:Includehelp.com https://www.includehelp.com/mcq/dbms-concurrency-control-mcqs.aspx,
DBMS & SQL,DBMS Concurrency Control Multiple-Choice Questions (MCQs),"As part of concurrency control protocols, the concurrent execution of database transactions will be ___, durable, and serializable.",Atomic,Consistent,Isolated,All of the above,D,"As part of these protocols, the concurrent execution of database transactions will be atomic, consistent, isolated, durable, and serializable.",medium,web:Includehelp.com https://www.includehelp.com/mcq/dbms-concurrency-control-mcqs.aspx,
DBMS & SQL,DBMS Concurrency Control Multiple-Choice Questions (MCQs),How many categories of concurrency control protocols are there?,3,4,5,6,A,There are 3 categories of concurrency control protocols.,medium,web:Includehelp.com https://www.includehelp.com/mcq/dbms-concurrency-control-mcqs.aspx,
DBMS & SQL,DBMS Concurrency Control Multiple-Choice Questions (MCQs),Which of the following is a concurrency control protocol?,Lock Based Concurrency Control Protocol,Timestamp Concurrency Control Protocol,Validation Based Concurrency Control Protocol,All of the above,D,"These are the concurrency control protocols -
 Lock Based Concurrency Control Protocol
 Timestamp Concurrency Control Protocol
 Validation Based Concurrency Control Protocol",medium,web:Includehelp.com https://www.includehelp.com/mcq/dbms-concurrency-control-mcqs.aspx,
DBMS & SQL,DBMS Deadlock Multiple-Choice Questions (MCQs),"There are many DBMS complications feared, such as deadlock, where no task is ever completed and there is forever a ___ state.",Waiting,Complete,Incomplete,Finished,A,"There are many DBMS complications feared, such as deadlock, where no task is ever completed and there is forever a waiting state.",medium,web:Includehelp.com https://www.includehelp.com/mcq/dbms-deadlock-mcqs.aspx,
DBMS & SQL,DBMS Deadlock Multiple-Choice Questions (MCQs),Deadlocks can be mitigated by avoiding the database rather than ___ it.,Aborting,Restating,Both A and B,None of the above,C,Deadlocks can be mitigated by avoiding the database rather than aborting or restating it.,medium,web:Includehelp.com https://www.includehelp.com/mcq/dbms-deadlock-mcqs.aspx,
DBMS & SQL,DBMS Deadlock Multiple-Choice Questions (MCQs),Any deadlock situation is detected in advance by the ___ mechanism.,Deadlock detection,Deadlock Recognition,Deadlock Avoidance,Deadlock Rehabilitation,C,Any deadlock situation is detected in advance by the deadlock avoidance mechanism.,medium,web:Includehelp.com https://www.includehelp.com/mcq/dbms-deadlock-mcqs.aspx,
DBMS & SQL,DBMS Deadlock Multiple-Choice Questions (MCQs),"It is possible to detect deadlock situations using methods such as ""___"", but this method is suitable for smaller databases only.",Build for graph,Design for graph,Take for graph,Wait for graph,D,"It is possible to detect deadlock situations using methods such as ""wait for graph"", but this method is suitable for smaller databases only.",medium,web:Includehelp.com https://www.includehelp.com/mcq/dbms-deadlock-mcqs.aspx,
DBMS & SQL,DBMS Deadlock Multiple-Choice Questions (MCQs),It is the DBMS' responsibility to detect in the event of a database deadlock whether or not a transaction has waited ___ for a lock.,Definitely,Indefinitely,Determinant,Indeterminant,B,It is the DBMS' responsibility to detect in the event of a database deadlock whether or not a transaction has waited indefinitely for a lock.,medium,web:Includehelp.com https://www.includehelp.com/mcq/dbms-deadlock-mcqs.aspx,
DBMS & SQL,DBMS Deadlock Multiple-Choice Questions (MCQs),Detecting a deadlock cycle in a database is handled by the ____ manager through a Wait for the graph.,Log,Look,Lock,Key,C,Detecting a deadlock cycle in a database is handled by the lock manager through a Wait for the graph.,medium,web:Includehelp.com https://www.includehelp.com/mcq/dbms-deadlock-mcqs.aspx,
DBMS & SQL,DBMS Deadlock Multiple-Choice Questions (MCQs),A graph is created based on the transaction and its ___ after the method Wait for graph is executed.,Key,Lock,Data,Graph,B,A graph is created based on the transaction and its lock after the method Wait for graph is executed.,medium,web:Includehelp.com https://www.includehelp.com/mcq/dbms-deadlock-mcqs.aspx,
DBMS & SQL,DBMS Deadlock Multiple-Choice Questions (MCQs),___ create deadlocks.,Cycles,Closed-loops,Both A and B,None of the above,C,Cycles or closed-loops create deadlocks.,medium,web:Includehelp.com https://www.includehelp.com/mcq/dbms-deadlock-mcqs.aspx,
DBMS & SQL,DBMS Deadlock Multiple-Choice Questions (MCQs),What is TRUE about Wait for Graph?,"As each transaction waits for some data that is being held by another, the waiting graph is maintained by the system.",A cycle in the graph is checked constantly by the system.,Both A and B,None of the above,C,"In case of Wait for Graph -
 As each transaction waits for some data that is being held by another, the waiting graph is maintained by the system.
 A cycle in the graph is checked constantly by the system.",medium,web:Includehelp.com https://www.includehelp.com/mcq/dbms-deadlock-mcqs.aspx,
DBMS & SQL,DBMS Deadlock Multiple-Choice Questions (MCQs),A ___ database can benefit from the deadlock prevention method.,Large,Small,Short,Little,A,A large database can benefit from the deadlock prevention method.,medium,web:Includehelp.com https://www.includehelp.com/mcq/dbms-deadlock-mcqs.aspx,
DBMS & SQL,DBMS Deadlock Multiple-Choice Questions (MCQs),Deadlock can be prevented by ___ resources so that no deadlock occurs.,Allocating,Deallocating,Unallocating,Reallocating,A,Deadlock can be prevented by allocating resources so that no deadlock occurs.,medium,web:Includehelp.com https://www.includehelp.com/mcq/dbms-deadlock-mcqs.aspx,
DBMS & SQL,DBMS Deadlock Multiple-Choice Questions (MCQs),"As part of the database management system, the operation is analyzed to determine whether it will cause a ___ situation.",Deadlock Prevention,Deadlock Avoidance,Deadlock,None of the above,C,"As part of the database management system, the operation is analyzed to determine whether it will cause a deadlock situation.",medium,web:Includehelp.com https://www.includehelp.com/mcq/dbms-deadlock-mcqs.aspx,
DBMS & SQL,DBMS Deadlock Multiple-Choice Questions (MCQs),What are the different wait schemes in deadlock?,Wait-Die,Wound Wait Scheme,Both A and B,None of the above,C,The different wait schemes in deadlock are Wait-Die and Wound Wait Scheme.,medium,web:Includehelp.com https://www.includehelp.com/mcq/dbms-deadlock-mcqs.aspx,
DBMS & SQL,DBMS Deadlock Multiple-Choice Questions (MCQs),DBMSs that use the ___ scheme will simply check the timestamp of both transactions if a transaction seeks to access a resource that is already locked by another transaction.,Live,Die,Wait-Live,Wait-Die,D,DBMSs that use the Wait-Die scheme will simply check the timestamp of both transactions if a transaction seeks to access a resource that is already locked by another transaction.,medium,web:Includehelp.com https://www.includehelp.com/mcq/dbms-deadlock-mcqs.aspx,
DBMS & SQL,DBMS Deadlock Multiple-Choice Questions (MCQs),"Until the resource is available for execution, it will wait for the ___ transaction.",Newer,Older,Both A and B,None of the above,B,"Until the resource is available for execution, it will wait for the older transaction.",medium,web:Includehelp.com https://www.includehelp.com/mcq/dbms-deadlock-mcqs.aspx,
DBMS & SQL,DBMS Deadlock Multiple-Choice Questions (MCQs),The ___ scheme forces the younger transaction to kill itself and release the resource if the older one requests a resource that is being held by the younger one.,Round wait,Wound wait,Would wait,Will wait,B,The wound wait scheme forces the younger transaction to kill itself and release the resource if the older one requests a resource that is being held by the younger one.,medium,web:Includehelp.com https://www.includehelp.com/mcq/dbms-deadlock-mcqs.aspx,
DBMS & SQL,DBMS Deadlock Multiple-Choice Questions (MCQs),A younger transaction is restarted with the same ___ after a Wound Wait Scheme minute delay.,Time,Stamp,Timestamp,None,C,A younger transaction is restarted with the same timestamp after a Wound Wait Scheme minute delay.,medium,web:Includehelp.com https://www.includehelp.com/mcq/dbms-deadlock-mcqs.aspx,
DBMS & SQL,DBMS Deadlock Multiple-Choice Questions (MCQs),"In the case of Wound Wait Scheme, when a resource is held by an older transaction, and a young transaction request it, the older transaction will ___ until the younger transaction releases it.",Not wait,Wait,Run,Move,B,"When a resource is held by an older transaction, and a young transaction request it, the older transaction will wait until the younger transaction releases it.",medium,web:Includehelp.com https://www.includehelp.com/mcq/dbms-deadlock-mcqs.aspx,
DBMS & SQL,DBMS Checkpoint Multiple-Choice Questions (MCQs),Checkpoints serve as ___.,Books,Covers,Pages,Bookmarks,D,Checkpoints serve as bookmarks.,medium,web:Includehelp.com https://www.includehelp.com/mcq/dbms-checkpoint-mcqs.aspx,
DBMS & SQL,DBMS Checkpoint Multiple-Choice Questions (MCQs),The log files will be created based on the checkpoints ___ the execution of the transaction and the steps of the transaction.,At the beginning of the,At the end of the,In the middle of the,During,D,The log files will be created based on the checkpoints during the execution of the transaction and the steps of the transaction.,medium,web:Includehelp.com https://www.includehelp.com/mcq/dbms-checkpoint-mcqs.aspx,
DBMS & SQL,DBMS Checkpoint Multiple-Choice Questions (MCQs),"The transaction will be updated in the database at the ___, and the log file will be deleted until it reaches that point.",Point,Check,Checkpoint,None,C,"The transaction will be updated in the database at the checkpoint, and the log file will be deleted until it reaches that point.",medium,web:Includehelp.com https://www.includehelp.com/mcq/dbms-checkpoint-mcqs.aspx,
DBMS & SQL,DBMS Checkpoint Multiple-Choice Questions (MCQs),"Once the transaction has reached the ___ checkpoint, the log file is updated with the new step.",Previous,New,Next,Middle,C,"Once the transaction has reached the next checkpoint, the log file is updated with the new step.",medium,web:Includehelp.com https://www.includehelp.com/mcq/dbms-checkpoint-mcqs.aspx,
DBMS & SQL,DBMS Checkpoint Multiple-Choice Questions (MCQs),"In DBMSes, a checkpoint marks when the DBMS was consistently configured and all transactions had been ___.",Rollbacked,Aborted,Begin,Committed,D,"In DBMSes, a checkpoint marks when the DBMS was consistently configured and all transactions had been committed.",medium,web:Includehelp.com https://www.includehelp.com/mcq/dbms-checkpoint-mcqs.aspx,
DBMS & SQL,DBMS Checkpoint Multiple-Choice Questions (MCQs),Log files are read from end to end by the ___ system.,Recovery,Storage,DBMS,Data,A,Log files are read from end to end by the recovery system.,medium,web:Includehelp.com https://www.includehelp.com/mcq/dbms-checkpoint-mcqs.aspx,
DBMS & SQL,DBMS Checkpoint Multiple-Choice Questions (MCQs),What are the two lists maintained by the recovery system?,Redo-list,Undo-list,Both A and B,None of the above,C,The two lists maintained by the recovery system are redo-list and undo-list.,medium,web:Includehelp.com https://www.includehelp.com/mcq/dbms-checkpoint-mcqs.aspx,
DBMS & SQL,DBMS Checkpoint Multiple-Choice Questions (MCQs),"When the recovery system sees a transaction log containing <__, Start> and <__, Commit> or just <__, Commit>, the transaction is put into a redo state.",Start,Commit,Tn,None,C,"When the recovery system sees a transaction log containing <Tn, Start> and <Tn, Commit> or just <Tn, Commit>, the transaction is put into a redo state.",medium,web:Includehelp.com https://www.includehelp.com/mcq/dbms-checkpoint-mcqs.aspx,
DBMS & SQL,DBMS Checkpoint Multiple-Choice Questions (MCQs),"After all transactions are removed and redone in the ___ list and the previous list, the log is saved.",Undo,Redo,Undo & Redo,None,B,"After all transactions are removed and redone in the redo list and the previous list, the log is saved.",medium,web:Includehelp.com https://www.includehelp.com/mcq/dbms-checkpoint-mcqs.aspx,
DBMS & SQL,DBMS Checkpoint Multiple-Choice Questions (MCQs),What will the transaction T2 and T3 have in the log file?,"<Tn, Start>","<Tn, Commit>",Both A and B,None of the above,C,"T2 and T3 will have <Tn, Start> and <Tn, Commit> in the log file.
 Case: T1 at the Checkpoint, T2 and T3 in the middle of Checkpoint and Failure, T4 at the Failure respective to time.",medium,web:Includehelp.com https://www.includehelp.com/mcq/dbms-checkpoint-mcqs.aspx,
DBMS & SQL,DBMS Checkpoint Multiple-Choice Questions (MCQs),"During the T1 transaction, there will be only one entry in the log file: ___.","<Tn, Start>","<Tn, Commit>","<Tn, Tn>","<Start, Start>",B,"During the T1 transaction, there will be only one entry in the log file: <Tn, commit>.",medium,web:Includehelp.com https://www.includehelp.com/mcq/dbms-checkpoint-mcqs.aspx,
DBMS & SQL,DBMS Checkpoint Multiple-Choice Questions (MCQs),"After the checkpoint is crossed, the transaction is ___.",Rollbacked,Committed,Aborted,Ended,B,"After the checkpoint is crossed, the transaction is committed.",medium,web:Includehelp.com https://www.includehelp.com/mcq/dbms-checkpoint-mcqs.aspx,
DBMS & SQL,DBMS Checkpoint Multiple-Choice Questions (MCQs),"If the recovery system finds a log with <Tn, Start> but not a ___ log, the transaction goes into undo state.",Commit,Abort,Both A and B,None of the above,C,"If the recovery system finds a log with <Tn, Start> but not a commit or abort log, the transaction goes into undo state.",medium,web:Includehelp.com https://www.includehelp.com/mcq/dbms-checkpoint-mcqs.aspx,
DBMS & SQL,DBMS Checkpoint Multiple-Choice Questions (MCQs),"All transactions are undone in the undo list, which also removes their ___ files.",Data,Log,Table,Rows,B,"All transactions are undone in the undo list, which also removes their log files.",medium,web:Includehelp.com https://www.includehelp.com/mcq/dbms-checkpoint-mcqs.aspx,
DBMS & SQL,DBMS Checkpoint Multiple-Choice Questions (MCQs),"<Tn, ___> indicates that transaction T4 is still incomplete and has failed amid because it is not yet complete.",Start,Commit,Rollback,Abort,A,"<Tn, Start> indicates that transaction T4 is still incomplete and has failed amid because it is not yet complete.",medium,web:Includehelp.com https://www.includehelp.com/mcq/dbms-checkpoint-mcqs.aspx,
DBMS & SQL,DBMS Validation Based Protocol Multiple-Choice Questions (MCQs),In how many phases is the transaction executed in the validation-based protocol?,2,3,4,5,B,In 3 phases the transaction is executed in the validation based protocol.,medium,web:Includehelp.com https://www.includehelp.com/mcq/dbms-validation-based-protocol-mcqs.aspx,
DBMS & SQL,DBMS Validation Based Protocol Multiple-Choice Questions (MCQs),What are the three phases in which the transaction is executed in the validation-based protocol?,Read phase,Validation phase,Write phase,All of the above,D,"The three phases in which the transaction is executed in the validation-based protocols are -
 Read phase
 Validation phase
 Write phase",medium,web:Includehelp.com https://www.includehelp.com/mcq/dbms-validation-based-protocol-mcqs.aspx,
DBMS & SQL,DBMS Validation Based Protocol Multiple-Choice Questions (MCQs),What happens in the read phase?,Transaction is read,Transaction is executed,Both A and B,None of the above,C,"In read phase -
 Transaction is read
 Transaction is executed",medium,web:Includehelp.com https://www.includehelp.com/mcq/dbms-validation-based-protocol-mcqs.aspx,
DBMS & SQL,DBMS Validation Based Protocol Multiple-Choice Questions (MCQs),Data items are read in and stored in ___ using this function.,Temporary Global Variables,Temporary Local Variables,Permanent Global Variables,Permanent Local Variables,B,Data items are read in and stored in temporary local variables using this function.,medium,web:Includehelp.com https://www.includehelp.com/mcq/dbms-validation-based-protocol-mcqs.aspx,
DBMS & SQL,DBMS Validation Based Protocol Multiple-Choice Questions (MCQs),You don't need to update the actual database for all the writes on temporary variables in the___ phase.,Read,Validate,Write,None,A,Data items are read in and stored in temporary local variables using this function.,medium,web:Includehelp.com https://www.includehelp.com/mcq/dbms-validation-based-protocol-mcqs.aspx,
DBMS & SQL,DBMS Validation Based Protocol Multiple-Choice Questions (MCQs),___ temporary variable values against actual data is a requirement for the validation phase.,Reading,Writing,Validating,Updating,C,Validating temporary variable values against actual data is a requirement for the validation phase.,medium,web:Includehelp.com https://www.includehelp.com/mcq/dbms-validation-based-protocol-mcqs.aspx,
DBMS & SQL,DBMS Validation Based Protocol Multiple-Choice Questions (MCQs),"In the Write phase, the temporary results of the transaction are written to the database or system if the validation of the transaction is successful or else the ___ of the transaction is performed.",Abort,Rollback,Commit,End,B,"In the Write phase, the temporary results of the transaction are written to the database or system if the validation of the transaction is successful or else the rollback of the transaction is performed.",medium,web:Includehelp.com https://www.includehelp.com/mcq/dbms-validation-based-protocol-mcqs.aspx,
DBMS & SQL,DBMS Validation Based Protocol Multiple-Choice Questions (MCQs),What is the Timestamp in the Read Phase?,Start (Ti),Read (Ti),Execute (Ti),Write (Ti),A,Start (Ti) is the timestamp in the read phase.,medium,web:Includehelp.com https://www.includehelp.com/mcq/dbms-validation-based-protocol-mcqs.aspx,
DBMS & SQL,DBMS Validation Based Protocol Multiple-Choice Questions (MCQs),The beginning of the ___ of Ti is represented by Start (Ti).,Abort,Commit,Rollback,Execution,D,The beginning of the execution of Ti is represented by Start (Ti).,medium,web:Includehelp.com https://www.includehelp.com/mcq/dbms-validation-based-protocol-mcqs.aspx,
DBMS & SQL,DBMS Validation Based Protocol Multiple-Choice Questions (MCQs),In validation (Ti) it is the number of seconds since Ti completed its read phase and began its ___ phase.,Write,Finish,Validation,Start,C,In validation (Ti) it is the number of seconds since Ti completed its read phase and began its validation phase.,medium,web:Includehelp.com https://www.includehelp.com/mcq/dbms-validation-based-protocol-mcqs.aspx,
DBMS & SQL,DBMS Validation Based Protocol Multiple-Choice Questions (MCQs),What is the timestamp in the Write phase?,Start (Ti),Validation (Ti),Write (Ti),Finish (Ti),D,Finish (Ti) is the timestamp in the Write phase.,medium,web:Includehelp.com https://www.includehelp.com/mcq/dbms-validation-based-protocol-mcqs.aspx,
DBMS & SQL,DBMS Validation Based Protocol Multiple-Choice Questions (MCQs),The Finish (Ti) value indicates when Ti completed its ____ phase.,Read,Write,Finish,Validation,B,The Finish (Ti) value indicates when Ti completed its write phase.,medium,web:Includehelp.com https://www.includehelp.com/mcq/dbms-validation-based-protocol-mcqs.aspx,
DBMS & SQL,DBMS Validation Based Protocol Multiple-Choice Questions (MCQs),"With this protocol, a time stamp is determined for each transaction based on the timestamp of the ___ phase, since it is the ___ phase that determines whether or not the transaction will be committed.",Read,Write,Validation,Finish,C,"With this protocol, a time stamp is determined for each transaction based on the timestamp of the validation phase, since it is the validation phase that determines whether or not the transaction will commit.",medium,web:Includehelp.com https://www.includehelp.com/mcq/dbms-validation-based-protocol-mcqs.aspx,
DBMS & SQL,DBMS Validation Based Protocol Multiple-Choice Questions (MCQs),"During ___, the serializability of a data set is determined.",Read,Validation,Write,None,B,"During validation, the serializability of a data set is determined.",medium,web:Includehelp.com https://www.includehelp.com/mcq/dbms-validation-based-protocol-mcqs.aspx,
DBMS & SQL,DBMS Validation Based Protocol Multiple-Choice Questions (MCQs),It ensures ___ when executing the transaction.,Greater Concurrency,Fewer Conflicts,Both A and B,None of the above,C,It ensures greater concurrency and fewer conflicts when executing the transaction.,medium,web:Includehelp.com https://www.includehelp.com/mcq/dbms-validation-based-protocol-mcqs.aspx,
DBMS & SQL,DBMS Validation Based Protocol Multiple-Choice Questions (MCQs),Transactions with fewer ___ are included in this protocol.,Rollbacks,Commits,Aborts,Beginnings,A,Transactions with fewer rollbacks are included in it.,medium,web:Includehelp.com https://www.includehelp.com/mcq/dbms-validation-based-protocol-mcqs.aspx,
DBMS & SQL,DBMS Timestamp Ordering Protocol Multiple-Choice Questions (MCQs),It is the ___ order of the transaction creation that determines the order of transactions.,Ascending,Descending,Both A and B,None of the above,A,It is the ascending order of the transaction creation that determines the order of transactions.,medium,web:Includehelp.com https://www.includehelp.com/mcq/dbms-timestamp-ordering-protocol-mcqs.aspx,
DBMS & SQL,DBMS Timestamp Ordering Protocol Multiple-Choice Questions (MCQs),Using ___ this protocol determines the timestamp of the transaction.,System time,Logical Counter,Both A and B,None of the above,C,"Using the system time or logical counter, this protocol determines the timestamp of the transaction.",medium,web:Includehelp.com https://www.includehelp.com/mcq/dbms-timestamp-ordering-protocol-mcqs.aspx,
DBMS & SQL,DBMS Timestamp Ordering Protocol Multiple-Choice Questions (MCQs),"During ___, the lock-based protocol controls the order in which conflicting pairs of transactions are handled.",Begin,End,Execution,None,C,"During execution, the lock-based protocol controls the order in which conflicting pairs of transactions are handled.",medium,web:Includehelp.com https://www.includehelp.com/mcq/dbms-timestamp-ordering-protocol-mcqs.aspx,
DBMS & SQL,DBMS Timestamp Ordering Protocol Multiple-Choice Questions (MCQs),"When a transaction is ___, timestamp-based protocols begin to work.",Created,Aborted,Committed,Rollbacked,A,"When a transaction is created, timestamp-based protocols begin to work.",medium,web:Includehelp.com https://www.includehelp.com/mcq/dbms-timestamp-ordering-protocol-mcqs.aspx,
DBMS & SQL,DBMS Timestamp Ordering Protocol Multiple-Choice Questions (MCQs),The timestamp ordering protocol also keeps track of the last ___ operation performed on the data.,Read,Write,Both A and B,None of the above,C,The timestamp ordering protocol also keeps track of the last 'read' and 'write' operation performed on the data.,medium,web:Includehelp.com https://www.includehelp.com/mcq/dbms-timestamp-ordering-protocol-mcqs.aspx,
DBMS & SQL,DBMS Timestamp Ordering Protocol Multiple-Choice Questions (MCQs),___ is guaranteed by the TO protocol.,Realization,Serialization,Dilation,None,B,Serialization is guaranteed by the TO protocol.,medium,web:Includehelp.com https://www.includehelp.com/mcq/dbms-timestamp-ordering-protocol-mcqs.aspx,
DBMS & SQL,DBMS Timestamp Ordering Protocol Multiple-Choice Questions (MCQs),"No transaction ever waits due to the TS protocol, which ensures there is no ___.",Deadlock,Lock,Deadstate,Deadset,A,"No transaction ever waits due to the TS protocol, which ensures there is no deadlock.",medium,web:Includehelp.com https://www.includehelp.com/mcq/dbms-timestamp-ordering-protocol-mcqs.aspx,
DBMS & SQL,DBMS Timestamp Ordering Protocol Multiple-Choice Questions (MCQs),TO protocol may not allow the schedule to be ___.,Recovered,Cascade-free,Both A and B,None of the above,C,TO protocol may not allow the schedule to be recovered or cascade-free.,medium,web:Includehelp.com https://www.includehelp.com/mcq/dbms-timestamp-ordering-protocol-mcqs.aspx,
DBMS & SQL,DBMS Lock-Based Protocol Multiple-Choice Questions (MCQs),How many types of locks are there in this protocol?,2,3,4,5,A,There are 2 types of locks in this protocol.,medium,web:Includehelp.com https://www.includehelp.com/mcq/dbms-lock-based-protocol-mcqs.aspx,
DBMS & SQL,DBMS Lock-Based Protocol Multiple-Choice Questions (MCQs),Which of the following is a type of lock?,Shared lock,Exclusive lock,Both A and B,None of the above,C,"The following types of locks are there in this protocol -
 Shared lock
 Exclusive lock",medium,web:Includehelp.com https://www.includehelp.com/mcq/dbms-lock-based-protocol-mcqs.aspx,
DBMS & SQL,DBMS Lock-Based Protocol Multiple-Choice Questions (MCQs),What is a shared lock also known as?,Share-only lock,Read-only lock,Write-only lock,Fetch-only lock,B,Shared lock is also known as Read-only lock.,medium,web:Includehelp.com https://www.includehelp.com/mcq/dbms-lock-based-protocol-mcqs.aspx,
DBMS & SQL,DBMS Lock-Based Protocol Multiple-Choice Questions (MCQs),Only the transaction can ___ the data item when the data item is locked in a shared lock.,Read,Write,Share,Fetch,A,Only the transaction can read the data item when the data item is locked in a shared lock.,medium,web:Includehelp.com https://www.includehelp.com/mcq/dbms-lock-based-protocol-mcqs.aspx,
DBMS & SQL,DBMS Lock-Based Protocol Multiple-Choice Questions (MCQs),"Since the transaction cannot update data on the data item when the shared lock is held, it can be shared ___ transactions.",Before,After,Between,None,C,"Since the transaction cannot update data on the data item when the lock is held, it can be shared between transactions.",medium,web:Includehelp.com https://www.includehelp.com/mcq/dbms-lock-based-protocol-mcqs.aspx,
DBMS & SQL,DBMS Lock-Based Protocol Multiple-Choice Questions (MCQs),The transaction can read as well as write the data item with a/an ___ lock.,Shared,Exclusive,Read,Write,B,The transaction can read as well as write the data item with an exclusive lock.,medium,web:Includehelp.com https://www.includehelp.com/mcq/dbms-lock-based-protocol-mcqs.aspx,
DBMS & SQL,DBMS Lock-Based Protocol Multiple-Choice Questions (MCQs),Multiple transactions cannot modify the same data simultaneously in the lock which is ___.,Exclusive,Write,Read,Shared,A,Multiple transactions cannot modify the same data simultaneously in this lock because it is exclusive.,medium,web:Includehelp.com https://www.includehelp.com/mcq/dbms-lock-based-protocol-mcqs.aspx,
DBMS & SQL,DBMS Lock-Based Protocol Multiple-Choice Questions (MCQs),How many types of lock protocols are there?,2,3,4,5,C,There are 4 types of lock protocols.,medium,web:Includehelp.com https://www.includehelp.com/mcq/dbms-lock-based-protocol-mcqs.aspx,
DBMS & SQL,DBMS Lock-Based Protocol Multiple-Choice Questions (MCQs),Which of the following is a type of Lock Protocol?,Simplistic Lock Protocol,Pre-claiming Lock Protocol,Two-phase locking,All of the above,D,"The types of lock protocols are -
 Simplistic Lock Protocol
 Pre-claiming Lock Protocol
 Two-phase locking
 Strict Two-phase locking",medium,web:Includehelp.com https://www.includehelp.com/mcq/dbms-lock-based-protocol-mcqs.aspx,
DBMS & SQL,DBMS Lock-Based Protocol Multiple-Choice Questions (MCQs),All the transactions obtain a lock on the data before ___ it with simplistic lock-based protocols.,Modifying,Deleting,Inserting,All of the above,D,"All the transactions obtain a lock on the data before modifying, deleting, or inserting it with simplistic lock-based protocols.",medium,web:Includehelp.com https://www.includehelp.com/mcq/dbms-lock-based-protocol-mcqs.aspx,
DBMS & SQL,DBMS Lock-Based Protocol Multiple-Choice Questions (MCQs),What is TRUE about Pre-claiming lock protocol?,"In pre-claiming lock protocols, all items on which locks are needed are analyzed by evaluating the transaction.",It requests the DBMS for a lock on all the data items before initiating the transaction.,This protocol allows the transaction to begin if all the locks have been granted.,All of the above,D,"In case of Pre-claiming lock protocol -
 In pre-claiming lock protocols, all items on which locks are needed are analyzed by evaluating the transaction.
 It requests the DBMS for a lock on all the data items before initiating the transaction.
 This protocol allows the transaction to begin if all the locks have been granted.",medium,web:Includehelp.com https://www.includehelp.com/mcq/dbms-lock-based-protocol-mcqs.aspx,
DBMS & SQL,DBMS Lock-Based Protocol Multiple-Choice Questions (MCQs),"Lock-based protocols ___ transactions if not all locks are granted, and they wait until all locks are granted until the transaction can continue.",Abort,Commit,Rollback,End,C,"Lock-based protocols roll back transactions if not all locks are granted, and they wait until all locks are granted until the transaction can continue.",medium,web:Includehelp.com https://www.includehelp.com/mcq/dbms-lock-based-protocol-mcqs.aspx,
DBMS & SQL,DBMS Lock-Based Protocol Multiple-Choice Questions (MCQs),In how many parts does the Two-phase locking protocol divide the transaction's execution phase.,2,3,4,5,B,"During the execution phase of the transaction, two-phase locking divides the process into three parts.",medium,web:Includehelp.com https://www.includehelp.com/mcq/dbms-lock-based-protocol-mcqs.aspx,
DBMS & SQL,DBMS Lock-Based Protocol Multiple-Choice Questions (MCQs),What is TRUE about Two-phase locking?,"As long as the transaction is already running, it will try to obtain the required lock in the first part.","As long as the transaction is already running, it will try to obtain the required lock in the second part.","As long as the transaction is already running, it will try to obtain the required lock in the third part.","As long as the transaction is already running, it will try to obtain the required lock in the fourth part.",A,"As long as the transaction is already running, it will try to obtain the required lock in the first part.",medium,web:Includehelp.com https://www.includehelp.com/mcq/dbms-lock-based-protocol-mcqs.aspx,
DBMS & SQL,DBMS Lock-Based Protocol Multiple-Choice Questions (MCQs),The second part of the transaction involves the ___ of all the locks.,Initialization,Acquisition,Termination,None,B,The second part of the transaction involves the acquisition of all the locks.,medium,web:Includehelp.com https://www.includehelp.com/mcq/dbms-lock-based-protocol-mcqs.aspx,
DBMS & SQL,DBMS Lock-Based Protocol Multiple-Choice Questions (MCQs),"Once the ___ lock is released, the third phase begins.",First,Second,Middle,Last,A,"Once the first lock is released, the third phase begins.",medium,web:Includehelp.com https://www.includehelp.com/mcq/dbms-lock-based-protocol-mcqs.aspx,
DBMS & SQL,DBMS Lock-Based Protocol Multiple-Choice Questions (MCQs),The transaction ___ the acquired locks in the third phase.,Attains,Releases,Adds,Deletes,B,The transaction releases the acquired locks in the third phase.,medium,web:Includehelp.com https://www.includehelp.com/mcq/dbms-lock-based-protocol-mcqs.aspx,
DBMS & SQL,DBMS Lock-Based Protocol Multiple-Choice Questions (MCQs),How many phases of 2PL are there?,2,3,4,5,A,There are 2 phases of 2PL.,medium,web:Includehelp.com https://www.includehelp.com/mcq/dbms-lock-based-protocol-mcqs.aspx,
DBMS & SQL,DBMS Lock-Based Protocol Multiple-Choice Questions (MCQs),What are the two phases of 2PL?,Growing phase,Shrinking phase,Both A and B,None of the above,C,"The two phases of 2PL are -
 Growing phase
 Shrinking phase",medium,web:Includehelp.com https://www.includehelp.com/mcq/dbms-lock-based-protocol-mcqs.aspx,
DBMS & SQL,DBMS Lock-Based Protocol Multiple-Choice Questions (MCQs),"The transaction may acquire a new lock on the data item during the ___ phase, but none can be released.",Growing,Shrinking,Simplistic,Pre-claiming,A,"The transaction may acquire a new lock on the data item during the growing phase, but none can be released.",medium,web:Includehelp.com https://www.includehelp.com/mcq/dbms-lock-based-protocol-mcqs.aspx,
DBMS & SQL,DBMS Lock-Based Protocol Multiple-Choice Questions (MCQs),"A transaction may be allowed to ___ its existing lock during the shrinking phase, but it cannot acquire any new locks.",Delete,Release,Add,Update,B,"A transaction may be allowed to release its existing lock during the shrinking phase, but it cannot acquire any new locks.",medium,web:Includehelp.com https://www.includehelp.com/mcq/dbms-lock-based-protocol-mcqs.aspx,
DBMS & SQL,DBMS Lock-Based Protocol Multiple-Choice Questions (MCQs),Strict-2PL follows the same process as ___ in that processing continues normally after all locks are acquired.,Simplistic,Pre-claiming,2PL,None,C,Strict-2PL follows the same process as 2PL in that processing continues normally after all locks are acquired.,medium,web:Includehelp.com https://www.includehelp.com/mcq/dbms-lock-based-protocol-mcqs.aspx,
DBMS & SQL,DBMS Lock-Based Protocol Multiple-Choice Questions (MCQs),What is the difference between 2PL and Strict-2PL?,"In Strict-2PL, locks are not released after use.","In Strict-2PL, locks are not updated after use.","In Strict-2PL, locks are not added after use.","In Strict-2PL, locks are released after use.",A,"The difference between 2PL and Strict-2PL is that in Strict-2PL, locks are not released after use.",medium,web:Includehelp.com https://www.includehelp.com/mcq/dbms-lock-based-protocol-mcqs.aspx,
DBMS & SQL,DBMS Lock-Based Protocol Multiple-Choice Questions (MCQs),The strict-2PL method waits until the entire transaction has been ___ before it releases all of the locks.,Aborted,Committed,Rollbacked,Updated,B,The strict-2PL method waits until the entire transaction has committed before it releases all of the locks.,medium,web:Includehelp.com https://www.includehelp.com/mcq/dbms-lock-based-protocol-mcqs.aspx,
DBMS & SQL,DBMS Lock-Based Protocol Multiple-Choice Questions (MCQs),A ___ phase of lock release is not part of the strict-2PL protocol.,Growing,Shrinking,Both A and B,None of the above,B,A shrinking phase of lock release is not part of the strict-2PL protocol.,medium,web:Includehelp.com https://www.includehelp.com/mcq/dbms-lock-based-protocol-mcqs.aspx,
DBMS & SQL,DBMS Lock-Based Protocol Multiple-Choice Questions (MCQs),There is no cascading ___ in strict-2PL as there is in 2PL.,Commit,Rollback,End,Abort,D,There is no cascading abort in strict-2PL as there is in 2PL.,medium,web:Includehelp.com https://www.includehelp.com/mcq/dbms-lock-based-protocol-mcqs.aspx,
DBMS & SQL,DBMS Multiple Granularity Multiple-Choice Questions (MCQs),Hierarchically creating lockable blocks within the database can be described as hierarchically ___ it up.,Creating,Breaking,Locking,Adding,B,Hierarchically creating lockable blocks within the database can be described as hierarchically breaking it up.,medium,web:Includehelp.com https://www.includehelp.com/mcq/dbms-multiple-granularity-mcqs.aspx,
DBMS & SQL,DBMS Multiple Granularity Multiple-Choice Questions (MCQs),___ are reduced by using Multiple Granularity protocols.,Concurrency,Lock Overhead,Both A and B,None of the above,C,Concurrency and lock overhead are reduced by using Multiple Granularity protocols.,medium,web:Includehelp.com https://www.includehelp.com/mcq/dbms-multiple-granularity-mcqs.aspx,
DBMS & SQL,DBMS Multiple Granularity Multiple-Choice Questions (MCQs),What is TRUE about Multiple Granularity?,It keeps track of what should be locked and how.,Data items can be locked and unlocked easily with this software.,A tree can be used to represent this type of hierarchy graphically.,All of the above,D,"In case of Multiple Granularity -
 It keeps track of what should be locked and how.
 Data items can be locked and unlocked easily with this software.
 A tree can be used to represent this type of hierarchy graphically.",medium,web:Includehelp.com https://www.includehelp.com/mcq/dbms-multiple-granularity-mcqs.aspx,
DBMS & SQL,DBMS Multiple Granularity Multiple-Choice Questions (MCQs),How many additional lock modes are there with Multiple Granularity?,3,4,5,6,A,There are 3 additional lock modes in Multiple Granularity.,medium,web:Includehelp.com https://www.includehelp.com/mcq/dbms-multiple-granularity-mcqs.aspx,
DBMS & SQL,DBMS Multiple Granularity Multiple-Choice Questions (MCQs),Which of the following is the additional lock mode?,Intention-shared,Intention-exclusive,Shared & Intention-exclusive,All of the above,D,"The additional lock modes are -
 Intention-shared
 Intention-exclusive
 Shared & Intention-exclusive",medium,web:Includehelp.com https://www.includehelp.com/mcq/dbms-multiple-granularity-mcqs.aspx,
DBMS & SQL,DBMS Multiple Granularity Multiple-Choice Questions (MCQs),What is the short form of Intention-shared?,IS,IX,SIX,None,A,Short form of Intention-shared is IS.,medium,web:Includehelp.com https://www.includehelp.com/mcq/dbms-multiple-granularity-mcqs.aspx,
DBMS & SQL,DBMS Multiple Granularity Multiple-Choice Questions (MCQs),"Locking explicitly at lower levels of the tree is included in intention-shared, but only for ___ locks.",Unique,Multiple,Two,Shared,D,"Locking explicitly at lower levels of the tree is included in intention-shared, but only for shared locks.",medium,web:Includehelp.com https://www.includehelp.com/mcq/dbms-multiple-granularity-mcqs.aspx,
DBMS & SQL,DBMS Multiple Granularity Multiple-Choice Questions (MCQs),What is the short form of Intention-exclusive?,IS,IX,SIX,None,B,Short form of Intention-exclusive is IX.,medium,web:Includehelp.com https://www.includehelp.com/mcq/dbms-multiple-granularity-mcqs.aspx,
DBMS & SQL,DBMS Multiple Granularity Multiple-Choice Questions (MCQs),___ locks are used in intention-exclusive locking at the lower level.,Exclusive,Shared,Both A and B,None of the above,C,Exclusive or shared locks are used in intention-exclusive locking at the lower level.,medium,web:Includehelp.com https://www.includehelp.com/mcq/dbms-multiple-granularity-mcqs.aspx,
DBMS & SQL,DBMS Multiple Granularity Multiple-Choice Questions (MCQs),What is the short form of Shared & Intention-exclusive?,SIE,S&IE,SAIE,SIX,D,Short form of Shared & Intention-exclusive is SIX.,medium,web:Includehelp.com https://www.includehelp.com/mcq/dbms-multiple-granularity-mcqs.aspx,
DBMS & SQL,DBMS Multiple Granularity Multiple-Choice Questions (MCQs),"In a ___, some nodes are locked in exclusive mode by the same transaction while others are locked in shared mode.",IS Lock,IX Lock,SIX Lock,None,C,"In a SIX lock, some nodes are locked in exclusive mode by the same transaction while others are locked in shared mode.",medium,web:Includehelp.com https://www.includehelp.com/mcq/dbms-multiple-granularity-mcqs.aspx,
DBMS & SQL,DBMS Multiple Granularity Multiple-Choice Questions (MCQs),What does compatibility matrix use to ensure serializability?,Shared lock,Intention lock,Shared & Intention lock,None of the above,B,Compatibility matrix uses intention lock to ensure serializability.,medium,web:Includehelp.com https://www.includehelp.com/mcq/dbms-multiple-granularity-mcqs.aspx,
DBMS & SQL,DBMS Multiple Granularity Multiple-Choice Questions (MCQs),The protocol requires a node to follow which protocol(s) when attempting to lock a node?,The lock-compatibility matrix should be followed for transactions.,The first transaction in the tree locks the root.,"In any mode, the root can be locked.",All of the above,D,"The protocol requires a node to follow these protocols when attempting to lock a node:
 The lock-compatibility matrix should be followed for transactions.
 The first transaction in the tree locks the root.
 In any mode, the root can be locked.",medium,web:Includehelp.com https://www.includehelp.com/mcq/dbms-multiple-granularity-mcqs.aspx,
DBMS & SQL,DBMS Multiple Granularity Multiple-Choice Questions (MCQs),Nodes in S or IS modes will only be locked if the transaction's parent is locked in ___ mode.,IS,IX,Both A and B,None of the above,C,Nodes in S or IS modes will only be locked if the transaction's parent is locked in either IX or IS mode.,medium,web:Includehelp.com https://www.includehelp.com/mcq/dbms-multiple-granularity-mcqs.aspx,
DBMS & SQL,DBMS Multiple Granularity Multiple-Choice Questions (MCQs),The transaction will lock a node in ___ mode only if the parent of the node is locked in IX or SIX.,X,SIX,IX,All of the above,D,"The transaction will lock a node in X, SIX, or IX mode only if the parent of the node is locked in IX or SIX.",medium,web:Includehelp.com https://www.includehelp.com/mcq/dbms-multiple-granularity-mcqs.aspx,
DBMS & SQL,DBMS Multiple Granularity Multiple-Choice Questions (MCQs),The Transaction can lock a node if it has ____.,Locked one node yet,Locked two nodes yet,Not locked any nodes yet,Locked multiple nodes yet,C,The Transaction can lock a node if it has not unlocked any nodes yet.,medium,web:Includehelp.com https://www.includehelp.com/mcq/dbms-multiple-granularity-mcqs.aspx,
DBMS & SQL,DBMS Multiple Granularity Multiple-Choice Questions (MCQs),A transaction that currently has ___ children of the locked node will unlock the node if none are locked currently.,One,Two,Multiple,No,D,A transaction that currently has no children of the locked node will unlock the node if none are locked currently.,medium,web:Includehelp.com https://www.includehelp.com/mcq/dbms-multiple-granularity-mcqs.aspx,
DBMS & SQL,DBMS Multiple Granularity Multiple-Choice Questions (MCQs),"In multiple-granularity, locks are acquired ___ and locked down ¬___, respectively.","Top-down, Bottom-up","Bottom-up, Top-down",Top-down,Bottom-up,A,"In multiple-granularity, locks are acquired top-down and locked down bottom-up, respectively.",medium,web:Includehelp.com https://www.includehelp.com/mcq/dbms-multiple-granularity-mcqs.aspx,
DBMS & SQL,DBMS Thomas Write Rule Multiple-Choice Questions (MCQs),___ algorithm is improved by the Thomas Write Rule.,Concurrency,Lock-based,Timestamp Ordering,Validation based,C,Timestamp ordering algorithm improved by Thomas Write Rule.,medium,web:Includehelp.com https://www.includehelp.com/mcq/dbms-thomas-write-rule-mcqs.aspx,
DBMS & SQL,DBMS Thomas Write Rule Multiple-Choice Questions (MCQs),"If TS(T) = R_TS(X), operation X is ___ and transaction T is ___.","Rejected, Aborted","Aborted, Rejected",Rejected,Aborted,A,"If TS(T) = R_TS(X), operation X is rejected and transaction T is aborted.",medium,web:Includehelp.com https://www.includehelp.com/mcq/dbms-thomas-write-rule-mcqs.aspx,
DBMS & SQL,DBMS Thomas Write Rule Multiple-Choice Questions (MCQs),The W_TS(X) operation of the transaction will not be executed if TS(T) _? W_TS(X).,<,=,>,=>,A,The W_TS(X) operation of the transaction will not be executed if TS(T),medium,web:Includehelp.com https://www.includehelp.com/mcq/dbms-thomas-write-rule-mcqs.aspx,
DBMS & SQL,DBMS Thomas Write Rule Multiple-Choice Questions (MCQs),"In the absence of conditions 1 or 2, the ____ operation can be executed by transaction Ti, and W_TS(X) pointing to TS(T).",READ,WRITE,EXECUTE,UPDATE,B,"In the absence of conditions 1 or 2, the WRITE operation can be executed by transaction Ti, and W_TS(X) pointing to TS(T).",medium,web:Includehelp.com https://www.includehelp.com/mcq/dbms-thomas-write-rule-mcqs.aspx,
DBMS & SQL,DBMS Thomas Write Rule Multiple-Choice Questions (MCQs),"Using the Thomas write rule, some ___ schedules can be permitted without conflicting with ___.",Serial,Non-serial,Serializable,Non-serializable,C,"Using the Thomas write rule, some serializable schedules can be permitted without conflicting with serializable.",medium,web:Includehelp.com https://www.includehelp.com/mcq/dbms-thomas-write-rule-mcqs.aspx,
DBMS & SQL,DBMS Thomas Write Rule Multiple-Choice Questions (MCQs),A rule written by Thomas ensures that T2's ____ cannot be seen by any transaction in which T2 has committed (W(A)).,Read,Write,Commit,Rollback,B,A rule written by Thomas ensures that T2's write cannot be seen by any transaction in which T2 has committed (W(A)).,medium,web:Includehelp.com https://www.includehelp.com/mcq/dbms-thomas-write-rule-mcqs.aspx,
DBMS & SQL,DBMS Thomas Write Rule Multiple-Choice Questions (MCQs),"The ___ schedule can be generated by deleting the write operation in T2, which has a W(A) Commit.",Conflict Serial,Conflict Non-serial,Non-conflict Serializable,Conflict Serializable,D,"The conflict serializable schedule can be generated by deleting the write operation in T2, which has a W(A) Commit.",medium,web:Includehelp.com https://www.includehelp.com/mcq/dbms-thomas-write-rule-mcqs.aspx,
DBMS & SQL,DBMS Heap File Organization Multiple-Choice Questions (MCQs),Heap File Organization work with -,Data Sets,Database,Data Blocks,Data item,C,Heap File Organization work with Data Blocks.,medium,web:Includehelp.com https://www.includehelp.com/mcq/dbms-heap-file-organization-mcqs.aspx,
DBMS & SQL,DBMS Heap File Organization Multiple-Choice Questions (MCQs),"In Heap FO, at the ____ of the file, the record is inserted.",Beginning,End,Middle,Center,B,"In heap file organization, the records are inserted at the file's end.",medium,web:Includehelp.com https://www.includehelp.com/mcq/dbms-heap-file-organization-mcqs.aspx,
DBMS & SQL,DBMS Heap File Organization Multiple-Choice Questions (MCQs),It does not require ___ records when they are inserted.,Sorting,Ordering,Both A and B,None of the above,C,It does not require sorting or ordering records when they are inserted.,medium,web:Includehelp.com https://www.includehelp.com/mcq/dbms-heap-file-organization-mcqs.aspx,
DBMS & SQL,DBMS Heap File Organization Multiple-Choice Questions (MCQs),New records are stored in another block when the current block of data is ___.,Half full,Full,Empty,Half Empty,B,New records are stored in another block when the current block of data is full.,medium,web:Includehelp.com https://www.includehelp.com/mcq/dbms-heap-file-organization-mcqs.aspx,
DBMS & SQL,DBMS Heap File Organization Multiple-Choice Questions (MCQs),Any ___ in the memory can be chosen as the new ___ to store new records; it does not need to be the next ___.,Data item,Database,Data Sets,Data Blocks,D,Any data block in the memory can be chosen as the new data block to store new records; it does not need to be the next data block.,medium,web:Includehelp.com https://www.includehelp.com/mcq/dbms-heap-file-organization-mcqs.aspx,
DBMS & SQL,DBMS Heap File Organization Multiple-Choice Questions (MCQs),What does heap file also known as?,Ordered file,Unordered file,Sequential file,Non-sequential file,B,Heap file is also known as unordered file.,medium,web:Includehelp.com https://www.includehelp.com/mcq/dbms-heap-file-organization-mcqs.aspx,
DBMS & SQL,DBMS Heap File Organization Multiple-Choice Questions (MCQs),"There is a unique identifier for every record in a file, and all files are of the ___ size.",Same,Different,Variable,Multiple,A,"There is a unique identifier for every record in a file, and all files are of the same size.",medium,web:Includehelp.com https://www.includehelp.com/mcq/dbms-heap-file-organization-mcqs.aspx,
DBMS & SQL,DBMS Heap File Organization Multiple-Choice Questions (MCQs),"In a ____ file, we must traverse the data from the beginning of the file until we get the requested record if we want to search, update or delete the data.",Sequential,Heap,ISMA,None,B,"In a heap file, we must traverse the data from the beginning of the file until we get the requested record if we want to search, update or delete the data.",medium,web:Includehelp.com https://www.includehelp.com/mcq/dbms-heap-file-organization-mcqs.aspx,
DBMS & SQL,DBMS Heap File Organization Multiple-Choice Questions (MCQs),"Because there is no sorting or ordering of records, if the database is large, it will be very time-consuming to ___ records.",Search,Updated,Delete,All of the above,D,"Because there is no sorting or ordering of records, if the database is large, it will be very time-consuming to search, update, or delete records.",medium,web:Includehelp.com https://www.includehelp.com/mcq/dbms-heap-file-organization-mcqs.aspx,
DBMS & SQL,DBMS Heap File Organization Multiple-Choice Questions (MCQs),"When we work with heap files, we must check ___ entry until we get the desired record.",First,Last,Each,None,C,"When we work with heap files, we must check each entry until we get the desired record.",medium,web:Includehelp.com https://www.includehelp.com/mcq/dbms-heap-file-organization-mcqs.aspx,
DBMS & SQL,DBMS Heap File Organization Multiple-Choice Questions (MCQs),"In bulk ___, the heap file method is a very good way to organize your files.",Updation,Deletion,Insertion,None,C,"In bulk insertion, the heap file method is a very good way to organize your files.",medium,web:Includehelp.com https://www.includehelp.com/mcq/dbms-heap-file-organization-mcqs.aspx,
DBMS & SQL,DBMS Heap File Organization Multiple-Choice Questions (MCQs),This method is best suitable for loading ____ data sets at one time into the database.,Small,Large,Few,Little,B,This method is best suitable for loading large data sets at one time into the database.,medium,web:Includehelp.com https://www.includehelp.com/mcq/dbms-heap-file-organization-mcqs.aspx,
DBMS & SQL,DBMS Heap File Organization Multiple-Choice Questions (MCQs),"With ____ databases, it is faster to fetch and retrieve records than to retrieve sequential records.",Large,Small,High,Big,B,"With small databases, it is faster to fetch and retrieve records than to retrieve sequential records.",medium,web:Includehelp.com https://www.includehelp.com/mcq/dbms-heap-file-organization-mcqs.aspx,
DBMS & SQL,DBMS Heap File Organization Multiple-Choice Questions (MCQs),"It takes a ___ time to search or modify the record with a heap file method, which is inefficient for large databases.",Less,Little,Null,Long,D,"It takes a long time to search or modify the record with this method, which is inefficient for large databases.",medium,web:Includehelp.com https://www.includehelp.com/mcq/dbms-heap-file-organization-mcqs.aspx,
DBMS & SQL,DBMS Heap File Organization Multiple-Choice Questions (MCQs),"For ___ databases, the Heap file method is insufficient.",Small,Large,Little,Tiny,B,"For large databases, the heap file method is insufficient.",medium,web:Includehelp.com https://www.includehelp.com/mcq/dbms-heap-file-organization-mcqs.aspx,
DBMS & SQL,DBMS Sequential File Organization Multiple-Choice Questions (MCQs),How are the files stored in Sequential FO?,Sequentially,Hierarchically,FIFO,LIFO,A,The files are stored sequentially in Sequential FO.,medium,web:Includehelp.com https://www.includehelp.com/mcq/dbms-sequential-file-organization-mcqs.aspx,
DBMS & SQL,DBMS Sequential File Organization Multiple-Choice Questions (MCQs),In how many ways can the Sequential FO be implemented?,2,3,4,5,A,Sequential FO can be implemented in 2 ways.,medium,web:Includehelp.com https://www.includehelp.com/mcq/dbms-sequential-file-organization-mcqs.aspx,
DBMS & SQL,DBMS Sequential File Organization Multiple-Choice Questions (MCQs),"The record is stored in a sequence, i.e., one after the other, using the ___ Method.",Pile File,Sorted File,Both A and B,None of the above,A,"The record is stored in a sequence, i.e., one after the other, using the Pile File Method.",medium,web:Includehelp.com https://www.includehelp.com/mcq/dbms-sequential-file-organization-mcqs.aspx,
DBMS & SQL,DBMS Sequential File Organization Multiple-Choice Questions (MCQs),"With the Pile File Method, there will be no rearranging of records, as each record will be inserted into the tables in order of ___.",Repetition,Updation,Deletion,Insertion,D,"With the Pile File Method, there will be no rearranging of records, as each record will be inserted into the tables in order of insertion.",medium,web:Includehelp.com https://www.includehelp.com/mcq/dbms-sequential-file-organization-mcqs.aspx,
DBMS & SQL,DBMS Sequential File Organization Multiple-Choice Questions (MCQs),The memory blocks will be searched if any record needs to be ___.,Updated,Deleted,Both A and B,None of the above,C,The memory blocks will be searched if any record needs to be updated or deleted.,medium,web:Includehelp.com https://www.includehelp.com/mcq/dbms-sequential-file-organization-mcqs.aspx,
DBMS & SQL,DBMS Sequential File Organization Multiple-Choice Questions (MCQs),A new record is inserted when the record has been found and marked for ____.,Updation,Addition,Insertion,Deletion,D,A new record is inserted when the record has been found and marked for deletion.,medium,web:Includehelp.com https://www.includehelp.com/mcq/dbms-sequential-file-organization-mcqs.aspx,
DBMS & SQL,DBMS Sequential File Organization Multiple-Choice Questions (MCQs),A record is a ___ in the table.,Row,Column,Data,Field,A,A record is a row in the table.,medium,web:Includehelp.com https://www.includehelp.com/mcq/dbms-sequential-file-organization-mcqs.aspx,
DBMS & SQL,DBMS Sequential File Organization Multiple-Choice Questions (MCQs),"When you use the Sorted File method, the new record is always appended at the end of the file, and then the sequence is sorted in ___.",Ascending order,Descending order,Both A and B,None of the above,C,"When you use the Sorted File method, the new record is always appended at the end of the file, and then the sequence is sorted in ascending order or descending order.",medium,web:Includehelp.com https://www.includehelp.com/mcq/dbms-sequential-file-organization-mcqs.aspx,
DBMS & SQL,DBMS Sequential File Organization Multiple-Choice Questions (MCQs),A primary key or any other key determines how records are ___.,Added,Updated,Deleted,Sorted,D,A primary key or any other key determines how records are sorted.,medium,web:Includehelp.com https://www.includehelp.com/mcq/dbms-sequential-file-organization-mcqs.aspx,
DBMS & SQL,DBMS Sequential File Organization Multiple-Choice Questions (MCQs),Modified records are placed in the right place after they have been sorted and updated by the ____ method.,Pile File,Sorted File,Both A and B,None of the above,C,Modified records are placed in the right place after they have been sorted and updated by the sorted file method.,medium,web:Includehelp.com https://www.includehelp.com/mcq/dbms-sequential-file-organization-mcqs.aspx,
DBMS & SQL,DBMS Sequential File Organization Multiple-Choice Questions (MCQs),The ___ amount of data can be processed quickly and efficiently with Sequential File Organization.,Small,Large,Little,Few,B,The large amount of data can be processed quickly and efficiently with this method.,medium,web:Includehelp.com https://www.includehelp.com/mcq/dbms-sequential-file-organization-mcqs.aspx,
DBMS & SQL,DBMS Sequential File Organization Multiple-Choice Questions (MCQs),"Using sequential file organization, ___ mechanisms such as magnetic tapes can be used to store files for less.",Recursive,Consumption,Storage,Secure,C,"Using sequential file organization, storage mechanisms such as magnetic tapes can be used to store files for less.",medium,web:Includehelp.com https://www.includehelp.com/mcq/dbms-sequential-file-organization-mcqs.aspx,
DBMS & SQL,DBMS Sequential File Organization Multiple-Choice Questions (MCQs),What are the PROS of Sequential File Organization?,The design is simple.,The data can be stored with little effort.,Both A and B,None of the above,C,"The PROS of Sequential File Organization are -
 The design is simple.
 The data can be stored with little effort.",medium,web:Includehelp.com https://www.includehelp.com/mcq/dbms-sequential-file-organization-mcqs.aspx,
DBMS & SQL,DBMS Sequential File Organization Multiple-Choice Questions (MCQs),"When the majority of the records need to be accessed _____, such as when calculating a student's grade or generating a salary slip, for example, sequential file organization is used.",Hierarchically,Sequentially,Circular,In Loop,B,"When the majority of the records need to be accessed sequentially, such as when calculating a student's grade or generating a salary slip, for example, sequential file organization is used.",medium,web:Includehelp.com https://www.includehelp.com/mcq/dbms-sequential-file-organization-mcqs.aspx,
DBMS & SQL,DBMS Sequential File Organization Multiple-Choice Questions (MCQs),Sequential File Organization is used for -,Report Generation,Statistical Calculations,Both A and B,None of the above,C,Sequential File Organization is used for Statistical Calculations.,medium,web:Includehelp.com https://www.includehelp.com/mcq/dbms-sequential-file-organization-mcqs.aspx,
DBMS & SQL,DBMS Sequential File Organization Multiple-Choice Questions (MCQs),"We waste time if we organize our files ___ as we cannot jump right to the record we need, but we must move ___, which takes time.",Hierarchically,Sequentially,Circular,In Loop,B,"We waste time if we organize our files sequentially as we cannot jump right to the record we need, but we must move sequentially, which takes time.",medium,web:Includehelp.com https://www.includehelp.com/mcq/dbms-sequential-file-organization-mcqs.aspx,
DBMS & SQL,DBMS Sequential File Organization Multiple-Choice Questions (MCQs),It takes longer and requires ___ space to sort records when using a sorted file method.,More,Less,Medium,Average,A,It takes longer and requires more space to sort records when using a sorted file method.,medium,web:Includehelp.com https://www.includehelp.com/mcq/dbms-sequential-file-organization-mcqs.aspx,
DBMS & SQL,DBMS File Organization Multiple-Choice Questions (MCQs),We can access records by using the ___ key.,Primary,Foreign,Alternate,Composite,A,We can access records by using the primary key.,medium,web:Includehelp.com https://www.includehelp.com/mcq/dbms-file-organization-mcqs.aspx,
DBMS & SQL,DBMS File Organization Multiple-Choice Questions (MCQs),"Based on the type of file organization for a given set of records, we can determine the ___ of access.",Type,Frequency,Both A and B,None of the above,C,"Based on the type of file organization for a given set of records, we can determine the type and frequency of access.",medium,web:Includehelp.com https://www.includehelp.com/mcq/dbms-file-organization-mcqs.aspx,
DBMS & SQL,DBMS File Organization Multiple-Choice Questions (MCQs),Records are organized ___ based on logical relationships.,Analytically,Logically,Reasonably,None,B,Records are organized logically based on logical relationships.,medium,web:Includehelp.com https://www.includehelp.com/mcq/dbms-file-organization-mcqs.aspx,
DBMS & SQL,DBMS File Organization Multiple-Choice Questions (MCQs),Defining how a ___ is mapped onto a block of hard disk space is done using this method.,Database,File Record,Data,None,B,Defining how a file record is mapped onto a block of hard disk space is done using this method.,medium,web:Includehelp.com https://www.includehelp.com/mcq/dbms-file-organization-mcqs.aspx,
DBMS & SQL,DBMS File Organization Multiple-Choice Questions (MCQs),Organizing your files according to their blocks and putting those blocks onto a storage medium is referred to as ___.,Data organization,File organization,Recursive organization,None,B,Organizing your files according to their blocks and putting those blocks onto a storage medium is referred to as file organization.,medium,web:Includehelp.com https://www.includehelp.com/mcq/dbms-file-organization-mcqs.aspx,
DBMS & SQL,DBMS File Organization Multiple-Choice Questions (MCQs),Using multiple files and storing ___ record in each is the first method of mapping a database to a file.,Multiple,Only a Single,Two,Three,B,Using multiple files and storing only a single record in each is the first method of mapping a database to a file.,medium,web:Includehelp.com https://www.includehelp.com/mcq/dbms-file-organization-mcqs.aspx,
DBMS & SQL,DBMS File Organization Multiple-Choice Questions (MCQs),Our files can also be organized so that different lengths of ___ can be included.,Database,Records,Data,None,B,Our files can also be organized so that different lengths of records can be included.,medium,web:Includehelp.com https://www.includehelp.com/mcq/dbms-file-organization-mcqs.aspx,
DBMS & SQL,DBMS File Organization Multiple-Choice Questions (MCQs),The implementation of files of fixed length records is simpler than that of files of ___ length records.,One,Single,Simple,Variable,D,The implementation of files of fixed length records is simpler than that of files of variable length records.,medium,web:Includehelp.com https://www.includehelp.com/mcq/dbms-file-organization-mcqs.aspx,
DBMS & SQL,DBMS File Organization Multiple-Choice Questions (MCQs),___ may be selected as quickly as possible because it contains an optimal selection of ___.,Records,Database,Tables,Rows,A,Records may be selected as quickly as possible because it contains an optimal selection of records.,medium,web:Includehelp.com https://www.includehelp.com/mcq/dbms-file-organization-mcqs.aspx,
DBMS & SQL,DBMS File Organization Multiple-Choice Questions (MCQs),"Transactions on the records should be performed quickly and easily, whether they are ___ them.",Inserting,Deleting,Updating,All of the above,D,"Transactions on the records should be performed quickly and easily, whether they are inserting, deleting, or updating them.",medium,web:Includehelp.com https://www.includehelp.com/mcq/dbms-file-organization-mcqs.aspx,
DBMS & SQL,DBMS File Organization Multiple-Choice Questions (MCQs),"___ cannot be created by inserting, updating, or deleting records.",Dividends,Multiples,Duplicates,Addons,C,"Duplicates cannot be created by inserting, updating, or deleting records.",medium,web:Includehelp.com https://www.includehelp.com/mcq/dbms-file-organization-mcqs.aspx,
DBMS & SQL,DBMS File Organization Multiple-Choice Questions (MCQs),"Duplicates cannot be created by inserting, updating, or deleting records.",More,Little,High,Much,B,Documents should be stored efficiently so that they cost as little as possible to store.,medium,web:Includehelp.com https://www.includehelp.com/mcq/dbms-file-organization-mcqs.aspx,
DBMS & SQL,DBMS File Organization Multiple-Choice Questions (MCQs),How many types of file organizations are there?,5,6,7,8,B,There are 6 types of file organizations.,medium,web:Includehelp.com https://www.includehelp.com/mcq/dbms-file-organization-mcqs.aspx,
DBMS & SQL,DBMS File Organization Multiple-Choice Questions (MCQs),Which of the following is a type of file organization?,Sequential FO,Heap FO,Hash FO,All of the above,D,"The type of file organizations are -
 Sequential FO
 Heap FO
 Hash FO
 ISAM
 B+ Tree FO
 Cluster FO",medium,web:Includehelp.com https://www.includehelp.com/mcq/dbms-file-organization-mcqs.aspx,
DBMS & SQL,DBMS Indexed Sequential Access Method (ISAM) Multiple-Choice Questions (MCQs),The ___ key is used to store records in this method.,Primary,Foreign,Alternate,Composite,A,The primary key is used to store records in this method.,medium,web:Includehelp.com https://www.includehelp.com/mcq/dbms-indexed-sequential-access-method-isam-mcqs.aspx,
DBMS & SQL,DBMS Indexed Sequential Access Method (ISAM) Multiple-Choice Questions (MCQs),"In each primary key, a value for the index is ___ to the record.",Created,Mapped,Both A and B,None of the above,C,"In each primary key, a value for the index is created and mapped to the record.",medium,web:Includehelp.com https://www.includehelp.com/mcq/dbms-indexed-sequential-access-method-isam-mcqs.aspx,
DBMS & SQL,DBMS Indexed Sequential Access Method (ISAM) Multiple-Choice Questions (MCQs),The file ___ is contained in this index.,Address,Data,Row,Column,A,The file address is contained in this index.,medium,web:Includehelp.com https://www.includehelp.com/mcq/dbms-indexed-sequential-access-method-isam-mcqs.aspx,
DBMS & SQL,DBMS Indexed Sequential Access Method (ISAM) Multiple-Choice Questions (MCQs),The address of a data block is retrieved and the record is retrieved from ___ if any record has to be retrieved based on its index value.,Storage,Page,File,Memory,D,The address of a data block is retrieved and the record is retrieved from memory if any record has to be retrieved based on its index value.,medium,web:Includehelp.com https://www.includehelp.com/mcq/dbms-indexed-sequential-access-method-isam-mcqs.aspx,
DBMS & SQL,DBMS Indexed Sequential Access Method (ISAM) Multiple-Choice Questions (MCQs),"Because each record has its own data block address, searching a record across a huge database is ___ and quick.",Simple,Hard,Tough,Slow,A,"Because each record has its own data block address, searching a record across a huge database is simple and quick.",medium,web:Includehelp.com https://www.includehelp.com/mcq/dbms-indexed-sequential-access-method-isam-mcqs.aspx,
DBMS & SQL,DBMS Indexed Sequential Access Method (ISAM) Multiple-Choice Questions (MCQs),___ are supported by this method.,Range Retrieval,Partial Record Retrieval,Both A and B,None of the above,C,Range retrieval and partial record retrieval are supported by this method.,medium,web:Includehelp.com https://www.includehelp.com/mcq/dbms-indexed-sequential-access-method-isam-mcqs.aspx,
DBMS & SQL,DBMS Indexed Sequential Access Method (ISAM) Multiple-Choice Questions (MCQs),"The ___ key values determine the index, which allows us to retrieve the data for the given value range.",Primary,Foreign,Composite,Alternate,A,"The primary key values determine the index, which allows us to retrieve the data for the given value range.",medium,web:Includehelp.com https://www.includehelp.com/mcq/dbms-indexed-sequential-access-method-isam-mcqs.aspx,
DBMS & SQL,DBMS Indexed Sequential Access Method (ISAM) Multiple-Choice Questions (MCQs),"To store the index value, ___ disk space is required.",Less,Few,Extra,None,C,"To store the index value, extra disk space is required.",medium,web:Includehelp.com https://www.includehelp.com/mcq/dbms-indexed-sequential-access-method-isam-mcqs.aspx,
DBMS & SQL,DBMS Indexed Sequential Access Method (ISAM) Multiple-Choice Questions (MCQs),"In order to maintain the sequence, these files must be reconstructed when new records are ____.",Inserted,Deleted,Updated,None,A,"In order to maintain the sequence, these files must be reconstructed when new records are inserted.",medium,web:Includehelp.com https://www.includehelp.com/mcq/dbms-indexed-sequential-access-method-isam-mcqs.aspx,
DBMS & SQL,DBMS Indexed Sequential Access Method (ISAM) Multiple-Choice Questions (MCQs),The space used by the record must be released when it is ___.,Added,Deleted,Updated,None,B,The space used by the record must be released when it is deleted.,medium,web:Includehelp.com https://www.includehelp.com/mcq/dbms-indexed-sequential-access-method-isam-mcqs.aspx,
DBMS & SQL,DBMS B+ File Organization Multiple-Choice Questions (MCQs),Records are stored in Files using a ___-like structure.,Triangle,Roots,Stems,Tree,D,Records are stored in Files using a tree-like structure.,medium,web:Includehelp.com https://www.includehelp.com/mcq/dbms-b-file-organization-mcqs.aspx,
DBMS & SQL,DBMS B+ File Organization Multiple-Choice Questions (MCQs),"The records are sorted based on the ___ key, just like the key-index concept.",Primary,Foreign,Composite,Alternate,A,"The records are sorted based on the primary key, just like the key-index concept.",medium,web:Includehelp.com https://www.includehelp.com/mcq/dbms-b-file-organization-mcqs.aspx,
DBMS & SQL,DBMS B+ File Organization Multiple-Choice Questions (MCQs),An ___ value is generated and mapped to each primary key.,Iterative,Imposter,Index,Indicate,C,An index value is generated and mapped to each primary key.,medium,web:Includehelp.com https://www.includehelp.com/mcq/dbms-b-file-organization-mcqs.aspx,
DBMS & SQL,DBMS B+ File Organization Multiple-Choice Questions (MCQs),"In some ways, B+ trees are similar to ___ (BSTs), but they can have more than two children.",Binary Stem Trees,Binary Stretch Trees,Binary Search Trees,Binary Solve Trees,C,"In some ways, B+ trees are similar to binary search trees (BSTs), but they can have more than two children.",medium,web:Includehelp.com https://www.includehelp.com/mcq/dbms-b-file-organization-mcqs.aspx,
DBMS & SQL,DBMS B+ File Organization Multiple-Choice Questions (MCQs),Records are all stored in the ___ node of the B+ Tree method.,Stem,Root,Leaf,None,C,Records are all stored in the leaf node of the B+ Tree method.,medium,web:Includehelp.com https://www.includehelp.com/mcq/dbms-b-file-organization-mcqs.aspx,
DBMS & SQL,DBMS B+ File Organization Multiple-Choice Questions (MCQs),Leaf nodes are pointed to by ___ nodes.,Beginner,Last,Intermediate,None,C,Leaf nodes are pointed to by intermediate nodes.,medium,web:Includehelp.com https://www.includehelp.com/mcq/dbms-b-file-organization-mcqs.aspx,
DBMS & SQL,DBMS B+ File Organization Multiple-Choice Questions (MCQs),Intermediate note does not contain any ___.,Column,Data,Record,File,C,Leaf nodes are pointed to by intermediate nodes.,medium,web:Includehelp.com https://www.includehelp.com/mcq/dbms-b-file-organization-mcqs.aspx,
DBMS & SQL,DBMS B+ File Organization Multiple-Choice Questions (MCQs),The ___ method allows for easy searching since each record is stored in a leaf node and ordered sequentially.,B+ Tree,Has,Heap,ISMA,A,The B+ Tree method allows for easy searching since each record is stored in a leaf node and ordered sequentially.,medium,web:Includehelp.com https://www.includehelp.com/mcq/dbms-b-file-organization-mcqs.aspx,
DBMS & SQL,DBMS B+ File Organization Multiple-Choice Questions (MCQs),It is ___ to navigate through the tree structure.,Easier,Faster,Both A and B,None of the above,C,It is easier and faster to navigate through the tree structure.,medium,web:Includehelp.com https://www.includehelp.com/mcq/dbms-b-file-organization-mcqs.aspx,
DBMS & SQL,DBMS B+ File Organization Multiple-Choice Questions (MCQs),"B+ trees are not limited in ___, so the number of records can grow or shrink, and the structure of the B+ tree can also change.",Length,Size,Rows,Columns,B,"B+ trees are not limited in size, so the number of records can grow or shrink, and the structure of the B+ tree can also change.",medium,web:Includehelp.com https://www.includehelp.com/mcq/dbms-b-file-organization-mcqs.aspx,
DBMS & SQL,DBMS B+ File Organization Multiple-Choice Questions (MCQs),There is no performance impact from ___ items in a B+ Tree.,Inserting,Updating,Deleting,All of the above,D,"There is no performance impact from inserting, updating, or deleting items in a B+ Tree.",medium,web:Includehelp.com https://www.includehelp.com/mcq/dbms-b-file-organization-mcqs.aspx,
DBMS & SQL,DBMS B+ File Organization Multiple-Choice Questions (MCQs),The ___ method of B+ Trees is inefficient.,Static,Dynamic,Both A and B,None of the above,A,The static method of B+ Trees is inefficient.,medium,web:Includehelp.com https://www.includehelp.com/mcq/dbms-b-file-organization-mcqs.aspx,
DBMS & SQL,DBMS Hash File Organization Multiple-Choice Questions (MCQs),It is the result of the ___ that determines where the records should be placed on the disk.,Repeat Function,Storage Function,Heap Function,Has Function,D,It is the result of the hash function that determines where the records should be placed on the disk.,medium,web:Includehelp.com https://www.includehelp.com/mcq/dbms-hash-file-organization-mcqs.aspx,
DBMS & SQL,DBMS Hash File Organization Multiple-Choice Questions (MCQs),A record is retrieved using the ___ generated using the hash key columns when the record is to be received using the hash key columns.,Number,Address,Name,Data,B,A record is retrieved using the address generated using the hash key columns when the record is to be received using the hash key columns.,medium,web:Includehelp.com https://www.includehelp.com/mcq/dbms-hash-file-organization-mcqs.aspx,
DBMS & SQL,DBMS Hash File Organization Multiple-Choice Questions (MCQs),"When a new record needs to be ___, the hash key is used to generate the address, and the record is ___ directly.",Insert,Update,Delete,All of the above,D,"When a new record needs to be inserted, updated or deleted, the hash key is used to generate the address, and the record is inserted, updated or deleted directly.",medium,web:Includehelp.com https://www.includehelp.com/mcq/dbms-hash-file-organization-mcqs.aspx,
DBMS & SQL,DBMS Hash File Organization Multiple-Choice Questions (MCQs),It is not necessary to ___ the entire file when using a hash file organization.,Search,Sort,Both A and B,None of the above,C,It is not necessary to search and sort the entire file when using a hash file organization.,medium,web:Includehelp.com https://www.includehelp.com/mcq/dbms-hash-file-organization-mcqs.aspx,
DBMS & SQL,DBMS Hash File Organization Multiple-Choice Questions (MCQs),Hash files are stored in memory in a ___ order.,Consecutive,Random,Simultaneous,Line by line,B,Hash files are stored in memory in a random order.,medium,web:Includehelp.com https://www.includehelp.com/mcq/dbms-hash-file-organization-mcqs.aspx,
DBMS & SQL,DBMS B+ Tree Multiple-Choice Questions (MCQs),There is/are ___ levels of indexing in the B+ tree.,Single,Double,Triple,Multiple,D,There are multiple levels of indexing in the B+ tree.,medium,web:Includehelp.com https://www.includehelp.com/mcq/dbms-b-tree-mcqs.aspx,
DBMS & SQL,DBMS B+ Tree Multiple-Choice Questions (MCQs),The leaf nodes of the B+ tree represent actual data ___.,Sets,Bases,Points,Types,C,The leaf nodes of the B+ tree represent actual data points.,medium,web:Includehelp.com https://www.includehelp.com/mcq/dbms-b-tree-mcqs.aspx,
DBMS & SQL,DBMS B+ Tree Multiple-Choice Questions (MCQs),A B+ tree maintains the same height of all leaf nodes.,Same,Similar,Different,Far,A,A B+ tree maintains the same height of all leaf nodes.,medium,web:Includehelp.com https://www.includehelp.com/mcq/dbms-b-tree-mcqs.aspx,
DBMS & SQL,DBMS B+ Tree Multiple-Choice Questions (MCQs),A ___ is used to link the leaf nodes in the B+ tree.,Stack,Queue,Link List,None,C,A link list is used to link the leaf nodes in the B+ tree.,medium,web:Includehelp.com https://www.includehelp.com/mcq/dbms-b-tree-mcqs.aspx,
DBMS & SQL,DBMS B+ Tree Multiple-Choice Questions (MCQs),B+ trees can support ___ access.,Sequential,Random,Both A and B,None of the above,C,B+ trees can support both sequential and random access.,medium,web:Includehelp.com https://www.includehelp.com/mcq/dbms-b-tree-mcqs.aspx,
DBMS & SQL,DBMS B+ Tree Multiple-Choice Questions (MCQs),There is an equal distance between every leaf node and its counterpart at the ___ node in the B+ tree.,Leaf,Root,Stem,None,B,There is an equal distance between every leaf node and its counterpart at the root node in the B+ tree.,medium,web:Includehelp.com https://www.includehelp.com/mcq/dbms-b-tree-mcqs.aspx,
DBMS & SQL,DBMS B+ Tree Multiple-Choice Questions (MCQs),The B+ tree has a ___ number of branches of the order n.,Fixed,Different,Separate,Consecutive,A,The B+ tree has a fixed number of branches of the order n.,medium,web:Includehelp.com https://www.includehelp.com/mcq/dbms-b-tree-mcqs.aspx,
DBMS & SQL,DBMS B+ Tree Multiple-Choice Questions (MCQs),A ___ are included in the B+ tree.,Leaf Node,Internal Node,Both A and B,None of the above,C,A leaf node and an internal node are included in the B+ tree.,medium,web:Includehelp.com https://www.includehelp.com/mcq/dbms-b-tree-mcqs.aspx,
DBMS & SQL,DBMS B+ Tree Multiple-Choice Questions (MCQs),The root node of the B+ tree contains the most ___ (n/2).,Record Points,Record Pointers,Record Sets,Record Files,B,The root node of the B+ tree contains the most record pointers (n/2).,medium,web:Includehelp.com https://www.includehelp.com/mcq/dbms-b-tree-mcqs.aspx,
DBMS & SQL,DBMS B+ Tree Multiple-Choice Questions (MCQs),n is the ___ number of pointers an internal node contains.,Minimum,Maximum,Average,None,B,n is the maximum number of pointers an internal node contains.,medium,web:Includehelp.com https://www.includehelp.com/mcq/dbms-b-tree-mcqs.aspx,
DBMS & SQL,DBMS B+ Tree Multiple-Choice Questions (MCQs),At least n/2 record pointers and n/2 key values can be contained in a/an/the ___ node(s) of the B+ tree.,Leaf,Internal,Both A and B,None of the above,C,At least n/2 record pointers and n/2 key values can be contained in a leaf node of the B+ tree.,medium,web:Includehelp.com https://www.includehelp.com/mcq/dbms-b-tree-mcqs.aspx,
DBMS & SQL,DBMS B+ Tree Multiple-Choice Questions (MCQs),Leaf nodes contain the maximum number of ___ n.,Record Pointers,Key Values,Both A and B,None of the above,C,Leaf nodes contain the maximum number of record pointers and key values n.,medium,web:Includehelp.com https://www.includehelp.com/mcq/dbms-b-tree-mcqs.aspx,
DBMS & SQL,DBMS B+ Tree Multiple-Choice Questions (MCQs),P points to the next leaf node in the ___ in every leaf node of the ___.,Tree,B+ Tree,B Tree,B++ Tree,B,P points to the next leaf node in the B+ tree in every leaf node of the B+ tree.,medium,web:Includehelp.com https://www.includehelp.com/mcq/dbms-b-tree-mcqs.aspx,
DBMS & SQL,DBMS Indexing Multiple-Choice Questions (MCQs),What is index?,Type of Dataset,Type of Database,Type of Record,Type of Data Structure,D,Index is the type of data structure.,medium,web:Includehelp.com https://www.includehelp.com/mcq/dbms-indexing-mcqs.aspx,
DBMS & SQL,DBMS Indexing Multiple-Choice Questions (MCQs),A database ___ can be quickly accessed and located with it.,Row,Column,Table,Field,C,A database table can be quickly accessed and located with it.,medium,web:Includehelp.com https://www.includehelp.com/mcq/dbms-indexing-mcqs.aspx,
DBMS & SQL,DBMS Indexing Multiple-Choice Questions (MCQs),Some database columns can be used to create ___.,Indices,Files,Indexes,Records,C,Some database columns can be used to create indexes.,medium,web:Includehelp.com https://www.includehelp.com/mcq/dbms-indexing-mcqs.aspx,
DBMS & SQL,DBMS Indexing Multiple-Choice Questions (MCQs),How many columns are there in Structure of Index?,2,3,4,5,A,There are 2 columns in the Structure of Index.,medium,web:Includehelp.com https://www.includehelp.com/mcq/dbms-indexing-mcqs.aspx,
DBMS & SQL,DBMS Indexing Multiple-Choice Questions (MCQs),Which of the following is the column in structure of index?,Search Key,Data Reference,Both A and B,None of the above,C,"The columns in the structure of index are -
 Search Key
 Data Reference",medium,web:Includehelp.com https://www.includehelp.com/mcq/dbms-indexing-mcqs.aspx,
DBMS & SQL,DBMS Indexing Multiple-Choice Questions (MCQs),"A copy of the ___ of the table is in the first column of the database, i.e., search key.",Primary Key,Candidate Key,Both A and B,None of the above,C,A copy of the primary key or candidate key of the table is in the first column of the database.,medium,web:Includehelp.com https://www.includehelp.com/mcq/dbms-indexing-mcqs.aspx,
DBMS & SQL,DBMS Indexing Multiple-Choice Questions (MCQs),A ___ key is sorted in order to make it easy to access data corresponding to it.,Primary,Foreign,Composite,Alternate,A,A primary key is sorted in order to make it easy to access data corresponding to it.,medium,web:Includehelp.com https://www.includehelp.com/mcq/dbms-indexing-mcqs.aspx,
DBMS & SQL,DBMS Indexing Multiple-Choice Questions (MCQs),___ are found in the second column of the database.,Datasets,Data structure,Data references,Data items,C,Data references are found in the second column of the database.,medium,web:Includehelp.com https://www.includehelp.com/mcq/dbms-indexing-mcqs.aspx,
DBMS & SQL,DBMS Indexing Multiple-Choice Questions (MCQs),Each ___ consists of a set of pointers containing the address of the disk block containing the value for that ___.,Dataset,Data Item,Key,Log,C,Each key consists of a set of pointers containing the address of the disk block containing the value for that key.,medium,web:Includehelp.com https://www.includehelp.com/mcq/dbms-indexing-mcqs.aspx,
DBMS & SQL,DBMS Indexing Multiple-Choice Questions (MCQs),How many indexing methods are there?,3,4,5,6,B,There are 4 indexing methods.,medium,web:Includehelp.com https://www.includehelp.com/mcq/dbms-indexing-mcqs.aspx,
DBMS & SQL,DBMS Indexing Multiple-Choice Questions (MCQs),Which of the following is an indexing method?,Primary,Clustering,Secondary,All of the above,D,"The indexing methods are -
 Ordered
 Primary
 Clustering
 Secondary",medium,web:Includehelp.com https://www.includehelp.com/mcq/dbms-indexing-mcqs.aspx,
DBMS & SQL,DBMS Indexing Multiple-Choice Questions (MCQs),How many types of primary index are there?,2,3,4,5,A,There are 2 types of primary index.,medium,web:Includehelp.com https://www.includehelp.com/mcq/dbms-indexing-mcqs.aspx,
DBMS & SQL,DBMS Indexing Multiple-Choice Questions (MCQs),Which of the following is the type of primary index?,Dense Index,Spare Index,Both A and B,None of the above,C,"The type of primary index are -
 Dense Index
 Spare Index",medium,web:Includehelp.com https://www.includehelp.com/mcq/dbms-indexing-mcqs.aspx,
DBMS & SQL,DBMS Indexing Multiple-Choice Questions (MCQs),Searches are usually made ___ by sorting the indices.,Slower,Dimmer,Faster,Stopped,C,Searches are usually made faster by sorting the indices.,medium,web:Includehelp.com https://www.includehelp.com/mcq/dbms-indexing-mcqs.aspx,
DBMS & SQL,DBMS Indexing Multiple-Choice Questions (MCQs),Indexes that are ordered are referred to as ___ indices.,Ordered,Primary,Clustering,Secondary,A,Indexes that are ordered are referred to as ordered indices.,medium,web:Includehelp.com https://www.includehelp.com/mcq/dbms-indexing-mcqs.aspx,
DBMS & SQL,DBMS Indexing Multiple-Choice Questions (MCQs),It is known as primary indexing if the index is created based on the table's primary key.,Primary,Foreign,Alternate,Composite,A,It is known as primary indexing if the index is created based on the table's primary key.,medium,web:Includehelp.com https://www.includehelp.com/mcq/dbms-indexing-mcqs.aspx,
DBMS & SQL,DBMS Indexing Multiple-Choice Questions (MCQs),Records containing these primary keys are uniquely identified by these keys and have a ___ relationship between them.,1:1,1:M,M:1,M:M,A,Records containing these primary keys are uniquely identified by these keys and have a 1:1 relationship between them.,medium,web:Includehelp.com https://www.includehelp.com/mcq/dbms-indexing-mcqs.aspx,
DBMS & SQL,DBMS Indexing Multiple-Choice Questions (MCQs),"Since primary keys are sorted, ___ operations are quite efficient because of their sorted order.",Add,Update,Search,Delete,C,"Since primary keys are sorted, search operations are quite efficient because of their sorted order.",medium,web:Includehelp.com https://www.includehelp.com/mcq/dbms-indexing-mcqs.aspx,
DBMS & SQL,DBMS Indexing Multiple-Choice Questions (MCQs),Each search key value in the data file has an index record in the ___ index.,Sparse,Dense,Both A and B,None of the above,B,Each search key value in the data file has an index record in the dense index.,medium,web:Includehelp.com https://www.includehelp.com/mcq/dbms-indexing-mcqs.aspx,
DBMS & SQL,DBMS Indexing Multiple-Choice Questions (MCQs),There is no difference in the number of ___ in the index and main tables when using Dense Index.,Files,Databases,Records,Datasets,C,There is no difference in the number of records in the index and main tables when using Dense Index.,medium,web:Includehelp.com https://www.includehelp.com/mcq/dbms-indexing-mcqs.aspx,
DBMS & SQL,DBMS Indexing Multiple-Choice Questions (MCQs),The index record itself takes up ___ space in a dense index.,Less,Little,Few,More,D,The index record itself takes up more space in a dense index.,medium,web:Includehelp.com https://www.includehelp.com/mcq/dbms-indexing-mcqs.aspx,
DBMS & SQL,DBMS Indexing Multiple-Choice Questions (MCQs),"Besides the search key, index records contain a pointer to the ___ data on the disk.",Previous,Consecutive,Actual,None,C,"Besides the search key, index records contain a pointer to the actual data on the disk.",medium,web:Includehelp.com https://www.includehelp.com/mcq/dbms-indexing-mcqs.aspx,
DBMS & SQL,DBMS Indexing Multiple-Choice Questions (MCQs),___ index records appear only for a few items in the data file.,Dense,Sparse,Both A and B,None of the above,B,Sparse index records appear only for a few items in the data file.,medium,web:Includehelp.com https://www.includehelp.com/mcq/dbms-indexing-mcqs.aspx,
DBMS & SQL,DBMS Indexing Multiple-Choice Questions (MCQs),Sparse index items point to ___.,Files,Records,Blocks,None,C,Sparse index items point to blocks.,medium,web:Includehelp.com https://www.includehelp.com/mcq/dbms-indexing-mcqs.aspx,
DBMS & SQL,DBMS Indexing Multiple-Choice Questions (MCQs),An index that points to the records in a ___ in the main table rather than each record in the main table is a sparse index.,Filled Space,Gap,Files,Records,B,An index that points to the records in a gap in the main table rather than each record in the main table is a sparse index.,medium,web:Includehelp.com https://www.includehelp.com/mcq/dbms-indexing-mcqs.aspx,
DBMS & SQL,DBMS Indexing Multiple-Choice Questions (MCQs),An ordered data file can be considered a ___ index.,Primary,Dense,Sparse,Clustered,D,An ordered data file can be considered a clustered index.,medium,web:Includehelp.com https://www.includehelp.com/mcq/dbms-indexing-mcqs.aspx,
DBMS & SQL,DBMS Indexing Multiple-Choice Questions (MCQs),"The index can be built on columns other than ___ keys, which are not guaranteed to be unique.",Primary,Foreign,Composite,Alternate,A,"The index can be built on columns other than primary keys, which are not guaranteed to be unique.",medium,web:Includehelp.com https://www.includehelp.com/mcq/dbms-indexing-mcqs.aspx,
DBMS & SQL,DBMS Indexing Multiple-Choice Questions (MCQs),Clustering can be used to identify records faster by grouping ___ columns to get the unique value and creating an index from them.,One,Two,Two or more,None,C,Clustering can be used to identify records faster by grouping two or more columns to get the unique value and creating an index from them.,medium,web:Includehelp.com https://www.includehelp.com/mcq/dbms-indexing-mcqs.aspx,
DBMS & SQL,DBMS Indexing Multiple-Choice Questions (MCQs),Creating indices for these groups of records such as in clustering index is done after groups of records which have similar characteristics are ____ together.,Grouped,Distributed,Replaced,None,A,Creating indices for these groups of records is done after groups of records which have similar characteristics are grouped together.,medium,web:Includehelp.com https://www.includehelp.com/mcq/dbms-indexing-mcqs.aspx,
DBMS & SQL,DBMS Indexing Multiple-Choice Questions (MCQs),"In the case of creating separate disk blocks for individual clusters, that's referred to as a ___.",Technique,Better,Better Technique,Technique Better,C,"In the case of creating separate disk blocks for individual clusters, that's referred to as a better technique.",medium,web:Includehelp.com https://www.includehelp.com/mcq/dbms-indexing-mcqs.aspx,
DBMS & SQL,DBMS Indexing Multiple-Choice Questions (MCQs),"Whenever the size of the table increases, so does the size of the ___ in the sparse index.",Table,Mapping,Files,Adding,B,"Whenever the size of the table increases, so does the size of the mapping.",medium,web:Includehelp.com https://www.includehelp.com/mcq/dbms-indexing-mcqs.aspx,
DBMS & SQL,DBMS Indexing Multiple-Choice Questions (MCQs),A mapping would typically be kept in ____ memory in order to make address fetching faster.,Primary,Secondary,Ternary,None,A,A mapping would typically be kept in primary memory in order to make address fetching faster.,medium,web:Includehelp.com https://www.includehelp.com/mcq/dbms-indexing-mcqs.aspx,
DBMS & SQL,DBMS Indexing Multiple-Choice Questions (MCQs),"Based on the ___ mapped to the secondary memory, that memory searches for the data.",Address,Number,Name,Type,A,"Based on the address mapped to the secondary memory, that memory searches for the data.",medium,web:Includehelp.com https://www.includehelp.com/mcq/dbms-indexing-mcqs.aspx,
DBMS & SQL,DBMS Indexing Multiple-Choice Questions (MCQs),Fetching the address becomes slower when the mapping size grows.,Faster,Super faster,Slower,None,C,Fetching the address becomes slower when the mapping size grows.,medium,web:Includehelp.com https://www.includehelp.com/mcq/dbms-indexing-mcqs.aspx,
DBMS & SQL,DBMS Indexing Multiple-Choice Questions (MCQs),When the mapping size grow which index is inefficient?,Sparse,Secondary,Both A and B,None of the above,A,"When the mapping size grows, the sparse index is inefficient.",medium,web:Includehelp.com https://www.includehelp.com/mcq/dbms-indexing-mcqs.aspx,
DBMS & SQL,DBMS Indexing Multiple-Choice Questions (MCQs),Adding another level of ___ to secondary ___ reduces the size of mapping.,Indexing,Mapping,Adding,Merging,A,Adding another level of indexing to secondary indexing reduces the size of mapping.,medium,web:Includehelp.com https://www.includehelp.com/mcq/dbms-indexing-mcqs.aspx,
DBMS & SQL,DBMS Indexing Multiple-Choice Questions (MCQs),"In the secondary index method, the large ranges of the columns are selected to begin with so that the ___ level of mapping becomes small.",First,Second,Middle,Last,A,"In the secondary index method, the large ranges of the columns are selected to begin with so that the first level of mapping becomes small.",medium,web:Includehelp.com https://www.includehelp.com/mcq/dbms-indexing-mcqs.aspx,
DBMS & SQL,DBMS Indexing Multiple-Choice Questions (MCQs),"As part of the secondary index method, the columns are initially selected for their huge ranges, resulting in a small first-level mapping size. After that, each range is further divided into ___ ranges.",Bigger,Larger,Smaller,Wider,C,"As part of the secondary index method, the columns are initially selected for their huge ranges, resulting in a small first-level mapping size. After that, each range is further divided into smaller ranges.",medium,web:Includehelp.com https://www.includehelp.com/mcq/dbms-indexing-mcqs.aspx,
DBMS & SQL,DBMS Indexing Multiple-Choice Questions (MCQs),"___-level mappings are stored in primary memory, so that accessing them is more expedient.",First,Second,Third,Last,A,"First-level mappings are stored in primary memory, so that accessing them is more expedient.",medium,web:Includehelp.com https://www.includehelp.com/mcq/dbms-indexing-mcqs.aspx,
DBMS & SQL,DBMS Indexing Multiple-Choice Questions (MCQs),Both the ___ level mapping and actual data are stored on the hard disk (secondary memory).,First,Second,Third,None,B,Both the second level mapping and actual data are stored on the hard disk (secondary memory).,medium,web:Includehelp.com https://www.includehelp.com/mcq/dbms-indexing-mcqs.aspx,
DBMS & SQL,DBMS Cluster File Organization Multiple-Choice Questions (MCQs),"Each file will contain ____ tables, but the key attributes used to map each table together will only be stored once for each file.",One,Two,Two or more,None,C,"Each file will contain two or more tables, but the key attributes used to map each table together will only be stored once for each file.",medium,web:Includehelp.com https://www.includehelp.com/mcq/dbms-cluster-file-organization-mcqs.aspx,
DBMS & SQL,DBMS Cluster File Organization Multiple-Choice Questions (MCQs),"Using this method, you can search for different records in different files at a cost.",Lower,Higher,Medium,None,A,"Using this method, you can search for different records in different files at a lower cost.",medium,web:Includehelp.com https://www.includehelp.com/mcq/dbms-cluster-file-organization-mcqs.aspx,
DBMS & SQL,DBMS Cluster File Organization Multiple-Choice Questions (MCQs),Cluster files are used for ___ tables with the same conditions frequently.,Distributing,Joining,Spreading,Breaking,B,Cluster files are used for joining tables with the same conditions frequently.,medium,web:Includehelp.com https://www.includehelp.com/mcq/dbms-cluster-file-organization-mcqs.aspx,
DBMS & SQL,DBMS Cluster File Organization Multiple-Choice Questions (MCQs),___ records from both tables will be returned by these joins.,All,None,Only a few,All of the above,C,Only a few records from both tables will be returned by these joins.,medium,web:Includehelp.com https://www.includehelp.com/mcq/dbms-cluster-file-organization-mcqs.aspx,
DBMS & SQL,DBMS Cluster File Organization Multiple-Choice Questions (MCQs),"Any record can be directly inserted, updated, or deleted using this method.",Inserted,Updated,Deleted,All of the above,D,"Any record can be directly inserted, updated, or deleted using this method.",medium,web:Includehelp.com https://www.includehelp.com/mcq/dbms-cluster-file-organization-mcqs.aspx,
DBMS & SQL,DBMS Cluster File Organization Multiple-Choice Questions (MCQs),Sorting is based on the key that is used for ____.,Sorting,Searching,Storing,Solving,B,Sorting is based on the key that is used for searching.,medium,web:Includehelp.com https://www.includehelp.com/mcq/dbms-cluster-file-organization-mcqs.aspx,
DBMS & SQL,DBMS Cluster File Organization Multiple-Choice Questions (MCQs),Cluster keys are used to ___ tables.,Sorting,Searching,Storing,Solving,D,Cluster keys are used to join tables.,medium,web:Includehelp.com https://www.includehelp.com/mcq/dbms-cluster-file-organization-mcqs.aspx,
DBMS & SQL,DBMS Cluster File Organization Multiple-Choice Questions (MCQs),How many types are there of Cluster FO?,2,3,4,5,A,There are 2 types of Cluster FO.,medium,web:Includehelp.com https://www.includehelp.com/mcq/dbms-cluster-file-organization-mcqs.aspx,
DBMS & SQL,DBMS Cluster File Organization Multiple-Choice Questions (MCQs),Which of the following is the type of Cluster FO?,Indexed Clusters,Hash Clusters,Both A and B,None of the above,C,"The type of Cluster FO are -
 Indexed Clusters
 Hash Clusters",medium,web:Includehelp.com https://www.includehelp.com/mcq/dbms-cluster-file-organization-mcqs.aspx,
DBMS & SQL,DBMS Cluster File Organization Multiple-Choice Questions (MCQs),Hash clusters store records based on their ___ key instead of the cluster key. We then store the records that have the same hash key value.,Primary,Foreign,Hash,Alternate,C,Hash clusters store records based on their hash key instead of the cluster key. We then store the records that have the same hash key value.,medium,web:Includehelp.com https://www.includehelp.com/mcq/dbms-cluster-file-organization-mcqs.aspx,
DBMS & SQL,DBMS Cluster File Organization Multiple-Choice Questions (MCQs),"When tables with the ___ joining condition are frequently joined, the cluster file organization is used.",Same,Different,Similar,None,A,"When tables with the same joining condition are frequently joined, the cluster file organization is used.",medium,web:Includehelp.com https://www.includehelp.com/mcq/dbms-cluster-file-organization-mcqs.aspx,
DBMS & SQL,DBMS Cluster File Organization Multiple-Choice Questions (MCQs),"When the tables map ___, the method provides a fast result.",1:1,1:M,M:1,M:M,B,"When the tables map 1:M, the method provides a fast result.",medium,web:Includehelp.com https://www.includehelp.com/mcq/dbms-cluster-file-organization-mcqs.aspx,
DBMS & SQL,DBMS Cluster File Organization Multiple-Choice Questions (MCQs),"For very large databases, this method performs ___.",Effectively,Nicely,Better,Poorly,D,"For very large databases, this method performs poorly.",medium,web:Includehelp.com https://www.includehelp.com/mcq/dbms-cluster-file-organization-mcqs.aspx,
DBMS & SQL,DBMS Cluster File Organization Multiple-Choice Questions (MCQs),"The method cannot be used if there is a change in joining conditions, since traversing the file takes a ___ time if we change the joining conditions.",Less,Long,Little,Few,B,"The method cannot be used if there is a change in joining conditions, since traversing the file takes a long time if we change the joining conditions.",medium,web:Includehelp.com https://www.includehelp.com/mcq/dbms-cluster-file-organization-mcqs.aspx,
DBMS & SQL,DBMS Cluster File Organization Multiple-Choice Questions (MCQs),Tables with a ___ condition are not suitable for this method.,1:1,1:M,M:1,M:M,A,Tables with a 1:1 condition are not suitable for this method.,medium,web:Includehelp.com https://www.includehelp.com/mcq/dbms-cluster-file-organization-mcqs.aspx,
DBMS & SQL,DBMS Dynamic Hashing Multiple-Choice Questions (MCQs),"According to this method, data buckets expand or contract as the number of records increases or decreases.",Increases,Decreases,Both A and B,None of the above,C,"According to this method, data buckets expand or contract as the number of records increases or decreases.",medium,web:Includehelp.com https://www.includehelp.com/mcq/dbms-dynamic-hashing-mcqs.aspx,
DBMS & SQL,DBMS Dynamic Hashing Multiple-Choice Questions (MCQs),What is Dynamic Hashing also known as?,Extendable Hashing Method,Extra Hashing Method,Extendable Dynamic Method,Extra Dynamic Method,A,Dynamic Hashing is also known as Extendable Hashing Method.,medium,web:Includehelp.com https://www.includehelp.com/mcq/dbms-dynamic-hashing-mcqs.aspx,
DBMS & SQL,DBMS Dynamic Hashing Multiple-Choice Questions (MCQs),"Hashing is dynamic with this method, i.e., it allows for insertions or deletions without affecting performance.",Insertions,Deletions,Both A and B,None of the above,C,"Hashing is dynamic with this method, i.e., it allows for insertions or deletions without affecting performance.",medium,web:Includehelp.com https://www.includehelp.com/mcq/dbms-dynamic-hashing-mcqs.aspx,
DBMS & SQL,DBMS Dynamic Hashing Multiple-Choice Questions (MCQs),Which of the following comes in the steps of search a key?,"Using the key's hash address, calculate the address.","In the directory, i refers to the number of bits used.",Take the i bits of the hash address that are the least significant.,All of the above,D,"The steps that come in the search of a key -
 Using the key's hash address, calculate the address.
 In the directory, i refers to the number of bits used.
 Take the i bits of the hash address that are the least significant.",medium,web:Includehelp.com https://www.includehelp.com/mcq/dbms-dynamic-hashing-mcqs.aspx,
DBMS & SQL,DBMS Dynamic Hashing Multiple-Choice Questions (MCQs),Which of the following comes in the steps of insert a new record?,"The retrieval procedure is the different, you should end up in some bucket.",Place the record in that bucket if there is nol space.,"The bucket will be split if it is full, and records will be redistributed.",All of the above,C,"The bucket will be split if it is full, and records will be redistributed.",medium,web:Includehelp.com https://www.includehelp.com/mcq/dbms-dynamic-hashing-mcqs.aspx,
DBMS & SQL,DBMS Dynamic Hashing Multiple-Choice Questions (MCQs),Data growth in the system does not affect ____ with this method.,Database,System,Performance,Memory,C,Data growth in the system does not affect performance with this method.,medium,web:Includehelp.com https://www.includehelp.com/mcq/dbms-dynamic-hashing-mcqs.aspx,
DBMS & SQL,DBMS Dynamic Hashing Multiple-Choice Questions (MCQs),"By increasing the memory ___, the data can be accommodated.",Lane,Size,Data,None,B,"By increasing the memory size, the data can be accommodated.",medium,web:Includehelp.com https://www.includehelp.com/mcq/dbms-dynamic-hashing-mcqs.aspx,
DBMS & SQL,DBMS Dynamic Hashing Multiple-Choice Questions (MCQs),"Since memory grows and shrinks with the data, this method makes the ____ of memory.",Least,Average,Most,None,C,"Since memory grows and shrinks with the data, this method makes the most of memory.",medium,web:Includehelp.com https://www.includehelp.com/mcq/dbms-dynamic-hashing-mcqs.aspx,
DBMS & SQL,DBMS Dynamic Hashing Multiple-Choice Questions (MCQs),"By using this method, ____ memory will be left over.",Unused,No unused,Used,No Used,B,"By using this method, no unused memory will be left over.",medium,web:Includehelp.com https://www.includehelp.com/mcq/dbms-dynamic-hashing-mcqs.aspx,
DBMS & SQL,DBMS Dynamic Hashing Multiple-Choice Questions (MCQs),Data in dynamic databases that grow and shrink frequently benefit from this method.,Static,Dynamic,Hash,None,B,Data in dynamic databases that grow and shrink frequently benefit from this method.,medium,web:Includehelp.com https://www.includehelp.com/mcq/dbms-dynamic-hashing-mcqs.aspx,
DBMS & SQL,DBMS Dynamic Hashing Multiple-Choice Questions (MCQs),"By using this method, bucket sizes are also increased as data sizes ___.",Increase,Decrease,Minimized,Maximized,A,"By using this method, bucket sizes are also increased as data sizes increase.",medium,web:Includehelp.com https://www.includehelp.com/mcq/dbms-dynamic-hashing-mcqs.aspx,
DBMS & SQL,DBMS Dynamic Hashing Multiple-Choice Questions (MCQs),The ____ address table will maintain the addresses.,Bucket,Data,Block,Log,A,The bucket address table will maintain these addresses.,medium,web:Includehelp.com https://www.includehelp.com/mcq/dbms-dynamic-hashing-mcqs.aspx,
DBMS & SQL,DBMS Dynamic Hashing Multiple-Choice Questions (MCQs),"As buckets grow and shrink, the address of the data ___ accordingly.",Repeats,Changes,Flows,None,B,"As buckets grow and shrink, the address of the data changes accordingly.",medium,web:Includehelp.com https://www.includehelp.com/mcq/dbms-dynamic-hashing-mcqs.aspx,
DBMS & SQL,DBMS Dynamic Hashing Multiple-Choice Questions (MCQs),It becomes tedious to maintain the bucket address table if there is a big ___ in data.,Increase,Decrease,Flow,None,A,It becomes tedious to maintain the bucket address table if there is a big increase in data.,medium,web:Includehelp.com https://www.includehelp.com/mcq/dbms-dynamic-hashing-mcqs.aspx,
DBMS & SQL,DBMS Dynamic Hashing Multiple-Choice Questions (MCQs),There will also be a ___ situation in the dynamic hashing.,Data Overflow,Data Underflow,Bucket Overflow,Bucket Underflow,C,There will also be a bucket overflow situation in this case.,medium,web:Includehelp.com https://www.includehelp.com/mcq/dbms-dynamic-hashing-mcqs.aspx,
DBMS & SQL,DBMS Dynamic Hashing Multiple-Choice Questions (MCQs),The bucket overflow situation might be reached much faster than static hashing.,Static,Dynamic,Both a and b,None of the above,A,"However, this situation might be reached much faster than static hashing.",medium,web:Includehelp.com https://www.includehelp.com/mcq/dbms-dynamic-hashing-mcqs.aspx,
DBMS & SQL,DBMS Static Hashing Multiple-Choice Questions (MCQs),A constant number of data buckets is maintained throughout this static hashing.,Static,Dynamic,Both A and B,None of the above,A,A constant number of data buckets is maintained throughout this static hashing.,medium,web:Includehelp.com https://www.includehelp.com/mcq/dbms-static-hashing-mcqs.aspx,
DBMS & SQL,DBMS Static Hashing Multiple-Choice Questions (MCQs),How many operations of hashing are there?,2,3,4,5,C,There are 4 operations of hashing.,medium,web:Includehelp.com https://www.includehelp.com/mcq/dbms-static-hashing-mcqs.aspx,
DBMS & SQL,DBMS Static Hashing Multiple-Choice Questions (MCQs),Which of the following is an operation of hashing?,Searching a record,Insert a record,Delete a record,All of the above,D,"The operations of hashing are -
 Searching a record
 Insert a record
 Delete a record
 Update a record",medium,web:Includehelp.com https://www.includehelp.com/mcq/dbms-static-hashing-mcqs.aspx,
DBMS & SQL,DBMS Static Hashing Multiple-Choice Questions (MCQs),A ___ function retrieves the bucket address when a record needs to be searched.,Hash,Heap,Log,None,A,A hash function retrieves the bucket address when a record needs to be searched.,medium,web:Includehelp.com https://www.includehelp.com/mcq/dbms-static-hashing-mcqs.aspx,
DBMS & SQL,DBMS Static Hashing Multiple-Choice Questions (MCQs),"An address for a new record will be generated based on the ___ key when a new record is inserted in the table, and the record is stored at that address.",Primary,Hash,Foreign,Alternate,B,"An address for a new record will be generated based on the hash key when a new record is inserted in the table, and the record is stored at that address.",medium,web:Includehelp.com https://www.includehelp.com/mcq/dbms-static-hashing-mcqs.aspx,
DBMS & SQL,DBMS Static Hashing Multiple-Choice Questions (MCQs),We must first ___ a record that is intended to be deleted before we can delete it.,Add,Fetch,Delete,Update,B,We must first fetch a record that is intended to be deleted before we can delete it.,medium,web:Includehelp.com https://www.includehelp.com/mcq/dbms-static-hashing-mcqs.aspx,
DBMS & SQL,DBMS Static Hashing Multiple-Choice Questions (MCQs),"After fetching, the record will be deleted from ___.",Data,Record,Memory,Storage,C,"Afterwards, they will be deleted from memory.",medium,web:Includehelp.com https://www.includehelp.com/mcq/dbms-static-hashing-mcqs.aspx,
DBMS & SQL,DBMS Static Hashing Multiple-Choice Questions (MCQs),"To update a record, we use a hash function to first ___ for it, and then update the record.",Add,Update,Search,None,C,"To update a record, we use a hash function to first search for it, and then update the record.",medium,web:Includehelp.com https://www.includehelp.com/mcq/dbms-static-hashing-mcqs.aspx,
DBMS & SQL,DBMS Static Hashing Multiple-Choice Questions (MCQs),"The condition in which a record needs to be inserted into the file, but the bucket generated by the hash function is not empty, or the bucket already contains some data, is known as ___ when using static hashing, and it is a critical situation.",Data Overflow,Bucket Overflow,File Overflow,Dat Underflow,B,"The condition in which a record needs to be inserted into the file, but the bucket generated by the hash function is not empty, or the bucket already contains some data, is known as bucket overflow when using static hashing, and it is a critical situation.",medium,web:Includehelp.com https://www.includehelp.com/mcq/dbms-static-hashing-mcqs.aspx,
DBMS & SQL,DBMS Static Hashing Multiple-Choice Questions (MCQs),"To overcome the situation of bucket overflow, how many methods are there?",2,3,4,5,A,There are 2 methods to overcome the situation of bucket overflow.,medium,web:Includehelp.com https://www.includehelp.com/mcq/dbms-static-hashing-mcqs.aspx,
DBMS & SQL,DBMS Static Hashing Multiple-Choice Questions (MCQs),Which of the following is the method to overcome bucket overflow?,Open Hashing,Closed Hashing,Both A and B,None of the above,C,"The methods to overcome bucket overflow are -
 Open Hashing
 Closed Hashing",medium,web:Includehelp.com https://www.includehelp.com/mcq/dbms-static-hashing-mcqs.aspx,
DBMS & SQL,DBMS Static Hashing Multiple-Choice Questions (MCQs),Hash functions generate addresses at which data has already been stored and the next bucket is allocated to that address by the linear probing mechanism.,Algebraic,Arithmetic,Probing,Doping,C,Hash functions generate addresses at which data has already been stored and the next bucket is allocated to that address by the linear probing mechanism.,medium,web:Includehelp.com https://www.includehelp.com/mcq/dbms-static-hashing-mcqs.aspx,
DBMS & SQL,DBMS Static Hashing Multiple-Choice Questions (MCQs),"___ refers to the process of allocating a new bucket for a given hash result and linking it after the previous one, when buckets are full.",Open Hashing,Linear Probing,Overflow Chaining,None,C,"Overflow chaining refers to the process of allocating a new bucket for a given hash result and linking it after the previous one, when buckets are full.",medium,web:Includehelp.com https://www.includehelp.com/mcq/dbms-static-hashing-mcqs.aspx,
DBMS & SQL,DBMS Static Hashing Multiple-Choice Questions (MCQs),Linear Probing comes in which of the following hashing?,Open Hashing,Close Hashing,Both A and B,None of the above,A,Linear Probing comes in the open hashing.,medium,web:Includehelp.com https://www.includehelp.com/mcq/dbms-static-hashing-mcqs.aspx,
DBMS & SQL,DBMS Static Hashing Multiple-Choice Questions (MCQs),Overflow Chaining comes in which hashing?,Open Hashing,Close Hashing,Both A and B,None of the above,B,Overflow Chaining comes in Close Hashing.,medium,web:Includehelp.com https://www.includehelp.com/mcq/dbms-static-hashing-mcqs.aspx,
DBMS & SQL,DBMS Hashing Multiple-Choice Questions (MCQs),"By using the hashing algorithm, it is possible to find a data record directly on the disk without the need for an index.",Hashing,Static Hashing,Dynamic Hashing,None,A,"By using the hashing algorithm, it is possible to find a data record directly on the disk without the need for an index.",medium,web:Includehelp.com https://www.includehelp.com/mcq/dbms-hashing-mcqs.aspx,
DBMS & SQL,DBMS Hashing Multiple-Choice Questions (MCQs),A hashing function is used to generate the ___ of the data blocks in this technique.,Data,Addresses,Numbers,Records,B,A hashing function is used to generate the addresses of the data blocks in this technique.,medium,web:Includehelp.com https://www.includehelp.com/mcq/dbms-hashing-mcqs.aspx,
DBMS & SQL,DBMS Hashing Multiple-Choice Questions (MCQs),A ___ is a memory location where these records are stored.,Data bucket,Data block,Both A and B,None of the above,C,A data bucket or a data block is a memory location where these records are stored.,medium,web:Includehelp.com https://www.includehelp.com/mcq/dbms-hashing-mcqs.aspx,
DBMS & SQL,DBMS Hashing Multiple-Choice Questions (MCQs),Any value in the column can be used by a ___ function to generate the address.,Log,Data,Hash,Heap,C,Any value in the column can be used by a hash function to generate the address.,medium,web:Includehelp.com https://www.includehelp.com/mcq/dbms-hashing-mcqs.aspx,
DBMS & SQL,DBMS Hashing Multiple-Choice Questions (MCQs),"To generate the address of a data block, the hash function most often uses the ___ key.",Primary,Foreign,Composite,Alternate,A,"To generate the address of a data block, the hash function most often uses the primary key.",medium,web:Includehelp.com https://www.includehelp.com/mcq/dbms-hashing-mcqs.aspx,
DBMS & SQL,DBMS Hashing Multiple-Choice Questions (MCQs),"Hash functions are a simple ___ function, which can be applied to any complex ___ function.",Algebraic,Arithmetic,Integrate,Mathematical,D,"Hash functions are a simple mathematical function, which can be applied to any complex mathematical function.",medium,web:Includehelp.com https://www.includehelp.com/mcq/dbms-hashing-mcqs.aspx,
DBMS & SQL,DBMS Hashing Multiple-Choice Questions (MCQs),The primary key may even be considered to be the address of a data block.,Data Address,Data Set,Data Block,Data Item,C,The primary key may even be considered to be the address of a data block.,medium,web:Includehelp.com https://www.includehelp.com/mcq/dbms-hashing-mcqs.aspx,
DBMS & SQL,DBMS Hashing Multiple-Choice Questions (MCQs),The data block will consist of every row whose address is the same as its primary key.,Alternate,Composite,Foreign,Primary,D,"Therefore, the data block will consist of every row whose address is the same as its primary key.",medium,web:Includehelp.com https://www.includehelp.com/mcq/dbms-hashing-mcqs.aspx,
DBMS & SQL,DBMS Hashing Multiple-Choice Questions (MCQs),How many types of hashing are there?,2,3,4,5,A,There are 2 types of hashing.,medium,web:Includehelp.com https://www.includehelp.com/mcq/dbms-hashing-mcqs.aspx,
DBMS & SQL,DBMS Hashing Multiple-Choice Questions (MCQs),Which of the following is the type of hashing?,Static,Dynamic,Both A and B,None of the above,C,"The types of hashing are -
 Static
 Dynamic",medium,web:Includehelp.com https://www.includehelp.com/mcq/dbms-hashing-mcqs.aspx,
DBMS & SQL,DBMS RAID Multiple-Choice Questions (MCQs),A secondary storage device is connected to multiple primary storage devices for ___.,Increased Performance,Data Redundancy,Both A and B,None of the above,C,A secondary storage device is connected to multiple primary storage devices for increased performance or data redundancy.,medium,web:Includehelp.com https://www.includehelp.com/mcq/dbms-raid-mcqs.aspx,
DBMS & SQL,DBMS RAID Multiple-Choice Questions (MCQs),"Depending on the level of RAID, you can survive ___ drive failures.",Single,Multiple,Both A and B,None of the above,C,"Depending on the level of RAID, you can survive both single and multiple drive failures.",medium,web:Includehelp.com https://www.includehelp.com/mcq/dbms-raid-mcqs.aspx,
DBMS & SQL,DBMS RAID Multiple-Choice Questions (MCQs),Several disks are connected to accomplish different goals through the use of a/an ____ of disks.,Log,Data,Array,None,C,Several disks are connected to accomplish different goals through the use of an array of disks.,medium,web:Includehelp.com https://www.includehelp.com/mcq/dbms-raid-mcqs.aspx,
DBMS & SQL,DBMS RAID Multiple-Choice Questions (MCQs),How many levels of RAID schemes are there?,5,6,7,8,C,There are 7 levels of RAID schemes.,medium,web:Includehelp.com https://www.includehelp.com/mcq/dbms-raid-mcqs.aspx,
DBMS & SQL,DBMS RAID Multiple-Choice Questions (MCQs),Which of the following is the RAID scheme?,RAID 1,RAID 2,RAID 3,All of the above,D,"The RAID schemes are RAID 0,1,2, ... 6.",medium,web:Includehelp.com https://www.includehelp.com/mcq/dbms-raid-mcqs.aspx,
DBMS & SQL,DBMS RAID Multiple-Choice Questions (MCQs),Which of the following characteristic is there in the levels of RAID?,The hardware consists of a set of hard disk drives.,"Using this technology, each separate disk is seen as a logical disk by the operating system.","Arrays are based on physical drives, so data can be distributed across them.",All of the above,D,"The following characteristic is there in the levels of RAID -
 The hardware consists of a set of hard disk drives.
 Using this technology, each separate disk is seen as a logical disk by the operating system.
 Arrays are based on physical drives, so data can be distributed across them.",medium,web:Includehelp.com https://www.includehelp.com/mcq/dbms-raid-mcqs.aspx,
DBMS & SQL,DBMS RAID Multiple-Choice Questions (MCQs),Parity information is stored on ___ disks.,Dependency,Redundancy,Indepdency,Latency,B,Parity information is stored on redundancy disks.,medium,web:Includehelp.com https://www.includehelp.com/mcq/dbms-raid-mcqs.aspx,
DBMS & SQL,DBMS RAID Multiple-Choice Questions (MCQs),It is possible to recover data after a disk failure with the help of ___ information.,Duality,Parity,Clarity,None,B,It is possible to recover data after a disk failure with the help of parity information.,medium,web:Includehelp.com https://www.includehelp.com/mcq/dbms-raid-mcqs.aspx,
DBMS & SQL,DBMS RAID Multiple-Choice Questions (MCQs),"RAID level 0 allows data to be spread across ___ disk(s), i.e., the data can be striped.",One,Two,Three,Multiple,D,"RAID level 0 allows data to be spread across multiple disks, i.e., the data can be striped.",medium,web:Includehelp.com https://www.includehelp.com/mcq/dbms-raid-mcqs.aspx,
DBMS & SQL,DBMS RAID Multiple-Choice Questions (MCQs),___ with striping are vulnerable to failures if one disk fails.,Logs,Arrays,Database,Data Types,B,Arrays with striping are vulnerable to failures if one disk fails.,medium,web:Includehelp.com https://www.includehelp.com/mcq/dbms-raid-mcqs.aspx,
DBMS & SQL,DBMS RAID Multiple-Choice Questions (MCQs),The system performance is ____ without providing fault tolerance.,Increase,Decreased,Moderated,None,A,The system performance is increased without providing fault tolerance.,medium,web:Includehelp.com https://www.includehelp.com/mcq/dbms-raid-mcqs.aspx,
DBMS & SQL,DBMS RAID Multiple-Choice Questions (MCQs),"In level 0, we can place multiple blocks into a disk at the ____ time instead of just placing one at a time.",Same,Different,Average,Mean,A,"In level 0, we can place multiple blocks into a disk at the same time instead of just placing one at a time.",medium,web:Includehelp.com https://www.includehelp.com/mcq/dbms-raid-mcqs.aspx,
DBMS & SQL,DBMS RAID Multiple-Choice Questions (MCQs),Having multiple data requests on different disks increases throughput at RAID ___ level.,0,1,2,3,A,Having multiple data requests on different disks increases throughput at RAID 0 level.,medium,web:Includehelp.com https://www.includehelp.com/mcq/dbms-raid-mcqs.aspx,
DBMS & SQL,DBMS RAID Multiple-Choice Questions (MCQs),___ of the disk space are provided by level 0.,High performance,Full Utilization,Both A and B,None of the above,C,High performance and full utilization of the disk space are provided by level 0.,medium,web:Includehelp.com https://www.includehelp.com/mcq/dbms-raid-mcqs.aspx,
DBMS & SQL,DBMS RAID Multiple-Choice Questions (MCQs),RAID 0 requires ___ drivers.,Minimum 2,Maximum 2,Minimum 1,Maximum 1,A,RAID 0 requires minimum 2 drivers.,medium,web:Includehelp.com https://www.includehelp.com/mcq/dbms-raid-mcqs.aspx,
DBMS & SQL,DBMS RAID Multiple-Choice Questions (MCQs),There are ___ detection mechanisms in RAID 0.,Error,No Error,Life,No Life,B,There are no error detection mechanisms in RAID 0.,medium,web:Includehelp.com https://www.includehelp.com/mcq/dbms-raid-mcqs.aspx,
DBMS & SQL,DBMS RAID Multiple-Choice Questions (MCQs),"Because RAID 0 doesn't provide ___, it is not truly a RAID.",Tolerance,Fault-tolerance,Data-tolerance,None,B,"Because RAID 0 doesn't provide fault-tolerance, it is not truly a RAID.",medium,web:Includehelp.com https://www.includehelp.com/mcq/dbms-raid-mcqs.aspx,
DBMS & SQL,DBMS RAID Multiple-Choice Questions (MCQs),"If either of the disks fails in RAID 0, the entire array is ___.",Full,Null,Lost,Found,C,"If either of the disks fails in RAID 0, the entire array is lost.",medium,web:Includehelp.com https://www.includehelp.com/mcq/dbms-raid-mcqs.aspx,
DBMS & SQL,DBMS RAID Multiple-Choice Questions (MCQs),"RAID ___, which mirrors data across drives 1, 2, and 3, is referred to as a mirroring configuration.",1,2,3,4,A,"RAID 1, which mirrors data across drives 1, 2, and 3, is referred to as a mirroring configuration.",medium,web:Includehelp.com https://www.includehelp.com/mcq/dbms-raid-mcqs.aspx,
DBMS & SQL,DBMS RAID Multiple-Choice Questions (MCQs),"In the event of a failure, RAID 1 provides ____ redundancy.",20%,50%,80%,100%,D,"In the event of a failure, RAID 1 provides 100% redundancy.",medium,web:Includehelp.com https://www.includehelp.com/mcq/dbms-raid-mcqs.aspx,
DBMS & SQL,DBMS RAID Multiple-Choice Questions (MCQs),Data in RAID 1 is stored in ___ the drive space.,Quarter,Half,Full,None,B,Data in RAID 1 is stored only in half the drive space.,medium,web:Includehelp.com https://www.includehelp.com/mcq/dbms-raid-mcqs.aspx,
DBMS & SQL,DBMS RAID Multiple-Choice Questions (MCQs),"In the other half of the drive, the data has been ___.",Saved,Deleted,Updated,Mirrored,D,"In the other half of the drive, the data has just been mirrored.",medium,web:Includehelp.com https://www.includehelp.com/mcq/dbms-raid-mcqs.aspx,
DBMS & SQL,DBMS RAID Multiple-Choice Questions (MCQs),RAID 1 offers ___ as its main advantage.,Tolerance,Fault tolerance,Heaviness,Fault Heaviness,B,RAID 1 offers fault tolerance as its main advantage.,medium,web:Includehelp.com https://www.includehelp.com/mcq/dbms-raid-mcqs.aspx,
DBMS & SQL,DBMS RAID Multiple-Choice Questions (MCQs),The other disk takes over if one fails as part of RAID ___ level.,0,1,2,3,B,The other disk takes over if one fails as part of RAID 1 level.,medium,web:Includehelp.com https://www.includehelp.com/mcq/dbms-raid-mcqs.aspx,
DBMS & SQL,DBMS RAID Multiple-Choice Questions (MCQs),"When the array is set to RAID ___, it will function even if a drive fails.",1,2,3,5,A,"When the array is set to RAID 1, it will function even if a drive fails.",medium,web:Includehelp.com https://www.includehelp.com/mcq/dbms-raid-mcqs.aspx,
DBMS & SQL,DBMS RAID Multiple-Choice Questions (MCQs),"Mirroring requires an extra drive per drive at this level, resulting in ____ costs.",Lower,Higher,Average,None,B,"Mirroring requires an extra drive per drive at this level, resulting in higher costs.",medium,web:Includehelp.com https://www.includehelp.com/mcq/dbms-raid-mcqs.aspx,
DBMS & SQL,DBMS RAID Multiple-Choice Questions (MCQs),A RAID 2 array makes use of ___ code parity to stripe data on the bit level.,Humming,Hamming,Hanning,Happing,B,A RAID 2 array makes use of hamming code parity to stripe data on the bit level.,medium,web:Includehelp.com https://www.includehelp.com/mcq/dbms-raid-mcqs.aspx,
DBMS & SQL,DBMS RAID Multiple-Choice Questions (MCQs),"With RAID 2, each data bit in a word is stored on a separate disk, as well as the ___ code of each data word.",ECG,ECC,EGG,EDC,B,"With RAID 2, each data bit in a word is stored on a separate disk, as well as the ECC code of each data word.",medium,web:Includehelp.com https://www.includehelp.com/mcq/dbms-raid-mcqs.aspx,
DBMS & SQL,DBMS RAID Multiple-Choice Questions (MCQs),RAID 2 is not commercially available because of its ____.,High Cost,Complex Structure,Both A and B,None of the above,C,RAID 2 is not commercially available because of its high cost and complex structure.,medium,web:Includehelp.com https://www.includehelp.com/mcq/dbms-raid-mcqs.aspx,
DBMS & SQL,DBMS RAID Multiple-Choice Questions (MCQs),___ drive is used to store parity in RAID 2.,One,Two,Three,Four,A,One drive is used to store parity in RAID 2.,medium,web:Includehelp.com https://www.includehelp.com/mcq/dbms-raid-mcqs.aspx,
DBMS & SQL,DBMS RAID Multiple-Choice Questions (MCQs),"In RAID 3, parity is specified at the ____ level.",Bit,Byte,Kilobyte,Gigabyte,B,"In RAID 3, parity is specified at the byte level.",medium,web:Includehelp.com https://www.includehelp.com/mcq/dbms-raid-mcqs.aspx,
DBMS & SQL,DBMS RAID Multiple-Choice Questions (MCQs),"As part of RAID, ____ information is stored on a separate ____ drive for each disk section.",Log,Parity,Array,None,B,"As part of RAID, parity information is stored on a separate parity drive for each disk section.",medium,web:Includehelp.com https://www.includehelp.com/mcq/dbms-raid-mcqs.aspx,
DBMS & SQL,DBMS RAID Multiple-Choice Questions (MCQs),"The parity drive is accessed in the event of a drive ____, and data is rebuilt from the remaining devices",Updation,Failure,Deletion,Addition,B,"The parity drive is accessed in the event of a drive failure, and data is rebuilt from the remaining devices.",medium,web:Includehelp.com https://www.includehelp.com/mcq/dbms-raid-mcqs.aspx,
DBMS & SQL,DBMS RAID Multiple-Choice Questions (MCQs),Bulk data transfer is possible with RAID ___.,1,2,3,4,C,Bulk data transfer is possible with RAID 3.,medium,web:Includehelp.com https://www.includehelp.com/mcq/dbms-raid-mcqs.aspx,
DBMS & SQL,DBMS RAID Multiple-Choice Questions (MCQs),Which among the following is the advantage of RAID 3?,A parity drive is used at this level to regenerate data.,Data is transferred at a high rate.,Parallel access to data is possible at this level.,All of the above,D,"The advantages of RAID 3 -
 A parity drive is used at this level to regenerate data.
 Data is transferred at a high rate.
 Parallel access to data is possible at this level.",medium,web:Includehelp.com https://www.includehelp.com/mcq/dbms-raid-mcqs.aspx,
DBMS & SQL,DBMS RAID Multiple-Choice Questions (MCQs),"When working with small files, RAID 3 performs ____.",Fastly,Slowly,Densely,None,B,"When working with small files, RAID 3 performs slowly.",medium,web:Includehelp.com https://www.includehelp.com/mcq/dbms-raid-mcqs.aspx,
DBMS & SQL,DBMS RAID Multiple-Choice Questions (MCQs),RAID 4 is a combination of ____.,Striping Blocks,Parity Disks,Both A and B,None of the above,C,RAID 4 is a combination of striping blocks and parity disks.,medium,web:Includehelp.com https://www.includehelp.com/mcq/dbms-raid-mcqs.aspx,
DBMS & SQL,DBMS RAID Multiple-Choice Questions (MCQs),"In RAID 4, data is replicated based on ____, rather than duplicated.",Array,Log,Parity,None,C,"In RAID 4, data is replicated based on parity, rather than duplicated.",medium,web:Includehelp.com https://www.includehelp.com/mcq/dbms-raid-mcqs.aspx,
DBMS & SQL,DBMS RAID Multiple-Choice Questions (MCQs),"By design, the RAID 4 level is able to recover from a maximum of ___ disk failure.",One,Two,Three,Four,A,"By design, this level is able to recover from a maximum of one disk failure.",medium,web:Includehelp.com https://www.includehelp.com/mcq/dbms-raid-mcqs.aspx,
DBMS & SQL,DBMS RAID Multiple-Choice Questions (MCQs),"Using RAID level 4, if two or more disks fail, then the data ____ be recovered.",Can,Cannot,Can be easily,None,B,"Using RAID level 4, if two or more disks fail, then the data cannot be recovered.",medium,web:Includehelp.com https://www.includehelp.com/mcq/dbms-raid-mcqs.aspx,
DBMS & SQL,DBMS RAID Multiple-Choice Questions (MCQs),At least ____ disks are required for both level 3 and level 4 RAIDs.,Two,Three,Four,Five,B,At least three disks are required for both level 3 and level 4 RAIDs.,medium,web:Includehelp.com https://www.includehelp.com/mcq/dbms-raid-mcqs.aspx,
DBMS & SQL,DBMS RAID Multiple-Choice Questions (MCQs),RAID 4 uses an ___ function to calculate parity.,NOR,OR,AND,XOR,D,RAID 4 uses an XOR function to calculate parity.,medium,web:Includehelp.com https://www.includehelp.com/mcq/dbms-raid-mcqs.aspx,
DBMS & SQL,DBMS RAID Multiple-Choice Questions (MCQs),We can recover data lost on RAID ___ level.,2,3,4,5,C,We can recover data lost on RAID 4 level.,medium,web:Includehelp.com https://www.includehelp.com/mcq/dbms-raid-mcqs.aspx,
DBMS & SQL,DBMS RAID Multiple-Choice Questions (MCQs),"During RAID 5, ____ is rotated between the drives.",Array,Log,Parity,None,C,"During RAID 5, parity is rotated between the drives.",medium,web:Includehelp.com https://www.includehelp.com/mcq/dbms-raid-mcqs.aspx,
DBMS & SQL,DBMS RAID Multiple-Choice Questions (MCQs),There is ___ parity at block-level.,Connected,Distributed,Added,None,B,There is distributed parity at block-level.,medium,web:Includehelp.com https://www.includehelp.com/mcq/dbms-raid-mcqs.aspx,
DBMS & SQL,DBMS RAID Multiple-Choice Questions (MCQs),"A RAID 5 array can recover from at most ___ disk failure, just like RAID 4.",One,Two,Three,Four,A,"A RAID 5 array can recover from at most one disk failure, just like RAID 4.",medium,web:Includehelp.com https://www.includehelp.com/mcq/dbms-raid-mcqs.aspx,
DBMS & SQL,DBMS RAID Multiple-Choice Questions (MCQs),"In RAID 5, it is impossible to recover data, if more than ____ disk fails.",One,Two,Three,Four,A,It is impossible to recover data from RAID 5 if more than one disk fails.,medium,web:Includehelp.com https://www.includehelp.com/mcq/dbms-raid-mcqs.aspx,
DBMS & SQL,DBMS RAID Multiple-Choice Questions (MCQs),"To improve ___ write performance, the RAID 5 level was introduced.",Proper,Random,Inorder,Order,B,"To improve random write performance, the RAID 5 level was introduced.",medium,web:Includehelp.com https://www.includehelp.com/mcq/dbms-raid-mcqs.aspx,
DBMS & SQL,DBMS RAID Multiple-Choice Questions (MCQs),RAID 5 provides ___.,High Performance,Cost-effective,Both A and B,None of the above,C,RAID 5 provides high performance and is cost-effective.,medium,web:Includehelp.com https://www.includehelp.com/mcq/dbms-raid-mcqs.aspx,
DBMS & SQL,DBMS RAID Multiple-Choice Questions (MCQs),Array disks are distributed with parity when using RAID ___ level.,4,5,6,0,B,Array disks are distributed with parity when using RAID 5 level.,medium,web:Includehelp.com https://www.includehelp.com/mcq/dbms-raid-mcqs.aspx,
DBMS & SQL,DBMS RAID Multiple-Choice Questions (MCQs),Disk failure recovery is ____ in RAID 5 due to the calculation of parity based on all available drives.,Slower,Faster,Average,None,A,Disk failure recovery is slower in RAID 5 due to the calculation of parity based on all available drives.,medium,web:Includehelp.com https://www.includehelp.com/mcq/dbms-raid-mcqs.aspx,
DBMS & SQL,DBMS RAID Multiple-Choice Questions (MCQs),"In the event of ____ drive failure, RAID 5 cannot survive.",Consecutive,Concurrent,Simultaneous,None,B,"In the event of concurrent drive failure, RAID 5 cannot survive.",medium,web:Includehelp.com https://www.includehelp.com/mcq/dbms-raid-mcqs.aspx,
DBMS & SQL,DBMS RAID Multiple-Choice Questions (MCQs),Striping at the block level is implemented with ___ parity bits in RAID 6.,One,Two,Three,Four,B,Striping at the block level is implemented with two parity bits in RAID 6.,medium,web:Includehelp.com https://www.includehelp.com/mcq/dbms-raid-mcqs.aspx,
DBMS & SQL,DBMS RAID Multiple-Choice Questions (MCQs),RAID 6 allows you to survive ___ simultaneous disk failures.,One,Two,Three,Four,B,RAID 6 allows you to survive two simultaneous disk failures.,medium,web:Includehelp.com https://www.includehelp.com/mcq/dbms-raid-mcqs.aspx,
DBMS & SQL,DBMS RAID Multiple-Choice Questions (MCQs),"In the RAID 6 level, ____ is used to stripe the data and ____ is used to mirror it.","RAID 1, RAID 2","RAID 2, RAID 3","RAID 4, RAID 5","RAID 0, RAID 1",D,"In the RAID 6 level, RAID 0 is used to stripe the data and RAID 1 is used to mirror it.",medium,web:Includehelp.com https://www.includehelp.com/mcq/dbms-raid-mcqs.aspx,
DBMS & SQL,DBMS RAID Multiple-Choice Questions (MCQs),The number of drives required at RAID 6 level should be a multiple of ___.,2,3,5,6,A,The number of drives required at RAID 6 level should be a multiple of 2.,medium,web:Includehelp.com https://www.includehelp.com/mcq/dbms-raid-mcqs.aspx,
DBMS & SQL,DBMS RAID Multiple-Choice Questions (MCQs),"Since ____ of the disks are used for mirroring, RAID 6 does not utilize the full disk capacity.",Quarter,Half,Full,None,B,"Since half of the disks are used for mirroring, RAID 6 does not utilize the full disk capacity.",medium,web:Includehelp.com https://www.includehelp.com/mcq/dbms-raid-mcqs.aspx,
DBMS & SQL,DBMS RAID Multiple-Choice Questions (MCQs),___ is extremely limited in RAID 6.,Ability,Scalability,Tracability,Countability,B,Scalability is extremely limited in RAID 6.,medium,web:Includehelp.com https://www.includehelp.com/mcq/dbms-raid-mcqs.aspx,
DBMS & SQL,DBMS Decomposition Algorithms Multiple-Choice Questions (MCQs),You should test the Boyce-Codd Normal Form of the relationship before applying the ___ decomposition algorithm.,3NF,BCNF,4NF,2NF,B,You should test the Boyce-Codd Normal Form of the relationship before applying the BCNF decomposition algorithm.,medium,web:Includehelp.com https://www.includehelp.com/mcq/dbms-decomposition-algorithms-mcqs.aspx,
DBMS & SQL,DBMS Decomposition Algorithms Multiple-Choice Questions (MCQs),The given relation can be decomposed further to create ___ relations if the test finds that it is not in BCNF.,3NF,4NF,5NF,BCNF,D,The given relation can be decomposed further to create BCNF relations if the test finds that it is not in BCNF.,medium,web:Includehelp.com https://www.includehelp.com/mcq/dbms-decomposition-algorithms-mcqs.aspx,
DBMS & SQL,DBMS Decomposition Algorithms Multiple-Choice Questions (MCQs),"If R is found in BCNF, all dependencies in ___ need not be tested.",F,F+,R,R+,B,"If R is found in BCNF, all dependencies in F+ need not be tested.",medium,web:Includehelp.com https://www.includehelp.com/mcq/dbms-decomposition-algorithms-mcqs.aspx,
DBMS & SQL,DBMS Decomposition Algorithms Multiple-Choice Questions (MCQs),"For the BCNF test, it is only necessary to determine and check the dependencies of the provided dependency set ___.",F,F+,S,S+,A,"For the BCNF test, it is only necessary to determine and check the dependencies of the provided dependency set F.",medium,web:Includehelp.com https://www.includehelp.com/mcq/dbms-decomposition-algorithms-mcqs.aspx,
DBMS & SQL,DBMS Decomposition Algorithms Multiple-Choice Questions (MCQs),The F+ dependencies will not violate BCNF if no ___ in F violates it.,Dependency,Interdependency,Intradependency,Independency,A,The F+ dependencies will not violate BCNF if no dependency in F violates it.,medium,web:Includehelp.com https://www.includehelp.com/mcq/dbms-decomposition-algorithms-mcqs.aspx,
DBMS & SQL,DBMS Decomposition Algorithms Multiple-Choice Questions (MCQs),"A BCNF decomposition algorithm is used when a given relationship R is split into a series of relatedness relations R1, R2, ... , Rn due to its absence from the ___.",2NF,3NF,4NF,BCNF,D,"A BCNF decomposition algorithm is used when a given relationship R is split into a series of relatedness relations R1, R2,..., Rn due to its absence from the BCNF.",medium,web:Includehelp.com https://www.includehelp.com/mcq/dbms-decomposition-algorithms-mcqs.aspx,
DBMS & SQL,DBMS Decomposition Algorithms Multiple-Choice Questions (MCQs),"We need to verify that α+ (an attribute closure of α under F) either includes all the attributes of the relation Ri or no attributes of ___, for every subset α of attributes in the relation Ri.",α,Ri+α,Ri-α,Ri,C,"We need to verify that α+ (an attribute closure of α under F) either includes all the attributes of the relation Ri or no attributes of Ri-α, for every subset α of attributes in the relation Ri.",medium,web:Includehelp.com https://www.includehelp.com/mcq/dbms-decomposition-algorithms-mcqs.aspx,
DBMS & SQL,DBMS Decomposition Algorithms Multiple-Choice Questions (MCQs),"When an attribute α in Ri violates the algorithmic condition, consider the functional dependency (___) ꓵ Ri in such cases.",α+ - α,α+ + α,α+ * α,α+ / α,A,"When an attribute α in Ri violates the algorithmic condition, consider the functional dependency (α+ - α) ꓵ Ri in such cases.",medium,web:Includehelp.com https://www.includehelp.com/mcq/dbms-decomposition-algorithms-mcqs.aspx,
DBMS & SQL,DBMS Decomposition Algorithms Multiple-Choice Questions (MCQs),Which of the following is TRUE about BCNF Decomposition Algorithm?,"To decompose a given relation R, this algorithm consists of decomposing it into several decomposers.",The decomposition of the relation R is performed by using dependencies that show the violation of BCNF.,"In addition to producing decomposers for relation R in BCNF, such an algorithm also produces lossless decompositions.",All of the above,D,"In case of BCNF Decomposition Algorithm -
 To decompose a given relation R, this algorithm consists of decomposing it into several decomposers.
 The decomposition of the relation R is performed by using dependencies that show the violation of BCNF.
 In addition to producing decomposers for relation R in BCNF, such an algorithm also produces lossless decompositions.",medium,web:Includehelp.com https://www.includehelp.com/mcq/dbms-decomposition-algorithms-mcqs.aspx,
DBMS & SQL,DBMS Decomposition Algorithms Multiple-Choice Questions (MCQs),"When the initial relation schema R is ___, the BCNF decomposition algorithm takes exponentially more time.",Small,Big,Little,None,B,"When the initial relation schema R is big, the BCNF decomposition algorithm takes exponentially more time.",medium,web:Includehelp.com https://www.includehelp.com/mcq/dbms-decomposition-algorithms-mcqs.aspx,
DBMS & SQL,DBMS Decomposition Algorithms Multiple-Choice Questions (MCQs),"Due to its unnecessarily decomposable nature, this algorithm will ___ the given relation R.",Normalize,Under-normalize,Over-normalize,All of the above,C,"Due to its unnecessarily decomposable nature, this algorithm will over-normalize the given relation R.",medium,web:Includehelp.com https://www.includehelp.com/mcq/dbms-decomposition-algorithms-mcqs.aspx,
DBMS & SQL,DBMS Decomposition Algorithms Multiple-Choice Questions (MCQs),___ are the basis of the fourth normal form.,Functional,Multi-valued,Single-valued,None,B,Multi-valued dependencies are the basis of the fourth normal form.,medium,web:Includehelp.com https://www.includehelp.com/mcq/dbms-decomposition-algorithms-mcqs.aspx,
DBMS & SQL,DBMS Decomposition Algorithms Multiple-Choice Questions (MCQs),____ dependencies are the focus of BCNF.,Multi-valued,Functional,Both a and b,None,B,Functional dependencies are the focus of BCNF.,medium,web:Includehelp.com https://www.includehelp.com/mcq/dbms-decomposition-algorithms-mcqs.aspx,
DBMS & SQL,DBMS Decomposition Algorithms Multiple-Choice Questions (MCQs),"With the help of _____ dependencies, we can reduce some instances where data is repeated, which would not make sense if we looked at it from a functional dependency perspective.",Multivalued,Functional,Both A and B,All of the above,A,"With the help of multivalued dependencies, we can reduce some instances where data is repeated, which would not make sense if we looked at it from a functional dependency perspective.",medium,web:Includehelp.com https://www.includehelp.com/mcq/dbms-decomposition-algorithms-mcqs.aspx,
DBMS & SQL,DBMS Decomposition Algorithms Multiple-Choice Questions (MCQs),"Unlike multivalued dependencies, ____ dependencies do not expel certain tuples from being members of a relationship.",Multivalued,Functional,Singlevalued,All of the above,B,"Unlike multivalued dependencies, functional dependencies do not expel certain tuples from being members of a relationship.",medium,web:Includehelp.com https://www.includehelp.com/mcq/dbms-decomposition-algorithms-mcqs.aspx,
DBMS & SQL,DBMS Decomposition Algorithms Multiple-Choice Questions (MCQs),A dependent ___ set does not exclude or expel any tuples.,Multivalued,Singlevalued,Functional,None,A,A dependent multivalued set does not exclude or expel any tuples.,medium,web:Includehelp.com https://www.includehelp.com/mcq/dbms-decomposition-algorithms-mcqs.aspx,
DBMS & SQL,DBMS Decomposition Algorithms Multiple-Choice Questions (MCQs),___ is another name for multivalued dependency.,Tuple-generating dependency,Tuple-generating interdependency,Tuple-generating intradependency,None,A,Tuple-generating dependency is another name for multivalued dependency.,medium,web:Includehelp.com https://www.includehelp.com/mcq/dbms-decomposition-algorithms-mcqs.aspx,
DBMS & SQL,DBMS Decomposition Algorithms Multiple-Choice Questions (MCQs),Functional dependencies are often called ___.,Tuple-generating dependency,Equality-generating dependency,Both A and B,None of the above,B,Functional dependencies are often called equality-generating dependencies.,medium,web:Includehelp.com https://www.includehelp.com/mcq/dbms-decomposition-algorithms-mcqs.aspx,
DBMS & SQL,DBMS Decomposition Algorithms Multiple-Choice Questions (MCQs),"In the canonical cover, each dependency is explicitly defined through the decomposition algorithm for ____.",3NF,4NF,5NF,BCNF,A,"In the canonical cover, each dependency is explicitly defined through the decomposition algorithm for 3NF.",medium,web:Includehelp.com https://www.includehelp.com/mcq/dbms-decomposition-algorithms-mcqs.aspx,
DBMS & SQL,DBMS Decomposition Algorithms Multiple-Choice Questions (MCQs),"By ensuring that at least one schema contains a candidate key for the one being decomposed, the generated decomposition is guaranteed to be ______.",Loss,Lossless,Lossfull,Less,B,"By ensuring that at least one schema contains a candidate key for the one being decomposed, the generated decomposition is guaranteed to be lossless.",medium,web:Includehelp.com https://www.includehelp.com/mcq/dbms-decomposition-algorithms-mcqs.aspx,
DBMS & SQL,DBMS Decomposition Algorithms Multiple-Choice Questions (MCQs),"While maintaining the dependency as well as decomposing the relation R losslessly, the algorithm also preserves the dependencies.",Dependency,Interdependency,Intradependency,None,A,"While maintaining the dependency as well as decomposing the relation R losslessly, the algorithm also preserves the dependencies.",medium,web:Includehelp.com https://www.includehelp.com/mcq/dbms-decomposition-algorithms-mcqs.aspx,
DBMS & SQL,DBMS Decomposition Algorithms Multiple-Choice Questions (MCQs),3NF algorithms can also be referred to as 3NF ____ algorithms.,Syntax,Seasonal,Synthesis,Synthetic,C,3NF algorithms can also be referred to as 3NF synthesis algorithms.,medium,web:Includehelp.com https://www.includehelp.com/mcq/dbms-decomposition-algorithms-mcqs.aspx,
DBMS & SQL,DBMS Decomposition Algorithms Multiple-Choice Questions (MCQs),"By creating a dependency set, the ____ form adds one schema at a time, rather than repeatedly decomposing the initial schema.",Abnormal,Normal,Simple,Complex,B,"By creating a dependency set, the normal form adds one schema at a time, rather than repeatedly decomposing the initial schema.",medium,web:Includehelp.com https://www.includehelp.com/mcq/dbms-decomposition-algorithms-mcqs.aspx,
DBMS & SQL,DBMS Decomposition Algorithms Multiple-Choice Questions (MCQs),"A set of functional dependencies can have ___ canonical cover, so the result of decomposing the algorithm is not unique.",One,Two,Three,More than one,D,"A set of functional dependencies can have more than one canonical cover, so the result of decomposing the algorithm is not unique.",medium,web:Includehelp.com https://www.includehelp.com/mcq/dbms-decomposition-algorithms-mcqs.aspx,
DBMS & SQL,DBMS Decomposition Algorithms Multiple-Choice Questions (MCQs),"When the algorithm considers the dependencies in Fc in an ____ order, the result may differ.",Random,Consecutive,Simultaneous,Alternate,D,"When the algorithm considers the dependencies in Fc in an alternate order, the result may differ.",medium,web:Includehelp.com https://www.includehelp.com/mcq/dbms-decomposition-algorithms-mcqs.aspx,
DBMS & SQL,DBMS Decomposition Algorithms Multiple-Choice Questions (MCQs),It is possible to decompose a relation if an existing relation already exists in the ___ normal form.,First,Second,Third,Fourth,C,It is possible to decompose a relation if an existing relation already exists in the third normal form.,medium,web:Includehelp.com https://www.includehelp.com/mcq/dbms-decomposition-algorithms-mcqs.aspx,
DBMS & SQL,DBMS Storage System Multiple-Choice Questions (MCQs),Various storage devices store ___ in the form of data.,Bits,Bytes,Both A and B,None of the above,C,Various storage devices store bits and bytes in the form of data.,medium,web:Includehelp.com https://www.includehelp.com/mcq/dbms-storage-system-mcqs.aspx,
DBMS & SQL,DBMS Storage System Multiple-Choice Questions (MCQs),How many types of data storage are there?,2,3,4,5,B,There are 3 types of data storage.,medium,web:Includehelp.com https://www.includehelp.com/mcq/dbms-storage-system-mcqs.aspx,
DBMS & SQL,DBMS Storage System Multiple-Choice Questions (MCQs),Which of the following is the type of data storage?,Primary,Secondary,Tertiary,All of the above,D,"The types of data storage are -
 Primary
 Secondary
 Tertiary",medium,web:Includehelp.com https://www.includehelp.com/mcq/dbms-storage-system-mcqs.aspx,
DBMS & SQL,DBMS Storage System Multiple-Choice Questions (MCQs),Which of the following has the highest speed?,Primary Storage,Secondary Storage,Tertiary Storage,All of the above,A,The primary storage has the highest speed.,medium,web:Includehelp.com https://www.includehelp.com/mcq/dbms-storage-system-mcqs.aspx,
DBMS & SQL,DBMS Storage System Multiple-Choice Questions (MCQs),Which of the following has the lowest speed?,Primary Storage,Secondary Storage,Tertiary Storage,All of the above,C,The tertiary storage has the lowest speed.,medium,web:Includehelp.com https://www.includehelp.com/mcq/dbms-storage-system-mcqs.aspx,
DBMS & SQL,DBMS Storage System Multiple-Choice Questions (MCQs),Data stored in the primary storage can be accessed ___.,Lately,Quickly,Delayed,None,B,Data stored in this area can be accessed quickly.,medium,web:Includehelp.com https://www.includehelp.com/mcq/dbms-storage-system-mcqs.aspx,
DBMS & SQL,DBMS Storage System Multiple-Choice Questions (MCQs),The primary storage is also referred as -,Volatile Storage,Non-volatile Storage,Seamless Storage,None of the above,A,The primary storage is also referred as Volatile Storage.,medium,web:Includehelp.com https://www.includehelp.com/mcq/dbms-storage-system-mcqs.aspx,
DBMS & SQL,DBMS Storage System Multiple-Choice Questions (MCQs),Memory types that use ____ storage do not permanently store data.,Primary,Secondary,Tertiary,None,A,Memory types that use primary storage do not permanently store data.,medium,web:Includehelp.com https://www.includehelp.com/mcq/dbms-storage-system-mcqs.aspx,
DBMS & SQL,DBMS Storage System Multiple-Choice Questions (MCQs),A power ___ of the system also results in the loss of data.,Outage,Crash,Both A and B,None of the above,C,A power outage or crash of the system also results in the loss of data.,medium,web:Includehelp.com https://www.includehelp.com/mcq/dbms-storage-system-mcqs.aspx,
DBMS & SQL,DBMS Storage System Multiple-Choice Questions (MCQs),How many types of primary storage are there?,2,3,4,5,A,There are 2 types of primary storage.,medium,web:Includehelp.com https://www.includehelp.com/mcq/dbms-storage-system-mcqs.aspx,
DBMS & SQL,DBMS Storage System Multiple-Choice Questions (MCQs),Which of the following is the type of primary storage?,Main memory,Cache,Both A and B,None of the above,C,"The types of primary storage are -
 Main memory
 Cache",medium,web:Includehelp.com https://www.includehelp.com/mcq/dbms-storage-system-mcqs.aspx,
DBMS & SQL,DBMS Storage System Multiple-Choice Questions (MCQs),Data that is accessible via the storage medium is processed by the ___.,Cache,Main memory,Both A and B,None of the above,A,Data that is accessible via the storage medium is processed by the main memory.,medium,web:Includehelp.com https://www.includehelp.com/mcq/dbms-storage-system-mcqs.aspx,
DBMS & SQL,DBMS Storage System Multiple-Choice Questions (MCQs),Every instruction a computer machine receives goes into the ___.,Main memory,Cache,Main Memory & Cache,None of the above,A,Every instruction a computer machine receives goes into the main memory.,medium,web:Includehelp.com https://www.includehelp.com/mcq/dbms-storage-system-mcqs.aspx,
DBMS & SQL,DBMS Storage System Multiple-Choice Questions (MCQs),"Gigabytes of ____ storage can be stored on a system, but the memory size is also small enough to store the entire database.",Primary,Secondary,Tertiary,None,A,"Gigabytes of primary storage can be stored on a system, but the memory size is also small enough to store the entire database.",medium,web:Includehelp.com https://www.includehelp.com/mcq/dbms-storage-system-mcqs.aspx,
DBMS & SQL,DBMS Storage System Multiple-Choice Questions (MCQs),"In the event of a power outage or other failure, the ____ memory loses its entire contents.",Main,Secondary,Tertiary,None,A,"In the event of a power outage or other failure, the main memory loses its entire contents.",medium,web:Includehelp.com https://www.includehelp.com/mcq/dbms-storage-system-mcqs.aspx,
DBMS & SQL,DBMS Storage System Multiple-Choice Questions (MCQs),Storage media such as cache are ____.,Cheap,Expensive,Average price,None,B,Storage media such as cache are expensive.,medium,web:Includehelp.com https://www.includehelp.com/mcq/dbms-storage-system-mcqs.aspx,
DBMS & SQL,DBMS Storage System Multiple-Choice Questions (MCQs),Cache is the ___ storage media.,Slowest,Fastest,Deadlock,None,B,Cache is the fastest storage media.,medium,web:Includehelp.com https://www.includehelp.com/mcq/dbms-storage-system-mcqs.aspx,
DBMS & SQL,DBMS Storage System Multiple-Choice Questions (MCQs),Cached storage is kept by computer hardware and usually consists of a ___ amount of information.,Big,Small,Average,None,B,Cached storage is kept by computer hardware and usually consists of a small amount of information.,medium,web:Includehelp.com https://www.includehelp.com/mcq/dbms-storage-system-mcqs.aspx,
DBMS & SQL,DBMS Storage System Multiple-Choice Questions (MCQs),___ designers keep cache effects in mind as they design algorithms and query processors.,Database,Data structure,Dataset,None,B,Data structure designers keep cache effects in mind as they design algorithms and query processors.,medium,web:Includehelp.com https://www.includehelp.com/mcq/dbms-storage-system-mcqs.aspx,
DBMS & SQL,DBMS Storage System Multiple-Choice Questions (MCQs),What is secondary storage also known as?,Online Storage,Offline Storage,Main Storage,None,A,Secondary storage is also known as Online Storage.,medium,web:Includehelp.com https://www.includehelp.com/mcq/dbms-storage-system-mcqs.aspx,
DBMS & SQL,DBMS Storage System Multiple-Choice Questions (MCQs),Data is stored in Secondary Storage in order to be ____ available to the user.,Permanently,Temporarily,Consecutively,Simultaneously,A,Data is stored in Secondary Storage in order to be permanently available to the user.,medium,web:Includehelp.com https://www.includehelp.com/mcq/dbms-storage-system-mcqs.aspx,
DBMS & SQL,DBMS Storage System Multiple-Choice Questions (MCQs),___ cannot corrupt data stored in secondary storage.,Power failures,System crashes,Both A and B,None of the above,C,Power failures or system crashes cannot corrupt data stored in secondary storage.,medium,web:Includehelp.com https://www.includehelp.com/mcq/dbms-storage-system-mcqs.aspx,
DBMS & SQL,DBMS Storage System Multiple-Choice Questions (MCQs),Secondary storage is also known as -,Online Storage,Non-volatile storage,Both A and B,None of the above,C,Secondary storage is also known as online storage and non-volatile storage.,medium,web:Includehelp.com https://www.includehelp.com/mcq/dbms-storage-system-mcqs.aspx,
DBMS & SQL,DBMS Storage System Multiple-Choice Questions (MCQs),Which of the following is the secondary storage media?,Flash Memory,Magnetic Disk Storage,Both A and B,None of the above,C,"The secondary storage media are -
 Flash Memory
 Magnetic Disk Storage",medium,web:Includehelp.com https://www.includehelp.com/mcq/dbms-storage-system-mcqs.aspx,
DBMS & SQL,DBMS Storage System Multiple-Choice Questions (MCQs),"Flash memory files are stored on ___- keys, which are connected to a computer through ___ ports.",USB,UBS,BUS,SUB,A,"Flash memory files are stored on USB (Universal Serial Bus) keys, which are connected to a computer through USB ports.",medium,web:Includehelp.com https://www.includehelp.com/mcq/dbms-storage-system-mcqs.aspx,
DBMS & SQL,DBMS Storage System Multiple-Choice Questions (MCQs),"Data can be transferred to a computer system using the USB devices, but they have ___ sizes.",Same,Different,Similar,None,B,"Data can be transferred to a computer system using these USB devices, but they have different sizes.",medium,web:Includehelp.com https://www.includehelp.com/mcq/dbms-storage-system-mcqs.aspx,
DBMS & SQL,DBMS Storage System Multiple-Choice Questions (MCQs),"Due to a power failure or other factors, it is possible to retrieve the stored data, unlike the ___.",Main memory,Cache,Both A and B,None of the above,A,"Due to a power failure or other factors, it is possible to retrieve the stored data, unlike the main memory.",medium,web:Includehelp.com https://www.includehelp.com/mcq/dbms-storage-system-mcqs.aspx,
DBMS & SQL,DBMS Storage System Multiple-Choice Questions (MCQs),Storage of this type is often used for caching frequently accessed data in ___ systems.,Server,Flash,Storage,None,A,Storage of this type is often used for caching frequently accessed data in server systems.,medium,web:Includehelp.com https://www.includehelp.com/mcq/dbms-storage-system-mcqs.aspx,
DBMS & SQL,DBMS Storage System Multiple-Choice Questions (MCQs),It leads to high performance systems and can be used to store a ___ amount of data than what can be stored in the main memory.,Smaller,Larger,Medium,None,B,It leads to high performance systems and can be used to store a larger amount of data than what can be stored in the main memory.,medium,web:Includehelp.com https://www.includehelp.com/mcq/dbms-storage-system-mcqs.aspx,
DBMS & SQL,DBMS Storage System Multiple-Choice Questions (MCQs),Magnetic Disk Storage is also known as -,Offline Storage Media,Online Storage Media,Shuffle Storage Media,Storage Media,B,Magnetic Disk Storage is also known as Online Storage Media.,medium,web:Includehelp.com https://www.includehelp.com/mcq/dbms-storage-system-mcqs.aspx,
DBMS & SQL,DBMS Storage System Multiple-Choice Questions (MCQs),Magnetic disks are used to store data for a ___ period of time.,Short,Long,Average,None,B,Magnetic disks are used to store data for a long period of time.,medium,web:Includehelp.com https://www.includehelp.com/mcq/dbms-storage-system-mcqs.aspx,
DBMS & SQL,DBMS Storage System Multiple-Choice Questions (MCQs),A/An ___ database can be stored on magnetic disk storage.,Half,Quarter,Entire,None,C,An entire database can be stored on magnetic disk storage.,medium,web:Includehelp.com https://www.includehelp.com/mcq/dbms-storage-system-mcqs.aspx,
DBMS & SQL,DBMS Storage System Multiple-Choice Questions (MCQs),The computer system is responsible for providing access to the data on a disk to the main memory.,Main,Secondary,Primary,Tertiary,A,The computer system is responsible for providing access to the data on a disk to the main memory.,medium,web:Includehelp.com https://www.includehelp.com/mcq/dbms-storage-system-mcqs.aspx,
DBMS & SQL,DBMS Storage System Multiple-Choice Questions (MCQs),"Any time the system ____ the data, it should write back the modified data to the disk.",Saves,Manipulates,Adds,Deletes,B,"Any time the system manipulates the data, it should write back the modified data to the disk.",medium,web:Includehelp.com https://www.includehelp.com/mcq/dbms-storage-system-mcqs.aspx,
DBMS & SQL,DBMS Storage System Multiple-Choice Questions (MCQs),"___ have the distinguishing characteristic of not affecting the data in the event of a system crash or failure, but a disk failure can easily damage and destroy the stored data.",Flash Memory,Magnetic Disks,Optical Storage,Tape Storage,B,"Magnetic disks have the distinguishing characteristic of not affecting the data in the event of a system crash or failure, but a disk failure can easily damage and destroy the stored data.",medium,web:Includehelp.com https://www.includehelp.com/mcq/dbms-storage-system-mcqs.aspx,
DBMS & SQL,DBMS Storage System Multiple-Choice Questions (MCQs),There is a type of storage called Tertiary Storage that is ___ to the computer system.,Internal,External,Both A and B,None of the above,C,There is a type of storage called Tertiary Storage that is external to the computer system.,medium,web:Includehelp.com https://www.includehelp.com/mcq/dbms-storage-system-mcqs.aspx,
DBMS & SQL,DBMS Storage System Multiple-Choice Questions (MCQs),___ Storage has the slowest speed.,Primary,Secondary,Tertiary,None,C,Tertiary Storage has the slowest speed.,medium,web:Includehelp.com https://www.includehelp.com/mcq/dbms-storage-system-mcqs.aspx,
DBMS & SQL,DBMS Storage System Multiple-Choice Questions (MCQs),A ____ storage system can store a significant amount of data.,Primary,Secondary,Tertiary,None,C,A tertiary storage system can store a significant amount of data.,medium,web:Includehelp.com https://www.includehelp.com/mcq/dbms-storage-system-mcqs.aspx,
DBMS & SQL,DBMS Storage System Multiple-Choice Questions (MCQs),Tertiary storage is also known as -,Online storage,Offline storage,Main storage,None,B,Tertiary Storage is also known as Offline Storage.,medium,web:Includehelp.com https://www.includehelp.com/mcq/dbms-storage-system-mcqs.aspx,
DBMS & SQL,DBMS Storage System Multiple-Choice Questions (MCQs),Data backup usually takes place on ___ storage.,Primary,Secondary,Tertiary,None,C,Data backup usually takes place on tertiary storage.,medium,web:Includehelp.com https://www.includehelp.com/mcq/dbms-storage-system-mcqs.aspx,
DBMS & SQL,DBMS Storage System Multiple-Choice Questions (MCQs),Which of the following is the tertiary storage device?,Optical Storage,Tape Storage,Both A and B,None of the above,C,"The tertiary storage devices are -
 Optical Storage
 Tape Storage",medium,web:Includehelp.com https://www.includehelp.com/mcq/dbms-storage-system-mcqs.aspx,
DBMS & SQL,DBMS Storage System Multiple-Choice Questions (MCQs),____ of data can be stored on optical storage devices.,Megabytes,Gigabytes,Both A and B,None of the above,C,Megabytes or gigabytes of data can be stored on optical storage devices.,medium,web:Includehelp.com https://www.includehelp.com/mcq/dbms-storage-system-mcqs.aspx,
DBMS & SQL,DBMS Storage System Multiple-Choice Questions (MCQs),"In order to store 700 megabytes of data on a Compact Disk (CD), the drive must be played for approximately ___ minutes.",60,70,80,90,C,"In order to store 700 megabytes of data on a Compact Disk (CD), the drive must be played for approximately 80 minutes.",medium,web:Includehelp.com https://www.includehelp.com/mcq/dbms-storage-system-mcqs.aspx,
DBMS & SQL,DBMS Storage System Multiple-Choice Questions (MCQs),The depth and width of a DVD or Digital Video Disk can store between ____ gigabytes of data.,4.7,8.5,Both A and B,None of the above,C,The depth and width of a DVD or Digital Video Disk can store between 4.7 and 8.5 gigabytes of data.,medium,web:Includehelp.com https://www.includehelp.com/mcq/dbms-storage-system-mcqs.aspx,
DBMS & SQL,DBMS Storage System Multiple-Choice Questions (MCQs),___ is the most cost-effective storage medium compared to disks.,Magnetic Disk Storage,Optical Storage,Tape Storage,None of the above,C,Tape storage is the most cost-effective storage medium compared to disks.,medium,web:Includehelp.com https://www.includehelp.com/mcq/dbms-storage-system-mcqs.aspx,
DBMS & SQL,DBMS Storage System Multiple-Choice Questions (MCQs),Data is ___ up on tapes.,Archived,Backed,Both A and B,None of the above,C,Data is archived or backed up on tapes.,medium,web:Includehelp.com https://www.includehelp.com/mcq/dbms-storage-system-mcqs.aspx,
DBMS & SQL,DBMS Storage System Multiple-Choice Questions (MCQs),Data is accessed ___ from the beginning when using Tape Storage because it is accessed ____ from the beginning.,Consecutively,Sequentially,Simultaneously,None,C,Data is accessed sequentially from the beginning when using Tape Storage because it is accessed sequentially from the beginning.,medium,web:Includehelp.com https://www.includehelp.com/mcq/dbms-storage-system-mcqs.aspx,
DBMS & SQL,DBMS Storage System Multiple-Choice Questions (MCQs),Tape Storage also refer as -,Sequential-access Storage,Offline Storage,Online Storage,Main Storage,A,Tape Storage also refer as Sequential-access Storage.,medium,web:Includehelp.com https://www.includehelp.com/mcq/dbms-storage-system-mcqs.aspx,
DBMS & SQL,DBMS Storage System Multiple-Choice Questions (MCQs),The ability to access data directly from any location on a disk is what makes disk storage known as ___ storage.,Random-access,Direct-access,Linear-access,Heap-access,B,The ability to access data directly from any location on a disk is what makes disk storage known as direct-access storage.,medium,web:Includehelp.com https://www.includehelp.com/mcq/dbms-storage-system-mcqs.aspx,
DBMS & SQL,DBMS Storage System Multiple-Choice Questions (MCQs),Which among the following comes at the top in storage hierarchy?,Cache,Main Memory,Flash Memory,Magnetic Disk,A,Cache comes at the top in storage hierarchy.,medium,web:Includehelp.com https://www.includehelp.com/mcq/dbms-storage-system-mcqs.aspx,
DBMS & SQL,DBMS Storage System Multiple-Choice Questions (MCQs),Which among the following comes at the bottom in storage hierarchy?,Magnetic Disks,Main Memory,Flash Memory,Magnetic Tapes,D,Magnetic Tapes comes at the bottom in storage hierarchy.,medium,web:Includehelp.com https://www.includehelp.com/mcq/dbms-storage-system-mcqs.aspx,
DBMS & SQL,DBMS File Organization Storage Multiple-Choice Questions (MCQs),"___, the fixed-length storage units that separate files, are used to organize files.",Logs,Arrays,Stacks,Blocks,D,"Blocks, the fixed-length storage units that separate files, are used to organize files.",medium,web:Includehelp.com https://www.includehelp.com/mcq/dbms-file-organization-storage-mcqs.aspx,
DBMS & SQL,DBMS File Organization Storage Multiple-Choice Questions (MCQs),"In addition to serving as the unit of storage allocation, blocks also serve as units of ___.",Data Storage,Data Transfer,Data Allocation,Data Redundancy,B,"In addition to serving as the unit of storage allocation, blocks also serve as units of data transfer.",medium,web:Includehelp.com https://www.includehelp.com/mcq/dbms-file-organization-storage-mcqs.aspx,
DBMS & SQL,DBMS File Organization Storage Multiple-Choice Questions (MCQs),"Most databases allow specifying the block size at the time of creating the database instance, although the default size is 4 to 8 kilobytes.",4-5,4-6,4-7,4-8,D,"Most databases allow specifying the block size at the time of creating the database instance, although the default size is 4-8 kilobytes.",medium,web:Includehelp.com https://www.includehelp.com/mcq/dbms-file-organization-storage-mcqs.aspx,
DBMS & SQL,DBMS File Organization Storage Multiple-Choice Questions (MCQs),How many possible ways are there to represent a record?,2,3,4,5,A,The possible ways to represent records are 2.,medium,web:Includehelp.com https://www.includehelp.com/mcq/dbms-file-organization-storage-mcqs.aspx,
DBMS & SQL,DBMS File Organization Storage Multiple-Choice Questions (MCQs),Which of the following is the possible way to represent the record?,Fixed-length records,Variable-length records,Both A and B,None of the above,C,The possible ways to represent the record are Fixed-length records and Variable-length records.,medium,web:Includehelp.com https://www.includehelp.com/mcq/dbms-file-organization-storage-mcqs.aspx,
DBMS & SQL,DBMS File Organization Storage Multiple-Choice Questions (MCQs),Fixed-length records are records that have a particular length and are saved into a file.,Fixed,Variable,Both A and B,None of the above,A,Fixed-length records are records that have a particular length and are saved into a file.,medium,web:Includehelp.com https://www.includehelp.com/mcq/dbms-file-organization-storage-mcqs.aspx,
DBMS & SQL,DBMS File Organization Storage Multiple-Choice Questions (MCQs),____ records are divided into multiple blocks if their size exceeds the fixed limit.,Undersized,Sized,Oversized,None,C,Oversized records are divided into multiple blocks if their size exceeds the fixed limit.,medium,web:Includehelp.com https://www.includehelp.com/mcq/dbms-file-organization-storage-mcqs.aspx,
DBMS & SQL,DBMS File Organization Storage Multiple-Choice Questions (MCQs),Inserting and deleting fixed-length records is easy because the space left over after a ____ record is precisely the same as the space required for inserting a new record.,Added,Updated,Deleted,None,C,Inserting and deleting fixed-length records is easy because the space left over after a deleted record is precisely the same as the space required for inserting a new record.,medium,web:Includehelp.com https://www.includehelp.com/mcq/dbms-file-organization-storage-mcqs.aspx,
DBMS & SQL,DBMS File Organization Storage Multiple-Choice Questions (MCQs),Which of the following is the problem that occur due to fixed size?,The ability to read or write into a record that contains subparts that are partially stored in more than one block depends on access to all of the blocks that contain the subparts.,"In such an organization, deleting a record is difficult.","In that case, a new record or part of a record fills up the block if the existing record's size is less than the block size.",All of the above,D,"The problems that occur due to fixed size -
 The ability to read or write into a record that contains subparts that are partially stored in more than one block depends on access to all of the blocks that contain the subparts.
 In such an organization, deleting a record is difficult.
 In that case, a new record or part of a record fills up the block if the existing record's size is less than the block size.",medium,web:Includehelp.com https://www.includehelp.com/mcq/dbms-file-organization-storage-mcqs.aspx,
DBMS & SQL,DBMS File Organization Storage Multiple-Choice Questions (MCQs),"There are a number of ___ of information in the allocated file header, including the first record address.",Bits,Bytes,Gigabytes,Kilobytes,A,"There are a number of bits of information in the allocated file header, including the first record address.",medium,web:Includehelp.com https://www.includehelp.com/mcq/dbms-file-organization-storage-mcqs.aspx,
DBMS & SQL,DBMS File Organization Storage Multiple-Choice Questions (MCQs),Records that vary in length are called ____-length records.,Fixed,Variable,Both A and B,None of the above,B,Records that vary in length are called variable-length records.,medium,web:Includehelp.com https://www.includehelp.com/mcq/dbms-file-organization-storage-mcqs.aspx,
DBMS & SQL,DBMS File Organization Storage Multiple-Choice Questions (MCQs),"To store them, it is necessary to create a number of blocks of ___ sizes.",Fixed,Varying,Average,None,B,"To store them, it is necessary to create a number of blocks of varying sizes.",medium,web:Includehelp.com https://www.includehelp.com/mcq/dbms-file-organization-storage-mcqs.aspx,
DBMS & SQL,DBMS File Organization Storage Multiple-Choice Questions (MCQs),A variable-length record is kept in the database system using which of the following methods:,Multiple record types can be stored in a single file.,Record types for repeating fields like arrays or multisets are kept.,Variable lengths are enabled either for one field or for multiple fields so that it can be used as a Record type.,All of the above,D,"A variable-length record is kept in the database system using the following methods:
 Multiple record types can be stored in a single file.
 Record types for repeating fields like arrays or multisets are kept.
 Variable lengths are enabled either for one field or for multiple fields so that it can be used as a Record type.",medium,web:Includehelp.com https://www.includehelp.com/mcq/dbms-file-organization-storage-mcqs.aspx,
DBMS & SQL,DBMS File Organization Storage Multiple-Choice Questions (MCQs),What is the problem in the variable-length record?,Establishing the way in which a single record is represented in such a way that the individual attributes can be extracted quickly and easily.,Defining the way in which variable-length records can be stored within blocks so that they can be easily extracted.,Both A and B,None of the above,C,"The problems in the variable-length record are -
 Establishing the way in which a single record is represented in such a way that the individual attributes can be extracted quickly and easily.
 Defining the way in which variable-length records can be stored within blocks so that they can be easily extracted.",medium,web:Includehelp.com https://www.includehelp.com/mcq/dbms-file-organization-storage-mcqs.aspx,
DBMS & SQL,DBMS File Organization Storage Multiple-Choice Questions (MCQs),In how many parts can the representation of variable-length record be divided?,2,3,4,5,A,The representation of variable-length record be divided into two parts.,medium,web:Includehelp.com https://www.includehelp.com/mcq/dbms-file-organization-storage-mcqs.aspx,
DBMS & SQL,DBMS File Organization Storage Multiple-Choice Questions (MCQs),"An initial part of the record containing ___-length numeric values, date values, and ___-length character attributes that are used to store their values.",Fixed,Variable,Both A and B,None of the above,A,"An initial part of the record containing fixed-length numeric values, date values, and fixed-length character attributes that are used to store their values.",medium,web:Includehelp.com https://www.includehelp.com/mcq/dbms-file-organization-storage-mcqs.aspx,
DBMS & SQL,DBMS File Organization Storage Multiple-Choice Questions (MCQs),"As with other variable-length attributes, the (offset, length) pair represents the data in the ____ portion of the record for variable-length attributes like varchar.",Initial,Middle,Average,Final,A,"As with other variable-length attributes, the (offset, length) pair represents the data in the initial portion of the record for variable-length attributes like varchar.",medium,web:Includehelp.com https://www.includehelp.com/mcq/dbms-file-organization-storage-mcqs.aspx,
DBMS & SQL,DBMS File Organization Storage Multiple-Choice Questions (MCQs),"A record's offset refers to where it begins, whereas the record's length refers to its ____ size.",Fixed,Variable,Both A and B,None of the above,B,"A record's offset refers to where it begins, whereas the record's length refers to its variable size.",medium,web:Includehelp.com https://www.includehelp.com/mcq/dbms-file-organization-storage-mcqs.aspx,
DBMS & SQL,DBMS File Organization Storage Multiple-Choice Questions (MCQs),"This initial part stores info about the ___-length and variable-length attributes, such as whether it is a fixed-length attribute or not.",Fixed-size,Variable-size,Fixed-length,Variable-length,C,"This initial part stores info about the fixed-length and variable-length attributes, such as whether it is a fixed-length attribute or not.",medium,web:Includehelp.com https://www.includehelp.com/mcq/dbms-file-organization-storage-mcqs.aspx,
DBMS & SQL,DBMS File Organization Storage Multiple-Choice Questions (MCQs),Records with ____ lengths cannot be stored within the block.,Fixed,Variable,Both A and B,None of the above,B,Records with variable lengths cannot be stored within the block.,medium,web:Includehelp.com https://www.includehelp.com/mcq/dbms-file-organization-storage-mcqs.aspx,
DBMS & SQL,DBMS File Organization Storage Multiple-Choice Questions (MCQs),A ____-page structure is used to organize the records that can't fit into the block.,Scooted,Slotted,Spotted,None,B,A slotted-page structure is used to organize the records that can't fit into the block.,medium,web:Includehelp.com https://www.includehelp.com/mcq/dbms-file-organization-storage-mcqs.aspx,
DBMS & SQL,DBMS File Organization Storage Multiple-Choice Questions (MCQs),Each block starts with a ____ in the slotted-page structure.,Header,Footer,Centre,None,A,Each block starts with a header in the slotted-page structure.,medium,web:Includehelp.com https://www.includehelp.com/mcq/dbms-file-organization-storage-mcqs.aspx,
DBMS & SQL,DBMS File Organization Storage Multiple-Choice Questions (MCQs),What information are there in the header?,"In the header, the number of records",The block is fully occupied,The location and size of each record is contained in an array.,All of the above,D,"The information in the header are -
 In the header, the number of records
 The block is fully occupied
 The location and size of each record is contained in an array.",medium,web:Includehelp.com https://www.includehelp.com/mcq/dbms-file-organization-storage-mcqs.aspx,
DBMS & SQL,DBMS File Organization Storage Multiple-Choice Questions (MCQs),"Within each block, there are contiguous ___-length records.",Fixed,Variables,Both A and B,None of the above,B,"Within each block, there are contiguous variables-length records.",medium,web:Includehelp.com https://www.includehelp.com/mcq/dbms-file-organization-storage-mcqs.aspx,
DBMS & SQL,DBMS File Organization Storage Multiple-Choice Questions (MCQs),The new record goes at the end of the free space whenever it is inserted.,Fixed,Variable,Free,Occupied,C,The new record goes at the end of the free space whenever it is inserted.,medium,web:Includehelp.com https://www.includehelp.com/mcq/dbms-file-organization-storage-mcqs.aspx,
DBMS & SQL,DBMS File Organization Storage Multiple-Choice Questions (MCQs),"With slotted-page structure, no direct ___ to the record is used as the primary technique.",Log,Array,Point,Pointer,D,"With slotted-page structure, no direct pointer to the record is used as the primary technique.",medium,web:Includehelp.com https://www.includehelp.com/mcq/dbms-file-organization-storage-mcqs.aspx,
DBMS & SQL,DBMS File Organization Storage Multiple-Choice Questions (MCQs),A pointer should be placed at the ___ entry containing the location information.,Header,Footer,Header and Footer,None,A,A pointer should be placed at the header entry containing the location information.,medium,web:Includehelp.com https://www.includehelp.com/mcq/dbms-file-organization-storage-mcqs.aspx,
DBMS & SQL,DBMS Buffer Replacement Strategies Multiple-Choice Questions (MCQs),How many strategies does Buffer Manager use for Buffer Replacement?,2,3,4,5,B,There are 3 strategies does Buffer Manager used for Buffer Replacement.,medium,web:Includehelp.com https://www.includehelp.com/mcq/dbms-buffer-replacement-strategies-mcqs.aspx,
DBMS & SQL,DBMS Buffer Replacement Strategies Multiple-Choice Questions (MCQs),Which of the following does the Buffer Manager use for Buffer Replacement?,Least Recently Used Strategy,Toss-Immediate Strategy,Most-Recently Used Strategy,All of the above,D,"The Buffer Manager uses the following strategies for Buffer Replacement -
 Least Recently Used Strategy
 Toss-Immediate Strategy
 Most-Recently Used Strategy",medium,web:Includehelp.com https://www.includehelp.com/mcq/dbms-buffer-replacement-strategies-mcqs.aspx,
DBMS & SQL,DBMS Buffer Replacement Strategies Multiple-Choice Questions (MCQs),Data or processes with the ____ score in their most recent use is replaced with the new data or processes.,Highest,Lowest,Average,None,B,Data or processes with the lowest score in their most recent use are replaced with the new data or processes.,medium,web:Includehelp.com https://www.includehelp.com/mcq/dbms-buffer-replacement-strategies-mcqs.aspx,
DBMS & SQL,DBMS Buffer Replacement Strategies Multiple-Choice Questions (MCQs),____-replacement strategy replaces the most recently referenced ____ if an existing ____ needs to be replaced.,Buffer,Block,Both A and B,None of the above,B,Block-replacement strategy replaces the most recently referenced block if an existing block needs to be replaced.,medium,web:Includehelp.com https://www.includehelp.com/mcq/dbms-buffer-replacement-strategies-mcqs.aspx,
DBMS & SQL,DBMS Buffer Replacement Strategies Multiple-Choice Questions (MCQs),"In the _____ strategy, the buffer manager should be instructed before processing of the final result, when the space occupied by a specific block is freed.",Least-used,Toss-immediate,Most-used,None,B,"In the toss-immediate strategy, the buffer manager should be instructed before processing of the final result, when the space occupied by a specific block is freed.",medium,web:Includehelp.com https://www.includehelp.com/mcq/dbms-buffer-replacement-strategies-mcqs.aspx,
DBMS & SQL,DBMS Buffer Replacement Strategies Multiple-Choice Questions (MCQs),____ replaces recent data or processes with the existing ones with the data or processes with the highest scores.,LRU,TI,MRU,None,C,MRU replaces recent data or processes with the existing ones with the data or processes with the highest scores.,medium,web:Includehelp.com https://www.includehelp.com/mcq/dbms-buffer-replacement-strategies-mcqs.aspx,
DBMS & SQL,DBMS Buffer Replacement Strategies Multiple-Choice Questions (MCQs),The choice of the appropriate strategy is also affected by ___.,Data,Time,Money,Choice,B,The choice of the appropriate strategy is also affected by time.,medium,web:Includehelp.com https://www.includehelp.com/mcq/dbms-buffer-replacement-strategies-mcqs.aspx,
DBMS & SQL,DBMS Buffer Replacement Strategies Multiple-Choice Questions (MCQs),"Database systems may have to delay some requests if they receive ____ requests from different users, so they can preserve data consistency.",Consecutive,Simultaneous,Concurrent,None,C,"Database systems may have to delay some requests if they receive concurrent requests from different users, so they can preserve data consistency.",medium,web:Includehelp.com https://www.includehelp.com/mcq/dbms-buffer-replacement-strategies-mcqs.aspx,
DBMS & SQL,DBMS Buffer Replacement Strategies Multiple-Choice Questions (MCQs),The buffer manager may ___ its strategies if it learns about the delayed requests.,Update,Modify,Add,Delete,B,The buffer manager may modify its strategies if it learns about the delayed requests.,medium,web:Includehelp.com https://www.includehelp.com/mcq/dbms-buffer-replacement-strategies-mcqs.aspx,
DBMS & SQL,DBMS Data Dictionary Storage Multiple-Choice Questions (MCQs),"In relational databases, a data dictionary is similar to the ___ index for every relation that makes up the database.",A-I,A-G,A-U,A-Z,D,"In relational databases, a data dictionary is similar to the A-Z index for every relation that makes up the database.",medium,web:Includehelp.com https://www.includehelp.com/mcq/dbms-data-dictionary-storage-mcqs.aspx,
DBMS & SQL,DBMS Data Dictionary Storage Multiple-Choice Questions (MCQs),What are the types of information a system must store?,Relations Names,Each relations attributes names,Attributes domains and lengths,All of the above,D,"The types of information a system must store -
 Relations Names
 Each relations attributes names
 Attributes domains and lengths",medium,web:Includehelp.com https://www.includehelp.com/mcq/dbms-data-dictionary-storage-mcqs.aspx,
DBMS & SQL,DBMS Data Dictionary Storage Multiple-Choice Questions (MCQs),"Accordingly, the following data is also kept by the system based on users:",Authorized users name,Information about users' accounts and authorizations.,"Information relating to user authentication, such as passwords.",All of the above,D,"Accordingly, the following data is also kept by the system based on users:
 Authorized users name
 Information about users' accounts and authorizations.
 Information relating to user authentication, such as passwords.",medium,web:Includehelp.com https://www.includehelp.com/mcq/dbms-data-dictionary-storage-mcqs.aspx,
DBMS & SQL,DBMS Data Dictionary Storage Multiple-Choice Questions (MCQs),___ data about the relationships may also be stored in the system.,Statistical,Descriptive,Both A and B,None of the above,C,Statistical and descriptive data about the relationships may also be stored in the system.,medium,web:Includehelp.com https://www.includehelp.com/mcq/dbms-data-dictionary-storage-mcqs.aspx,
DBMS & SQL,DBMS Data Dictionary Storage Multiple-Choice Questions (MCQs),"Storage organization may also be stored in a system, be it ___.",Sequential,Hash,Heap,All of the above,D,"Storage organization may also be stored in a system, be it sequential, hash, or heap.",medium,web:Includehelp.com https://www.includehelp.com/mcq/dbms-data-dictionary-storage-mcqs.aspx,
DBMS & SQL,DBMS Data Dictionary Storage Multiple-Choice Questions (MCQs),The data ____ stores the names of files that contain relations if they are stored in the files of the operating system.,Dictionary,Independency,Storage,System,A,The data dictionary stores the names of files that contain relations if they are stored in the files of the operating system.,medium,web:Includehelp.com https://www.includehelp.com/mcq/dbms-data-dictionary-storage-mcqs.aspx,
DBMS & SQL,DBMS Data Dictionary Storage Multiple-Choice Questions (MCQs),"In the case where the database stores all the relationships in a single file, the data dictionary notes each record in a/an ____ and stores the blocks containing the records in a data structure similar to that.",Array,Linked List,Stack,Queue,B,"In the case where the database stores all the relationships in a single file, the data dictionary notes each record in a linked list and stores the blocks containing the records in a data structure similar to that.",medium,web:Includehelp.com https://www.includehelp.com/mcq/dbms-data-dictionary-storage-mcqs.aspx,
DBMS & SQL,DBMS Data Dictionary Storage Multiple-Choice Questions (MCQs),The information about the ___ of the relations is also stored in data dictionary.,Array,Logs,Indexes,None,C,The information about the indexes of the relations is also stored in data dictionary.,medium,web:Includehelp.com https://www.includehelp.com/mcq/dbms-data-dictionary-storage-mcqs.aspx,
DBMS & SQL,DBMS Data Dictionary Storage Multiple-Choice Questions (MCQs),Underlines are used in data dictionary fields to indicate that they contain ____ keys.,Primary,Foreign,Alternate,Composite,A,Underlines are used in data dictionary fields to indicate that they contain primary keys.,medium,web:Includehelp.com https://www.includehelp.com/mcq/dbms-data-dictionary-storage-mcqs.aspx,
DBMS & SQL,DBMS Database Buffer Multiple-Choice Questions (MCQs),Keeping so many blocks in the ___ memory is difficult; we have to allocate storage space in the main memory for the blocks we need to keep.,Primary,Secondary,Tertiary,None,D,Keeping so many blocks in the main memory is difficult; we have to allocate storage space in the main memory for the blocks we need to keep.,medium,web:Includehelp.com https://www.includehelp.com/mcq/dbms-database-buffer-mcqs.aspx,
DBMS & SQL,DBMS Database Buffer Multiple-Choice Questions (MCQs),There is a database ____ in the main memory that is used for temporary storage.,Buffer,Set,Storage,None,A,There is a database buffer in the main memory that is used for temporary storage.,medium,web:Includehelp.com https://www.includehelp.com/mcq/dbms-database-buffer-mcqs.aspx,
DBMS & SQL,DBMS Database Buffer Multiple-Choice Questions (MCQs),Database buffers contain copies of disk ___.,Blocks,Space,Buffer,None,A,Database buffers contain copies of disk blocks.,medium,web:Includehelp.com https://www.includehelp.com/mcq/dbms-database-buffer-mcqs.aspx,
DBMS & SQL,DBMS Database Buffer Multiple-Choice Questions (MCQs),There is a possibility that the buffer version is ___ than the block copies on disk.,Older,Newer,Both A and B,None of the above,A,There is a possibility that the buffer version is older than the block copies on disk.,medium,web:Includehelp.com https://www.includehelp.com/mcq/dbms-database-buffer-mcqs.aspx,
DBMS & SQL,DBMS Database Buffer Multiple-Choice Questions (MCQs),"In order to store data into a buffer, a Buffer Manager allocates space to the buffer.",Space,Time,Life,None,A,"In order to store data into a buffer, a Buffer Manager allocates space to the buffer.",medium,web:Includehelp.com https://www.includehelp.com/mcq/dbms-database-buffer-mcqs.aspx,
DBMS & SQL,DBMS Database Buffer Multiple-Choice Questions (MCQs),"When a user requests a particular block, the buffer manager provides the block address in the main memory if the block is in the buffer.",Main memory,Primary memory,Secondary memory,Tertiary memory,A,"When a user requests a particular block, the buffer manager provides the block address in the main memory if the block is in the buffer.",medium,web:Includehelp.com https://www.includehelp.com/mcq/dbms-database-buffer-mcqs.aspx,
DBMS & SQL,DBMS Database Buffer Multiple-Choice Questions (MCQs),The buffer manager allocates the ___ to the buffer if the ___ is not available in the buffer.,Block,Buffer,Manager,None,A,The buffer manager allocates the block to the buffer if the block is not available in the buffer.,medium,web:Includehelp.com https://www.includehelp.com/mcq/dbms-database-buffer-mcqs.aspx,
DBMS & SQL,DBMS Database Buffer Multiple-Choice Questions (MCQs),"When free space isn't available, the new block is allocated space from existing blocks thrown out from the buffer.",Free space,Fixed space,Filled space,No space,A,"When free space isn't available, the new block is allocated space from existing blocks thrown out from the buffer.",medium,web:Includehelp.com https://www.includehelp.com/mcq/dbms-database-buffer-mcqs.aspx,
DBMS & SQL,DBMS Database Buffer Multiple-Choice Questions (MCQs),Disk writes only the ___ that have been modified recently to the disk when throwing ___ back.,Blocks,Buffers,Brand,None,A,Disk writes only the blocks that have been modified recently to the disk when throwing blocks back.,medium,web:Includehelp.com https://www.includehelp.com/mcq/dbms-database-buffer-mcqs.aspx,
DBMS & SQL,DBMS Database Buffer Multiple-Choice Questions (MCQs),"In such cases, the ___ manager reads the requested block from the disk into the ___, passes it to the user in main memory, and then throws out the block that the user requested.",Block,Database,Buffer,None,C,"In such cases, the buffer manager reads the requested block from the disk into the buffer, passes it to the user in main memory, and then throws out the block that the user requested.",medium,web:Includehelp.com https://www.includehelp.com/mcq/dbms-database-buffer-mcqs.aspx,
DBMS & SQL,DBMS Database Buffer Multiple-Choice Questions (MCQs),"Programs are not aware of what the ___ manager is doing internally, which could cause a problem in disk block requests.",Buffer,Block,Bid,None,A,"Programs are not aware of what the buffer manager is doing internally, which could cause a problem in disk block requests.",medium,web:Includehelp.com https://www.includehelp.com/mcq/dbms-database-buffer-mcqs.aspx,
DBMS & SQL,DBMS Database Buffer Multiple-Choice Questions (MCQs),Buffer managers are similar to ____ machines.,Real,Virtual,Both A and B,None of the above,B,Buffer managers are similar to virtual machines.,medium,web:Includehelp.com https://www.includehelp.com/mcq/dbms-database-buffer-mcqs.aspx,
DBMS & SQL,DBMS Database Buffer Multiple-Choice Questions (MCQs),"Before allocating the new block, the existing block must be removed from the buffer if there is ___ space left.",Some,No,Big,Small,B,"Before allocating the new block, the existing block must be removed from the buffer if there is no space left.",medium,web:Includehelp.com https://www.includehelp.com/mcq/dbms-database-buffer-mcqs.aspx,
DBMS & SQL,DBMS Database Buffer Multiple-Choice Questions (MCQs),"By ___, a block whose least recent use has been removed from the buffer and written to the disk.",LUR,LRU,RUL,RLU,B,"By LRU, a block whose least recent use has been removed from the buffer and written to the disk.",medium,web:Includehelp.com https://www.includehelp.com/mcq/dbms-database-buffer-mcqs.aspx,
DBMS & SQL,DBMS Database Buffer Multiple-Choice Questions (MCQs),The user should restrict the time a block can be written back to the disk so that the database system can be ___ after a crash.,Reintroduced,Recovered,Reinstalled,Reiterated,B,The user should restrict the time a block can be written back to the disk so that the database system can be recovered after a crash.,medium,web:Includehelp.com https://www.includehelp.com/mcq/dbms-database-buffer-mcqs.aspx,
DBMS & SQL,DBMS Database Buffer Multiple-Choice Questions (MCQs),It is common for recovery systems not to allow writing of blocks to the disk during block ___ operations.,Update,Add,Remove,None,A,It is common for recovery systems not to allow writing of blocks to the disk during block update operations.,medium,web:Includehelp.com https://www.includehelp.com/mcq/dbms-database-buffer-mcqs.aspx,
DBMS & SQL,DBMS Database Buffer Multiple-Choice Questions (MCQs),"Known as ___ blocks, these are blocks that can't be written to the disk.",Pinup,Pindown,Pinned,Piled,C,"Known as pinned blocks, these are blocks that can't be written to the disk.",medium,web:Includehelp.com https://www.includehelp.com/mcq/dbms-database-buffer-mcqs.aspx,
DBMS & SQL,DBMS Database Buffer Multiple-Choice Questions (MCQs),"It may be necessary to write the buffered block back to the disk in some cases, even though the buffered space is not required. Such forced output is known as forced ___ of a block.",Input,Output,Buffer,None,B,"It may be necessary to write the buffered block back to the disk in some cases, even though the buffered space is not required. Such forced output is known as forced output of a block.",medium,web:Includehelp.com https://www.includehelp.com/mcq/dbms-database-buffer-mcqs.aspx,
DBMS & SQL,DBMS Database Buffer Multiple-Choice Questions (MCQs),"It is possible to lose data stored on the buffer due to a ___ of the system, but the data on the disk is not usually affected.",Crash,Crack,Crux,None,A,"It is possible to lose data stored on the buffer due to a crash of the system, but the data on the disk is not usually affected.",medium,web:Includehelp.com https://www.includehelp.com/mcq/dbms-database-buffer-mcqs.aspx,
DBMS & SQL,DBMS Estimating Query Cost Multiple-Choice Questions (MCQs),"The cost of an evaluation plan for a query is based on several factors, including:",Accesses to the disk,A CPU's time spent executing a query,"In distributed and parallel databases, communication costs are high.",All of the above,D,"The cost of an evaluation plan for a query is based on several factors, including:
 Accesses to the disk
 A CPU's time spent executing a query
 In distributed and parallel databases, communication costs are high.",medium,web:Includehelp.com https://www.includehelp.com/mcq/dbms-estimating-query-cost-mcqs.aspx,
DBMS & SQL,DBMS Estimating Query Cost Multiple-Choice Questions (MCQs),"The number of blocks transferred from the disk, along with the number of disks seeks, are used to estimate the cost of a query evaluation plan.",Query Estimation Plan,Query Evaluation Plan,Query Exemption Plan,None,B,"The number of blocks transferred from the disk, along with the number of disks seeks, are used to estimate the cost of a query evaluation plan.",medium,web:Includehelp.com https://www.includehelp.com/mcq/dbms-estimating-query-cost-mcqs.aspx,
DBMS & SQL,DBMS Estimating Query Cost Multiple-Choice Questions (MCQs),"To estimate the cost, we generally take the ___ case into account.",Best,Worst,Medium,None,B,"To estimate the cost, we generally take the worst case into account.",medium,web:Includehelp.com https://www.includehelp.com/mcq/dbms-estimating-query-cost-mcqs.aspx,
DBMS & SQL,DBMS Estimating Query Cost Multiple-Choice Questions (MCQs),"To estimate the cost of the query ____, it is possible to determine the response time, i.e., the time it takes to execute the plan.",Evaluation Time,Query Time,Plan Time,Response Time,D,"To estimate the cost of the query evaluation plan, it is possible to determine the response time, i.e., the time it takes to execute the plan.",medium,web:Includehelp.com https://www.includehelp.com/mcq/dbms-estimating-query-cost-mcqs.aspx,
DBMS & SQL,DBMS Estimating Query Cost Multiple-Choice Questions (MCQs),Response time depends on the contents of the buffer when the query begins its execution.,Response,Execution,Plan,Query,A,Response time depends on the contents of the buffer when the query begins its execution.,medium,web:Includehelp.com https://www.includehelp.com/mcq/dbms-estimating-query-cost-mcqs.aspx,
DBMS & SQL,DBMS Estimating Query Cost Multiple-Choice Questions (MCQs),"With multiple disks present in a system, a question such as ""How are disk accesses distributed between the disks?"" affects response time.",Single,Double,Triple,Multiple,D,"With multiple disks present in a system, a question such as ""How are disk accesses distributed between the disks?"" affects response time.",medium,web:Includehelp.com https://www.includehelp.com/mcq/dbms-estimating-query-cost-mcqs.aspx,
DBMS & SQL,DBMS Estimating Query Cost Multiple-Choice Questions (MCQs),The optimizers find that reducing the total resource ____ of the query plan is more important than minimizing response time for queries.,Conclusion,Consumption,Contradiction,Conviction,B,The optimizers find that reducing the total resource consumption of the query plan is more important than minimizing response time for queries.,medium,web:Includehelp.com https://www.includehelp.com/mcq/dbms-estimating-query-cost-mcqs.aspx,
DBMS & SQL,DBMS Estimating Query Cost Multiple-Choice Questions (MCQs),It's a good idea to minimize the resources used to access the disk or use the extra resources when estimating the cost of a query evaluation plan.,Maximize,Minimize,Mediumize,None,B,It's a good idea to minimize the resources used to access the disk or use the extra resources when estimating the cost of a query evaluation plan.,medium,web:Includehelp.com https://www.includehelp.com/mcq/dbms-estimating-query-cost-mcqs.aspx,
DBMS & SQL,DBMS Estimating Query Cost Multiple-Choice Questions (MCQs),"As long as you don't have an in-depth understanding of how the data is presented on the ____, it's hard to estimate.",Disk,Depth,Data,None,A,"As long as you don't have an in-depth understanding of how the data is presented on the disk, it's hard to estimate.",medium,web:Includehelp.com https://www.includehelp.com/mcq/dbms-estimating-query-cost-mcqs.aspx,
DBMS & SQL,DBMS Query Processing Multiple-Choice Questions (MCQs),Data is ___ from the database using various steps in query processing.,Extracted,Added,Fetched,Deleted,C,Data is fetched from the database using various steps in query processing.,medium,web:Includehelp.com https://www.includehelp.com/mcq/dbms-query-processing-mcqs.aspx,
DBMS & SQL,DBMS Query Processing Multiple-Choice Questions (MCQs),How many steps are involved in fetching the data from the database in query processing?,1,2,3,4,C,There are 3 steps involved in fetching the data from the database in query processing.,medium,web:Includehelp.com https://www.includehelp.com/mcq/dbms-query-processing-mcqs.aspx,
DBMS & SQL,DBMS Query Processing Multiple-Choice Questions (MCQs),What is/are the step(s) involved in fetching the data from the database in query processing?,Parsing and translation,Optimization,Evaluation,All of the above,D,"The steps involved in fetching the data from the database in query processing are -
 Parsing and translation
 Optimization
 Evaluation",medium,web:Includehelp.com https://www.includehelp.com/mcq/dbms-query-processing-mcqs.aspx,
DBMS & SQL,DBMS Query Processing Multiple-Choice Questions (MCQs),Initial queries from users are translated into a ____ database language such as SQL.,Low-level,Medium-level,High-level,None,C,Initial queries from users are translated into a high-level database language such as SQL.,medium,web:Includehelp.com https://www.includehelp.com/mcq/dbms-query-processing-mcqs.aspx,
DBMS & SQL,DBMS Query Processing Multiple-Choice Questions (MCQs),"The queries are translated into ___ expressions at the level of the file system, which are used there as well.",Virtual,Real,Physical,None,C,"The queries are translated into physical expressions at the level of the file system, which are used there as well.",medium,web:Includehelp.com https://www.includehelp.com/mcq/dbms-query-processing-mcqs.aspx,
DBMS & SQL,DBMS Query Processing Multiple-Choice Questions (MCQs),"As soon as the queries are translated, they are evaluated and various ___ transformations are performed.",Query-realizing,Query-optimizing,Query-deoptimizing,Query-deletion,B,"As soon as the queries are translated, they are evaluated and various query-optimizing transformations are performed.",medium,web:Includehelp.com https://www.includehelp.com/mcq/dbms-query-processing-mcqs.aspx,
DBMS & SQL,DBMS Query Processing Multiple-Choice Questions (MCQs),"Whenever a computer system processes a query, it ___ first convert it into a language humans can comprehend.",Need not to,Must,Can,Maybe,C,"Whenever a computer system processes a query, it must first convert it into a language humans can comprehend.",medium,web:Includehelp.com https://www.includehelp.com/mcq/dbms-query-processing-mcqs.aspx,
DBMS & SQL,DBMS Query Processing Multiple-Choice Questions (MCQs),"Query languages such as SQL are best suited for humans, however, it is not best suited for the ____ of queries to a system.",Temptation,Processing,Transmission,None,C,"Query languages such as SQL are best suited for humans, however, it is not best suited for the transmission of queries to a system.",medium,web:Includehelp.com https://www.includehelp.com/mcq/dbms-query-processing-mcqs.aspx,
DBMS & SQL,DBMS Query Processing Multiple-Choice Questions (MCQs),An ___ representation of a query is best suited to relational algebra.,External,Internal,Both A and B,None of the above,B,An internal representation of a query is best suited to relational algebra.,medium,web:Includehelp.com https://www.includehelp.com/mcq/dbms-query-processing-mcqs.aspx,
DBMS & SQL,DBMS Query Processing Multiple-Choice Questions (MCQs),"Similar to a query parser, ___ is important in query processing.",Transmission,Translation,Transfusion,Transcreation,B,"Similar to a query parser, translation is important in query processing.",medium,web:Includehelp.com https://www.includehelp.com/mcq/dbms-query-processing-mcqs.aspx,
DBMS & SQL,DBMS Query Processing Multiple-Choice Questions (MCQs),"A user executes a query which the ___ in the system uses to generate the internal form of the query. In addition to checking the syntax of the query, the ____ verifies the name of the relation in the database, then the tuple, then the attribute value.",Parser,Translation,Optimization,Evaluation,A,"A user executes a query which the parser in the system uses to generate the internal form of the query. In addition to checking the syntax of the query, the parser verifies the name of the relation in the database, then the tuple, then the attribute value.",medium,web:Includehelp.com https://www.includehelp.com/mcq/dbms-query-processing-mcqs.aspx,
DBMS & SQL,DBMS Query Processing Multiple-Choice Questions (MCQs),An '_____' is a tree of the query that the parser creates.,Parse-tree,Query-tree,Tree,None,A,An 'parse-tree' is a tree of the query that the parser creates.,medium,web:Includehelp.com https://www.includehelp.com/mcq/dbms-query-processing-mcqs.aspx,
DBMS & SQL,DBMS Query Processing Multiple-Choice Questions (MCQs),"To evaluate the translated ___ expression, it must be annotated with the instructions used to specify and evaluate each operation along with the translation.",Analytical algebra,Relational algebra,Both A and B,None of the above,B,"To evaluate the translated relational algebra expression, it must be annotated with the instructions used to specify and evaluate each operation along with the translation.",medium,web:Includehelp.com https://www.includehelp.com/mcq/dbms-query-processing-mcqs.aspx,
DBMS & SQL,DBMS Query Processing Multiple-Choice Questions (MCQs),The system must create a query ____ plan before it can fully evaluate a query.,Optimization,Parser,Translation,Evaluation,D,The system must create a query evaluation plan before it can fully evaluate a query.,medium,web:Includehelp.com https://www.includehelp.com/mcq/dbms-query-processing-mcqs.aspx,
DBMS & SQL,DBMS Query Processing Multiple-Choice Questions (MCQs),"Depending on the assessment plan, annotations can be added to specify the algorithm to be used for the particular ____.",Index,Operation,Both A and B,None of the above,C,"Depending on the assessment plan, annotations can be added to specify the algorithm to be used for the particular index or operation.",medium,web:Includehelp.com https://www.includehelp.com/mcq/dbms-query-processing-mcqs.aspx,
DBMS & SQL,DBMS Query Processing Multiple-Choice Questions (MCQs),Evaluation _____ are a special kind of relational algebra with annotations.,Primitives,Optimization,Advancement,None,A,Evaluation Primitives are a special kind of relational algebra with annotations.,medium,web:Includehelp.com https://www.includehelp.com/mcq/dbms-query-processing-mcqs.aspx,
DBMS & SQL,DBMS Query Processing Multiple-Choice Questions (MCQs),"In the primitives for ____, all instructions necessary for an operation's ____ are contained.",Parser,Translation,Evaluation,Optimization,C,"In the primitives for evaluation, all instructions necessary for an operation's evaluation are contained.",medium,web:Includehelp.com https://www.includehelp.com/mcq/dbms-query-processing-mcqs.aspx,
DBMS & SQL,DBMS Query Processing Multiple-Choice Questions (MCQs),____ evaluation plans describe the underlying primitive operations that are used to evaluate a query.,Query,Data,Log,Array,A,Query evaluation plans describe the underlying primitive operations that are used to evaluate a query.,medium,web:Includehelp.com https://www.includehelp.com/mcq/dbms-query-processing-mcqs.aspx,
DBMS & SQL,DBMS Query Processing Multiple-Choice Questions (MCQs),Query evaluation plans are also known as query ____ plans.,Execution,Enumeration,Eternal,None,A,Query execution plans are also known as query evaluation plans.,medium,web:Includehelp.com https://www.includehelp.com/mcq/dbms-query-processing-mcqs.aspx,
DBMS & SQL,DBMS Query Processing Multiple-Choice Questions (MCQs),"To generate the output of a query, a ___ is responsible.",Query execution engine,Query execution motor,Query execution train,None,A,"To generate the output of a query, a query execution engine is responsible.",medium,web:Includehelp.com https://www.includehelp.com/mcq/dbms-query-processing-mcqs.aspx,
DBMS & SQL,DBMS Query Processing Multiple-Choice Questions (MCQs),"In the end, it makes the user's query ____ after taking the query execution plan, executing it, and finally making the ____.",Input,Output,Query,Log,B,"In the end, it makes the user's query output after taking the query execution plan, executing it, and finally making the output.",medium,web:Includehelp.com https://www.includehelp.com/mcq/dbms-query-processing-mcqs.aspx,
DBMS & SQL,DBMS Query Processing Multiple-Choice Questions (MCQs),What is TRUE about Query Optimization?,The cost of evaluating a query can vary depending on its type.,"The evaluation plan is built by the system, so the user need not focus on writing their query efficiently.","An efficient query evaluation plan is generated by a database system, which minimizes its costs.",All of the above,D,"In case of Query Optimization -
 The cost of evaluating a query can vary depending on its type.
 The evaluation plan is built by the system, so the user need not focus on writing their query efficiently.
 An efficient query evaluation plan is generated by a database system, which minimizes its costs.",medium,web:Includehelp.com https://www.includehelp.com/mcq/dbms-query-processing-mcqs.aspx,
DBMS & SQL,DBMS Query Processing Multiple-Choice Questions (MCQs),"An efficient query evaluation plan is generated by a database system, which minimizes its costs and it is known as -",Query evaluation,Query optimization,Query parser,Query translation,B,"An efficient query evaluation plan is generated by a database system, which minimizes its costs and it is known as Query optimization.",medium,web:Includehelp.com https://www.includehelp.com/mcq/dbms-query-processing-mcqs.aspx,
DBMS & SQL,DBMS Query Processing Multiple-Choice Questions (MCQs),It is mandatory that the query ___ has an estimate of each operation's cost when optimizing a query.,Evaluator,Optimizer,Parser,Translator,B,It is mandatory that the query optimizer has an estimate of each operation's cost when optimizing a query.,medium,web:Includehelp.com https://www.includehelp.com/mcq/dbms-query-processing-mcqs.aspx,
DBMS & SQL,DBMS Query Processing Multiple-Choice Questions (MCQs),"Costs of memory allocation, execution, and so on are factors that impact the overall ___ cost.",Execution,Allocation,Operation,None,C,"Costs of memory allocation, execution, and so on are factors that impact the overall operation cost.",medium,web:Includehelp.com https://www.includehelp.com/mcq/dbms-query-processing-mcqs.aspx,
DBMS & SQL,DBMS Query Processing Multiple-Choice Questions (MCQs),"When a query is evaluated, the system produces an output based on the ____ plan selected.",Query plan,Evaluation plan,System plan,Output plan,B,"When a query is evaluated, the system produces an output based on the evaluation plan selected.",medium,web:Includehelp.com https://www.includehelp.com/mcq/dbms-query-processing-mcqs.aspx,
DBMS & SQL,DBMS Evaluation of Expressions Multiple-Choice Questions (MCQs),How many methods do we use to evaluate an expression carrying multiple operations in query processing system?,1,2,3,4,B,We use 2 methods to evaluate an expression carrying multiple operations in query processing system.,medium,web:Includehelp.com https://www.includehelp.com/mcq/dbms-evaluation-of-expressions-mcqs.aspx,
DBMS & SQL,DBMS Evaluation of Expressions Multiple-Choice Questions (MCQs),What is/are the method(s) we use to evaluate an expression carrying multiple operations in query processing system?,Materialization,Pipeling,Both A and B,None of the above,C,"The methods we use to evaluate an expression carrying multiple operations in query processing system are -
 Materialization
 Pipelining",medium,web:Includehelp.com https://www.includehelp.com/mcq/dbms-evaluation-of-expressions-mcqs.aspx,
DBMS & SQL,DBMS Evaluation of Expressions Multiple-Choice Questions (MCQs),"When evaluating ____ relational operation at a time, the expression evaluates the materialization method.",One,Two,Three,Multiple,A,"When evaluating one relational operation at a time, the expression evaluates the materialization method.",medium,web:Includehelp.com https://www.includehelp.com/mcq/dbms-evaluation-of-expressions-mcqs.aspx,
DBMS & SQL,DBMS Evaluation of Expressions Multiple-Choice Questions (MCQs),A ___ is determined for each operation in materialization.,Sequence,Order,Both A and B,None of the above,C,A sequence or order is determined for each operation in materialization.,medium,web:Includehelp.com https://www.includehelp.com/mcq/dbms-evaluation-of-expressions-mcqs.aspx,
DBMS & SQL,DBMS Evaluation of Expressions Multiple-Choice Questions (MCQs),A ___ relation is created for storage and use of the outputs after all the operations have been evaluated.,Permanent,Temporary,Primary,Secondary,B,A temporary relation is created for storage and use of the outputs after all the operations have been evaluated.,medium,web:Includehelp.com https://www.includehelp.com/mcq/dbms-evaluation-of-expressions-mcqs.aspx,
DBMS & SQL,DBMS Evaluation of Expressions Multiple-Choice Questions (MCQs),"The materialization method has the disadvantage of requiring one to construct temporary relations between the evaluated operations and the results that they produce, respectively.",Advantage,Disadvantage,Pros,None,B,"This materialization method has the disadvantage of requiring one to construct temporary relations between the evaluated operations and the results that they produce, respectively.",medium,web:Includehelp.com https://www.includehelp.com/mcq/dbms-evaluation-of-expressions-mcqs.aspx,
DBMS & SQL,DBMS Evaluation of Expressions Multiple-Choice Questions (MCQs),"Unless they are small in size, temporary relations are written to ___.",Disk,System,Array,Log,A,"Unless they are small in size, temporary relations are written to disk.",medium,web:Includehelp.com https://www.includehelp.com/mcq/dbms-evaluation-of-expressions-mcqs.aspx,
DBMS & SQL,DBMS Evaluation of Expressions Multiple-Choice Questions (MCQs),"In a pipeline, it allows comparison of each ___ operation within an expression simultaneously.",Relational,Analytical,Algebraic,None,A,"In a pipeline, it allows comparison of each relational operation within an expression simultaneously.",medium,web:Includehelp.com https://www.includehelp.com/mcq/dbms-evaluation-of-expressions-mcqs.aspx,
DBMS & SQL,DBMS Evaluation of Expressions Multiple-Choice Questions (MCQs),"When an operation is evaluated, its ___ is passed on to the next one, and this process continues until each relational operation has been evaluated thoroughly.",Input,Output,Process,None,B,"When an operation is evaluated, its output is passed on to the next one, and this process continues until each relational operation has been evaluated thoroughly.",medium,web:Includehelp.com https://www.includehelp.com/mcq/dbms-evaluation-of-expressions-mcqs.aspx,
DBMS & SQL,DBMS Evaluation of Expressions Multiple-Choice Questions (MCQs),___ does not require the storage of temporary relationships.,Evaluation,Materialization,Pipelining,None,C,Pipelining does not require the storage of temporary relationships.,medium,web:Includehelp.com https://www.includehelp.com/mcq/dbms-evaluation-of-expressions-mcqs.aspx,
DBMS & SQL,DBMS External Sort-Merge Algorithm Multiple-Choice Questions (MCQs),In which case sorting is performed?,A relationship that has a small or medium size in comparison to the main memory.,There is a size difference between relations and memory.,Both A and B,None of the above,C,"Sorting is performed in the case when -
 A relationship that has a small or medium size in comparison to the main memory.
 There is a size difference between relations and memory.",medium,web:Includehelp.com https://www.includehelp.com/mcq/dbms-external-sort-merge-algorithm-mcqs.aspx,
DBMS & SQL,DBMS External Sort-Merge Algorithm Multiple-Choice Questions (MCQs),Organizing relationships whose sizes are larger than the memory because they do not fit is known as -,Internal Sorting,External Sorting,Organization Sorting,Memory Sorting,B,Organizing relationships whose sizes are larger than the memory because they do not fit.,medium,web:Includehelp.com https://www.includehelp.com/mcq/dbms-external-sort-merge-algorithm-mcqs.aspx,
DBMS & SQL,DBMS External Sort-Merge Algorithm Multiple-Choice Questions (MCQs),"When sorting externally, the ___ merge is the most appropriate method to use.",Internal-sort,External-sort,Merge-sort,None,B,"When sorting externally, the external-sort merge is the most appropriate method to use.",medium,web:Includehelp.com https://www.includehelp.com/mcq/dbms-external-sort-merge-algorithm-mcqs.aspx,
DBMS & SQL,DBMS External Sort-Merge Algorithm Multiple-Choice Questions (MCQs),The number M indicates how many disk blocks are available in the ___ memory buffer so that sorting may occur.,Primary,Main,Secondary,Tertiary,B,The number M indicates how many disk blocks are available in the main memory buffer so that sorting may occur.,medium,web:Includehelp.com https://www.includehelp.com/mcq/dbms-external-sort-merge-algorithm-mcqs.aspx,
DBMS & SQL,DBMS External Sort-Merge Algorithm Multiple-Choice Questions (MCQs),External-sort merge algorithm is called an ___ because it merges N runs.,One-way,Two-way,N-way,Null-way,C,External-sort merge algorithm is called an N-way merge because it merges N runs.,medium,web:Includehelp.com https://www.includehelp.com/mcq/dbms-external-sort-merge-algorithm-mcqs.aspx,
DBMS & SQL,DBMS External Sort-Merge Algorithm Multiple-Choice Questions (MCQs),There will either be M or more runs generated depending on the size of the ___.,Relation,Memory,Both A and B,None of the above,C,There will either be M or more runs generated depending on the size of the relation and memory.,medium,web:Includehelp.com https://www.includehelp.com/mcq/dbms-external-sort-merge-algorithm-mcqs.aspx,
DBMS & SQL,DBMS External Sort-Merge Algorithm Multiple-Choice Questions (MCQs),"Since a single block cannot be allocated for each run of the processing, the merge operation will be performed ___ time(s).",Once,Twice,Thrice,Multiple,D,"Since a single block cannot be allocated for each run of the processing, the merge operation will be performed multiple times.",medium,web:Includehelp.com https://www.includehelp.com/mcq/dbms-external-sort-merge-algorithm-mcqs.aspx,
DBMS & SQL,DBMS External Sort-Merge Algorithm Multiple-Choice Questions (MCQs),The input buffer blocks of M-1 are large enough for each merge to hold ___ runs.,M,M-2,M-3,M-1,D,The input buffer blocks of M-1 are large enough for each merge to hold M-1 runs.,medium,web:Includehelp.com https://www.includehelp.com/mcq/dbms-external-sort-merge-algorithm-mcqs.aspx,
DBMS & SQL,DBMS External Sort-Merge Algorithm Multiple-Choice Questions (MCQs),What is TRUE about initial phase work in this algorithm?,A single run is obtained by merging the first M-1 runs.,The next run of M-1 is also merged.,"Until all initial runs are processed, this step continues.",All of the above,D,"In case of the initial phase work in this algorithm -
 A single run is obtained by merging the first M-1 runs.
 The next run of M-1 is also merged.
 Until all initial runs are processed, this step continues.",medium,web:Includehelp.com https://www.includehelp.com/mcq/dbms-external-sort-merge-algorithm-mcqs.aspx,
DBMS & SQL,DBMS External Sort-Merge Algorithm Multiple-Choice Questions (MCQs),"With ___ exception(s), every block in the relation is read and written only once during each pass.",1,2,3,4,B,"With two exceptions, every block in the relation is read and written only once during each pass.",medium,web:Includehelp.com https://www.includehelp.com/mcq/dbms-external-sort-merge-algorithm-mcqs.aspx,
DBMS & SQL,DBMS External Sort-Merge Algorithm Multiple-Choice Questions (MCQs),"What is/are the two exception(s), every block in the relation is read and written only once during each pass?",It is possible to produce a sorted result without writing the result to the disk on the final pass,The pass may not be able to read out or write some runs.,Both A and B,None of the above,C,"The two exception(s), every block in the relation is read and written only once during each pass are -
 It is possible to produce a sorted result without writing the result to the disk on the final pass
 The pass may not be able to read out or write some runs.",medium,web:Includehelp.com https://www.includehelp.com/mcq/dbms-external-sort-merge-algorithm-mcqs.aspx,
DBMS & SQL,DBMS Merge Join Algorithm Multiple-Choice Questions (MCQs),An algorithm called the ___ algorithm is used for performing the merge join.,Merge,Join,Merge Join,None,C,An algorithm called the Merge Join algorithm is used for performing the merge join.,medium,web:Includehelp.com https://www.includehelp.com/mcq/dbms-merge-join-algorithm-mcqs.aspx,
DBMS & SQL,DBMS Merge Join Algorithm Multiple-Choice Questions (MCQs),What is ___ algorithm also known as?,Join algorithm,Merge algorithm,Sort-merge-join algorithm,None,C,Merge Join algorithm is also known as Sort-merge-join algorithm.,medium,web:Includehelp.com https://www.includehelp.com/mcq/dbms-merge-join-algorithm-mcqs.aspx,
DBMS & SQL,DBMS Merge Join Algorithm Multiple-Choice Questions (MCQs),We can perform a ___ join for some attribute values that are larger than the memory size.,Block nested-loop,Nested-loop,Loop,None,A,We can perform a block nested-loop join for some attribute values that are larger than the memory size.,medium,web:Includehelp.com https://www.includehelp.com/mcq/dbms-merge-join-algorithm-mcqs.aspx,
DBMS & SQL,DBMS Merge Join Algorithm Multiple-Choice Questions (MCQs),A ___ is associated with each relation in the merge join algorithm.,Join,Query,Pointer,None,C,A pointer is associated with each relation in the merge join algorithm.,medium,web:Includehelp.com https://www.includehelp.com/mcq/dbms-merge-join-algorithm-mcqs.aspx,
DBMS & SQL,DBMS Merge Join Algorithm Multiple-Choice Questions (MCQs),"The pointer initially points to the ____ tuple of the relation; as soon as the algorithm advances, it moves to the next one.",Last,First,Middle,Upper,B,"The pointer initially points to the first tuple of the relation; as soon as the algorithm advances, it moves to the next one.",medium,web:Includehelp.com https://www.includehelp.com/mcq/dbms-merge-join-algorithm-mcqs.aspx,
DBMS & SQL,DBMS Merge Join Algorithm Multiple-Choice Questions (MCQs),"Even if the number of relations is large, each set of tuples must fit in memory.",Columns,Attributes,Tuples,None,C,"Even if the number of relations is large, each set of tuples must fit in memory.",medium,web:Includehelp.com https://www.includehelp.com/mcq/dbms-merge-join-algorithm-mcqs.aspx,
DBMS & SQL,DBMS Merge Join Algorithm Multiple-Choice Questions (MCQs),"Prior to applying the merge join algorithm, we must ____ the given input relations r and s if any of the join attributes are not sorted.",Query,Add,Delete,Sort,D,"Prior to applying the merge join algorithm, we must sort the given input relations r and s if any of the join attributes are not sorted.",medium,web:Includehelp.com https://www.includehelp.com/mcq/dbms-merge-join-algorithm-mcqs.aspx,
DBMS & SQL,DBMS Merge Join Algorithm Multiple-Choice Questions (MCQs),Putting ____ that share the same join attribute values consecutively is possible if the relations are sorted.,Tuples,Attributes,Columns,None,A,Putting tuples that share the same join attribute values consecutively is possible if the relations are sorted.,medium,web:Includehelp.com https://www.includehelp.com/mcq/dbms-merge-join-algorithm-mcqs.aspx,
DBMS & SQL,DBMS Merge Join Algorithm Multiple-Choice Questions (MCQs),Our new '_____' technique prevents ourselves from such expensive access.,Hybrid Merge Join,Merge Join,Join,None,A,Our new 'Hybrid Merge Join' technique prevents ourselves from such expensive access.,medium,web:Includehelp.com https://www.includehelp.com/mcq/dbms-merge-join-algorithm-mcqs.aspx,
DBMS & SQL,DBMS Nested-Loop Join Algorithm Multiple-Choice Questions (MCQs),"An algorithm known as the ___ is used to perform the nested loop join, e.g. θ on two relations r and s.",Loop Join Algorithm,Nested Loop Join Algorithm,Join Algorithm,None of the above,B,"An algorithm known as the Nested loop join algorithm is used to perform the nested loop join, e.g. θ on two relations r and s.",medium,web:Includehelp.com https://www.includehelp.com/mcq/dbms-nested-loop-join-algorithm-mcqs.aspx,
DBMS & SQL,DBMS Nested-Loop Join Algorithm Multiple-Choice Questions (MCQs),Computations are carried out by r ⋈ θ s where r represents the ___ relation and s represents the ___ relation.,"Outer, Inner","Inner, Outer",Inner,Outer,A,Computations are carried out by r ⋈ θ s where r represents the outer relation and s represents the inner relation.,medium,web:Includehelp.com https://www.includehelp.com/mcq/dbms-nested-loop-join-algorithm-mcqs.aspx,
DBMS & SQL,DBMS Nested-Loop Join Algorithm Multiple-Choice Questions (MCQs),"Unlike linear file scans, nested-loop joins don't require any ____ to access the data.",Setting,Indexing,Pointing,None,B,"Unlike linear file scans, nested-loop joins don't require any indexing to access the data.",medium,web:Includehelp.com https://www.includehelp.com/mcq/dbms-nested-loop-join-algorithm-mcqs.aspx,
DBMS & SQL,DBMS Nested-Loop Join Algorithm Multiple-Choice Questions (MCQs),Nesting-loop joins are very ____ due to the fact that each pair of tuples in the two given relations must be computed and examined separately.,Cheap,Expensive,Few,None,B,Nesting-loop joins are very expensive due to the fact that each pair of tuples in the two given relations must be computed and examined separately.,medium,web:Includehelp.com https://www.includehelp.com/mcq/dbms-nested-loop-join-algorithm-mcqs.aspx,
DBMS & SQL,DBMS Nested-Loop Join Algorithm Multiple-Choice Questions (MCQs),"In the event that any of the relationships given is completely compatible with the memory, it is essential to use that relationship as the ___ relation.",Inner,Outer,Both a and b,None of the above,A,"In the event that any of the relationships given is completely compatible with the memory, it is essential to use that relationship as the inner relation.",medium,web:Includehelp.com https://www.includehelp.com/mcq/dbms-nested-loop-join-algorithm-mcqs.aspx,
DBMS & SQL,DBMS Nested-Loop Join Algorithm Multiple-Choice Questions (MCQs),A nested-loop join with blocks of the inner relation paired with blocks of the outer relation is known as a ____ nested-loop join.,Inner,Outer,Block,Nested,C,A nested-loop join with blocks of the inner relation paired with blocks of the outer relation is known as a block nested-loop join.,medium,web:Includehelp.com https://www.includehelp.com/mcq/dbms-nested-loop-join-algorithm-mcqs.aspx,
DBMS & SQL,DBMS Nested-Loop Join Algorithm Multiple-Choice Questions (MCQs),"In a situation where the buffer size is small enough to store the entire relationship in memory, the ____ nested-loop join saves the need for major ____ accesses.",Block,Inner,Outer,None,A,"In a situation where the buffer size is small enough to store the entire relationship in memory, the block nested-loop join saves the need for major block accesses.",medium,web:Includehelp.com https://www.includehelp.com/mcq/dbms-nested-loop-join-algorithm-mcqs.aspx,
DBMS & SQL,DBMS Nested-Loop Join Algorithm Multiple-Choice Questions (MCQs),Every tuple from one block is paired with every tuple from the other block in the ___ to produce all pairs of tuples.,Block nested-loop,Nested-loop,Join-loop,None,A,Every tuple from one block is paired with every tuple from the other block in the block nested-loop to produce all pairs of tuples.,medium,web:Includehelp.com https://www.includehelp.com/mcq/dbms-nested-loop-join-algorithm-mcqs.aspx,
DBMS & SQL,DBMS Nested-Loop Join Algorithm Multiple-Choice Questions (MCQs),Block Nested-Loop ___ algorithm is the algorithm used to perform nested-loop block joins.,Join,Block,Inner,Outer,B,Block Nested-Loop Join algorithm is the algorithm used to perform nested-loop block joins.,medium,web:Includehelp.com https://www.includehelp.com/mcq/dbms-nested-loop-join-algorithm-mcqs.aspx,
DBMS & SQL,DBMS Nested-Loop Join Algorithm Multiple-Choice Questions (MCQs),A block nested-loop join is worst case when blocks in the inner relation s are read ____ for each block in the outer relation r.,Once,Twice,Thrice,Multiple times,A,A block nested-loop join is worst case when blocks in the inner relation s are read once for each block in the outer relation r.,medium,web:Includehelp.com https://www.includehelp.com/mcq/dbms-nested-loop-join-algorithm-mcqs.aspx,
DBMS & SQL,DBMS Nested-Loop Join Algorithm Multiple-Choice Questions (MCQs),"For each tuple in the inner relationship s, the ____-loop join reads it once for each tuple in the outer relationship r.",Join,Nested,Block,None,B,"For each tuple in the inner relationship s, the nested-loop join reads it once for each tuple in the outer relationship r.",medium,web:Includehelp.com https://www.includehelp.com/mcq/dbms-nested-loop-join-algorithm-mcqs.aspx,
DBMS & SQL,DBMS Nested-Loop Join Algorithm Multiple-Choice Questions (MCQs),It is efficient to use the inner relation s as the outer relation if neither of the given relations r or s completely fit into the ____.,Block,Size,Memory,Storage,C,It is efficient to use the inner relation s as the outer relation if neither of the given relations r or s completely fit into the memory.,medium,web:Includehelp.com https://www.includehelp.com/mcq/dbms-nested-loop-join-algorithm-mcqs.aspx,
DBMS & SQL,DBMS Nested-Loop Join Algorithm Multiple-Choice Questions (MCQs),"As soon as the first match is found for each outer relation tuple in a/an _____, the inner loop terminates.",Equijoin,Natural join,Both A and B,None of the above,C,"As soon as the first match is found for each outer relation tuple in an equijoin or natural join, the inner loop terminates.",medium,web:Includehelp.com https://www.includehelp.com/mcq/dbms-nested-loop-join-algorithm-mcqs.aspx,
DBMS & SQL,DBMS Nested-Loop Join Algorithm Multiple-Choice Questions (MCQs),"Rather than relying on disk blocks for the block nested-loop join algorithm, we can use the ____ size that will fit into memory while allowing enough room for buffers of the inner relations.",Smallest,Tiny,Largest,None,C,"Rather than relying on disk blocks for the block nested-loop join algorithm, we can use the largest size that will fit into memory while allowing enough room for buffers of the inner relations.",medium,web:Includehelp.com https://www.includehelp.com/mcq/dbms-nested-loop-join-algorithm-mcqs.aspx,
DBMS & SQL,DBMS Nested-Loop Join Algorithm Multiple-Choice Questions (MCQs),A scanning of the inner loop can be performed alternately in _____ directions.,Forward,Reverse,Both A and B,None of the above,C,A scanning of the inner loop can be performed alternately in forward and reverse directions.,medium,web:Includehelp.com https://www.includehelp.com/mcq/dbms-nested-loop-join-algorithm-mcqs.aspx,
DBMS & SQL,DBMS Nested-Loop Join Algorithm Multiple-Choice Questions (MCQs),"Additionally, the order of the request allows for ____ of the data left over from the previous scan.",Misuse,Use,Reuse,None,C,"Additionally, the order of the request allows for reuse of the data left over from the previous scan.",medium,web:Includehelp.com https://www.includehelp.com/mcq/dbms-nested-loop-join-algorithm-mcqs.aspx,
DBMS & SQL,DBMS Nested-Loop Join Algorithm Multiple-Choice Questions (MCQs),We can replace the file scans with highly efficient index lookups if an index is present on the ___ attribute of the inner loop.,Log,Join,Array,Stack,B,We can replace the file scans with highly efficient index lookups if an index is present on the join attribute of the inner loop.,medium,web:Includehelp.com https://www.includehelp.com/mcq/dbms-nested-loop-join-algorithm-mcqs.aspx,
DBMS & SQL,DBMS Nested-Loop Join Algorithm Multiple-Choice Questions (MCQs),A nested-loop indexed join can be performed using ____ created during the evaluation of the join.,Existing indexes,Temporary indexes,Both A and B,None of the above,C,A nested-loop indexed join can be performed using either existing indexes or temporary indexes created during the evaluation of the join.,medium,web:Includehelp.com https://www.includehelp.com/mcq/dbms-nested-loop-join-algorithm-mcqs.aspx,
DBMS & SQL,DBMS Nested-Loop Join Algorithm Multiple-Choice Questions (MCQs),Nested-loop joins optimized with indexed nested loops are ____ than traditional loop joins.,Slower,Faster,Comparatively Slower,None,B,Nested-loop joins optimized with indexed nested loops are faster than traditional loop joins.,medium,web:Includehelp.com https://www.includehelp.com/mcq/dbms-nested-loop-join-algorithm-mcqs.aspx,
DBMS & SQL,DBMS Selection Operation in Query Processing Multiple-Choice Questions (MCQs),Data is found and accessed by using ___ algorithms called file scans.,Update,Search,Add,Delete,B,Data is found and accessed by using search algorithms called file scans.,medium,web:Includehelp.com https://www.includehelp.com/mcq/dbms-selection-operation-in-query-processing-mcqs.aspx,
DBMS & SQL,DBMS Selection Operation in Query Processing Multiple-Choice Questions (MCQs),"As the lowest level of query processing, file scans are used.",Middle,Centre,Highest,Lowest,D,"As the lowest level of query processing, file scans are used.",medium,web:Includehelp.com https://www.includehelp.com/mcq/dbms-selection-operation-in-query-processing-mcqs.aspx,
DBMS & SQL,DBMS Selection Operation in Query Processing Multiple-Choice Questions (MCQs),A file scan reads a relation in an RDBMS or relational database system only if the whole relationship is stored in ___ file.,Multiple,Two,Three,One,D,A file scan reads a relation in an RDBMS or relational database system only if the whole relationship is stored in one file.,medium,web:Includehelp.com https://www.includehelp.com/mcq/dbms-selection-operation-in-query-processing-mcqs.aspx,
DBMS & SQL,DBMS Selection Operation in Query Processing Multiple-Choice Questions (MCQs),____ search involves scanning each record to determine whether it meets the given selection criteria.,Linear,Cross,Merge,None,A,Linear search involves scanning each record to determine whether it meets the given selection criteria.,medium,web:Includehelp.com https://www.includehelp.com/mcq/dbms-selection-operation-in-query-processing-mcqs.aspx,
DBMS & SQL,DBMS Selection Operation in Query Processing Multiple-Choice Questions (MCQs),"The linear search algorithm, on the other hand, is the ____ type of search, but it can be applied to any situation.",Fastest,Average,Slowest,None,C,"The linear search algorithm, on the other hand, is the slowest type of search, but it can be applied to any situation.",medium,web:Includehelp.com https://www.includehelp.com/mcq/dbms-selection-operation-in-query-processing-mcqs.aspx,
DBMS & SQL,DBMS Selection Operation in Query Processing Multiple-Choice Questions (MCQs),There's no need to take into account the ___ when using the Linear Search algorithm.,Nature of Selection,Availability of indices,File Sequence,All of the above,D,"There's no need to take into account the nature of selection, availability of indices, or file sequence when using the Linear Search algorithm.",medium,web:Includehelp.com https://www.includehelp.com/mcq/dbms-selection-operation-in-query-processing-mcqs.aspx,
DBMS & SQL,DBMS Selection Operation in Query Processing Multiple-Choice Questions (MCQs),Index ___ are another name for index-based search algorithm.,Scans,Logs,Stacks,Queues,A,Index scans are another name for index-based search algorithm.,medium,web:Includehelp.com https://www.includehelp.com/mcq/dbms-selection-operation-in-query-processing-mcqs.aspx,
DBMS & SQL,DBMS Selection Operation in Query Processing Multiple-Choice Questions (MCQs),____ are the index structures used by index-based search algorithms.,Access roads,Access paths,Access Terminal,None,B,Access paths are the index structures used by index-based search algorithms.,medium,web:Includehelp.com https://www.includehelp.com/mcq/dbms-selection-operation-in-query-processing-mcqs.aspx,
DBMS & SQL,DBMS Selection Operation in Query Processing Multiple-Choice Questions (MCQs),Data in a file can be ___ by using access paths.,Accessed,Located,Both A and B,None of the above,C,Data in a file can be accessed and located by using access paths.,medium,web:Includehelp.com https://www.includehelp.com/mcq/dbms-selection-operation-in-query-processing-mcqs.aspx,
DBMS & SQL,DBMS Selection Operation in Query Processing Multiple-Choice Questions (MCQs),Our selection condition is based on finding a record that satisfies the ____ condition in the index.,Non-equality,Equality,Duality,Non-duality,B,Our selection condition is based on finding a record that satisfies the equality condition in the index.,medium,web:Includehelp.com https://www.includehelp.com/mcq/dbms-selection-operation-in-query-processing-mcqs.aspx,
DBMS & SQL,DBMS Selection Operation in Query Processing Multiple-Choice Questions (MCQs),A key attribute having a primary key is compared for equality.,Primary,Alternate,Composite,None,A,A key attribute having a primary key is compared for equality.,medium,web:Includehelp.com https://www.includehelp.com/mcq/dbms-selection-operation-in-query-processing-mcqs.aspx,
DBMS & SQL,DBMS Selection Operation in Query Processing Multiple-Choice Questions (MCQs),"We can fetch ___ record(s) with equality on key, as opposed to equality on non-key.",One,Two,Three,Multiple,D,"We can fetch multiple records with equality on key, as opposed to equality on non-key.",medium,web:Includehelp.com https://www.includehelp.com/mcq/dbms-selection-operation-in-query-processing-mcqs.aspx,
DBMS & SQL,DBMS Selection Operation in Query Processing Multiple-Choice Questions (MCQs),"When the selection criteria specify an ___ comparison on a non-key, multiple records can be fetched using a primary key.",Equality,Duality,Non-equality,Non-duality,A,"When the selection criteria specify an equality comparison on a non-key, multiple records can be fetched using a primary key.",medium,web:Includehelp.com https://www.includehelp.com/mcq/dbms-selection-operation-in-query-processing-mcqs.aspx,
DBMS & SQL,DBMS Selection Operation in Query Processing Multiple-Choice Questions (MCQs),____ indexes can be used for selections with equality conditions.,Primary,Secondary,Tertiary,None,B,Secondary indexes can be used for selections with equality conditions.,medium,web:Includehelp.com https://www.includehelp.com/mcq/dbms-selection-operation-in-query-processing-mcqs.aspx,
DBMS & SQL,DBMS Selection Operation in Query Processing Multiple-Choice Questions (MCQs),"When the equality condition is met on the key, or multiple records when it is met on the nonkey, we can retrieve a single record from the ___ index strategy.",Primary,Secondary,Tertiary,None,B,"When the equality condition is met on the key, or multiple records when it is met on the nonkey, we can retrieve a single record from the secondary index strategy.",medium,web:Includehelp.com https://www.includehelp.com/mcq/dbms-selection-operation-in-query-processing-mcqs.aspx,
DBMS & SQL,DBMS Selection Operation in Query Processing Multiple-Choice Questions (MCQs),A single record can be retrieved for the same time as the ___ index.,Primary,Secondary,Tertiary,None,A,A single record can be retrieved for the same time as the primary index.,medium,web:Includehelp.com https://www.includehelp.com/mcq/dbms-selection-operation-in-query-processing-mcqs.aspx,
DBMS & SQL,DBMS Selection Operation in Query Processing Multiple-Choice Questions (MCQs),Using ___ can be used to make selections based on comparisons in a relation.,Linear Search,Indices,Both A and B,None of the above,C,Using linear search or indices can be used to make selections based on comparisons in a relation.,medium,web:Includehelp.com https://www.includehelp.com/mcq/dbms-selection-operation-in-query-processing-mcqs.aspx,
DBMS & SQL,DBMS Selection Operation in Query Processing Multiple-Choice Questions (MCQs),"An ordered primary index, such as an index from the primary __ tree, is used when the selection condition is a comparison.",B,B+,B++,None,B,"An ordered primary index, such as an index from the primary B+ tree, is used when the selection condition is a comparison.",medium,web:Includehelp.com https://www.includehelp.com/mcq/dbms-selection-operation-in-query-processing-mcqs.aspx,
DBMS & SQL,DBMS Selection Operation in Query Processing Multiple-Choice Questions (MCQs),File scans start searching from the very beginning until the very end and output all ___ that meet the given selection criteria.,Attributes,Tuples,Columns,None,B,File scans start searching from the very beginning until the very end and output all tuples that meet the given selection criteria.,medium,web:Includehelp.com https://www.includehelp.com/mcq/dbms-selection-operation-in-query-processing-mcqs.aspx,
DBMS & SQL,DBMS Selection Operation in Query Processing Multiple-Choice Questions (MCQs),"In the case of Secondary Index, comparison, the files scan scans the blocks of the lowest-level index to satisfy the selection operation involving the characters ____, or >=.",<,>,<=,All of the above,D,"In the case of Secondary Index, comparison, the files scan scans the blocks of the lowest-level index to satisfy the selection operation involving the characters <, >, <=, or >=.",medium,web:Includehelp.com https://www.includehelp.com/mcq/dbms-selection-operation-in-query-processing-mcqs.aspx,
DBMS & SQL,DBMS Selection Operation in Query Processing Multiple-Choice Questions (MCQs),"In general, only a few records should be selected from the ___ index.",Primary,Secondary,Tertiary,None,B,"In general, only a few records should be selected from the secondary index.",medium,web:Includehelp.com https://www.includehelp.com/mcq/dbms-selection-operation-in-query-processing-mcqs.aspx,
DBMS & SQL,DBMS Selection Operation in Query Processing Multiple-Choice Questions (MCQs),"By providing ___ to each record, an index facilitates the retrieval of a record by the users.",Logs,Arrays,Pointers,None,C,"By providing pointers to each record, an index facilitates the retrieval of a record by the users.",medium,web:Includehelp.com https://www.includehelp.com/mcq/dbms-selection-operation-in-query-processing-mcqs.aspx,
DBMS & SQL,DBMS Selection Operation in Query Processing Multiple-Choice Questions (MCQs),"___ may need to be retrieved from different blocks in the files, so I/O operations may be required.",Files,Records,Databases,Tables,B,"Records may need to be retrieved from different blocks in the files, so I/O operations may be required.",medium,web:Includehelp.com https://www.includehelp.com/mcq/dbms-selection-operation-in-query-processing-mcqs.aspx,
DBMS & SQL,DBMS Selection Operation in Query Processing Multiple-Choice Questions (MCQs),The secondary index becomes ___ if there are many records to fetch.,Cheap,Expensive,Not costly,None,B,The secondary index becomes expensive if there are many records to fetch.,medium,web:Includehelp.com https://www.includehelp.com/mcq/dbms-selection-operation-in-query-processing-mcqs.aspx,
DBMS & SQL,DBMS Selection Operation in Query Processing Multiple-Choice Questions (MCQs),The ___ selection predicates are used when working on a complex selection.,Conjunction,Disjunction,Negation,All of the above,D,"The Conjunction, Disjunction, and Negation selection predicates are used when working on a complex selection.",medium,web:Includehelp.com https://www.includehelp.com/mcq/dbms-selection-operation-in-query-processing-mcqs.aspx,
DBMS & SQL,DBMS Selection Operation in Query Processing Multiple-Choice Questions (MCQs),____ occur when records that satisfy the above selection condition cross.,Conjunction,Disjunction,Negation,None of the above,A,Conjunctions occur when records that satisfy the above selection condition cross.,medium,web:Includehelp.com https://www.includehelp.com/mcq/dbms-selection-operation-in-query-processing-mcqs.aspx,
DBMS & SQL,DBMS Selection Operation in Query Processing Multiple-Choice Questions (MCQs),___ are a union of all records which satisfy the given conditions.,Conjunction,Disjunction,Negation,None of the above,B,Disjunctions are a union of all records which satisfy the given conditions.,medium,web:Includehelp.com https://www.includehelp.com/mcq/dbms-selection-operation-in-query-processing-mcqs.aspx,
DBMS & SQL,DBMS Selection Operation in Query Processing Multiple-Choice Questions (MCQs),"Each ____ in the block appears together in the block, so we can retrieve all selected records of the block with a single I/O operation.",Pointer,Array,Stack,Queue,A,"Each pointer in the block appears together in the block, so we can retrieve all selected records of the block with a single I/O operation.",medium,web:Includehelp.com https://www.includehelp.com/mcq/dbms-selection-operation-in-query-processing-mcqs.aspx,
DBMS & SQL,DBMS Pipelining Implementation Multiple-Choice Questions (MCQs),An operation at the top of the pipeline makes repeated requests for tuples from the ____ pipeline.,Demand-taken,Demand-driven,Demand-driver,Demand-drive,B,An operation at the top of the pipeline makes repeated requests for tuples from the demand-driven pipeline.,medium,web:Includehelp.com https://www.includehelp.com/mcq/dbms-pipelining-implementation-mcqs.aspx,
DBMS & SQL,DBMS Pipelining Implementation Multiple-Choice Questions (MCQs),We compute the next returning tuples from only the ____ relations if the inputs of the operation are not pipelined.,Input,Output,Both A and B,None of the above,A,We compute the next returning tuples from only the input relations if the inputs of the operation are not pipelined.,medium,web:Includehelp.com https://www.includehelp.com/mcq/dbms-pipelining-implementation-mcqs.aspx,
DBMS & SQL,DBMS Pipelining Implementation Multiple-Choice Questions (MCQs),"In some cases, _____ inputs will also be requested when a ____ operation is performed.",Pipe,Pipeline,Line,None,B,"In some cases, pipelined inputs will also be requested when a pipelined operation is performed.",medium,web:Includehelp.com https://www.includehelp.com/mcq/dbms-pipelining-implementation-mcqs.aspx,
DBMS & SQL,DBMS Pipelining Implementation Multiple-Choice Questions (MCQs),"When the operation receives ___ from pipelined inputs, it computes ___ for its output or result and passes them to the parent operation that is above.",Tuples,Attributes,Columns,None,A,"When the operation receives tuples from pipelined inputs, it computes tuples for its output or result and passes them to the parent operation that is above.",medium,web:Includehelp.com https://www.includehelp.com/mcq/dbms-pipelining-implementation-mcqs.aspx,
DBMS & SQL,DBMS Pipelining Implementation Multiple-Choice Questions (MCQs),"According to demand-driven _____, _____ are built around the tuples requested by the system.",Pipeline,Pipeset,Pipecircle,Pipesquare,A,"According to demand-driven pipelines, pipelines are built around the tuples requested by the system.",medium,web:Includehelp.com https://www.includehelp.com/mcq/dbms-pipelining-implementation-mcqs.aspx,
DBMS & SQL,DBMS Pipelining Implementation Multiple-Choice Questions (MCQs),Each operation is implemented as an ___ in a demand-driven pipeline.,Iterator,Pointer,Array,Stack,A,Each operation is implemented as an iterator in a demand-driven pipeline.,medium,web:Includehelp.com https://www.includehelp.com/mcq/dbms-pipelining-implementation-mcqs.aspx,
DBMS & SQL,DBMS Pipelining Implementation Multiple-Choice Questions (MCQs),It implements a demand-driven pipeline by providing ____ basic functions.,One,Two,Three,Four,C,It implements a demand-driven pipeline by providing three basic functions.,medium,web:Includehelp.com https://www.includehelp.com/mcq/dbms-pipelining-implementation-mcqs.aspx,
DBMS & SQL,DBMS Pipelining Implementation Multiple-Choice Questions (MCQs),What is/are the function(s) that it implements a demand-driven pipeline by providing three basic functions.,open(),next(),close(),All of the above,D,"The function(s) that it implements a demand-driven pipeline by providing three basic functions:
 open()
 next()
 close()",medium,web:Includehelp.com https://www.includehelp.com/mcq/dbms-pipelining-implementation-mcqs.aspx,
DBMS & SQL,DBMS Pipelining Implementation Multiple-Choice Questions (MCQs),Invocation of the ____ function follows each call to the open() function to return the next tuple.,open(),next(),close(),None,B,Invocation of the next() function follows each call to the open() function to return the next tuple.,medium,web:Includehelp.com https://www.includehelp.com/mcq/dbms-pipelining-implementation-mcqs.aspx,
DBMS & SQL,DBMS Double-Pipelined Join Algorithm Multiple-Choice Questions (MCQs),"Once it receives tuples in the outer relation, the ____ nested loop can output the resulting tuples.",Indexed,Non-indexed,Indent,Non-indent,A,"Once it receives tuples in the outer relation, the indexed nested loop can output the resulting tuples.",medium,web:Includehelp.com https://www.includehelp.com/mcq/dbms-double-pipelined-join-algorithm-mcqs.aspx,
DBMS & SQL,DBMS Double-Pipelined Join Algorithm Multiple-Choice Questions (MCQs),"For the implementation of the pipeline, the ___ Pipelined Join Method is used, which is also known as the Implementation of the pipeline algorithm.",Single,Double,Triple,None,B,"For the implementation of the pipeline, the Double Pipelined Join Method is used, which is also known as the Implementation of the pipeline algorithm.",medium,web:Includehelp.com https://www.includehelp.com/mcq/dbms-double-pipelined-join-algorithm-mcqs.aspx,
DBMS & SQL,DBMS Double-Pipelined Join Algorithm Multiple-Choice Questions (MCQs),"As a result of the double-pipelined join technique, the inputs can also exceed the memory size, which is to say that their size is ____ than the memory size.",Smaller,Larger,Tiny,Lighter,B,"As a result of the double-pipelined join technique, the inputs can also exceed the memory size, which is to say that their size is larger than the memory size.",medium,web:Includehelp.com https://www.includehelp.com/mcq/dbms-double-pipelined-join-algorithm-mcqs.aspx,
DBMS & SQL,DBMS Double-Pipelined Join Algorithm Multiple-Choice Questions (MCQs),"Once the available memory is ____, the double-pipelined join method can continue to operate as usual.",Empty,Full,Half Empty,Half Full,B,"Once the available memory is full, the double-pipelined join method can continue to operate as usual.",medium,web:Includehelp.com https://www.includehelp.com/mcq/dbms-double-pipelined-join-algorithm-mcqs.aspx,
DBMS & SQL,DBMS Double-Pipelined Join Algorithm Multiple-Choice Questions (MCQs),"In case r and s are connected through a pipeline with ___ indices, this is known as double-pipelined hash joining.",Hash,Index,Pipeline,None,A,"In case r and s are connected through a pipeline with hash indices, this is known as double-pipelined hash joining.",medium,web:Includehelp.com https://www.includehelp.com/mcq/dbms-double-pipelined-join-algorithm-mcqs.aspx,
DBMS & SQL,DBMS Double-Pipelined Join Algorithm Multiple-Choice Questions (MCQs),Hash-join operations are blocking operations that result in __ output(s).,No,One,Two,Multiple,A,Hash-join operations are blocking operations that result in no output.,medium,web:Includehelp.com https://www.includehelp.com/mcq/dbms-double-pipelined-join-algorithm-mcqs.aspx,
