subject,topic,question,option_a,option_b,option_c,option_d,correct_letter,explanation,difficulty,source,tags
Discrete Mathematics for CS,Discrete Mathematics | Sets Introduction Multiple-Choice Questions (MCQs),____ of a set are the purposes of the set.,Elements,Members,Both A and B,None of the above,C,Elements or members of a set are the purposes of the set.,medium,web:Includehelp.com https://www.includehelp.com/mcq/discrete-mathematics-sets-introduction-mcqs.aspx,
Discrete Mathematics for CS,Discrete Mathematics | Sets Introduction Multiple-Choice Questions (MCQs),Which of the following can be an object?,Numbers,Alphabets,Names,All of the above,D,"Numbers, Alphabets, Names, etc. can be an object.",medium,web:Includehelp.com https://www.includehelp.com/mcq/discrete-mathematics-sets-introduction-mcqs.aspx,
Discrete Mathematics for CS,Discrete Mathematics | Sets Introduction Multiple-Choice Questions (MCQs),What is the symbol of 'Element of'?,∈,?,$,*,A,The symbol of 'Element of' is ∈.,medium,web:Includehelp.com https://www.includehelp.com/mcq/discrete-mathematics-sets-introduction-mcqs.aspx,
Discrete Mathematics for CS,Discrete Mathematics | Sets Introduction Multiple-Choice Questions (MCQs),In how many forms set form is represented?,1,2,3,4,B,Set form can be represented in 2 forms.,medium,web:Includehelp.com https://www.includehelp.com/mcq/discrete-mathematics-sets-introduction-mcqs.aspx,
Discrete Mathematics for CS,Discrete Mathematics | Sets Introduction Multiple-Choice Questions (MCQs),Which of the following is a form in which a set is represented?,Roster or tabular form,Set Builder form,Both A and B,None of the above,C,"The following is a form in which the set is represented -
 Roster or tabular form
 Set Builder form",medium,web:Includehelp.com https://www.includehelp.com/mcq/discrete-mathematics-sets-introduction-mcqs.aspx,
Discrete Mathematics for CS,Discrete Mathematics | Sets Introduction Multiple-Choice Questions (MCQs),All the elements of the set are listed within braces ___ and are separated by commas in this form of representation.,[ ],{ },( ),< >,A,All the elements of the set are listed within braces [ ] and are separated by commas in this form of representation,medium,web:Includehelp.com https://www.includehelp.com/mcq/discrete-mathematics-sets-introduction-mcqs.aspx,
Discrete Mathematics for CS,Discrete Mathematics | Sets Introduction Multiple-Choice Questions (MCQs),"Using the ____ of representation, all the elements of a set have the same properties.",Builder form,Set form,Set builder form,None of the above,C,"Using this form of representation, all the elements of a set have the same properties.",medium,web:Includehelp.com https://www.includehelp.com/mcq/discrete-mathematics-sets-introduction-mcqs.aspx,
Discrete Mathematics for CS,Discrete Mathematics | Sets Introduction Multiple-Choice Questions (MCQs),What does x ∈ A mean in a set?,x belongs to A,x is an element of set A,Both A and B,None of the above,C,x ∈ A means x belongs to A or x is an element of set A.,medium,web:Includehelp.com https://www.includehelp.com/mcq/discrete-mathematics-sets-introduction-mcqs.aspx,
Discrete Mathematics for CS,Discrete Mathematics | Sets Introduction Multiple-Choice Questions (MCQs),What does x ∉ A mean in a set?,x belongs to set A,x does not belong to set A,X is an element of set A,None of the above,B,x ∉ A means x does not belong to set A.,medium,web:Includehelp.com https://www.includehelp.com/mcq/discrete-mathematics-sets-introduction-mcqs.aspx,
Discrete Mathematics for CS,Discrete Mathematics | Sets Introduction Multiple-Choice Questions (MCQs),What does ∅ means in a set?,Empty Set,Universal Set,Both a and b,None of the above,A,∅ means Empty Set.,medium,web:Includehelp.com https://www.includehelp.com/mcq/discrete-mathematics-sets-introduction-mcqs.aspx,
Discrete Mathematics for CS,Discrete Mathematics | Sets Introduction Multiple-Choice Questions (MCQs),What does U mean in a set?,Unique Set,Universal Set,Uniset,None of the above,B,U means Universal Set.,medium,web:Includehelp.com https://www.includehelp.com/mcq/discrete-mathematics-sets-introduction-mcqs.aspx,
Discrete Mathematics for CS,Discrete Mathematics | Sets Introduction Multiple-Choice Questions (MCQs),What does I mean by a set?,The set of all integers,The set of all non-zero integers,The set of all +ve integers,None of the above,A,I means the set of all integers.,medium,web:Includehelp.com https://www.includehelp.com/mcq/discrete-mathematics-sets-introduction-mcqs.aspx,
Discrete Mathematics for CS,Discrete Mathematics | Sets Introduction Multiple-Choice Questions (MCQs),What does Io mean in a set?,The set of all integers.,The set of all non-zero integers.,The set of all +ve integers.,None of the above,B,Io means the set of all non-zero integers.,medium,web:Includehelp.com https://www.includehelp.com/mcq/discrete-mathematics-sets-introduction-mcqs.aspx,
Discrete Mathematics for CS,Discrete Mathematics | Sets Introduction Multiple-Choice Questions (MCQs),What does I+ mean in a set?,The set of all integers.,The set of all non-zero integers.,The set of all +ve integers.,None of the above,C,I+ means the set of all +ve integers.,medium,web:Includehelp.com https://www.includehelp.com/mcq/discrete-mathematics-sets-introduction-mcqs.aspx,
Discrete Mathematics for CS,Discrete Mathematics | Sets Introduction Multiple-Choice Questions (MCQs),What does C mean in a set?,The set of all complex numbers.,The set of all non-zero complex numbers.,Both A and B,None of the above,A,C means the set of all complex numbers in a set.,medium,web:Includehelp.com https://www.includehelp.com/mcq/discrete-mathematics-sets-introduction-mcqs.aspx,
Discrete Mathematics for CS,Discrete Mathematics | Sets Introduction Multiple-Choice Questions (MCQs),What does Co mean in a set?,The set of all complex numbers.,The set of all non-zero complex numbers.,The set of all zero complex numbers.,None of the above,B,Co means the set of all non-zero complex numbers.,medium,web:Includehelp.com https://www.includehelp.com/mcq/discrete-mathematics-sets-introduction-mcqs.aspx,
Discrete Mathematics for CS,Discrete Mathematics | Sets Introduction Multiple-Choice Questions (MCQs),What does Q mean in a set?,The sets of rational numbers.,The sets of non-zero rational numbers.,The sets of +ve rational numbers.,None of the above,A,Q means the sets of rational numbers.,medium,web:Includehelp.com https://www.includehelp.com/mcq/discrete-mathematics-sets-introduction-mcqs.aspx,
Discrete Mathematics for CS,Discrete Mathematics | Sets Introduction Multiple-Choice Questions (MCQs),What does Qo mean in a set?,The sets of rational numbers.,The sets of non-zero rational numbers.,The sets of +ve rational numbers.,None of the above,B,Qo means the sets of non-zero rational numbers.,medium,web:Includehelp.com https://www.includehelp.com/mcq/discrete-mathematics-sets-introduction-mcqs.aspx,
Discrete Mathematics for CS,Discrete Mathematics | Sets Introduction Multiple-Choice Questions (MCQs),What does Q+ mean in a set?,The sets of rational numbers.,The sets of non-zero rational numbers.,The sets of +ve rational numbers.,None of the above,C,Q+ means the sets of +ve rational numbers.,medium,web:Includehelp.com https://www.includehelp.com/mcq/discrete-mathematics-sets-introduction-mcqs.aspx,
Discrete Mathematics for CS,Discrete Mathematics | Sets Introduction Multiple-Choice Questions (MCQs),What does R mean in a set?,The set of the real number,The set of the non-zero real number,The set of +ve real number,None of the above,A,R means the set of real numbers.,medium,web:Includehelp.com https://www.includehelp.com/mcq/discrete-mathematics-sets-introduction-mcqs.aspx,
Discrete Mathematics for CS,Discrete Mathematics | Sets Introduction Multiple-Choice Questions (MCQs),What does Ro mean in a set?,The set of the real number,The set of the non-zero real number,The set of +ve real number,None of the above,B,Co means the set of all non-zero complex numbers.,medium,web:Includehelp.com https://www.includehelp.com/mcq/discrete-mathematics-sets-introduction-mcqs.aspx,
Discrete Mathematics for CS,Discrete Mathematics | Sets Introduction Multiple-Choice Questions (MCQs),What does R+ mean in a set?,The set of the real number,The set of the non-zero real number,The set of +ve real number,None of the above,C,R+ means the set of +ve real numbers.,medium,web:Includehelp.com https://www.includehelp.com/mcq/discrete-mathematics-sets-introduction-mcqs.aspx,
Discrete Mathematics for CS,Discrete Mathematics | Sets Introduction Multiple-Choice Questions (MCQs),It is called the ____ of the set when there are a total number of unique elements.,Uniquely,Cardinality,Separately,Specifically,B,It is called the cardinality of the set when there are a total number of unique elements.,medium,web:Includehelp.com https://www.includehelp.com/mcq/discrete-mathematics-sets-introduction-mcqs.aspx,
Discrete Mathematics for CS,Discrete Mathematics | Sets Introduction Multiple-Choice Questions (MCQs),"In the countably infinite set, there is ____ cardinality.",Only one,Only two,Only three,Multiple,A,"In the countably infinite set, there is only one cardinality.",medium,web:Includehelp.com https://www.includehelp.com/mcq/discrete-mathematics-sets-introduction-mcqs.aspx,
Discrete Mathematics for CS,Discrete Mathematics | Types of Sets Multiple-Choice Questions (MCQs),Whenever n is a non-negative integer then a set is said to be finite if it contains only ____ distinct elements.,n,n+1,n-1,n^2,A,Whenever n is a non-negative integer then a set is said to be finite if it contains only n distinct elements.,medium,web:Includehelp.com https://www.includehelp.com/mcq/discrete-mathematics-types-of-sets-mcqs.aspx,
Discrete Mathematics for CS,Discrete Mathematics | Types of Sets Multiple-Choice Questions (MCQs),____ or #A are used to denote the cardinality of sets.,Card (A),Card |A|,n(A),All of the above,D,"Cards (A), #A, cards (A), or n (A) are used to denote the cardinality of sets.",medium,web:Includehelp.com https://www.includehelp.com/mcq/discrete-mathematics-types-of-sets-mcqs.aspx,
Discrete Mathematics for CS,Discrete Mathematics | Types of Sets Multiple-Choice Questions (MCQs),"Whenever there is a one-to-one correspondence between an element in the set and an element in some other set n, where n is a natural number and n is the cardinality of the set, the set is called a ____ set.",Finite,Infinite,Subset,Cardinality,A,"Whenever there is a one-to-one correspondence between an element in the set and an element in some other set n, where n is a natural number and n is the cardinality of the set, the set is called a finite set.",medium,web:Includehelp.com https://www.includehelp.com/mcq/discrete-mathematics-types-of-sets-mcqs.aspx,
Discrete Mathematics for CS,Discrete Mathematics | Types of Sets Multiple-Choice Questions (MCQs),An ____ set is a finite set.,Enumerable,Innumberable,Both A and B,None of the above,A,An enumerable set is a finite set.,medium,web:Includehelp.com https://www.includehelp.com/mcq/discrete-mathematics-types-of-sets-mcqs.aspx,
Discrete Mathematics for CS,Discrete Mathematics | Types of Sets Multiple-Choice Questions (MCQs),An ____ set is one that has no end.,Non-finite,Finite,Infinite,None,C,,medium,web:Includehelp.com https://www.includehelp.com/mcq/discrete-mathematics-types-of-sets-mcqs.aspx,
Discrete Mathematics for CS,Discrete Mathematics | Types of Sets Multiple-Choice Questions (MCQs),The ____ is n.,Cardinality of sets,Cardinal number of sets,Both A and B,None of the above,C,The cardinality of sets or a cardinal number of sets is n.,medium,web:Includehelp.com https://www.includehelp.com/mcq/discrete-mathematics-types-of-sets-mcqs.aspx,
Discrete Mathematics for CS,Discrete Mathematics | Types of Sets Multiple-Choice Questions (MCQs),____ is another name for a countably infinite set.,Enumerable,Denumerable,Non-numerable,Innumberable,B,Denumerable is another name for a countably infinite set.,medium,web:Includehelp.com https://www.includehelp.com/mcq/discrete-mathematics-types-of-sets-mcqs.aspx,
Discrete Mathematics for CS,Discrete Mathematics | Types of Sets Multiple-Choice Questions (MCQs),"In mathematics, countable sets are defined as ____.",Finite,Denumerable,Both A and B,None of the above,C,"In mathematics, countable sets are defined as finite or denumerable.",medium,web:Includehelp.com https://www.includehelp.com/mcq/discrete-mathematics-types-of-sets-mcqs.aspx,
Discrete Mathematics for CS,Discrete Mathematics | Types of Sets Multiple-Choice Questions (MCQs),____ sets are sets that cannot be counted.,Countable,Uncountable,Decountable,None,A,Uncountable sets are sets that cannot be counted.,medium,web:Includehelp.com https://www.includehelp.com/mcq/discrete-mathematics-types-of-sets-mcqs.aspx,
Discrete Mathematics for CS,Discrete Mathematics | Types of Sets Multiple-Choice Questions (MCQs),A non-negative even integer set is ____.,Countable Finite,Countable Infinite,Uncountable Finite,Uncountable Infinite,A,A non-negative even integer set is countable infinite.,medium,web:Includehelp.com https://www.includehelp.com/mcq/discrete-mathematics-types-of-sets-mcqs.aspx,
Discrete Mathematics for CS,Discrete Mathematics | Types of Sets Multiple-Choice Questions (MCQs),Infinite sets that can't be counted are called _____.,Uncountable Infinite sets,Non-denumerable sets,Uncountable sets,All of the above,D,"Infinite sets that can't be counted are called uncountable infinite sets, non-denumerable sets, or just Uncountable sets.",medium,web:Includehelp.com https://www.includehelp.com/mcq/discrete-mathematics-types-of-sets-mcqs.aspx,
Discrete Mathematics for CS,Discrete Mathematics | Types of Sets Multiple-Choice Questions (MCQs),"A is called a subset of B, if ____ element of A is also an element of B.",Few,None,Every,Little,C,"A is called a subset of B, if every element of A is also an element of B.",medium,web:Includehelp.com https://www.includehelp.com/mcq/discrete-mathematics-types-of-sets-mcqs.aspx,
Discrete Mathematics for CS,Discrete Mathematics | Types of Sets Multiple-Choice Questions (MCQs),"If every element of A is also an element of B, it is denoted by -",A ⊆ B,A U B,A - B,A + B,A,"If every element of A is also an element of B, it is denoted by A ⊆ B.",medium,web:Includehelp.com https://www.includehelp.com/mcq/discrete-mathematics-types-of-sets-mcqs.aspx,
Discrete Mathematics for CS,Discrete Mathematics | Types of Sets Multiple-Choice Questions (MCQs),"If every element of A is also an element of B, then -",A is called Superset of B,B is called Superset of A,A and B are Superset,B is called Subset of A,B,"If every element of A is also an element of B, then B is called Superset of A.",medium,web:Includehelp.com https://www.includehelp.com/mcq/discrete-mathematics-types-of-sets-mcqs.aspx,
Discrete Mathematics for CS,Discrete Mathematics | Types of Sets Multiple-Choice Questions (MCQs),Which of the following is/are a property (ies) of a subset?,Sets are subsets of one another.,"Every set contains a Null Set, i.e.∅.",The subset of A will be C if it is a subset of B and B is a subset of C.,All of the above,D,"Following are the properties of a subset -
 Sets are subsets of one another.
 Every set contains a Null Set, i.e.∅.
 The subset of A will be C if it is a subset of B and B is a subset of C.",medium,web:Includehelp.com https://www.includehelp.com/mcq/discrete-mathematics-types-of-sets-mcqs.aspx,
Discrete Mathematics for CS,Discrete Mathematics | Types of Sets Multiple-Choice Questions (MCQs),Which of the following is a property of a subset?,"If there are n elements in a finite set, there are 2^n subsets","If there are n elements in a finite set, there are n^2 subsets","If there are n elements in an infinite set, there are 2^n subsets","If there are n elements in an infinite set, there are n^2 subsets",A,"If there are n elements in a finite set, there are 2^n subsets.",medium,web:Includehelp.com https://www.includehelp.com/mcq/discrete-mathematics-types-of-sets-mcqs.aspx,
Discrete Mathematics for CS,Discrete Mathematics | Types of Sets Multiple-Choice Questions (MCQs),If A⊂B and B⊂ C ⟹ ____,A ⊂ C,C ⊂ A,A U C,A + C,A,If A⊂B and B⊂ C ⟹ A ⊂ C,medium,web:Includehelp.com https://www.includehelp.com/mcq/discrete-mathematics-types-of-sets-mcqs.aspx,
Discrete Mathematics for CS,Discrete Mathematics | Types of Sets Multiple-Choice Questions (MCQs),"Whenever A is a subset of B, and A ≠ B, then A is called a ___ subset of B.",Proper,Improper,Finite,Infinite,A,"Whenever A is a subset of B, and A ≠ B, then A is called a proper subset of B.",medium,web:Includehelp.com https://www.includehelp.com/mcq/discrete-mathematics-types-of-sets-mcqs.aspx,
Discrete Mathematics for CS,Discrete Mathematics | Types of Sets Multiple-Choice Questions (MCQs),B ____ of A if A is a proper subset of B.,Is not a subset,Is a subset,Is not a superset,None,A,B is not a subset of A if A is a proper subset of B.,medium,web:Includehelp.com https://www.includehelp.com/mcq/discrete-mathematics-types-of-sets-mcqs.aspx,
Discrete Mathematics for CS,Discrete Mathematics | Types of Sets Multiple-Choice Questions (MCQs),Every set has a null ____ as a proper subset.,∅,=,*,U,A,Every set has a null ∅ as a proper subset.,medium,web:Includehelp.com https://www.includehelp.com/mcq/discrete-mathematics-types-of-sets-mcqs.aspx,
Discrete Mathematics for CS,Discrete Mathematics | Types of Sets Multiple-Choice Questions (MCQs),A is said to be an ____ subset of B if A is a subset of B and A = B.,Proper,Improper,Enumerable,Denumerable,B,A is said to be an improper subset of B if A is a subset of B and A = B.,medium,web:Includehelp.com https://www.includehelp.com/mcq/discrete-mathematics-types-of-sets-mcqs.aspx,
Discrete Mathematics for CS,Discrete Mathematics | Types of Sets Multiple-Choice Questions (MCQs),Sets are ____ subsets of themselves.,Proper,Improper,Finite,Infinite,B,Sets are improper subsets of themselves.,medium,web:Includehelp.com https://www.includehelp.com/mcq/discrete-mathematics-types-of-sets-mcqs.aspx,
Discrete Mathematics for CS,Discrete Mathematics | Types of Sets Multiple-Choice Questions (MCQs),An investigation set U is called _____ Set if it contains all the sets under investigation.,Universal,Null,Empty,Singelton,A,An investigation set U is called Universal Set if it contains all the sets under investigation.,medium,web:Includehelp.com https://www.includehelp.com/mcq/discrete-mathematics-types-of-sets-mcqs.aspx,
Discrete Mathematics for CS,Discrete Mathematics | Types of Sets Multiple-Choice Questions (MCQs),"____ sets, do not contain any elements.",Null,Void,Empty,All of the above,D,"Null sets, or void sets, do not contain any elements.",medium,web:Includehelp.com https://www.includehelp.com/mcq/discrete-mathematics-types-of-sets-mcqs.aspx,
Discrete Mathematics for CS,Discrete Mathematics | Types of Sets Multiple-Choice Questions (MCQs),Singleton set contains ___ element.,Null,One,Multiple,Infinite,B,Singleton set contains one element.,medium,web:Includehelp.com https://www.includehelp.com/mcq/discrete-mathematics-types-of-sets-mcqs.aspx,
Discrete Mathematics for CS,Discrete Mathematics | Types of Sets Multiple-Choice Questions (MCQs),"When both sets A and B have the same elements, they are ____ and written as A = B.",Equal,Non-equal,Finite,Infinite,B,"When both sets A and B have the same elements, they are equal and written as A = B.",medium,web:Includehelp.com https://www.includehelp.com/mcq/discrete-mathematics-types-of-sets-mcqs.aspx,
Discrete Mathematics for CS,Discrete Mathematics | Types of Sets Multiple-Choice Questions (MCQs),Equivalent sets are those whose ____ are equal.,Elements,Sets,Cardinalities,None,C,Equivalent sets are those whose cardinalities are equal.,medium,web:Includehelp.com https://www.includehelp.com/mcq/discrete-mathematics-types-of-sets-mcqs.aspx,
Discrete Mathematics for CS,Discrete Mathematics | Types of Sets Multiple-Choice Questions (MCQs),Any element of A cannot be found in B and any element of B cannot be found in A if two sets A and B are ____.,Joint,Disjoint,Null,Singleton,B,An element of A cannot be found in B and an element of B cannot be found in A if two sets A and B are disjoint.,medium,web:Includehelp.com https://www.includehelp.com/mcq/discrete-mathematics-types-of-sets-mcqs.aspx,
Discrete Mathematics for CS,Discrete Mathematics | Types of Sets Multiple-Choice Questions (MCQs),Set of all ____ of A are called its power.,Subsets,Sets,Supersets,None,A,Set of all subsets of A are called its power.,medium,web:Includehelp.com https://www.includehelp.com/mcq/discrete-mathematics-types-of-sets-mcqs.aspx,
Discrete Mathematics for CS,Discrete Mathematics | Types of Sets Multiple-Choice Questions (MCQs),Subdividing S into ____ subsets is known as partitioning S.,Nonoverlapping,Nonempty,Both A and B,None of the above,C,"Subdividing S into nonoverlapping, nonempty subsets is known as partitioning S.",medium,web:Includehelp.com https://www.includehelp.com/mcq/discrete-mathematics-types-of-sets-mcqs.aspx,
Discrete Mathematics for CS,Discrete Mathematics | Types of Sets Multiple-Choice Questions (MCQs),Cells are the ____ in a partition.,Subsets,Sets,Supersets,None,A,Cells are the subsets in a partition.,medium,web:Includehelp.com https://www.includehelp.com/mcq/discrete-mathematics-types-of-sets-mcqs.aspx,
Discrete Mathematics for CS,Discrete Mathematics | Types of Sets Multiple-Choice Questions (MCQs),"When set is represented in pictorial format, it is known as -",Pictorial Diagram,Vven Diagram,Veen Diagram,Venn Diagram,D,"When set is represented in pictorial format, it is known as Venn Diagram.",medium,web:Includehelp.com https://www.includehelp.com/mcq/discrete-mathematics-types-of-sets-mcqs.aspx,
Discrete Mathematics for CS,Discrete Mathematics | Operation on Sets Multiple-Choice Questions (MCQs),"Union of Sets is defined as the group of all elements that are members of one or both of the sets A and B, and is denoted by the symbol ___?",A∪B,A*B,A-B,A+B,A,"Union of Sets is defined as the group of all elements that are members of one or both of the sets A and B, and is denoted by the symbol A∪B.",medium,web:Includehelp.com https://www.includehelp.com/mcq/discrete-mathematics-operation-on-sets-mcqs.aspx,
Discrete Mathematics for CS,Discrete Mathematics | Operation on Sets Multiple-Choice Questions (MCQs),"All elements that belong to both A and B make up the intersection of two sets, denoted by ___?",A∪B,A∩B,A*B,A+B,B,"All elements that belong to both A and B make up the intersection of two sets, denoted by A ∩ B.",medium,web:Includehelp.com https://www.includehelp.com/mcq/discrete-mathematics-operation-on-sets-mcqs.aspx,
Discrete Mathematics for CS,Discrete Mathematics | Operation on Sets Multiple-Choice Questions (MCQs),"Those elements that belong to A but not to B make up ___, the difference between two sets A and B?",A -- B,A + B,A - B,A +- B,C,"Those elements that belong to A but not to B make up A - B, the difference between two sets A and B.",medium,web:Includehelp.com https://www.includehelp.com/mcq/discrete-mathematics-operation-on-sets-mcqs.aspx,
Discrete Mathematics for CS,Discrete Mathematics | Operation on Sets Multiple-Choice Questions (MCQs),"A set's _____ is the sum of all the elements of that set which do not belong to it, and it is referred to as Ac?",Union,Consequtive,Complement,Difference,C,"A set's complement is the sum of all the elements of that set which do not belong to it, and it is referred to as Ac.",medium,web:Includehelp.com https://www.includehelp.com/mcq/discrete-mathematics-operation-on-sets-mcqs.aspx,
Discrete Mathematics for CS,Discrete Mathematics | Operation on Sets Multiple-Choice Questions (MCQs),"When two sets A and B are symmetrically different, then ____ represents the set containing all elements that are in either of them but not in both?",A +- B,A ⨁ B,A* B,A U B,B,"When two sets A and B are symmetrically different, then A ⨁ B represents the set containing all elements that are in either of them but not in both.",medium,web:Includehelp.com https://www.includehelp.com/mcq/discrete-mathematics-operation-on-sets-mcqs.aspx,
Discrete Mathematics for CS,Discrete Mathematics | Algebra of Sets Multiple-Choice Questions (MCQs),What is associative law?,(A ∪ C) = A ∪ (B ∪ C),(A ∪ B) = A ∪ (B ∪ C),(A ∪ C) ∪ C = A ∪ (B ∪ C),(A ∪ B) ∪ C = A ∪ (B ∪ C),D,Associative law means (A ∪ B) ∪ C = A ∪ (B ∪ C).,medium,web:Includehelp.com https://www.includehelp.com/mcq/discrete-mathematics-algebra-of-sets-mcqs.aspx,
Discrete Mathematics for CS,Discrete Mathematics | Algebra of Sets Multiple-Choice Questions (MCQs),What is/are commutative law(s)?,A ∪ B = B ∪ A,A ∩ B = B ∩ A,Both A and B,None of the above,C,"Commutative laws are -
 A ∪ B = B ∪ A
 A ∩ B = B ∩ A",medium,web:Includehelp.com https://www.includehelp.com/mcq/discrete-mathematics-algebra-of-sets-mcqs.aspx,
Discrete Mathematics for CS,Discrete Mathematics | Algebra of Sets Multiple-Choice Questions (MCQs),What is distributive law?,A ∪ (B ∪ C) = (A ∪ B) ∩ (A ∪ C),A ∩ (B ∪ C) = (A ∪ B) ∩ (A ∪ C),A ∪ (B ∩ C) = (A ∪ B) ∩ (A ∪ C),A ∩ (B ∩ C) = (A ∪ B) ∩ (A ∪ C),C,Distributive law means A ∪ (B ∩ C) = (A ∪ B) ∩ (A ∪ C).,medium,web:Includehelp.com https://www.includehelp.com/mcq/discrete-mathematics-algebra-of-sets-mcqs.aspx,
Discrete Mathematics for CS,Discrete Mathematics | Algebra of Sets Multiple-Choice Questions (MCQs),What is Demorgan law?,(A ∪ B)c=Ac ∪ Bc,(A ∪ B)c=Ac ∩ Bc,(A ∩ B)c=Ac ∩ Bc,(A ∪ B)=Ac ∩ Bc,B,Demorgan law states that (A ∪ B)c=Ac ∩ Bc.,medium,web:Includehelp.com https://www.includehelp.com/mcq/discrete-mathematics-algebra-of-sets-mcqs.aspx,
Discrete Mathematics for CS,Discrete Mathematics | Algebra of Sets Multiple-Choice Questions (MCQs),What is/are identity law(s)?,A ∪ ∅ = A,A ∪ U = U,A ∩ ∅ = ∅,All of the above,D,"Identity laws are -
 A ∪ ∅ = A
 A ∪ U = U
 A ∩ ∅ = ∅",medium,web:Includehelp.com https://www.includehelp.com/mcq/discrete-mathematics-algebra-of-sets-mcqs.aspx,
Discrete Mathematics for CS,Discrete Mathematics | Algebra of Sets Multiple-Choice Questions (MCQs),What is complement law?,A ∪ Ac= U,A ∩ Ac= U,A ∪ A= U,A ∩ A= U,A,Complement law means A ∪ Ac= U.,medium,web:Includehelp.com https://www.includehelp.com/mcq/discrete-mathematics-algebra-of-sets-mcqs.aspx,
Discrete Mathematics for CS,Discrete Mathematics | Algebra of Sets Multiple-Choice Questions (MCQs),Which of the following is/are a/the complement law(s)?,A ∩ Ac= ∅,Uc= ∅,∅c = U,All of the above,D,"The following are the complement laws -
 A ∩ Ac= ∅
 Uc= ∅
 ∅c = U",medium,web:Includehelp.com https://www.includehelp.com/mcq/discrete-mathematics-algebra-of-sets-mcqs.aspx,
Discrete Mathematics for CS,Discrete Mathematics | Algebra of Sets Multiple-Choice Questions (MCQs),What is Involution law?,(Ac) = A,(A)c = A,(Ac)c = A,(Ac)c)c) = A,C,Involution law is (Ac)c)c) = A.,medium,web:Includehelp.com https://www.includehelp.com/mcq/discrete-mathematics-algebra-of-sets-mcqs.aspx,
Discrete Mathematics for CS,Discrete Mathematics | Algebra of Sets Multiple-Choice Questions (MCQs),"If you replace ∪, ∩, U, and ∅ in E with ∩, ∪, ∅, and U respectively, you get the dual __ of E?",E(U),E*,E(∅),E(∪),B,"If you replace ∪, ∩, U, and ∅ in E with ∩, ∪, ∅, and U respectively, you get the dual E* of E.",medium,web:Includehelp.com https://www.includehelp.com/mcq/discrete-mathematics-algebra-of-sets-mcqs.aspx,
Discrete Mathematics for CS,Discrete Mathematics | Algebra of Sets Multiple-Choice Questions (MCQs),"It follows that if equation E is an identity, then its dual equation E∗ ____?",Is not an identity,Is also an identity,Is also a dual identity,None of the above,B,"It follows that if equation E is an identity, then its dual equation E∗ is also an identity.",medium,web:Includehelp.com https://www.includehelp.com/mcq/discrete-mathematics-algebra-of-sets-mcqs.aspx,
Discrete Mathematics for CS,Discrete Mathematics | Algebra of Sets Multiple-Choice Questions (MCQs),Two sets with the same members are the ____ according to the Principle of Extension?,Similar,Different,Unique,Same,D,Two sets with the same members are the same according to the Principle of Extension.,medium,web:Includehelp.com https://www.includehelp.com/mcq/discrete-mathematics-algebra-of-sets-mcqs.aspx,
Discrete Mathematics for CS,Discrete Mathematics | Algebra of Sets Multiple-Choice Questions (MCQs),What is Equal Set?,A=B,A*B,A+B,A-B,A,Explanation:A=B is a Equal Set.,medium,web:Includehelp.com https://www.includehelp.com/mcq/discrete-mathematics-algebra-of-sets-mcqs.aspx,
Discrete Mathematics for CS,Discrete Mathematics | Algebra of Sets Multiple-Choice Questions (MCQs),"Cartesian Products are sets of all ordered pairs whose first members belong to one set and the second members to the other, denoted by the symbols ____?",A x B,A + B,A - B,A / B,A,"Cartesian Products are sets of all ordered pairs whose first members belong to one set and the second members to the other, denoted by the symbols P x Q.",medium,web:Includehelp.com https://www.includehelp.com/mcq/discrete-mathematics-algebra-of-sets-mcqs.aspx,
Discrete Mathematics for CS,Discrete Mathematics | Multisets Multiple-Choice Questions (MCQs),"In a multiset, multiplicity refers to the ____ with which an element is repeated.",Frequency,Audacity,Range,Sequence,A,"In a multiset, multiplicity refers to the frequency with which an element is repeated.",medium,web:Includehelp.com https://www.includehelp.com/mcq/discrete-mathematics-multisets-mcqs.aspx,
Discrete Mathematics for CS,Discrete Mathematics | Multisets Multiple-Choice Questions (MCQs),Which of the following is/are an/the operation(s) on multisets?,Union of Multisets,Intersection of Multisets,Difference of Multisets,All of the above,D,"The following are the operations on multisets -
 Union of Multisets
 Intersection of Multisets
 Difference of Multisets",medium,web:Includehelp.com https://www.includehelp.com/mcq/discrete-mathematics-multisets-mcqs.aspx,
Discrete Mathematics for CS,Discrete Mathematics | Multisets Multiple-Choice Questions (MCQs),"As the multisets A and B are unions, their multiplicities are equal and denoted by A ∪ B. A ∪ B represents a multiset where the multiplicity of an element ____ the maximum of its multiplicities in both sets?",Is greater than,Is lesser than,Equals,Equivalent to,C,"As the multisets A and B are unions, their multiplicities are equal and denoted by A ∪ B. A ∪ B represents a multiset where the multiplicity of an element equals the maximum of its multiplicities in both sets.",medium,web:Includehelp.com https://www.includehelp.com/mcq/discrete-mathematics-multisets-mcqs.aspx,
Discrete Mathematics for CS,Discrete Mathematics | Multisets Multiple-Choice Questions (MCQs),"A multiset intersecting with another multiset, B, has a multiplicity equal to the minimum of the multiplicity of an element in each set, and is denoted by ___?",A ∩ B,A ∪ B,A * B,A + B,A,"A multiset intersecting with another multiset, B, has a multiplicity equal to the minimum of the multiplicity of an element in each set, and is denoted by A ∩ B.",medium,web:Includehelp.com https://www.includehelp.com/mcq/discrete-mathematics-multisets-mcqs.aspx,
Discrete Mathematics for CS,Discrete Mathematics | Multisets Multiple-Choice Questions (MCQs),Multisets are considered difference multisets if there is a _____ difference between them. An element's multiplicity of an element is equal to the multiplicity of the element in A minus the multiplicity of the element in B?,Positive,Negative,Both A and B,None of the above,C,,medium,web:Includehelp.com https://www.includehelp.com/mcq/discrete-mathematics-multisets-mcqs.aspx,
Discrete Mathematics for CS,Discrete Mathematics | Multisets Multiple-Choice Questions (MCQs),A multiset whose multiplicity equals the ___ of an element in two multisets A and B is called a multiset whose multiplicity equals the multiplicity of that element in two multisets?,Sum,Minus,Multiply,Division,A,A multiset whose multiplicity equals the sum of an element in two multisets A and B is called a multiset whose multiplicity equals the multiplicity of that element in two multisets.,medium,web:Includehelp.com https://www.includehelp.com/mcq/discrete-mathematics-multisets-mcqs.aspx,
Discrete Mathematics for CS,Discrete Mathematics | Multisets Multiple-Choice Questions (MCQs),"When a multiset is called cardinal, it refers to the number of ____ elements without taking into account their multiplicity?",Distinct,Similar,Average,Real,A,"When a multiset is called cardinal, it refers to the number of distinct elements without taking into account their multiplicity.",medium,web:Includehelp.com https://www.includehelp.com/mcq/discrete-mathematics-multisets-mcqs.aspx,
Discrete Mathematics for CS,Discrete Mathematics | Multisets Multiple-Choice Questions (MCQs),A set of distinct objects that is ordered is referred to as an ____ set?,Unordered,Ordered,Distinct,Indistinct,B,A set of distinct objects that is ordered is referred to as an ordered set.,medium,web:Includehelp.com https://www.includehelp.com/mcq/discrete-mathematics-multisets-mcqs.aspx,
Discrete Mathematics for CS,Discrete Mathematics | Multisets Multiple-Choice Questions (MCQs),"___ elements form an Ordered Pair, with the first element being designated as the first member and the second element being designated as the second member?",Two,Three,Four,Multiple,A,"Two elements form an Ordered Pair, with the first element being designated as the first member and the second element being designated as the second member.",medium,web:Includehelp.com https://www.includehelp.com/mcq/discrete-mathematics-multisets-mcqs.aspx,
Discrete Mathematics for CS,Discrete Mathematics | Multisets Multiple-Choice Questions (MCQs),"If there are two ordered pairs, then an ordered triple would be written as ____?","{(a, b, c)}","{(a, b)) c)}","(a, b) c}","{(a, b) c}",D,"If there are two ordered pairs, then an ordered triple would be written as {(a, b) c}.",medium,web:Includehelp.com https://www.includehelp.com/mcq/discrete-mathematics-multisets-mcqs.aspx,
Discrete Mathematics for CS,Discrete Mathematics | Multisets Multiple-Choice Questions (MCQs),"In an ordered quadrable, the first element is an ordered triple and it is denoted by ____?","{(((a, b, c)) d)}","{((a, b), c) d)}","{(a, b), c) d)}","{(((a, b), c) d)}",D,"In an ordered quadrable, the first element is an ordered triple and it is denoted by {(((a, b), c) d)}.",medium,web:Includehelp.com https://www.includehelp.com/mcq/discrete-mathematics-multisets-mcqs.aspx,
Discrete Mathematics for CS,Discrete Mathematics | Multisets Multiple-Choice Questions (MCQs),"The first element of an ordered n-tuple is an ordered (____) tuple, while the nth element is an ordered n-tuple?",n,n+1,n-1,n^2,C,"The first element of an ordered n-tuple is an ordered (n - 1) tuple, while the nth element is an ordered n-tuple.",medium,web:Includehelp.com https://www.includehelp.com/mcq/discrete-mathematics-multisets-mcqs.aspx,
Discrete Mathematics for CS,Discrete Mathematics | Representation and Types of Relations Multiple-Choice Questions (MC,How many types of relations are there?,6,7,8,9,D,There are 9 types of relations.,medium,web:Includehelp.com https://www.includehelp.com/mcq/discrete-mathematics-representation-and-types-of-relations-mcqs.aspx,
Discrete Mathematics for CS,Discrete Mathematics | Representation and Types of Relations Multiple-Choice Questions (MC,Which of the following is/are the type(s) of relation?,Reflexive relation,Irreflexive relation,Symmetric relation,All of the above,D,"The following types of relations are there -
 Reflexive relation
 Irreflexive relation
 Symmetric relation",medium,web:Includehelp.com https://www.includehelp.com/mcq/discrete-mathematics-representation-and-types-of-relations-mcqs.aspx,
Discrete Mathematics for CS,Discrete Mathematics | Representation and Types of Relations Multiple-Choice Questions (MC,____ for every a ∈ A is said to be a reflexive relation R on set A.,"(a, a) ∈ A",(a) ∈ R,"(a, a) ∉ R","(a, a) ∈ R",D,"(a, a) ∈ R for every a ∈ A is said to be a reflexive relation R on set A.",medium,web:Includehelp.com https://www.includehelp.com/mcq/discrete-mathematics-representation-and-types-of-relations-mcqs.aspx,
Discrete Mathematics for CS,Discrete Mathematics | Representation and Types of Relations Multiple-Choice Questions (MC,____ for every a ∈ A is said to be an irreflexive relation R on set A.,"(a, a) ∈ A",(a) ∈ R,"(a, a) ∉ R","(a, a) ∈ R",C,"(a, a) ∉ R for every a ∈ A is said to be a irreflexive relation R on set A.",medium,web:Includehelp.com https://www.includehelp.com/mcq/discrete-mathematics-representation-and-types-of-relations-mcqs.aspx,
Discrete Mathematics for CS,Discrete Mathematics | Representation and Types of Relations Multiple-Choice Questions (MC,Symmetric relations in set A are defined as ____.,"(a, b) ∈ R ⟺ (a) ∈ R","(a, b) ∈ R ⟺ (b) ∈ R","(a, b) ∈ R ⟺ (a, b) ∈ R","(a, b) ∈ R ⟺ (b, a) ∈ R",D,,medium,web:Includehelp.com https://www.includehelp.com/mcq/discrete-mathematics-representation-and-types-of-relations-mcqs.aspx,
Discrete Mathematics for CS,Discrete Mathematics | Representation and Types of Relations Multiple-Choice Questions (MC,"When (a, b) ∈ R and (b, a) ∈ R, then ____, a relation R is antisymmetric.",a = b,a ≠ b,a * b,a - b,A,"When (a, b) ∈ R and (b, a) ∈ R, then a = b, a relation R is antisymmetric.",medium,web:Includehelp.com https://www.includehelp.com/mcq/discrete-mathematics-representation-and-types-of-relations-mcqs.aspx,
Discrete Mathematics for CS,Discrete Mathematics | Representation and Types of Relations Multiple-Choice Questions (MC,"If for every (a, b) ∈ R, (b, a) does not belong to R, then R is an/the ____ relation.",Symmetric,Antisymmetric,Asymmetric,None,C,"If for every (a, b) ∈ R, (b, a) does not belong to R, then R is an asymmetric relation.",medium,web:Includehelp.com https://www.includehelp.com/mcq/discrete-mathematics-representation-and-types-of-relations-mcqs.aspx,
Discrete Mathematics for CS,Discrete Mathematics | Representation and Types of Relations Multiple-Choice Questions (MC,"When (a, b) ∈ R and (b, c) ∈ R ⟺ (a, c) ∈ R on set A, it is said that R is ____.",Transitive,Identity,Void,Universal,A,"When (a, b) ∈ R and (b, c) ∈ R ⟺ (a, c) ∈ R on set A, it is said that R is transitive.",medium,web:Includehelp.com https://www.includehelp.com/mcq/discrete-mathematics-representation-and-types-of-relations-mcqs.aspx,
Discrete Mathematics for CS,Discrete Mathematics | Representation and Types of Relations Multiple-Choice Questions (MC,"If set A is ____, then it is an identity relation.",Reflexive,Transitive,Symmetric,All of the above,A,"If set A is reflexive, transitive and symmetric, then it is an identity relation.",medium,web:Includehelp.com https://www.includehelp.com/mcq/discrete-mathematics-representation-and-types-of-relations-mcqs.aspx,
Discrete Mathematics for CS,Discrete Mathematics | Representation and Types of Relations Multiple-Choice Questions (MC,The relation R: A → B is ____ if R = ∅ (⊆ A x B).,Identity,Symmetric,Void,None,C,The relation R: A → B is Void if R = ∅ (⊆ A x B).,medium,web:Includehelp.com https://www.includehelp.com/mcq/discrete-mathematics-representation-and-types-of-relations-mcqs.aspx,
Discrete Mathematics for CS,Discrete Mathematics | Representation and Types of Relations Multiple-Choice Questions (MC,"Void relation has ____ properties, but it is not reflexive.",Symmetrical,Transitive,Both A and B,None of the above,C,"Void relation has symmetrical and transitive properties, but it is not reflexive.",medium,web:Includehelp.com https://www.includehelp.com/mcq/discrete-mathematics-representation-and-types-of-relations-mcqs.aspx,
Discrete Mathematics for CS,Discrete Mathematics | Representation and Types of Relations Multiple-Choice Questions (MC,The relation R: A → B is ____ if R = A x B (⊆ A x B).,Void,Identity,Universal,Symmetric,C,The relation R: A → B is universal if R = A x B (⊆ A x B).,medium,web:Includehelp.com https://www.includehelp.com/mcq/discrete-mathematics-representation-and-types-of-relations-mcqs.aspx,
Discrete Mathematics for CS,Discrete Mathematics | Representation and Types of Relations Multiple-Choice Questions (MC,A → B's Universal Relationship is ____.,Symmetrical,Reflexive,Transitive,All of the above,D,"A → B's Universal Relationship is symmetrical, reflexive, and transitive.",medium,web:Includehelp.com https://www.includehelp.com/mcq/discrete-mathematics-representation-and-types-of-relations-mcqs.aspx,
Discrete Mathematics for CS,Discrete Mathematics | Representation and Types of Relations Multiple-Choice Questions (MC,"If a relation is symmetrical, reflexive and transitive, then it is a ____.",Equal relation,Equivalence relation,Symmetrical relation,Asymptotic relation,B,"If a relation is symmetrical, reflexive and transitive, then it is an equivalence relation.",medium,web:Includehelp.com https://www.includehelp.com/mcq/discrete-mathematics-representation-and-types-of-relations-mcqs.aspx,
Discrete Mathematics for CS,Discrete Mathematics | Partial Order Relations Multiple-Choice Questions (MCQs),Which of the following is a property in Partial Order relations?,Reflexive,Antisymmetric,Transitive,All of the above,D,"The following is a property in partial Order relations -
 Reflexive
 Antisymmetric
 Transitive",medium,web:Includehelp.com https://www.includehelp.com/mcq/discrete-mathematics-partial-order-relations-mcqs.aspx,
Discrete Mathematics for CS,Discrete Mathematics | Partial Order Relations Multiple-Choice Questions (MCQs),A partial order set or ____ is the set A coupled with a partial order relation R on the set A?,OFFSET,OPSET,POSET,PFFSET,C,A partial order set or POSET is the set A coupled with a partial order relation R on the set A.,medium,web:Includehelp.com https://www.includehelp.com/mcq/discrete-mathematics-partial-order-relations-mcqs.aspx,
Discrete Mathematics for CS,Discrete Mathematics | Partial Order Relations Multiple-Choice Questions (MCQs),The total order relation on set A is known as _____?,"(a, b) ∈ R","(b, a) ∈ R",a = b,All of the above,D,"The total order relation on set A is known as (a, b) ∈ R, (b, a) ∈ R, or a = b.",medium,web:Includehelp.com https://www.includehelp.com/mcq/discrete-mathematics-partial-order-relations-mcqs.aspx,
Discrete Mathematics for CS,Discrete Mathematics | Partial Order Relations Multiple-Choice Questions (MCQs),"If (a, b) ∈ R and (b, c) ∈ R implies ____, then R is circular?","(a, a) ∈ R","(a, b) ∈ R","(c, a) ∈ R","(b, a) ∈ R",C,"If (a, b) ∈ R and (b, c) ∈ R implies (c, a) ∈ R, then R is circular.",medium,web:Includehelp.com https://www.includehelp.com/mcq/discrete-mathematics-partial-order-relations-mcqs.aspx,
Discrete Mathematics for CS,Discrete Mathematics | Partial Order Relations Multiple-Choice Questions (MCQs),"In mathematics, a ____ relation R is called a Compatible Relation?",Reflexive,Symmetric Binary,Both a and b,None of the above,C,"In mathematics, a Reflexive and Symmetric binary relation R is called a Compatible Relation.",medium,web:Includehelp.com https://www.includehelp.com/mcq/discrete-mathematics-partial-order-relations-mcqs.aspx,
Discrete Mathematics for CS,Discrete Mathematics | Partial Order Relations Multiple-Choice Questions (MCQs),"A relationship of equivalence must be ____, but a relationship of compatibility does not have to be an equivalence?",Compatible,Composite,Cartesian,Circular,A,"A relationship of equivalence must be compatible, but a relationship of compatibility does not have to be an equivalence.",medium,web:Includehelp.com https://www.includehelp.com/mcq/discrete-mathematics-partial-order-relations-mcqs.aspx,
Discrete Mathematics for CS,Discrete Mathematics | Functions Multiple-Choice Questions (MCQs),The set P is called the domain of a function f if f is defined as a function from ____?,P to Q,f to Q,Q to P,Q to f,A,The set P is called the domain of a function f if f is defined as a function from P to Q.,medium,web:Includehelp.com https://www.includehelp.com/mcq/discrete-mathematics-functions-mcqs.aspx,
Discrete Mathematics for CS,Discrete Mathematics | Functions Multiple-Choice Questions (MCQs),"Whenever f is a function from P to Q, _ is referred to as its Co-domain?",P,Q,f,None,B,"Whenever f is a function from P to Q, Q is referred to as its Co-domain.",medium,web:Includehelp.com https://www.includehelp.com/mcq/discrete-mathematics-functions-mcqs.aspx,
Discrete Mathematics for CS,Discrete Mathematics | Functions Multiple-Choice Questions (MCQs),Range of a function is a ____ of its co-domain?,Set,Superset,Subset,None,C,Range of a function is a subset of its co-domain.,medium,web:Includehelp.com https://www.includehelp.com/mcq/discrete-mathematics-functions-mcqs.aspx,
Discrete Mathematics for CS,Discrete Mathematics | Functions Multiple-Choice Questions (MCQs),A function f between P and Q is a subset of ___ if P and Q are not empty sets?,P - Q,P + Q,P / Q,P x Q,D,A function f between P and Q is a subset of P x Q if P and Q are not empty sets.,medium,web:Includehelp.com https://www.includehelp.com/mcq/discrete-mathematics-functions-mcqs.aspx,
Discrete Mathematics for CS,Discrete Mathematics | Functions Multiple-Choice Questions (MCQs),"A function f between P and Q is a subset of P x Q if P and Q are not empty sets, with the restriction imposed -?","∀ a ∈ P, (a, b) ∈ f for some b ∈ Q","If (a, b) ∈ f and (a, c) ∈ f then b = c.",Both a and b,None of the above,C,"A function f between P and Q is a subset of P x Q if P and Q are not empty sets, with the restriction imposed -
 ∀ a ∈ P, (a, b) ∈ f for some b ∈ Q
 If (a, b) ∈ f and (a, c) ∈ f then b = c",medium,web:Includehelp.com https://www.includehelp.com/mcq/discrete-mathematics-functions-mcqs.aspx,
Discrete Mathematics for CS,Discrete Mathematics | Functions Multiple-Choice Questions (MCQs),Representation of two sets P and Q is/are done by -?,One circle,Two circles,One square,Two squares,B,Representation of two sets P and Q are done by two circles.,medium,web:Includehelp.com https://www.includehelp.com/mcq/discrete-mathematics-functions-mcqs.aspx,
Discrete Mathematics for CS,Discrete Mathematics | Functions Multiple-Choice Questions (MCQs),A collection of ____ representing the elements of P and the elements of Q represents the function f: P → Q?,Squares,Lines,Arrows,Circles,C,A collection of arrows representing the elements of P and the elements of Q represents the function f: P → Q.,medium,web:Includehelp.com https://www.includehelp.com/mcq/discrete-mathematics-functions-mcqs.aspx,
Discrete Mathematics for CS,Discrete Mathematics | Identity and Composition of Functions Multiple-Choice Questions (MC,Identity function is denoted by the symbol -?,ID,I,U,T,B,Identity function is denoted by the symbol I.,medium,web:Includehelp.com https://www.includehelp.com/mcq/discrete-mathematics-identity-and-composition-of-functions-mcqs.aspx,
Discrete Mathematics for CS,Discrete Mathematics | Identity and Composition of Functions Multiple-Choice Questions (MC,"If f: X -> Y is a _____ function, it is invertible?",Dijective,Discretive,Bijective,Bipolar,C,"If f: X -> Y is a bijective function, it is invertible.",medium,web:Includehelp.com https://www.includehelp.com/mcq/discrete-mathematics-identity-and-composition-of-functions-mcqs.aspx,
Discrete Mathematics for CS,Discrete Mathematics | Identity and Composition of Functions Multiple-Choice Questions (MC,"If f^-1 is a function from ___, there is an inverse function for f?",X to Y,X to X,Y to X,Y to Y,C,"If f^-1 is a function from Y to X, there is an inverse function for f.",medium,web:Includehelp.com https://www.includehelp.com/mcq/discrete-mathematics-identity-and-composition-of-functions-mcqs.aspx,
Discrete Mathematics for CS,Discrete Mathematics | Identity and Composition of Functions Multiple-Choice Questions (MC,g [f(x)] is known as -?,gox,gof,gfx,gxf,B,g [f(x)] is known as gof.,medium,web:Includehelp.com https://www.includehelp.com/mcq/discrete-mathematics-identity-and-composition-of-functions-mcqs.aspx,
Discrete Mathematics for CS,Discrete Mathematics | Identity and Composition of Functions Multiple-Choice Questions (MC,"_____ if f is A -> B and g is B -> C, which means composition of f with g is a function from A into C?",(gof) (y) = g [f(x)],(gof) (x) = g [f(y)],(gof) (x) = g [x(x)],(gof) (x) = g [f(x)],D,"(gof) (x) = g [f(x)] if f is A -> B and g is B -> C, which means composition of f with g is a function from A into C.",medium,web:Includehelp.com https://www.includehelp.com/mcq/discrete-mathematics-identity-and-composition-of-functions-mcqs.aspx,
Discrete Mathematics for CS,Discrete Mathematics | Identity and Composition of Functions Multiple-Choice Questions (MC,It is necessary to ____ in order to find the composition of f and g?,find the image of f(x) under f before finding the image of f (x) under g,find the image of x under f before finding the image of f (x) under f,find the image of x under g before finding the image of f (x) under g,find the image of x under f before finding the image of f (x) under g,D,It is necessary to find the image of x under f before finding the image of f (x) under g in order to find the composition of f and g.,medium,web:Includehelp.com https://www.includehelp.com/mcq/discrete-mathematics-identity-and-composition-of-functions-mcqs.aspx,
Discrete Mathematics for CS,Discrete Mathematics | Identity and Composition of Functions Multiple-Choice Questions (MC,The function (gof) (gof) is _____ if f and g are one-to-one?,One-to-one,One-to-many,Many-to-one,Many-to-many,A,The function (gof) (gof) is also one-to-one if f and g are one-to-one.,medium,web:Includehelp.com https://www.includehelp.com/mcq/discrete-mathematics-identity-and-composition-of-functions-mcqs.aspx,
Discrete Mathematics for CS,Discrete Mathematics | Identity and Composition of Functions Multiple-Choice Questions (MC,Functions (gof) (gof) are onto if f and g are ___?,Into,Onto,To,None,B,Functions (gof) (gof) are onto if f and g are onto.,medium,web:Includehelp.com https://www.includehelp.com/mcq/discrete-mathematics-identity-and-composition-of-functions-mcqs.aspx,
Discrete Mathematics for CS,Discrete Mathematics | Identity and Composition of Functions Multiple-Choice Questions (MC,"There is no commutative property in composition, but ____ property is present consistently?",Associative,Identity,Duplicative,None,A,"There is no commutative property in composition, but associative property is present consistently.",medium,web:Includehelp.com https://www.includehelp.com/mcq/discrete-mathematics-identity-and-composition-of-functions-mcqs.aspx,
Discrete Mathematics for CS,Discrete Mathematics | Algorithms and Functions Multiple-Choice Questions (MCQs),How many quantities are externally supplied in input?,Zero,Zero or more,One,Atleast one,B,Zero or more quantities are externally supplied in input.,medium,web:Includehelp.com https://www.includehelp.com/mcq/discrete-mathematics-algorithms-and-functions-mcqs.aspx,
Discrete Mathematics for CS,Discrete Mathematics | Algorithms and Functions Multiple-Choice Questions (MCQs),How many quantities are produced in output?,One,Atleast One,Multiple,Zero,B,Atleast one quantity is produced in output.,medium,web:Includehelp.com https://www.includehelp.com/mcq/discrete-mathematics-algorithms-and-functions-mcqs.aspx,
Discrete Mathematics for CS,Discrete Mathematics | Algorithms and Functions Multiple-Choice Questions (MCQs),"In precision, each instruction is -?",Clear,Unambigous,Both A and B,None of the above,C,"In precision, each instruction is clear and unambiguous.",medium,web:Includehelp.com https://www.includehelp.com/mcq/discrete-mathematics-algorithms-and-functions-mcqs.aspx,
Discrete Mathematics for CS,Discrete Mathematics | Algorithms and Functions Multiple-Choice Questions (MCQs),Which of the following is not the characteristic of algorithm?,Feasibility,Flexibility,Generality,Infiniteness,D,Infiniteness is not the characteristic of algorithm.,medium,web:Includehelp.com https://www.includehelp.com/mcq/discrete-mathematics-algorithms-and-functions-mcqs.aspx,
Discrete Mathematics for CS,Discrete Mathematics | Algorithms and Functions Multiple-Choice Questions (MCQs),A ____ number of instructions must be executed for the algorithm to complete?,Multiple,Finite,Infinite,None,B,A finite number of instructions must be executed for the algorithm to complete.,medium,web:Includehelp.com https://www.includehelp.com/mcq/discrete-mathematics-algorithms-and-functions-mcqs.aspx,
Discrete Mathematics for CS,Discrete Mathematics | Algorithms and Functions Multiple-Choice Questions (MCQs),Flexibility refers that -?,A change to the algorithm should also be possible without putting a great deal of effort into it.,A change to the algorithm should not be possible without putting a great deal of effort into it.,A change to the algorithm should also be possible putting a great deal of effort into it.,None of the above,A,Flexibility refers that a change to the algorithm should also be possible without putting a great deal of effort into it.,medium,web:Includehelp.com https://www.includehelp.com/mcq/discrete-mathematics-algorithms-and-functions-mcqs.aspx,
Discrete Mathematics for CS,Discrete Mathematics | Algorithms and Functions Multiple-Choice Questions (MCQs),"In algorithm analysis, _____ estimates are derived to determine how long an algorithm will take to execute?",Time,Space,Both A and B,None of the above,C,"In algorithm analysis, time and space estimates are derived to determine how long an algorithm will take to execute.",medium,web:Includehelp.com https://www.includehelp.com/mcq/discrete-mathematics-algorithms-and-functions-mcqs.aspx,
Discrete Mathematics for CS,Discrete Mathematics | Algorithms and Functions Multiple-Choice Questions (MCQs),An algorithm's _____ is the estimation of how much time and space will be required to execute it?,Time complexity,Space complexity,Time and space complexity,Time or space complexity,C,An algorithm's time and space complexity is the estimation of how much time and space will be required to execute it.,medium,web:Includehelp.com https://www.includehelp.com/mcq/discrete-mathematics-algorithms-and-functions-mcqs.aspx,
Discrete Mathematics for CS,Discrete Mathematics | Algorithms and Functions Multiple-Choice Questions (MCQs),A ____ of the input determines how long an algorithm will take to execute?,Value,Function,Log,Queue,B,A function of the input determines how long an algorithm will take to execute.,medium,web:Includehelp.com https://www.includehelp.com/mcq/discrete-mathematics-algorithms-and-functions-mcqs.aspx,
Discrete Mathematics for CS,Discrete Mathematics | Algorithms and Functions Multiple-Choice Questions (MCQs),The size of the input is characterized by ____ rather than directly dealing with it?,Functions,Values,Parameters,None,C,The size of the input is characterized by parameters rather than directly dealing with it.,medium,web:Includehelp.com https://www.includehelp.com/mcq/discrete-mathematics-algorithms-and-functions-mcqs.aspx,
Discrete Mathematics for CS,Discrete Mathematics | Algorithms and Functions Multiple-Choice Questions (MCQs),"An algorithm's time complexity can be determined in ____ cases, since this is a difficult process?",Two,Three,Four,Five,B,"An algorithm's time complexity can be determined in three cases, since this is a difficult process.",medium,web:Includehelp.com https://www.includehelp.com/mcq/discrete-mathematics-algorithms-and-functions-mcqs.aspx,
Discrete Mathematics for CS,Discrete Mathematics | Algorithms and Functions Multiple-Choice Questions (MCQs),What is/are the case(s) the Q12 is referring to?,Worst case,Best case,Average case,All of the above,D,"The cases Q12 is referring to are worst, best and average case.",medium,web:Includehelp.com https://www.includehelp.com/mcq/discrete-mathematics-algorithms-and-functions-mcqs.aspx,
Discrete Mathematics for CS,Discrete Mathematics | Algorithms and Functions Multiple-Choice Questions (MCQs),"The Worst-Case is represented by f (n), which is the ____ number of steps on all instances of size n?",Minimum,Average,Maximum,None,C,"The Worst-Case is represented by f (n), which is the maximum number of steps on all instances of size n.",medium,web:Includehelp.com https://www.includehelp.com/mcq/discrete-mathematics-algorithms-and-functions-mcqs.aspx,
Discrete Mathematics for CS,Discrete Mathematics | Algorithms and Functions Multiple-Choice Questions (MCQs),"The Best-Case is represented by f (n), which is the ____ number of steps on all instances of size n",Minimum,Average,Maximum,None,A,"The Best-Case is represented by f (n), which is the minimum number of steps on all instances of size n.",medium,web:Includehelp.com https://www.includehelp.com/mcq/discrete-mathematics-algorithms-and-functions-mcqs.aspx,
Discrete Mathematics for CS,Discrete Mathematics | Algorithms and Functions Multiple-Choice Questions (MCQs),Algorithm ____ times are described using asymptotic notations?,Running,Execution,Stagnate,Fragile,B,Algorithm execution times are described using asymptotic notations.,medium,web:Includehelp.com https://www.includehelp.com/mcq/discrete-mathematics-algorithms-and-functions-mcqs.aspx,
Discrete Mathematics for CS,Discrete Mathematics | Algorithms and Functions Multiple-Choice Questions (MCQs),Notations indicate the ____ in which functions grow?,Base,Order,Line,Circle,B,Notations indicate the order in which functions grow.,medium,web:Includehelp.com https://www.includehelp.com/mcq/discrete-mathematics-algorithms-and-functions-mcqs.aspx,
Discrete Mathematics for CS,Discrete Mathematics | Algorithms and Functions Multiple-Choice Questions (MCQs),Which of the following is/are an/the asymptotic notation?,θ,Ω,W,All of the above,D,"θ, Ω,w are all asymptotic notation.",medium,web:Includehelp.com https://www.includehelp.com/mcq/discrete-mathematics-algorithms-and-functions-mcqs.aspx,
Discrete Mathematics for CS,Discrete Mathematics | Algorithms and Functions Multiple-Choice Questions (MCQs),"When c and n0 are positive constants, f (n) ≤ C x g (n) for all n, n ≥ n0 gives the function ____?",f (n) =O ((n)),f (n) = o (g (n)),f (n) =O (g (n)),f (n) =O (g (C)),C,"When c and n0 are positive constants, f (n) ≤ C x g (n) for all n, n ≥ n0 gives the function f (n) =O (g (n)).",medium,web:Includehelp.com https://www.includehelp.com/mcq/discrete-mathematics-algorithms-and-functions-mcqs.aspx,
Discrete Mathematics for CS,Discrete Mathematics | Algorithms and Functions Multiple-Choice Questions (MCQs),"The function f (n) = Ω (g (n)) if and only if exist positive constant c and n0 such that ____ for all n, n ≥ n0?",f (n) ≥ C* g (n),f (n) ≤ C* g (n),f (n) ≥ g (n),f (n) ≤ g (n),A,"The function f (n) = Ω (g (n)) if and only if exist positive constant c and n0 such that f (n) ≥ C* g (n) for all n, n ≥ n0.",medium,web:Includehelp.com https://www.includehelp.com/mcq/discrete-mathematics-algorithms-and-functions-mcqs.aspx,
Discrete Mathematics for CS,Discrete Mathematics | Algorithms and Functions Multiple-Choice Questions (MCQs),"The function f (n) = θ (g (n)) [read as ""f is the theta of g of n""] if and only if there exists positive constant k1, k2 and k0 such that ____ for all n, n≥n0?",f (n) ≥ C* g (n),f (n) ≤ C* g (n),f (n) ≥ g (n),f (n) ≤ g (n),B,"The function f (n) = θ (g (n)) [read as ""f is the theta of g of n""] if and only if there exists positive constant k1, k2 and k0 such that k1* g (n) ≤ f (n)≤k2* g(n)for all n, n≥n0.",medium,web:Includehelp.com https://www.includehelp.com/mcq/discrete-mathematics-algorithms-and-functions-mcqs.aspx,
Discrete Mathematics for CS,Discrete Mathematics | Mathematical Functions Multiple-Choice Questions (MCQs),"For any real number x, the floor function is equal to ___ or equal to the value of x times the greatest integer f (x)?",One less than,Two less than,Five less than,Much less than,A,"For any real number x, the floor function is equal to one less than or equal to the value of x times the greatest integer f (x).",medium,web:Includehelp.com https://www.includehelp.com/mcq/discrete-mathematics-mathematical-functions-mcqs.aspx,
Discrete Mathematics for CS,Discrete Mathematics | Mathematical Functions Multiple-Choice Questions (MCQs),Floor function is denoted by -?,{x},[x],(x),<x>,B,Floor function is denoted by [x].,medium,web:Includehelp.com https://www.includehelp.com/mcq/discrete-mathematics-mathematical-functions-mcqs.aspx,
Discrete Mathematics for CS,Discrete Mathematics | Mathematical Functions Multiple-Choice Questions (MCQs),"What is the floor value of [-2, 4]?",-2,4,-3,3,C,"The floor value of [-2, 4] is -3.",medium,web:Includehelp.com https://www.includehelp.com/mcq/discrete-mathematics-mathematical-functions-mcqs.aspx,
Discrete Mathematics for CS,Discrete Mathematics | Mathematical Functions Multiple-Choice Questions (MCQs),"When x is a real number, the ceiling function h (x) represents the smallest integer _____ to x?",Greater,Greater or equal,Lesser,Lesser or equal,B,"When x is a real number, the ceiling function h (x) represents the smallest integer greater or equal to x.",medium,web:Includehelp.com https://www.includehelp.com/mcq/discrete-mathematics-mathematical-functions-mcqs.aspx,
Discrete Mathematics for CS,Discrete Mathematics | Mathematical Functions Multiple-Choice Questions (MCQs),"What is the ceiling value of [3, 143]?",2,4,3,143,B,,medium,web:Includehelp.com https://www.includehelp.com/mcq/discrete-mathematics-mathematical-functions-mcqs.aspx,
Discrete Mathematics for CS,Discrete Mathematics | Mathematical Functions Multiple-Choice Questions (MCQs),"When a is ____ by m, an integer remainder is obtained?",Multiplied,Divided,Added,Subtracted,B,"When a is divided by m, an integer remainder is obtained.",medium,web:Includehelp.com https://www.includehelp.com/mcq/discrete-mathematics-mathematical-functions-mcqs.aspx,
Discrete Mathematics for CS,Discrete Mathematics | Mathematical Functions Multiple-Choice Questions (MCQs),Remainder function is denoted by -?,a(MOD m),a(m MOD),a(m),None,A,Remainder function is denoted by a(MOD m).,medium,web:Includehelp.com https://www.includehelp.com/mcq/discrete-mathematics-mathematical-functions-mcqs.aspx,
Discrete Mathematics for CS,Discrete Mathematics | Mathematical Functions Multiple-Choice Questions (MCQs),a (MOD m) is the ____ integer t such that a = Mq + t?,Duplicate,Unique,Variance,Variable,B,a (MOD m) is the unique integer t such that a = Mq + t.,medium,web:Includehelp.com https://www.includehelp.com/mcq/discrete-mathematics-mathematical-functions-mcqs.aspx,
Discrete Mathematics for CS,Discrete Mathematics | Mathematical Functions Multiple-Choice Questions (MCQs),What is the remainder value of 20 (MOD 3)?,18,3,6,2,D,The remainder value of 20 (MOD 3) is 2.,medium,web:Includehelp.com https://www.includehelp.com/mcq/discrete-mathematics-mathematical-functions-mcqs.aspx,
Discrete Mathematics for CS,Discrete Mathematics | Mathematical Functions Multiple-Choice Questions (MCQs),"In f (n) = k^n , where n is a +ve integer, the function f is called the base k ____ function?",Unique,Identity,Variance,Exponential,D,"In f (n) = k^n , where n is a +ve integer, the function f is called the base k exponential function.",medium,web:Includehelp.com https://www.includehelp.com/mcq/discrete-mathematics-mathematical-functions-mcqs.aspx,
Discrete Mathematics for CS,Discrete Mathematics | Mathematical Functions Multiple-Choice Questions (MCQs),k^t is equal to -?,k+k+...k,k.…k,k-k-...k,k/k/….k,B,k^t means k.k….k.,medium,web:Includehelp.com https://www.includehelp.com/mcq/discrete-mathematics-mathematical-functions-mcqs.aspx,
Discrete Mathematics for CS,Discrete Mathematics | Mathematical Functions Multiple-Choice Questions (MCQs),k^0 is equal to -?,K,1,0,None,B,k^0 means 1.,medium,web:Includehelp.com https://www.includehelp.com/mcq/discrete-mathematics-mathematical-functions-mcqs.aspx,
Discrete Mathematics for CS,Discrete Mathematics | Mathematical Functions Multiple-Choice Questions (MCQs),k^-M is equal to -?,1/k^M,k^M,M^k,1/M^k,A,k^-M is equal to 1/k^M.,medium,web:Includehelp.com https://www.includehelp.com/mcq/discrete-mathematics-mathematical-functions-mcqs.aspx,
Discrete Mathematics for CS,Discrete Mathematics | Mathematical Functions Multiple-Choice Questions (MCQs),"If a/b is a rational number, exponential function k^a/b is equal to -?",b√k^a,(b√k)^M,Both A and B,None of the above,C,"If a/b is a rational number, exponential function k^a/b is equal to b√k^a or (b√k)^M.",medium,web:Includehelp.com https://www.includehelp.com/mcq/discrete-mathematics-mathematical-functions-mcqs.aspx,
Discrete Mathematics for CS,Discrete Mathematics | Mathematical Functions Multiple-Choice Questions (MCQs),What is the value of 3^-5?,15,-15,243,1/243,D,The value of 3^-5 = 1/3^5 = 1/3.3.3.3.3 = 1/243.,medium,web:Includehelp.com https://www.includehelp.com/mcq/discrete-mathematics-mathematical-functions-mcqs.aspx,
Discrete Mathematics for CS,Discrete Mathematics | Mathematical Functions Multiple-Choice Questions (MCQs),"If A=B=R and f(n):A->B where n>1, then -?",fn (x)=log(x) the base n of x,f (x)=logn(x) the base x of n,fn (x)=logn(y) the base x of n,fn (x)=logn(x) the base n of x,D,"If A=B=R and f(n):A->B where n>1, then fn (x)=logn(x) the base n of x.",medium,web:Includehelp.com https://www.includehelp.com/mcq/discrete-mathematics-mathematical-functions-mcqs.aspx,
Discrete Mathematics for CS,Discrete Mathematics | Mathematical Functions Multiple-Choice Questions (MCQs),logn (1) is equal to -?,1,0,N,None,A,logn (1) is equal to 0 as n^0=1.,medium,web:Includehelp.com https://www.includehelp.com/mcq/discrete-mathematics-mathematical-functions-mcqs.aspx,
Discrete Mathematics for CS,Discrete Mathematics | Mathematical Functions Multiple-Choice Questions (MCQs),logn (n)=1 is equal to -?,1,n,0,None,A,logn n=1 is equal to 1 as n^1=n.,medium,web:Includehelp.com https://www.includehelp.com/mcq/discrete-mathematics-mathematical-functions-mcqs.aspx,
Discrete Mathematics for CS,Discrete Mathematics | Mathematical Functions Multiple-Choice Questions (MCQs),What is the value of log2 (16)?,2,4,8,16,B,log2 (16) is equal to 4 as 2^4=16.,medium,web:Includehelp.com https://www.includehelp.com/mcq/discrete-mathematics-mathematical-functions-mcqs.aspx,
Discrete Mathematics for CS,Discrete Mathematics | Propositions and Compound Statements Multiple-Choice Questions (MCQ,Which of the following statement is/are proposition(s)?,Narendra Modi is our current prime minister.,Yesterday it was rainy day.,a.a means a^2.,All of the above,D,"All the given mentioned statements are propositions -
 Narendra Modi is our current prime minister.
 Yesterday it was rainy day.
 a.a means a^2.",medium,web:Includehelp.com https://www.includehelp.com/mcq/discrete-mathematics-propositions-and-compound-statements-mcqs.aspx,
Discrete Mathematics for CS,Discrete Mathematics | Propositions and Compound Statements Multiple-Choice Questions (MCQ,Which of the following statement is/are not proposition(s)?,Pick up the bottle,What is your address?,a^a=20,All of the above,D,"All of the given statements are not propositions -
 Pick up the bottle
 What is your address?
 a^a=20",medium,web:Includehelp.com https://www.includehelp.com/mcq/discrete-mathematics-propositions-and-compound-statements-mcqs.aspx,
Discrete Mathematics for CS,Discrete Mathematics | Propositions and Compound Statements Multiple-Choice Questions (MCQ,Propositions are represented by lower case letters starting with _?,P,U,A,X,A,Propositions are represented by lower case letters starting with P.,medium,web:Includehelp.com https://www.includehelp.com/mcq/discrete-mathematics-propositions-and-compound-statements-mcqs.aspx,
Discrete Mathematics for CS,Discrete Mathematics | Propositions and Compound Statements Multiple-Choice Questions (MCQ,"Through logical connectives (operators), statements can be combined into a single statement called a ____ statement?",Collabrative,Doubled,Combined,Compound,D,"Through logical connectives (operators), statements can be combined into a single statement called a compound statement.",medium,web:Includehelp.com https://www.includehelp.com/mcq/discrete-mathematics-propositions-and-compound-statements-mcqs.aspx,
Discrete Mathematics for CS,Discrete Mathematics | Propositions and Compound Statements Multiple-Choice Questions (MCQ,Which of the following is/are logical connective(s)?,~,∧,⟶,All of the above,D,"Following are the logical connectives -
 ~
 ∧
 ⟶",medium,web:Includehelp.com https://www.includehelp.com/mcq/discrete-mathematics-propositions-and-compound-statements-mcqs.aspx,
Discrete Mathematics for CS,Discrete Mathematics | Propositions and Compound Statements Multiple-Choice Questions (MCQ,Name of ~ is?,Negation,Conjunction,Disjunction,None of the above,A,Name of ~ is negation.,medium,web:Includehelp.com https://www.includehelp.com/mcq/discrete-mathematics-propositions-and-compound-statements-mcqs.aspx,
Discrete Mathematics for CS,Discrete Mathematics | Propositions and Compound Statements Multiple-Choice Questions (MCQ,Connective of ~ is?,Not,And,Or,None,A,Connective of ~ is Not.,medium,web:Includehelp.com https://www.includehelp.com/mcq/discrete-mathematics-propositions-and-compound-statements-mcqs.aspx,
Discrete Mathematics for CS,Discrete Mathematics | Propositions and Compound Statements Multiple-Choice Questions (MCQ,Name of ∧ is?,Negation,Conjunction,Disjunction,Implication,B,Name of ∧ is Conjunction.,medium,web:Includehelp.com https://www.includehelp.com/mcq/discrete-mathematics-propositions-and-compound-statements-mcqs.aspx,
Discrete Mathematics for CS,Discrete Mathematics | Propositions and Compound Statements Multiple-Choice Questions (MCQ,Name of ∨ is?,Conditional,Biconditonal,Disjunction,Implication,C,Name of ∨ is Disjunction.,medium,web:Includehelp.com https://www.includehelp.com/mcq/discrete-mathematics-propositions-and-compound-statements-mcqs.aspx,
Discrete Mathematics for CS,Discrete Mathematics | Propositions and Compound Statements Multiple-Choice Questions (MCQ,Name of ⟶ is/are -?,Implication,Conditional,Both A and B,None of the above,C,Name of ⟶ are Implication and Conditional.,medium,web:Includehelp.com https://www.includehelp.com/mcq/discrete-mathematics-propositions-and-compound-statements-mcqs.aspx,
Discrete Mathematics for CS,Discrete Mathematics | Propositions and Compound Statements Multiple-Choice Questions (MCQ,Connective of ⟶ is/are -?,Implies,If…then,Both A and B,None of the above,C,Connective of ⟶ are Implies or if…then.,medium,web:Includehelp.com https://www.includehelp.com/mcq/discrete-mathematics-propositions-and-compound-statements-mcqs.aspx,
Discrete Mathematics for CS,Discrete Mathematics | Propositions and Compound Statements Multiple-Choice Questions (MCQ,Name of ⟷ is/are -?,Equivalence,Biconditional,Both A and B,None of the above,C,Name of ⟷ are equivalence or biconditional.,medium,web:Includehelp.com https://www.includehelp.com/mcq/discrete-mathematics-propositions-and-compound-statements-mcqs.aspx,
Discrete Mathematics for CS,Discrete Mathematics | Propositions and Compound Statements Multiple-Choice Questions (MCQ,Connective of ⟷ is -?,If,Only if,If and only if,None,C,Connective of ⟷ is if and only if.,medium,web:Includehelp.com https://www.includehelp.com/mcq/discrete-mathematics-propositions-and-compound-statements-mcqs.aspx,
Discrete Mathematics for CS,Discrete Mathematics | Basic Logical Operations Multiple-Choice Questions (MCQs),_____ refers to the opposite of what was originally stated?,Negation,Conjunction,Disjunction,Implication,A,Negation refers to the opposite of what was originally stated.,medium,web:Includehelp.com https://www.includehelp.com/mcq/discrete-mathematics-basic-logical-operations-mcqs.aspx,
Discrete Mathematics for CS,Discrete Mathematics | Basic Logical Operations Multiple-Choice Questions (MCQs),Assume that p represents a statement. The negation of p will be denoted by __?,-p,~p,!p,*p,B,Assume that p represents a statement. The negation of p will be denoted by ~p.,medium,web:Includehelp.com https://www.includehelp.com/mcq/discrete-mathematics-basic-logical-operations-mcqs.aspx,
Discrete Mathematics for CS,Discrete Mathematics | Basic Logical Operations Multiple-Choice Questions (MCQs),~p is read as -?,it is the case that p,case that p,it is not the case that p,p,C,~p is read as it is not the case that p.,medium,web:Includehelp.com https://www.includehelp.com/mcq/discrete-mathematics-basic-logical-operations-mcqs.aspx,
Discrete Mathematics for CS,Discrete Mathematics | Basic Logical Operations Multiple-Choice Questions (MCQs),"If p is ____, then ~p will be ____?","True, false","False, true",Both A and B,None of the above,C,"If p is true, then ~p will be false and vice-versa.",medium,web:Includehelp.com https://www.includehelp.com/mcq/discrete-mathematics-basic-logical-operations-mcqs.aspx,
Discrete Mathematics for CS,Discrete Mathematics | Basic Logical Operations Multiple-Choice Questions (MCQs),An Anding of two statements is a ____?,Negation,Conjunction,Disjunction,Implication,B,,medium,web:Includehelp.com https://www.includehelp.com/mcq/discrete-mathematics-basic-logical-operations-mcqs.aspx,
Discrete Mathematics for CS,Discrete Mathematics | Basic Logical Operations Multiple-Choice Questions (MCQs),"""____"" is a compound statement if p and q are two statements in case of conjunction?",p or q,p and q,p with q,p for q,B,"""p and q"" is a compound statement if p and q are two statements in case of conjunction.",medium,web:Includehelp.com https://www.includehelp.com/mcq/discrete-mathematics-basic-logical-operations-mcqs.aspx,
Discrete Mathematics for CS,Discrete Mathematics | Basic Logical Operations Multiple-Choice Questions (MCQs),"In case of conjunction, compound statement p and q is denoted by -?",p ∧ q,p - q,p + q,p * q,A,"In case of conjunction, compound statement p and q is denoted by p ∧ q.",medium,web:Includehelp.com https://www.includehelp.com/mcq/discrete-mathematics-basic-logical-operations-mcqs.aspx,
Discrete Mathematics for CS,Discrete Mathematics | Basic Logical Operations Multiple-Choice Questions (MCQs),"If both p and q are true, then only conjunction of p and q is ___?",True,False,Null,None,A,"If both p and q are true, then only conjunction of p and q is true.",medium,web:Includehelp.com https://www.includehelp.com/mcq/discrete-mathematics-basic-logical-operations-mcqs.aspx,
Discrete Mathematics for CS,Discrete Mathematics | Basic Logical Operations Multiple-Choice Questions (MCQs),An Oring of two statements is a ____?,Conjunction,Disjunction,Implication,Negation,B,An Oring of two statements is a Disjunction.,medium,web:Includehelp.com https://www.includehelp.com/mcq/discrete-mathematics-basic-logical-operations-mcqs.aspx,
Discrete Mathematics for CS,Discrete Mathematics | Basic Logical Operations Multiple-Choice Questions (MCQs),"""_____"" is a compound statement if p and q are two statements in case of disjunction?",p and q,p for q,p from q,p or q,D,"""p or q"" is a compound statement if p and q are two statements in case of disjunction.",medium,web:Includehelp.com https://www.includehelp.com/mcq/discrete-mathematics-basic-logical-operations-mcqs.aspx,
Discrete Mathematics for CS,Discrete Mathematics | Basic Logical Operations Multiple-Choice Questions (MCQs),"In case of disjunction, compound statement p and q is denoted by -?",p ∧ q,p - q,p + q,p ∨ q,D,"In case of disjunction, compound statement p and q is denoted by p ∨ q.",medium,web:Includehelp.com https://www.includehelp.com/mcq/discrete-mathematics-basic-logical-operations-mcqs.aspx,
Discrete Mathematics for CS,Discrete Mathematics | Basic Logical Operations Multiple-Choice Questions (MCQs),"It is true that p and q are disjunctive if at least ___ of them is true, and it is false if both are false?",One,Two,Both,None,A,"It is true that p and q are disjunctive if at least one of them is true, and it is false if both are false.",medium,web:Includehelp.com https://www.includehelp.com/mcq/discrete-mathematics-basic-logical-operations-mcqs.aspx,
Discrete Mathematics for CS,Discrete Mathematics | Basic Logical Operations Multiple-Choice Questions (MCQs),"If p is true and q is false, then p ∨ q is -?",True,False,Null,None,A,"If p is true and q is false, then p ∨ q is true.",medium,web:Includehelp.com https://www.includehelp.com/mcq/discrete-mathematics-basic-logical-operations-mcqs.aspx,
Discrete Mathematics for CS,Discrete Mathematics | Basic Logical Operations Multiple-Choice Questions (MCQs),"If p is true and q is false, then p ∧ q is -?",True,False,Null,None,B,"If p is true and q is false, then p ∧ q is false.",medium,web:Includehelp.com https://www.includehelp.com/mcq/discrete-mathematics-basic-logical-operations-mcqs.aspx,
Discrete Mathematics for CS,Discrete Mathematics | Basic Logical Operations Multiple-Choice Questions (MCQs),"An implication p⟶q is the proposition ""____.""?",p and q,p or q,"If q, then p","If p, then q",D,"An implication p⟶q is the proposition ""if p, then q.""",medium,web:Includehelp.com https://www.includehelp.com/mcq/discrete-mathematics-basic-logical-operations-mcqs.aspx,
Discrete Mathematics for CS,Discrete Mathematics | Basic Logical Operations Multiple-Choice Questions (MCQs),"When p is ___ and q is ____, p⟶q is false?","True, true","True, false","False, true","False, false",B,"When p is true and q is false, p⟶q is false.",medium,web:Includehelp.com https://www.includehelp.com/mcq/discrete-mathematics-basic-logical-operations-mcqs.aspx,
Discrete Mathematics for CS,Discrete Mathematics | Basic Logical Operations Multiple-Choice Questions (MCQs),p ↔ q is a bi-conditional logical connective which is true when p and q are the ____?,"True, true","False, false",Both A and B,None of the above,C,p ↔ q is a bi-conditional logical connective which is true when p and q are the same.,medium,web:Includehelp.com https://www.includehelp.com/mcq/discrete-mathematics-basic-logical-operations-mcqs.aspx,
Discrete Mathematics for CS,Discrete Mathematics | Basic Logical Operations Multiple-Choice Questions (MCQs),Which of the following is/are the derived connector(s)?,NAND,NOR,XOR,All of the above,D,"The following are the derived connectors -
 NAND
 NOR
 XOR",medium,web:Includehelp.com https://www.includehelp.com/mcq/discrete-mathematics-basic-logical-operations-mcqs.aspx,
Discrete Mathematics for CS,Discrete Mathematics | Basic Logical Operations Multiple-Choice Questions (MCQs),An AND followed by a ____ is called a NAND?,Negation,Conjunction,Disjunction,Implication,A,An AND followed by a negation is called a NAND.,medium,web:Includehelp.com https://www.includehelp.com/mcq/discrete-mathematics-basic-logical-operations-mcqs.aspx,
Discrete Mathematics for CS,Discrete Mathematics | Basic Logical Operations Multiple-Choice Questions (MCQs),NAND of p and q is denoted by -?,p ↑ q,p ↓ q,p ⨁ q,None,A,NAND of p and q is denoted by p ↑ q.,medium,web:Includehelp.com https://www.includehelp.com/mcq/discrete-mathematics-basic-logical-operations-mcqs.aspx,
Discrete Mathematics for CS,Discrete Mathematics | Basic Logical Operations Multiple-Choice Questions (MCQs),"If p is ____ and q is ___, then p ↑ q is false?","True, true","False, true","True, false","False, false",A,"If p is true and q is true, then p ↑ q is false.",medium,web:Includehelp.com https://www.includehelp.com/mcq/discrete-mathematics-basic-logical-operations-mcqs.aspx,
Discrete Mathematics for CS,Discrete Mathematics | Basic Logical Operations Multiple-Choice Questions (MCQs),"If p is ____ and q is ___, then p ↑ q is true?","False, false","False, true","True, false",All of the above,D,"If p is false and q is false, then p ↑ q is true.
 If p is false and q is true, then p ↑ q is true.
 If p is true and q is false, then p ↑ q is true.",medium,web:Includehelp.com https://www.includehelp.com/mcq/discrete-mathematics-basic-logical-operations-mcqs.aspx,
Discrete Mathematics for CS,Discrete Mathematics | Basic Logical Operations Multiple-Choice Questions (MCQs),What is NOR also known as?,Denial,Joint,Joint Denial,None,C,NOR is also known as Joint Denial.,medium,web:Includehelp.com https://www.includehelp.com/mcq/discrete-mathematics-basic-logical-operations-mcqs.aspx,
Discrete Mathematics for CS,Discrete Mathematics | Basic Logical Operations Multiple-Choice Questions (MCQs),An OR followed by a ____ is called a NOR?,Negation,Conjunction,Disjunction,Implication,A,An OR followed by a negation is called a NOR.,medium,web:Includehelp.com https://www.includehelp.com/mcq/discrete-mathematics-basic-logical-operations-mcqs.aspx,
Discrete Mathematics for CS,Discrete Mathematics | Basic Logical Operations Multiple-Choice Questions (MCQs),NOR of p and q is denoted by -?,p ↑ q,p ↓ q,p ⨁ q,None,B,NOR of p and q is denoted by p ↓ q.,medium,web:Includehelp.com https://www.includehelp.com/mcq/discrete-mathematics-basic-logical-operations-mcqs.aspx,
Discrete Mathematics for CS,Discrete Mathematics | Basic Logical Operations Multiple-Choice Questions (MCQs),"If p is ____ and q is ___, then p ↓ q is true?","True, true","False, true","True, false","False, false",D,"If p is false and q is false, then p ↓ q is true.",medium,web:Includehelp.com https://www.includehelp.com/mcq/discrete-mathematics-basic-logical-operations-mcqs.aspx,
Discrete Mathematics for CS,Discrete Mathematics | Basic Logical Operations Multiple-Choice Questions (MCQs),"If p is ____ and q is ___, then p ↓ q is false?","True, true","False, true","True, false",All of the above,D,"If p is true and q is true, then p ↓ q is false.
 If p is false and q is true, then p ↓ q is false.
 If p is true and q is false, then p ↓ q is false.",medium,web:Includehelp.com https://www.includehelp.com/mcq/discrete-mathematics-basic-logical-operations-mcqs.aspx,
Discrete Mathematics for CS,Discrete Mathematics | Basic Logical Operations Multiple-Choice Questions (MCQs),XOR of p and q is denoted by -?,p ↑ q,p ↓ q,p ⨁ q,None,C,XOR of p and q is denoted by p ⨁ q.,medium,web:Includehelp.com https://www.includehelp.com/mcq/discrete-mathematics-basic-logical-operations-mcqs.aspx,
Discrete Mathematics for CS,Discrete Mathematics | Basic Logical Operations Multiple-Choice Questions (MCQs),"If p is ____ and q is ___, then p ⨁ q is false?","True, true","False, false",Both A and B,None of the above,C,"If p is true and q is true, then p ⨁ q is false.
 If p is false and q is false, then p ⨁ q is false.",medium,web:Includehelp.com https://www.includehelp.com/mcq/discrete-mathematics-basic-logical-operations-mcqs.aspx,
Discrete Mathematics for CS,Discrete Mathematics | Basic Logical Operations Multiple-Choice Questions (MCQs),"If p is ____ and q is ___, then p ⨁ q is true?","True, false","False, true",Both A and B,None of the above,C,"If p is true and q is false, then p ⨁ q is true.
 If p is false and q is true, then p ⨁ q is true.",medium,web:Includehelp.com https://www.includehelp.com/mcq/discrete-mathematics-basic-logical-operations-mcqs.aspx,
Discrete Mathematics for CS,Discrete Mathematics | Conditional and Biconditional Statements Multiple-Choice Questions ,Conditional statement is also known as -?,Negation,Conjunction,Disjunction,Implication,D,Conditional statement is also known as implication.,medium,web:Includehelp.com https://www.includehelp.com/mcq/discrete-mathematics-conditional-and-biconditional-statements-mcqs.aspx,
Discrete Mathematics for CS,Discrete Mathematics | Conditional and Biconditional Statements Multiple-Choice Questions ,Conditional statement is denoted by -?,→,~,↔,None,A,Conditional statement is denoted by →.,medium,web:Includehelp.com https://www.includehelp.com/mcq/discrete-mathematics-conditional-and-biconditional-statements-mcqs.aspx,
Discrete Mathematics for CS,Discrete Mathematics | Conditional and Biconditional Statements Multiple-Choice Questions ,"In implication p→q, p is known as -?",Hypothesis,Antecedent,Both A and B,None of the above,C,"In implication p→q, p is known as hypothesis or antecedent.",medium,web:Includehelp.com https://www.includehelp.com/mcq/discrete-mathematics-conditional-and-biconditional-statements-mcqs.aspx,
Discrete Mathematics for CS,Discrete Mathematics | Conditional and Biconditional Statements Multiple-Choice Questions ,"In implication p→q, q is known as -?",Conclusion,Consequent,Both A and B,None of the above,C,"In implication p→q, q is known as conclusion or consequent.",medium,web:Includehelp.com https://www.includehelp.com/mcq/discrete-mathematics-conditional-and-biconditional-statements-mcqs.aspx,
Discrete Mathematics for CS,Discrete Mathematics | Conditional and Biconditional Statements Multiple-Choice Questions ,"If p is ____ and q is ____, then p→q is true?","True, true","False, true","False, false",All of the above,D,,medium,web:Includehelp.com https://www.includehelp.com/mcq/discrete-mathematics-conditional-and-biconditional-statements-mcqs.aspx,
Discrete Mathematics for CS,Discrete Mathematics | Conditional and Biconditional Statements Multiple-Choice Questions ,Which of the following is/are the conditional statement?,"If p=q and q=r, then p=r.","If I get admission, then I will give exam.",Both A and B,None of the above,C,"The following are the conditional statements -
 If p=q and q=r, then p=r.
 If I get admission, then I will give exam.",medium,web:Includehelp.com https://www.includehelp.com/mcq/discrete-mathematics-conditional-and-biconditional-statements-mcqs.aspx,
Discrete Mathematics for CS,Discrete Mathematics | Conditional and Biconditional Statements Multiple-Choice Questions ,What is/are the variation(s) in conditional statement?,Contrapositive,Converse,Inverse,All of the above,D,"The variations in conditional statement are -
 Contrapositive
 Converse
 Inverse",medium,web:Includehelp.com https://www.includehelp.com/mcq/discrete-mathematics-conditional-and-biconditional-statements-mcqs.aspx,
Discrete Mathematics for CS,Discrete Mathematics | Conditional and Biconditional Statements Multiple-Choice Questions ,Contrapositive of p →q is the proposition ____?,~p→~q,~q→~p,q→~p,~q→p,B,Contrapositive of p →q is the proposition ~q→~p.,medium,web:Includehelp.com https://www.includehelp.com/mcq/discrete-mathematics-conditional-and-biconditional-statements-mcqs.aspx,
Discrete Mathematics for CS,Discrete Mathematics | Conditional and Biconditional Statements Multiple-Choice Questions ,Converse of p →q is the proposition ___?,~q→p,q→~p,q→p,~q→~p,C,Converse of p →q is the proposition q→p.,medium,web:Includehelp.com https://www.includehelp.com/mcq/discrete-mathematics-conditional-and-biconditional-statements-mcqs.aspx,
Discrete Mathematics for CS,Discrete Mathematics | Conditional and Biconditional Statements Multiple-Choice Questions ,Inverse of p →q is the proposition ___?,p→~q,~p→q,~q→~p,~p→~q,D,Inverse of p →q is the proposition ~p→~q.,medium,web:Includehelp.com https://www.includehelp.com/mcq/discrete-mathematics-conditional-and-biconditional-statements-mcqs.aspx,
Discrete Mathematics for CS,Discrete Mathematics | Conditional and Biconditional Statements Multiple-Choice Questions ,What is/are the meaning of biconditional statement when there are two statements p and q?,p if and only if q,q if and only if p,Both A and B,None of the above,C,"The meaning of biconditional statement when there are two statements p and q are -
 p if and only if q
 q if and only if p",medium,web:Includehelp.com https://www.includehelp.com/mcq/discrete-mathematics-conditional-and-biconditional-statements-mcqs.aspx,
Discrete Mathematics for CS,Discrete Mathematics | Conditional and Biconditional Statements Multiple-Choice Questions ,Biconditional statement is also known as -?,Equivalance,Conjunction,Disjunction,Implication,D,Biconditional statement is also known as equivalance.,medium,web:Includehelp.com https://www.includehelp.com/mcq/discrete-mathematics-conditional-and-biconditional-statements-mcqs.aspx,
Discrete Mathematics for CS,Discrete Mathematics | Conditional and Biconditional Statements Multiple-Choice Questions ,Biconditional statement is denoted by -?,→,~,↔,None,C,Biconditional statement is denoted by ↔.,medium,web:Includehelp.com https://www.includehelp.com/mcq/discrete-mathematics-conditional-and-biconditional-statements-mcqs.aspx,
Discrete Mathematics for CS,Discrete Mathematics | Conditional and Biconditional Statements Multiple-Choice Questions ,"If p is ___ and q is ___, then p↔q is false?","True, false","False, true",Both A and B,None of the above,C,"If p is true and q is false, then p↔q is false.
 If p is false and q is true, then p↔q is false.",medium,web:Includehelp.com https://www.includehelp.com/mcq/discrete-mathematics-conditional-and-biconditional-statements-mcqs.aspx,
Discrete Mathematics for CS,Discrete Mathematics | Conditional and Biconditional Statements Multiple-Choice Questions ,"By substituting ∧ (AND) by ∨ (OR) by ∧ (AND), two formulas A1 and A2 become ___ of each other?",Equivalent,Duals,Equals,Same,B,"By substituting ∧ (AND) by ∨ (OR) by ∧ (AND), two formulas A1 and A2 become duals of each other.",medium,web:Includehelp.com https://www.includehelp.com/mcq/discrete-mathematics-conditional-and-biconditional-statements-mcqs.aspx,
Discrete Mathematics for CS,Discrete Mathematics | Conditional and Biconditional Statements Multiple-Choice Questions ,Which of the following statement(s) is/are TRUE?,AND and OR are dual of each other,NAND and NOR are dual of each other,In the event that any formula of the proposition holds true,All of the above,D,"The following statements are TRUE -
 AND and OR are dual of each other
 NAND and NOR are dual of each other
 In the event that any formula of the proposition holds true",medium,web:Includehelp.com https://www.includehelp.com/mcq/discrete-mathematics-conditional-and-biconditional-statements-mcqs.aspx,
Discrete Mathematics for CS,Discrete Mathematics | Conditional and Biconditional Statements Multiple-Choice Questions ,"When two propositions have exactly the same truth values regardless of circumstance, they are said to be _____?",Analytically equivalent,Logical,Analytical,Logically equivalent,D,"When two propositions have exactly the same truth values regardless of circumstance, they are said to be logically equivalent.",medium,web:Includehelp.com https://www.includehelp.com/mcq/discrete-mathematics-conditional-and-biconditional-statements-mcqs.aspx,
Discrete Mathematics for CS,Discrete Mathematics | Conditional and Biconditional Statements Multiple-Choice Questions ,What is/are idempotent law(s)?,p ∨ p≅p,p ∧ p≅p,Both A and B,None of the above,C,,medium,web:Includehelp.com https://www.includehelp.com/mcq/discrete-mathematics-conditional-and-biconditional-statements-mcqs.aspx,
Discrete Mathematics for CS,Discrete Mathematics | Conditional and Biconditional Statements Multiple-Choice Questions ,What is commutative law?,p ∨ ¬p ≅ T,¬(p ∨ q) ≅ ¬p ∧ ¬q,p ∨ q ≅ q ∨ p,p ∨ (q ∧ r) ≅ (p ∨ q) ∧ (p ∨ r),C,Commutative law is p ∨ q ≅ q ∨ p.,medium,web:Includehelp.com https://www.includehelp.com/mcq/discrete-mathematics-conditional-and-biconditional-statements-mcqs.aspx,
Discrete Mathematics for CS,Discrete Mathematics | Conditional and Biconditional Statements Multiple-Choice Questions ,What is/are complement law(s)?,p ∨ ¬p ≅ T,p ∧ ¬p ≅ T,Both A and B,None of the above,C,"Complement laws are -
 p ∨ ¬p ≅ T
 p ∧ ¬p ≅ T",medium,web:Includehelp.com https://www.includehelp.com/mcq/discrete-mathematics-conditional-and-biconditional-statements-mcqs.aspx,
Discrete Mathematics for CS,Discrete Mathematics | Conditional and Biconditional Statements Multiple-Choice Questions ,What is/are demorgan’s law(s)?,¬(p ∨ q) ≅ ¬p ∧ ¬q,¬(p ∧ q) ≅¬p ∨ ¬q,Both A and B,None of the above,C,"Demorgan’s laws are -
 ¬(p ∨ q) ≅ ¬p ∧ ¬q
 ¬(p ∧ q) ≅¬p ∨ ¬q",medium,web:Includehelp.com https://www.includehelp.com/mcq/discrete-mathematics-conditional-and-biconditional-statements-mcqs.aspx,
Discrete Mathematics for CS,Discrete Mathematics | Tautologies and Contradiction Multiple-Choice Questions (MCQs),The truth table contains only T in the ____ column in tautology?,Initial,Middle,Final,None,C,The truth table contains only T in the final column in tautology.,medium,web:Includehelp.com https://www.includehelp.com/mcq/discrete-mathematics-tautologies-and-contradiction-mcqs.aspx,
Discrete Mathematics for CS,Discrete Mathematics | Tautologies and Contradiction Multiple-Choice Questions (MCQs),_____ are statements that are always false?,Boolean,Negation,Contradiction,Tautology,C,Contradictions are statements that are always false.,medium,web:Includehelp.com https://www.includehelp.com/mcq/discrete-mathematics-tautologies-and-contradiction-mcqs.aspx,
Discrete Mathematics for CS,Discrete Mathematics | Tautologies and Contradiction Multiple-Choice Questions (MCQs),Contingencies are statements that are ____ based on the truth values of their variables?,True,False,Both A and B,None of the above,C,Contingencies are statements that are true or false based on the truth values of their variables.,medium,web:Includehelp.com https://www.includehelp.com/mcq/discrete-mathematics-tautologies-and-contradiction-mcqs.aspx,
Discrete Mathematics for CS,Discrete Mathematics | Tautologies and Contradiction Multiple-Choice Questions (MCQs),"If p is ___ and q is ____, then (p→q)⟷( ~q⟶~p) is true?","True, false","False, true","True, true",All of the above,D,"If p is true and q is false, then (p→q)⟷( ~q⟶~p) is true.
 If p is false and q is true, then (p→q)⟷( ~q⟶~p) is true.
 If p is true and q is true, then (p→q)⟷( ~q⟶~p) is true.",medium,web:Includehelp.com https://www.includehelp.com/mcq/discrete-mathematics-tautologies-and-contradiction-mcqs.aspx,
Discrete Mathematics for CS,Discrete Mathematics | Tautologies and Contradiction Multiple-Choice Questions (MCQs),"If p is ___ and ~p is ____, then p ∧∼p is false?","True, false","False, true",Both A and B,None of the above,C,"If p is true and ~p is false, then p ∧∼p is false and if p is false and ~p is true, then also p ∧∼p is false.",medium,web:Includehelp.com https://www.includehelp.com/mcq/discrete-mathematics-tautologies-and-contradiction-mcqs.aspx,
Discrete Mathematics for CS,Discrete Mathematics | Tautologies and Contradiction Multiple-Choice Questions (MCQs),"If p is ___ and q is ____, then (p→q)⟶ (p∧q) is true?","True, true","True, false",Both A and B,None of the above,C,"If p is true and q is true, then (p→q)⟶ (p∧q) is true.
 If p is false and q is false, then (p→q)⟶ (p∧q) is true.",medium,web:Includehelp.com https://www.includehelp.com/mcq/discrete-mathematics-tautologies-and-contradiction-mcqs.aspx,
Discrete Mathematics for CS,Discrete Mathematics | Tautologies and Contradiction Multiple-Choice Questions (MCQs),"If p is ___ and q is ____, then (p→q)⟶ (p∧q) is false?","False, false","False, true",Both A and B,None of the above,C,"If p is false and q is false, then (p→q)⟶ (p∧q) is false.
 If p is false and q is true, then (p→q)⟶ (p∧q) is false.",medium,web:Includehelp.com https://www.includehelp.com/mcq/discrete-mathematics-tautologies-and-contradiction-mcqs.aspx,
Discrete Mathematics for CS,Discrete Mathematics | Predicate Logics Multiple-Choice Questions (MCQs),Predicates represent one or more variables that are determined on a specific ____?,Domain,Co-domain,Both a and b,None of the above,A,Predicates represent one or more variables that are determined on a specific domain.,medium,web:Includehelp.com https://www.includehelp.com/mcq/discrete-mathematics-predicate-logics-mcqs.aspx,
Discrete Mathematics for CS,Discrete Mathematics | Predicate Logics Multiple-Choice Questions (MCQs),"By ______, a predicate with variables can be made into a proposition?",Authorizing a value to a variable,Quantifying variable,Both A and B,None of the above,C,"By authorizing a value to a variable or by quantifying it, a predicate with variables can be made into a proposition.",medium,web:Includehelp.com https://www.includehelp.com/mcq/discrete-mathematics-predicate-logics-mcqs.aspx,
Discrete Mathematics for CS,Discrete Mathematics | Predicate Logics Multiple-Choice Questions (MCQs),A ____ quantifies a variable of a predicate?,Proposition,Quantity,Quality,Quantifier,D,A quantifier quantifies a variable of a predicate.,medium,web:Includehelp.com https://www.includehelp.com/mcq/discrete-mathematics-predicate-logics-mcqs.aspx,
Discrete Mathematics for CS,Discrete Mathematics | Predicate Logics Multiple-Choice Questions (MCQs),How many types of quantifier are there in predicate logic?,2,3,4,5,A,There are 2 types of quantifier in predicate logic.,medium,web:Includehelp.com https://www.includehelp.com/mcq/discrete-mathematics-predicate-logics-mcqs.aspx,
Discrete Mathematics for CS,Discrete Mathematics | Predicate Logics Multiple-Choice Questions (MCQs),Which of the following is/are the type(s) of quantifier in predicate logic?,Existential,Universal,Both A and B,None of the above,C,"The types of quantifier in predicate logic are -
 Existential
 Universal",medium,web:Includehelp.com https://www.includehelp.com/mcq/discrete-mathematics-predicate-logics-mcqs.aspx,
Discrete Mathematics for CS,Discrete Mathematics | Predicate Logics Multiple-Choice Questions (MCQs),"In case of existential quantifer, the proposition p(x) over the universe U is denoted by ____?",x∃p(x),p(x)∃x,p(x)x∃,∃x p(x),D,"In case of existential quantifier, the proposition p(x) over the universe U is denoted by ∃x p(x).",medium,web:Includehelp.com https://www.includehelp.com/mcq/discrete-mathematics-predicate-logics-mcqs.aspx,
Discrete Mathematics for CS,Discrete Mathematics | Predicate Logics Multiple-Choice Questions (MCQs),∃x p(x) is read as -?,There exists one value in the universe of variable x such that p(x) is true,There exists at least one value in the universe of variable x such that p(x) is false,There exists at least one value in the universe of variable p(x) such that x is true,There exists at least one value in the universe of variable x such that p(x) is true,D,∃x p(x) is read as “There exists at least one value in the universe of variable x such that p(x) is true”.,medium,web:Includehelp.com https://www.includehelp.com/mcq/discrete-mathematics-predicate-logics-mcqs.aspx,
Discrete Mathematics for CS,Discrete Mathematics | Predicate Logics Multiple-Choice Questions (MCQs),Quantifier ∃ is called _____ quantifier?,Existential,Universal,Both A and B,None of the above,A,Quantifier ∃ is called existential quantifier.,medium,web:Includehelp.com https://www.includehelp.com/mcq/discrete-mathematics-predicate-logics-mcqs.aspx,
Discrete Mathematics for CS,Discrete Mathematics | Predicate Logics Multiple-Choice Questions (MCQs),An existential quantifier can be written in which way(s) in a proposition -?,(∃x∈A)p(x),∃x∈A such that p (x),(∃x)p(x),All of the above,D,"An existential quantifier can be used in several ways in a proposition -
 (∃x∈A)p(x)
 ∃x∈A such that p (x)
 (∃x)p(x)",medium,web:Includehelp.com https://www.includehelp.com/mcq/discrete-mathematics-predicate-logics-mcqs.aspx,
Discrete Mathematics for CS,Discrete Mathematics | Predicate Logics Multiple-Choice Questions (MCQs),"In case of universal quantifer, the proposition p(x) over the universe U is denoted by ____?",x∀p(x),"p(x),∃∀","p(x),x∀","∀x,p(x)",D,"In case of universal quantifier, the proposition p(x) over the universe U is denoted by ∀x,p(x).",medium,web:Includehelp.com https://www.includehelp.com/mcq/discrete-mathematics-predicate-logics-mcqs.aspx,
Discrete Mathematics for CS,Discrete Mathematics | Predicate Logics Multiple-Choice Questions (MCQs),"∀x,p(x) is read as -?","For every x∈U,p(x) isfalse",For every x∈p(x) is true,"For every x∈U,p(x) is true",For every p(x) is true,C,"∀x,p(x) is read as for every x∈U,p(x) is true.",medium,web:Includehelp.com https://www.includehelp.com/mcq/discrete-mathematics-predicate-logics-mcqs.aspx,
Discrete Mathematics for CS,Discrete Mathematics | Predicate Logics Multiple-Choice Questions (MCQs),Quantifier ∀ is called ____ quantifier?,Existential,Universal,Both A and B,None of the above,B,Quantifier ∀ is called universal quantifier.,medium,web:Includehelp.com https://www.includehelp.com/mcq/discrete-mathematics-predicate-logics-mcqs.aspx,
Discrete Mathematics for CS,Discrete Mathematics | Predicate Logics Multiple-Choice Questions (MCQs),An universal quantifier can be written in which way(s) in a proposition -?,"∀x∈A,p(x)","p(x), ∀x ∈A","∀x,p(x)",All of the above,D,"An universal quantifier can be used in several ways in a proposition -
 ∀x∈A,p(x)
 p(x), ∀x ∈A
 ∀x,p(x)",medium,web:Includehelp.com https://www.includehelp.com/mcq/discrete-mathematics-predicate-logics-mcqs.aspx,
Discrete Mathematics for CS,Discrete Mathematics | Predicate Logics Multiple-Choice Questions (MCQs),Which of the following statement is/are TRUE?,An existentially quantified proposition arises from negating a universally quantified proposition,An universally quantified proposition arises from negating a existentially quantified proposition,Both A and B,None of the above,C,"The following statement is TRUE -
 An existentially quantified proposition arises from negating a universally quantified proposition
 An universally quantified proposition arises from negating a existentially quantified proposition",medium,web:Includehelp.com https://www.includehelp.com/mcq/discrete-mathematics-predicate-logics-mcqs.aspx,
Discrete Mathematics for CS,Discrete Mathematics | Predicate Logics Multiple-Choice Questions (MCQs),What is the rule for the negation of quantified proposition?,Dissociative law,Associative law,Demorgan’s law,Identity law,C,Demorgan's law is the rule for the negation of quantified proposition.,medium,web:Includehelp.com https://www.includehelp.com/mcq/discrete-mathematics-predicate-logics-mcqs.aspx,
Discrete Mathematics for CS,Discrete Mathematics | Predicate Logics Multiple-Choice Questions (MCQs),Multiple quantifiers can be used to quantify propositions with _____ variable?,One,Two,More than one,None,C,Multiple quantifiers can be used to quantify propositions with more than one variable.,medium,web:Includehelp.com https://www.includehelp.com/mcq/discrete-mathematics-predicate-logics-mcqs.aspx,
Discrete Mathematics for CS,Discrete Mathematics | Predicate Logics Multiple-Choice Questions (MCQs),_____ to arrange the multiple universal quantifiers or existential quantifiers in a particular order in order to make the proposition meaningful?,It is necessary,It is not necessary,Sometimes it is necessary,None of the above,B,It is not necessary to arrange the multiple universal quantifiers or existential quantifiers in a particular order in order to make the proposition meaningful,medium,web:Includehelp.com https://www.includehelp.com/mcq/discrete-mathematics-predicate-logics-mcqs.aspx,
Discrete Mathematics for CS,Discrete Mathematics | Predicate Logics Multiple-Choice Questions (MCQs),It is impossible to change the order of the quantifiers of the proposition containing ____ quantifiers without altering the meaning of the proposition?,Universal,Existential,Both A and B,None of the above,C,It is impossible to change the order of the quantifiers of the proposition containing both universal and existential quantifiers without altering the meaning of the proposition.,medium,web:Includehelp.com https://www.includehelp.com/mcq/discrete-mathematics-predicate-logics-mcqs.aspx,
Discrete Mathematics for CS,Discrete Mathematics | Predicate Logics Multiple-Choice Questions (MCQs),"Proposition ∃x ∀ y p(x,y) means -?","There exists some x such that p (x, y) is false for every y.","There exists some x such that p (x, y) is true for every x.","There exists some y such that p (x, y) is false for every y.","There exists some x such that p (x, y) is true for every y.",D,"Proposition ∃x ∀ y p(x,y) means there exists some x such that p (x, y) is true for every y.",medium,web:Includehelp.com https://www.includehelp.com/mcq/discrete-mathematics-predicate-logics-mcqs.aspx,
Discrete Mathematics for CS,Discrete Mathematics | Normal Forms Multiple-Choice Questions (MCQs),It may not always be feasible to construct a ____ for a Decision Problem?,Dataset,Truth table,Data table,Decision table,B,It may not always be feasible to construct a truth table for a Decision Problem.,medium,web:Includehelp.com https://www.includehelp.com/mcq/discrete-mathematics-normal-forms-mcqs.aspx,
Discrete Mathematics for CS,Discrete Mathematics | Normal Forms Multiple-Choice Questions (MCQs),"If the truth table cannot be created, we consider the ____ to normal forms as an alternative?",Addition,Subtraction,Reduction,Division,C,"If the truth table cannot be created, we consider the reduction to normal forms as an alternative.",medium,web:Includehelp.com https://www.includehelp.com/mcq/discrete-mathematics-normal-forms-mcqs.aspx,
Discrete Mathematics for CS,Discrete Mathematics | Normal Forms Multiple-Choice Questions (MCQs),How many types of normal forms are there to which reduction can be performed?,2,3,4,5,A,There are 2 types of normal forms in which reduction can be performed.,medium,web:Includehelp.com https://www.includehelp.com/mcq/discrete-mathematics-normal-forms-mcqs.aspx,
Discrete Mathematics for CS,Discrete Mathematics | Normal Forms Multiple-Choice Questions (MCQs),Full form of DNF is -?,Disjoining Normal Form,Disjunctive Normal Form,Divisional Normal Form,Dividend Normal Form,B,Full form of DNF is Disjunctive Normal Form.,medium,web:Includehelp.com https://www.includehelp.com/mcq/discrete-mathematics-normal-forms-mcqs.aspx,
Discrete Mathematics for CS,Discrete Mathematics | Normal Forms Multiple-Choice Questions (MCQs),Which of the following is/are the type(s) of normal forms to which reduction can be performed?,Disjunctive Normal Form,Conjunctive Normal Form,Both A and B,None of the above,C,"The following are the types of normal forms to which reduction can be performed -
 Disjunctive Normal Form
 Conjunctive Normal Form",medium,web:Includehelp.com https://www.includehelp.com/mcq/discrete-mathematics-normal-forms-mcqs.aspx,
Discrete Mathematics for CS,Discrete Mathematics | Basic Counting Principles Multiple-Choice Questions (MCQs),A student can choose a professor in __ ways if there are 8 female professors and 5 male professors teaching DAA?,5,8,13,40,C,A student can choose a professor in 13 ways if there are 8 female professors and 5 male professors teaching DAA.,medium,web:Includehelp.com https://www.includehelp.com/mcq/discrete-mathematics-basic-counting-principles-mcqs.aspx,
Discrete Mathematics for CS,Discrete Mathematics | Basic Counting Principles Multiple-Choice Questions (MCQs),"If we take the event E as having m possible ways to occur, and let us take a second event F as having n possible ways to occur, then combinations of both events can be produced with __ possible combinations?",m/n,mn,mm,nn,B,"If we take the event E as having m possible ways to occur, and let us take a second event F as having n possible ways to occur, then combinations of both events can be produced with mn possible combinations.",medium,web:Includehelp.com https://www.includehelp.com/mcq/discrete-mathematics-basic-counting-principles-mcqs.aspx,
Discrete Mathematics for CS,Discrete Mathematics | Basic Counting Principles Multiple-Choice Questions (MCQs),Students can choose a class monitor in ___ ways if there are 8 boys and 8 girls in the class?,8,16,32,64,D,Students can choose a class monitor in 8 x 8 = 64 ways if there are 8 boys and 8 girls in the class.,medium,web:Includehelp.com https://www.includehelp.com/mcq/discrete-mathematics-basic-counting-principles-mcqs.aspx,
Discrete Mathematics for CS,Discrete Mathematics | Basic Counting Principles Multiple-Choice Questions (MCQs),"In mathematics, the product of the first n natural numbers is known as ___ n?",Factorial,Binomial,Multiplier,Coefficient,A,"In mathematics, the product of the first n natural numbers is known as factorial n.",medium,web:Includehelp.com https://www.includehelp.com/mcq/discrete-mathematics-basic-counting-principles-mcqs.aspx,
Discrete Mathematics for CS,Discrete Mathematics | Basic Counting Principles Multiple-Choice Questions (MCQs),Factorial n is denoted by -?,!n,n!,n|,|n,B,Factorial n is denoted by n!.,medium,web:Includehelp.com https://www.includehelp.com/mcq/discrete-mathematics-basic-counting-principles-mcqs.aspx,
Discrete Mathematics for CS,Discrete Mathematics | Basic Counting Principles Multiple-Choice Questions (MCQs),n! means -?,n,2,n (n-1) (n-2)...1,n (n-1) (n-2)...2,C,n! Means n (n-1) (n-2)...1.,medium,web:Includehelp.com https://www.includehelp.com/mcq/discrete-mathematics-basic-counting-principles-mcqs.aspx,
Discrete Mathematics for CS,Discrete Mathematics | Basic Counting Principles Multiple-Choice Questions (MCQs),0! is -?,0,1,2,Infinite,B,0! = 1,medium,web:Includehelp.com https://www.includehelp.com/mcq/discrete-mathematics-basic-counting-principles-mcqs.aspx,
Discrete Mathematics for CS,Discrete Mathematics | Basic Counting Principles Multiple-Choice Questions (MCQs),5! is -?,5,20,0,120,D,5! = 5 (5-1) (5-2) (5-3) (5-4) (5-5) = 5x4x3x2x1 = 120.,medium,web:Includehelp.com https://www.includehelp.com/mcq/discrete-mathematics-basic-counting-principles-mcqs.aspx,
Discrete Mathematics for CS,Discrete Mathematics | Basic Counting Principles Multiple-Choice Questions (MCQs),5! / 3! is -?,666…,120,20,Null,C,5! / 3 ! = 5 x 4 x 3! / 3! = 5 x 4 = 20.,medium,web:Includehelp.com https://www.includehelp.com/mcq/discrete-mathematics-basic-counting-principles-mcqs.aspx,
Discrete Mathematics for CS,Discrete Mathematics | Basic Counting Principles Multiple-Choice Questions (MCQs),"If r and n are +ve integers and r ≤ n, then Binomial Coefficient is represented by - ?",nCr,rCn,nPr,rPn,A,"If r and n are +ve integers and r ≤ n, then Binomial Coefficient is represented by nCr.",medium,web:Includehelp.com https://www.includehelp.com/mcq/discrete-mathematics-basic-counting-principles-mcqs.aspx,
Discrete Mathematics for CS,Discrete Mathematics | Basic Counting Principles Multiple-Choice Questions (MCQs),nCr means -?,n (n-1) (n-2)...(n-r+1) / 1.2.3…(r-1) r,2.3…(r-1) r / n (n-1) (n-2)...(n-r+1),n (n-1) (n-2)...1 / 1.2.3…(r-1) r,n (n-1) (n-2)...(n-r+1) / 1.2.3…(n-r+1) r,A,nCr means n (n-1) (n-2)...(n-r+1) / 1.2.3…(r-1) r.,medium,web:Includehelp.com https://www.includehelp.com/mcq/discrete-mathematics-basic-counting-principles-mcqs.aspx,
Discrete Mathematics for CS,Discrete Mathematics | Basic Counting Principles Multiple-Choice Questions (MCQs),5C2 is -?,20,10,5,2,B,5C2 = 5! / 2! . 3! = 5 x 4 x 3! / 2! . 3! = 5 x 4 / 1 x 2 = 20 / 2 = 10.,medium,web:Includehelp.com https://www.includehelp.com/mcq/discrete-mathematics-basic-counting-principles-mcqs.aspx,
Discrete Mathematics for CS,Discrete Mathematics | Permutation and Combinations Multiple-Choice Questions (MCQs),A permutation of n objects taken r at a time is known as _____ taken in a given order?,r-permutation,Permutation of r objects,Both A and B,None of the above,C,A permutation of n objects taken r at a time is known as an r-permutation or as a permutation of r objects taken in a given order.,medium,web:Includehelp.com https://www.includehelp.com/mcq/discrete-mathematics-permutation-and-combinations-mcqs.aspx,
Discrete Mathematics for CS,Discrete Mathematics | Permutation and Combinations Multiple-Choice Questions (MCQs),Permutation of r and n +ve integers where r ≤ n is denoted by -?,"P (n, r)","P (r, n)","C (n, r)","C (r, n)",A,"Permutation of r and n +ve integers where r ≤ n is denoted by P (n, r).",medium,web:Includehelp.com https://www.includehelp.com/mcq/discrete-mathematics-permutation-and-combinations-mcqs.aspx,
Discrete Mathematics for CS,Discrete Mathematics | Permutation and Combinations Multiple-Choice Questions (MCQs),"P (n,r) means -?",n! / r!,n! / (n! - r!),n! / (n - r)!,r! / n!,C,"P (n,r) means n! / (n - r)!.",medium,web:Includehelp.com https://www.includehelp.com/mcq/discrete-mathematics-permutation-and-combinations-mcqs.aspx,
Discrete Mathematics for CS,Discrete Mathematics | Permutation and Combinations Multiple-Choice Questions (MCQs),"When n different objects are taken r at a time, the number of permutations in which p particular objects are not encountered is ____?",N - pr,N - p,N - r,n - Ppr,D,"When n different objects are taken r at a time, the number of permutations in which P particular objects are not encountered is n - Ppr.",medium,web:Includehelp.com https://www.includehelp.com/mcq/discrete-mathematics-permutation-and-combinations-mcqs.aspx,
Discrete Mathematics for CS,Discrete Mathematics | Permutation and Combinations Multiple-Choice Questions (MCQs),"When p particular objects are present at the same time, ____ is the number of permutations of n different objects taken at the same time?",n - Ppr-p xRpp,n - Ppr-p xRpr,n - Ppr xRpp,n - Ppp xRpr,A,"When p particular objects are present at the same time, n - Ppr-p xRpp is the number of permutations of n different objects taken at the same time.",medium,web:Includehelp.com https://www.includehelp.com/mcq/discrete-mathematics-permutation-and-combinations-mcqs.aspx,
Discrete Mathematics for CS,Discrete Mathematics | Permutation and Combinations Multiple-Choice Questions (MCQs),____ permutations are those that are carried out around a circle?,Round,Circular,Global,Spherical,B,Circular permutations are those that are carried out around a circle.,medium,web:Includehelp.com https://www.includehelp.com/mcq/discrete-mathematics-permutation-and-combinations-mcqs.aspx,
Discrete Mathematics for CS,Discrete Mathematics | Permutation and Combinations Multiple-Choice Questions (MCQs),"The order of the objects in a ____ does not matter, since it may contain some or all of the objects from a given set?",Permutation,Combination,Binomial,Boolean,B,"The order of the objects in a Combination does not matter, since it may contain some or all of the objects from a given set.",medium,web:Includehelp.com https://www.includehelp.com/mcq/discrete-mathematics-permutation-and-combinations-mcqs.aspx,
Discrete Mathematics for CS,Discrete Mathematics | Permutation and Combinations Multiple-Choice Questions (MCQs),"In ____, n objects are taken r at a time in combinations of r objects?",rCn,nCr,nCr-1,n-1Cr,B,"In nCr, n objects are taken r at a time in combinations of r objects.",medium,web:Includehelp.com https://www.includehelp.com/mcq/discrete-mathematics-permutation-and-combinations-mcqs.aspx,
Discrete Mathematics for CS,Discrete Mathematics | Permutation and Combinations Multiple-Choice Questions (MCQs),"Combination of n objects, taken r at a time, is represented by -?",nCr,"C (n,r)",Both A and B,None of the above,C,"Combination of n objects, taken r at a time, is represented by -
 nCr
 C (n,r)",medium,web:Includehelp.com https://www.includehelp.com/mcq/discrete-mathematics-permutation-and-combinations-mcqs.aspx,
Discrete Mathematics for CS,Discrete Mathematics | Permutation and Combinations Multiple-Choice Questions (MCQs),5P2 is -?,5,10,20,120,C,5P2 = 5! / 3! = 5 . 4 . 3! / 3! = 5 . 4 = 20.,medium,web:Includehelp.com https://www.includehelp.com/mcq/discrete-mathematics-permutation-and-combinations-mcqs.aspx,
Discrete Mathematics for CS,Discrete Mathematics | Pigeonhole Principle and Recurrence Relations Multiple-Choice Quest,"There must be at least one pigeonhole occupied by k+1 or more pigeons if n pigeonholes are occupied by ___ or more pigeons, where k is a positive integer?",k+1,n+1,kn+1,kn-1,C,"There must be at least one pigeonhole occupied by k+1 or more pigeons if n pigeonholes are occupied by kn+1 or more pigeons, where k is a positive integer.",medium,web:Includehelp.com https://www.includehelp.com/mcq/discrete-mathematics-pigeonhole-principle-and-recurrence-relations-mcqs.aspx,
Discrete Mathematics for CS,Discrete Mathematics | Pigeonhole Principle and Recurrence Relations Multiple-Choice Quest,There are various orders of differences of f (x) in a ____ relationship between the independent variable x and the dependent variable f(x)?,Occurrence,Recurrence,Deviant,Variable,B,There are various orders of differences of f (x) in a recurrence relationship between the independent variable x and the dependent variable f(x),medium,web:Includehelp.com https://www.includehelp.com/mcq/discrete-mathematics-pigeonhole-principle-and-recurrence-relations-mcqs.aspx,
Discrete Mathematics for CS,Discrete Mathematics | Pigeonhole Principle and Recurrence Relations Multiple-Choice Quest,Recurrence relation can be used interchangeably with a ____ to refer to a recurrence relation?,Dividend Equation,Divisional Equation,Difference Equation,Data Equation,C,Recurrence relation can be used interchangeably with a difference equation to refer to a recurrence relation.,medium,web:Includehelp.com https://www.includehelp.com/mcq/discrete-mathematics-pigeonhole-principle-and-recurrence-relations-mcqs.aspx,
Discrete Mathematics for CS,Discrete Mathematics | Pigeonhole Principle and Recurrence Relations Multiple-Choice Quest,It is defined as the difference between ____ highest and lowest subscripts to determine the order of the recurrence relation or difference equation?,f(x),ar=yk,Both A and B,None of the above,C,It is defined as the difference between f(x) or ar=yk highest and lowest subscripts to determine the order of the recurrence relation or difference equation.,medium,web:Includehelp.com https://www.includehelp.com/mcq/discrete-mathematics-pigeonhole-principle-and-recurrence-relations-mcqs.aspx,
Discrete Mathematics for CS,Discrete Mathematics | Pigeonhole Principle and Recurrence Relations Multiple-Choice Quest,Defining degree of a difference equation as the ____ power of f (x) or ar=yk?,Highest,Lowest,Average,Middle,A,Defining degree of a difference equation as the highest power of f (x) or ar=yk.,medium,web:Includehelp.com https://www.includehelp.com/mcq/discrete-mathematics-pigeonhole-principle-and-recurrence-relations-mcqs.aspx,
Discrete Mathematics for CS,Discrete Mathematics | Linear Recurrence Relations with Constant Coefficients Multiple-Cho,"Generally, linear recurrence relations with constant coefficients take the form of -?",C0 yn+r+C1 yn+r-1+C2 yn+r-2+⋯+Cy=R (n),C0 yn+r+Cn yn+r-1+C2 yn+r-2+⋯+Cr yn=R (n),Cn yn+r+C1 yn+r-1+C2 yn+r-2+⋯+Cr yn=R (n),C0 yn+r+C1 yn+r-1+C2 yn+r-2+⋯+Cr yn=R (n),D,"Generally, linear recurrence relations with constant coefficients take the form of - C0 yn+r+C1 yn+r-1+C2 yn+r-2+⋯+Cr yn=R (n).",medium,web:Includehelp.com https://www.includehelp.com/mcq/discrete-mathematics-linear-recurrence-relations-with-constant-coefficients-mcqs.aspx,
Discrete Mathematics for CS,Discrete Mathematics | Linear Recurrence Relations with Constant Coefficients Multiple-Cho,"In C0 yn+r+C1 yn+r-1+C2 yn+r-2+⋯+Cr yn=R (n),?","C0,C1,C2...Cn are same function of independent variable n. and R (n) is constant.","C0,C1,C2...Cn and R (n) is same function of independent variable n.","C0,C1,C2...Cn and R (n) is constant.","C0,C1,C2...Cn are constant and R (n) is same function of independent variable n.",D,"In C0 yn+r+C1 yn+r-1+C2 yn+r-2+⋯+Cr yn=R (n), C0,C1,C2...Cn are constant and R (n) is same function of independent variable n.",medium,web:Includehelp.com https://www.includehelp.com/mcq/discrete-mathematics-linear-recurrence-relations-with-constant-coefficients-mcqs.aspx,
Discrete Mathematics for CS,Discrete Mathematics | Linear Recurrence Relations with Constant Coefficients Multiple-Cho,"If R (n) = _ and it is of order n, the equation is a linear homogeneous difference equation?",0,1,2,Infinite,A,"If R (n) = 0 and it is of order n, the equation is a linear homogeneous difference equation.",medium,web:Includehelp.com https://www.includehelp.com/mcq/discrete-mathematics-linear-recurrence-relations-with-constant-coefficients-mcqs.aspx,
Discrete Mathematics for CS,Discrete Mathematics | Linear Recurrence Relations with Constant Coefficients Multiple-Cho,"If R (n) ≠ 0, then the equation is a ____ difference equation?",Bilinear homogeneous,Linear homogeneous,Bilinear nonhomogeneous,Linear nonhomogeneous,D,"If R (n) ≠ 0, then the equation is a linear nonhomogeneous difference equation.",medium,web:Includehelp.com https://www.includehelp.com/mcq/discrete-mathematics-linear-recurrence-relations-with-constant-coefficients-mcqs.aspx,
Discrete Mathematics for CS,Discrete Mathematics | Linear Recurrence Relations with Constant Coefficients Multiple-Cho,Equation ar+3+6ar+2+12ar+1+8ar=0 is a ____ equation?,Linear homogeneous,Linear nonhomogeneous,Bilinear homogeneous,Bilinear nonhomogenenous,B,Equation ar+3+6ar+2+12ar+1+8ar=0 is a linear nonhomogeneous equation.,medium,web:Includehelp.com https://www.includehelp.com/mcq/discrete-mathematics-linear-recurrence-relations-with-constant-coefficients-mcqs.aspx,
Discrete Mathematics for CS,Discrete Mathematics | Linear Recurrence Relations with Constant Coefficients Multiple-Cho,What is the order of the equation ar+3+6ar+2+12ar+1+8ar=0?,0,1,2,3,D,The order of the equation ar+3+6ar+2+12ar+1+8ar=0 is 3.,medium,web:Includehelp.com https://www.includehelp.com/mcq/discrete-mathematics-linear-recurrence-relations-with-constant-coefficients-mcqs.aspx,
Discrete Mathematics for CS,Discrete Mathematics | Linear Recurrence Relations with Constant Coefficients Multiple-Cho,What is the order of the equation ar+2-8ar+1+5ar= 7r + 2r?,0,1,2,3,C,The order of the equation ar+2-8ar+1+5ar= 7r + 2r is 2.,medium,web:Includehelp.com https://www.includehelp.com/mcq/discrete-mathematics-linear-recurrence-relations-with-constant-coefficients-mcqs.aspx,
Discrete Mathematics for CS,Discrete Mathematics | Linear Recurrence Relations with Constant Coefficients Multiple-Cho,The equation for a linear homogeneous difference equation with constant coefficients can be written as follows:?,C0 yn+C1 yn-1+C2 yn-2+⋯......+Cn yn-r=0,C0 yn+C1 yn-1+C2 yn-2+⋯......+Cr yn-r=1,C0 yn+C1 yn-1+C2 yn-2+⋯......+Cr yn-r=0,C0 yn+C1 yn-1+C2 yn-2+⋯......+Cn yn-r=1,C,The equation for a linear homogeneous difference equation with constant coefficients can be written as follows: C0 yn+C1 yn-1+C2 yn-2+⋯......+Cr yn-r=0.,medium,web:Includehelp.com https://www.includehelp.com/mcq/discrete-mathematics-linear-recurrence-relations-with-constant-coefficients-mcqs.aspx,
Discrete Mathematics for CS,Discrete Mathematics | Linear Recurrence Relations with Constant Coefficients Multiple-Cho,What is the characteristics equation of the linear homogeneous difference equation?,C0 ∝1+C1 ∝r-1+C2 ∝r-2+⋯Cr=0,C0 ∝0+C1 ∝r-1+C2 ∝r-2+⋯Cr=0,C0 ∝2+C1 ∝r-1+C2 ∝r-2+⋯Cr=0,C0 ∝r+C1 ∝r-1+C2 ∝r-2+⋯Cr=0,D,The characteristics equation of the linear homogeneous difference equation is C0 ∝r+C1 ∝r-1+C2 ∝r-2+⋯Cr=0.,medium,web:Includehelp.com https://www.includehelp.com/mcq/discrete-mathematics-linear-recurrence-relations-with-constant-coefficients-mcqs.aspx,
Discrete Mathematics for CS,Discrete Mathematics | Linear Recurrence Relations with Constant Coefficients Multiple-Cho,There are ____ cases to solve linear homogeneous difference equations?,Three,Four,Five,Six,B,There are four cases to solve linear homogeneous difference equations.,medium,web:Includehelp.com https://www.includehelp.com/mcq/discrete-mathematics-linear-recurrence-relations-with-constant-coefficients-mcqs.aspx,
Discrete Mathematics for CS,Discrete Mathematics | Linear Recurrence Relations with Constant Coefficients Multiple-Cho,Which of the following is a/the case(s) while finding the solution of the linear homogeneous difference equation?,"There are n distinct real roots ∝1, ∝2, ∝3,.......∝n in the characteristic equation.",There are repeated real roots in characteristic equation.,There is one imaginary root in characteristic equation.,All of the above,D,"The following are the cases while finding the solutions of the linear homogeneous difference equation -
 There are n distinct real roots ∝1, ∝2, ∝3,.......∝n in the characteristic equation.
 There are repeated real roots in characteristic equation.
 There is one imaginary root in characteristic equation.",medium,web:Includehelp.com https://www.includehelp.com/mcq/discrete-mathematics-linear-recurrence-relations-with-constant-coefficients-mcqs.aspx,
Discrete Mathematics for CS,Discrete Mathematics | Particular Solution Multiple-Choice Questions (MCQs),Non-homogeneous linear difference equations can be solved using ___ methods?,Two,Three,Four,Five,A,Non-homogeneous linear difference equations can be solved using two methods.,medium,web:Includehelp.com https://www.includehelp.com/mcq/discrete-mathematics-particular-solution-mcqs.aspx,
Discrete Mathematics for CS,Discrete Mathematics | Particular Solution Multiple-Choice Questions (MCQs),What is/are the correct method(s) used to solve nonhomogeneous linear difference equations?,Undetermined coefficients method,E and ∆ operator method.,Both A and B,None of the above,C,The correct methods used to solve nonhomogeneous linear difference equations are Undetermined coefficients method and E and ∆ operator method.,medium,web:Includehelp.com https://www.includehelp.com/mcq/discrete-mathematics-particular-solution-mcqs.aspx,
Discrete Mathematics for CS,Discrete Mathematics | Particular Solution Multiple-Choice Questions (MCQs),A non-homogeneous linear difference equation whose ____ consists of terms of special forms can be solved using the Undetermined Coefficients Method?,R.H.S R (n),L.H.S L (n),Both A and B,None of the above,A,A non-homogeneous linear difference equation whose R.H.S term R (n) consists of terms of special forms can be solved using the Undetermined Coefficients Method.,medium,web:Includehelp.com https://www.includehelp.com/mcq/discrete-mathematics-particular-solution-mcqs.aspx,
Discrete Mathematics for CS,Discrete Mathematics | Particular Solution Multiple-Choice Questions (MCQs),What is TRUE about Undermined Coefficients Method -?,"Our first assumption is that the particular solutions are based on the type of R (n), with some unknown constant coefficients.",We will then determine the exact solution based on the difference equation.,Both A and B,None of the above,C,"In Undetermined Coefficients Method -
 Our first assumption is that the particular solutions are based on the type of R (n), with some unknown constant coefficients.
 We will then determine the exact solution based on the difference equation.",medium,web:Includehelp.com https://www.includehelp.com/mcq/discrete-mathematics-particular-solution-mcqs.aspx,
Discrete Mathematics for CS,Discrete Mathematics | Particular Solution Multiple-Choice Questions (MCQs),"What is the general form to be assumed for Z, where z is constant -?",A,Zr,Ar,Z,A,"The general form to be assumed for Z, where z is constant is A.",medium,web:Includehelp.com https://www.includehelp.com/mcq/discrete-mathematics-particular-solution-mcqs.aspx,
Discrete Mathematics for CS,Discrete Mathematics | Particular Solution Multiple-Choice Questions (MCQs),"What is the general form to be assumed for Zr, here z is constant -?",A,Zr,Ar,Z,B,"The general form to be assumed for Zr, where z is constant is Zr.",medium,web:Includehelp.com https://www.includehelp.com/mcq/discrete-mathematics-particular-solution-mcqs.aspx,
Discrete Mathematics for CS,Discrete Mathematics | Particular Solution Multiple-Choice Questions (MCQs),"What is the general form to be assumed for P (r), a polynomial of degree n?",A0 rn+A1 r1+⋯..An,A0 r+A1 rn-1+⋯..An,A1 rn+A1 rn-1+⋯..An,A0 rn+A1 rn-1+⋯..An,D,"The general form to be assumed for P (r), a polynomial of degree n is A0 rn+A1 rn-1+⋯..An.",medium,web:Includehelp.com https://www.includehelp.com/mcq/discrete-mathematics-particular-solution-mcqs.aspx,
Discrete Mathematics for CS,Discrete Mathematics | Particular Solution Multiple-Choice Questions (MCQs),"If E is applied to f(x), then the value of x is ____?",Incremented,Decremented,Divided,Multiplied,A,"If E is applied to f(x), then the value of x is incremented.",medium,web:Includehelp.com https://www.includehelp.com/mcq/discrete-mathematics-particular-solution-mcqs.aspx,
Discrete Mathematics for CS,Discrete Mathematics | Particular Solution Multiple-Choice Questions (MCQs),"In Ef(x) = f(x+h), h is -?",Decrement quantity,Increment quantity,Increment quality,Decrement quality,B,"In Ef(x) = f(x+h), h is Increment quality.",medium,web:Includehelp.com https://www.includehelp.com/mcq/discrete-mathematics-particular-solution-mcqs.aspx,
Discrete Mathematics for CS,Discrete Mathematics | Particular Solution Multiple-Choice Questions (MCQs),Symbol E is known as -?,End Operator,Slow operator,Polynomial operator,Shift operator,D,Symbol E is known as Shift Operator.,medium,web:Includehelp.com https://www.includehelp.com/mcq/discrete-mathematics-particular-solution-mcqs.aspx,
Discrete Mathematics for CS,Discrete Mathematics | Particular Solution Multiple-Choice Questions (MCQs),There are ___ steps in Operation ∆?,Two,Three,Four,Five,A,There are two steps in Operation ∆.,medium,web:Includehelp.com https://www.includehelp.com/mcq/discrete-mathematics-particular-solution-mcqs.aspx,
Discrete Mathematics for CS,Discrete Mathematics | Particular Solution Multiple-Choice Questions (MCQs),Which of the following is TRUE?,f(x)=f(x+h)-f(x),∆f(x)=f(x+h)-f(x-h),∆f(x)=f(x-h)-f(x),∆f(x)=f(x+h)-f(x),D,∆f(x)=f(x+h)-f(x) is TRUE.,medium,web:Includehelp.com https://www.includehelp.com/mcq/discrete-mathematics-particular-solution-mcqs.aspx,
Discrete Mathematics for CS,Discrete Mathematics | Particular Solution Multiple-Choice Questions (MCQs),"For the different forms of R (n), in order to find the solution of yn= R (n) / P (E), there are ___ cases?",Two,Three,Four,Five,C,"For the different forms of R (n), in order to find the solution of yn= R (n) / P (E), there are four cases.",medium,web:Includehelp.com https://www.includehelp.com/mcq/discrete-mathematics-particular-solution-mcqs.aspx,
Discrete Mathematics for CS,Discrete Mathematics | Particular Solution Multiple-Choice Questions (MCQs),"Which of the following is/are a/the case(s) to find the solution of yn= R (n) / P (E), for the different forms of R (n)?",When R (n) is some constant A,"When R (n) is of the form A. Zn, where A and Z are constants",When R (n) be a polynomial of degree m is n.,All of the above,D,"The following are the cases to find the solution of yn= R (n) / P (E), for the different forms of R (n) -
 When R (n) is some constant A
 When R (n) is of the form A. Zn, where A and Z are constants
 When R (n) be a polynomial of degree m is n.",medium,web:Includehelp.com https://www.includehelp.com/mcq/discrete-mathematics-particular-solution-mcqs.aspx,
Discrete Mathematics for CS,Discrete Mathematics | Total Solution and Generating Functions Multiple-Choice Questions (,"You should obtain _____, if possible, and solve them in order to get the total solution if no initial conditions are given?",n linear equations,n unknowns,Both A and B,None of the above,C,"You should obtain n linear equations with n unknowns, if possible, and solve them in order to get the total solution if no initial conditions are given.",medium,web:Includehelp.com https://www.includehelp.com/mcq/discrete-mathematics-total-solution-and-generating-functions-mcqs.aspx,
Discrete Mathematics for CS,Discrete Mathematics | Total Solution and Generating Functions Multiple-Choice Questions (,"The total solution or general solution of the recurrence relation will be given by _____, if y(h) denotes the homogeneous solution and y(p) denotes the particular solution?",y =y(h)/y(p),y =y(h)+y(p),y =y(h)-y(p),y =y(h)*y(p),B,"The total solution or general solution of the recurrence relation will be given by y =y(h)+y(p), if y(h) denotes the homogeneous solution and y(p) denotes the particular solution.",medium,web:Includehelp.com https://www.includehelp.com/mcq/discrete-mathematics-total-solution-and-generating-functions-mcqs.aspx,
Discrete Mathematics for CS,Discrete Mathematics | Total Solution and Generating Functions Multiple-Choice Questions (,Recurrence relations can be solved by ____?,Recurrence functions,Total functions,Generating functions,Partial functions,C,Recurrence relations can be solved by generating functions.,medium,web:Includehelp.com https://www.includehelp.com/mcq/discrete-mathematics-total-solution-and-generating-functions-mcqs.aspx,
Discrete Mathematics for CS,Discrete Mathematics | Total Solution and Generating Functions Multiple-Choice Questions (,"The generating function of Zr,(Z≠0 and Z is a constant and |Zt|<1)is given by -?",G (t) = 1,G (t) = 1/Zt,G (t) = 1/(Zt-1),G (t) = 1/(1-Zt),D,"The generating function of Zr,(Z≠0 and Z is a constant and |Zt|<1)is given by - G (t) = 1/(1-Zt).",medium,web:Includehelp.com https://www.includehelp.com/mcq/discrete-mathematics-total-solution-and-generating-functions-mcqs.aspx,
Discrete Mathematics for CS,Discrete Mathematics | Total Solution and Generating Functions Multiple-Choice Questions (,In which of the following condition(s) can generating function be used?,Recurrence relations can be solved using this method,Several combinatorial identities can be proved using this method,In order to find asymptotic formulas for sequence terms,All of the above,D,"In the following conditions can generating function be used -
 Recurrence relations can be solved using this method
 Several combinatorial identities can be proved using this method
 In order to find asymptotic formulas for sequence terms",medium,web:Includehelp.com https://www.includehelp.com/mcq/discrete-mathematics-total-solution-and-generating-functions-mcqs.aspx,
Discrete Mathematics for CS,Discrete Mathematics | Graph Multiple-Choice Questions (MCQs),"The ____ of e=[u, v] are said to be u and v when e connects them?",Vertex,Point,Endpoint,Node,C,"The endpoints of e=[u, v] are said to be u and v when e connects them.",medium,web:Includehelp.com https://www.includehelp.com/mcq/discrete-mathematics-graph-mcqs.aspx,
Discrete Mathematics for CS,Discrete Mathematics | Graph Multiple-Choice Questions (MCQs),Vertex degrees are calculated based on the number of ____ that are incident on the vertex?,Points,Edges,Vertex,Point,B,Vertex degrees are calculated based on the number of edges that are incident on the vertex.,medium,web:Includehelp.com https://www.includehelp.com/mcq/discrete-mathematics-graph-mcqs.aspx,
Discrete Mathematics for CS,Discrete Mathematics | Graph Multiple-Choice Questions (MCQs),Self-loops are counted ____?,Once,Twice,Thrice,Multiple times,B,Self-loops are counted twice.,medium,web:Includehelp.com https://www.includehelp.com/mcq/discrete-mathematics-graph-mcqs.aspx,
Discrete Mathematics for CS,Discrete Mathematics | Graph Multiple-Choice Questions (MCQs),Vertex degrees are represented by ____?,v(d),v,d,d(v),D,Vertex degrees are represented by d(v).,medium,web:Includehelp.com https://www.includehelp.com/mcq/discrete-mathematics-graph-mcqs.aspx,
Discrete Mathematics for CS,Discrete Mathematics | Graph Multiple-Choice Questions (MCQs),"Every pair of vertices in a graph is an edge, so a path of length n is a sequence of ___ vertices?",n,n+1,n-1,n2,B,"Every pair of vertices in a graph is an edge, so a path of length n is a sequence of n+1 vertices.",medium,web:Includehelp.com https://www.includehelp.com/mcq/discrete-mathematics-graph-mcqs.aspx,
Discrete Mathematics for CS,Discrete Mathematics | Graph Multiple-Choice Questions (MCQs),"When there is no repetition of edges in the path, it is called a ____ path?",Simple,Circuit,Closed,Elementary,A,"When there is no repetition of edges in the path, it is called a simple path.",medium,web:Includehelp.com https://www.includehelp.com/mcq/discrete-mathematics-graph-mcqs.aspx,
Discrete Mathematics for CS,Discrete Mathematics | Graph Multiple-Choice Questions (MCQs),Paths with ___ repeated vertex are called elementary paths?,One,Two,Zero,Multiple,C,Paths with zero repeated vertex are called elementary paths.,medium,web:Includehelp.com https://www.includehelp.com/mcq/discrete-mathematics-graph-mcqs.aspx,
Discrete Mathematics for CS,Discrete Mathematics | Graph Multiple-Choice Questions (MCQs),____ are paths with the same vertex at both ends?,Circuits paths,Closed paths,Both A and B,None of the above,C,Circuits or closed paths are paths with the same vertex at both ends.,medium,web:Includehelp.com https://www.includehelp.com/mcq/discrete-mathematics-graph-mcqs.aspx,
Discrete Mathematics for CS,Discrete Mathematics | Graph Multiple-Choice Questions (MCQs),____are simple paths that are circuits?,Elementary circuits,Closed circuits,Simple circuits,None of the above,C,Simple circuits are paths that are circuits.,medium,web:Includehelp.com https://www.includehelp.com/mcq/discrete-mathematics-graph-mcqs.aspx,
Discrete Mathematics for CS,Discrete Mathematics | Graph Multiple-Choice Questions (MCQs),Pendant vertex is a vertex with degree ____?,Zero,One,Two,Three,B,Pendant vertex is a vertex with degree one.,medium,web:Includehelp.com https://www.includehelp.com/mcq/discrete-mathematics-graph-mcqs.aspx,
Discrete Mathematics for CS,Discrete Mathematics | Graph Multiple-Choice Questions (MCQs),Pendant Edges are the only edges which are incident that occur with ____ vertices?,Odd,Even,Pendant,None,C,Pendant Edges are the only edges which are incident that occur with pendant vertices.,medium,web:Includehelp.com https://www.includehelp.com/mcq/discrete-mathematics-graph-mcqs.aspx,
Discrete Mathematics for CS,Discrete Mathematics | Graph Multiple-Choice Questions (MCQs),Odd vertex refers to a vertex with ____ degree?,Odd,Even,Pendant,None,A,Odd vertex refers to a vertex with odd degree.,medium,web:Includehelp.com https://www.includehelp.com/mcq/discrete-mathematics-graph-mcqs.aspx,
Discrete Mathematics for CS,Discrete Mathematics | Graph Multiple-Choice Questions (MCQs),Even vertex refers to a vertex with ____ degree?,Odd,Even,Pendant,None,B,Even vertex refers to a vertex with even degree.,medium,web:Includehelp.com https://www.includehelp.com/mcq/discrete-mathematics-graph-mcqs.aspx,
Discrete Mathematics for CS,Discrete Mathematics | Graph Multiple-Choice Questions (MCQs),An edge that connects ____ vertices is called an incident edge?,Two,Three,Four,Multiple,A,An edge that connects two vertices is called an incident edge.,medium,web:Includehelp.com https://www.includehelp.com/mcq/discrete-mathematics-graph-mcqs.aspx,
Discrete Mathematics for CS,Discrete Mathematics | Graph Multiple-Choice Questions (MCQs),"If an edge connects two vertices, they are considered ____?",Cross,Adjacent,Normal,Incident,B,"If an edge connects two vertices, they are considered adjacent.",medium,web:Includehelp.com https://www.includehelp.com/mcq/discrete-mathematics-graph-mcqs.aspx,
Discrete Mathematics for CS,Discrete Mathematics | Graph Multiple-Choice Questions (MCQs),"The vertex u is _____ to the vertex v, and the vertex v is adjacent to the vertex u if there is an edge (u, v)?",Endpoint,Compliment,Adjacent,Cross Join,C,"The vertex u is adjacent to the vertex v, and the vertex v is adjacent to the vertex u if there is an edge (u, v).",medium,web:Includehelp.com https://www.includehelp.com/mcq/discrete-mathematics-graph-mcqs.aspx,
Discrete Mathematics for CS,Discrete Mathematics | Graph Multiple-Choice Questions (MCQs),"If the edge has the _____ endpoint, it is called a self-loop?",Same,Different,Similar,Various,A,"If the edge has the same endpoint, it is called a self-loop.",medium,web:Includehelp.com https://www.includehelp.com/mcq/discrete-mathematics-graph-mcqs.aspx,
Discrete Mathematics for CS,Discrete Mathematics | Graph Multiple-Choice Questions (MCQs),Isolated vertex refers to a vertex with degree __?,0,1,2,Null,A,Isolated vertex refers to a vertex with degree 0.,medium,web:Includehelp.com https://www.includehelp.com/mcq/discrete-mathematics-graph-mcqs.aspx,
Discrete Mathematics for CS,Discrete Mathematics | Graph Multiple-Choice Questions (MCQs),"____ sets are smallest sets of edges from the graph so that removing the set disconnects the graph, but removing any appropriate subset leaves it connected?",Small,Cut,Disconnect,Subset,B,"Cut sets are smallest sets of edges from the graph so that removing the set disconnects the graph, but removing any appropriate subset leaves it connected.",medium,web:Includehelp.com https://www.includehelp.com/mcq/discrete-mathematics-graph-mcqs.aspx,
Discrete Mathematics for CS,Discrete Mathematics | Graph Multiple-Choice Questions (MCQs),"In a graph G, a _____ is a vertex v with more connected components than G?",Cut Point,Cut Vertex,Both A and B,None of the above,C,"In a graph G, a Cut Point or Cut Vertex is a vertex v with more connected components than G.",medium,web:Includehelp.com https://www.includehelp.com/mcq/discrete-mathematics-graph-mcqs.aspx,
Discrete Mathematics for CS,Discrete Mathematics | Graph Multiple-Choice Questions (MCQs),"In a graph, a ____ is an edge e with more connected components than G.?",Bridge,Cut Edge,Both A and B,None of the above,C,"In a graph, a Bridge or Cut Edge is an edge e with more connected components than G.",medium,web:Includehelp.com https://www.includehelp.com/mcq/discrete-mathematics-graph-mcqs.aspx,
Discrete Mathematics for CS,Discrete Mathematics | Types of Graphs Multiple-Choice Questions (MCQs),____ graphs contain unordered pairs of vertices in the edge set?,Directed,Undirected,Multi,Null,B,Undirected graphs contain unordered pairs of vertices in the edge set.,medium,web:Includehelp.com https://www.includehelp.com/mcq/discrete-mathematics-types-of-graphs-mcqs.aspx,
Discrete Mathematics for CS,Discrete Mathematics | Types of Graphs Multiple-Choice Questions (MCQs),"In a graph, ____ refers to edges that can connect the same vertices over more than one edge?",Multigraph,Directed graph,Connected Graph,Disconnected Graph,A,"In a graph, multigraph refers to edges that can connect the same vertices over more than one edge.",medium,web:Includehelp.com https://www.includehelp.com/mcq/discrete-mathematics-types-of-graphs-mcqs.aspx,
Discrete Mathematics for CS,Discrete Mathematics | Types of Graphs Multiple-Choice Questions (MCQs),Graphs with multiple _____ are called multigraphs?,Edges,Loops,Both A and B,None of the above,C,Graphs with multiple edges or loops are called multigraphs.,medium,web:Includehelp.com https://www.includehelp.com/mcq/discrete-mathematics-types-of-graphs-mcqs.aspx,
Discrete Mathematics for CS,Discrete Mathematics | Types of Graphs Multiple-Choice Questions (MCQs),Directed graph is also known as -?,Connected graph,Digraph,Disconnected graph,Monograph,B,Directed graph is also known as digraph.,medium,web:Includehelp.com https://www.includehelp.com/mcq/discrete-mathematics-types-of-graphs-mcqs.aspx,
Discrete Mathematics for CS,Discrete Mathematics | Types of Graphs Multiple-Choice Questions (MCQs),"An edge in the _____ graph G has a direction and is identified by an ordered pair of vertex values (u, v), where u is the first vertex and v is the last vertex?",Connected,Directed,Undirected,Disconnected,B,"An edge in the directed graph G has a direction and is identified by an ordered pair of vertex values (u, v), where u is the first vertex and v is the last vertex.",medium,web:Includehelp.com https://www.includehelp.com/mcq/discrete-mathematics-types-of-graphs-mcqs.aspx,
Discrete Mathematics for CS,Discrete Mathematics | Types of Graphs Multiple-Choice Questions (MCQs),"G=(V,E) is an _____ graph with n vertices where every vertex is connected to every other vertex?",Undirected Complete,Directed Complete,Undirected Incomplete,Directed Incomplete,A,"Explanation: G=(V,E) is an undirected complete graph with n vertices where every vertex is connected to every other vertex.",medium,web:Includehelp.com https://www.includehelp.com/mcq/discrete-mathematics-types-of-graphs-mcqs.aspx,
Discrete Mathematics for CS,Discrete Mathematics | Types of Graphs Multiple-Choice Questions (MCQs),How many edges are there in a complete graph with n vertices?,n (n - 1) / 2,n / 2,n (n + 1) / 2,n (n - 1),A,There are n (n - 1) / 2 edges in a complete graph with n vertices.,medium,web:Includehelp.com https://www.includehelp.com/mcq/discrete-mathematics-types-of-graphs-mcqs.aspx,
Discrete Mathematics for CS,Discrete Mathematics | Types of Graphs Multiple-Choice Questions (MCQs),____ graphs contain a path between any vertex u and vertex v?,Disconnected,Connected,Incomplete,Complete,B,Connected graphs contain a path between any vertex u and vertex v.,medium,web:Includehelp.com https://www.includehelp.com/mcq/discrete-mathematics-types-of-graphs-mcqs.aspx,
Discrete Mathematics for CS,Discrete Mathematics | Types of Graphs Multiple-Choice Questions (MCQs),"When there is __ path between two vertices in a graph, it is called disconnected?",No,One,Two,Multiple,A,"When there is no path between two vertices in a graph, it is called disconnected.",medium,web:Includehelp.com https://www.includehelp.com/mcq/discrete-mathematics-types-of-graphs-mcqs.aspx,
Discrete Mathematics for CS,Discrete Mathematics | Types of Graphs Multiple-Choice Questions (MCQs),"If a subgraph of graph G is not contained in a bigger connected subgraph of G, then it is called the _____ of G?",Connected component,Disconnected component,Complete component,Incomplete component,A,"If a subgraph of graph G is not contained in a bigger connected subgraph of G, then it is called the connected component of G.",medium,web:Includehelp.com https://www.includehelp.com/mcq/discrete-mathematics-types-of-graphs-mcqs.aspx,
Discrete Mathematics for CS,Discrete Mathematics | Types of Graphs Multiple-Choice Questions (MCQs),"____graphs G = (V, E) have n vertices and are connected by arrows between their vertices?",Undirected complete,Directed complete,Undirected connected,Directed connected,B,"Directed complete graphs G = (V, E) have n vertices and are connected by arrows between their vertices.",medium,web:Includehelp.com https://www.includehelp.com/mcq/discrete-mathematics-types-of-graphs-mcqs.aspx,
Discrete Mathematics for CS,Discrete Mathematics | Types of Graphs Multiple-Choice Questions (MCQs),"In a graph G, the ____ is a graph that has the same number of vertices as G, but only connects two vertices that are not related to one another?",Supplement,Complement,Alternate,None of the above,B,"In a graph G, the complement is a graph that has the same number of vertices as G, but only connects two vertices that are not related to one another.",medium,web:Includehelp.com https://www.includehelp.com/mcq/discrete-mathematics-types-of-graphs-mcqs.aspx,
Discrete Mathematics for CS,Discrete Mathematics | Types of Graphs Multiple-Choice Questions (MCQs),"If the edges of a graph G=(V, E) are labeled with some ____, it is called a labeled graph?",Name,Data,Both A and B,None of the above,C,"If the edges of a graph G=(V, E) are labeled with some names or data, it is called a labeled graph.",medium,web:Includehelp.com https://www.includehelp.com/mcq/discrete-mathematics-types-of-graphs-mcqs.aspx,
Discrete Mathematics for CS,Discrete Mathematics | Types of Graphs Multiple-Choice Questions (MCQs),"When each edge of graph G=(V, E) contains a positive number w, it is called a ____ graph?",Directed,Complementary,Labeled,Weighted,D,"When each edge of graph G=(V, E) contains a positive number w, it is called a weighted graph.",medium,web:Includehelp.com https://www.includehelp.com/mcq/discrete-mathematics-types-of-graphs-mcqs.aspx,
Discrete Mathematics for CS,"Discrete Mathematics | Isomorphic, Homeomorphic, Regular and Bipartite Graphs Multiple-Cho",Homeomorphic graphs are those in which G and G* are derived from the ___ graphs?,Same,Isomorphic,Both A and B,None of the above,C,Homeomorphic graphs are those in which G and G* are derived from the same graph or are isomorphic graphs.,medium,web:Includehelp.com https://www.includehelp.com/mcq/discrete-mathematics-isomorphic-homeomorphic-regular-and-bipartite-graphs-mcqs.aspx,
Discrete Mathematics for CS,"Discrete Mathematics | Isomorphic, Homeomorphic, Regular and Bipartite Graphs Multiple-Cho","G'=(V', E') is a subgraph of graph G=(V, E), where each edge in G' has the same end vertex as ____?",G,V'⊆V,E'⊆E,All of the above,D,"G'=(V', E') is a subgraph of graph G=(V, E), where each edge in G' has the same end vertex as G and V'⊆V and E'⊆E.",medium,web:Includehelp.com https://www.includehelp.com/mcq/discrete-mathematics-isomorphic-homeomorphic-regular-and-bipartite-graphs-mcqs.aspx,
Discrete Mathematics for CS,"Discrete Mathematics | Isomorphic, Homeomorphic, Regular and Bipartite Graphs Multiple-Cho",A/an ____ vertex makes up a subgraph?,Individual,Double,Triple,Multiple,A,An individual vertex makes up a subgraph.,medium,web:Includehelp.com https://www.includehelp.com/mcq/discrete-mathematics-isomorphic-homeomorphic-regular-and-bipartite-graphs-mcqs.aspx,
Discrete Mathematics for CS,"Discrete Mathematics | Isomorphic, Homeomorphic, Regular and Bipartite Graphs Multiple-Cho","If G1 contains all the vertices of G, it is called a ____ subgraph of G?",Isomorphic,Homeomorphic,Spanning,None of the above,C,"If G1 contains all the vertices of G, it is called a spanning subgraph of G.",medium,web:Includehelp.com https://www.includehelp.com/mcq/discrete-mathematics-isomorphic-homeomorphic-regular-and-bipartite-graphs-mcqs.aspx,
Discrete Mathematics for CS,"Discrete Mathematics | Isomorphic, Homeomorphic, Regular and Bipartite Graphs Multiple-Cho",Every vertex in G must be connected to every other vertex in G for a graph G to be considered ____?,Complete,Regular,Bipartite,Isomorphic,A,Every vertex in G must be connected to every other vertex in G for a graph G to be considered complete.,medium,web:Includehelp.com https://www.includehelp.com/mcq/discrete-mathematics-isomorphic-homeomorphic-regular-and-bipartite-graphs-mcqs.aspx,
Discrete Mathematics for CS,"Discrete Mathematics | Isomorphic, Homeomorphic, Regular and Bipartite Graphs Multiple-Cho","If all its vertices have the same degree K, the graph is called _____?",Regular,K-regular,Both A and B,None of the above,C,"If all its vertices have the same degree K, the graph is called regular or K-regular.",medium,web:Includehelp.com https://www.includehelp.com/mcq/discrete-mathematics-isomorphic-homeomorphic-regular-and-bipartite-graphs-mcqs.aspx,
Discrete Mathematics for CS,"Discrete Mathematics | Isomorphic, Homeomorphic, Regular and Bipartite Graphs Multiple-Cho",_-regular graphs are graphs whose vertices all have degree 2?,0,1,2,K,C,2-regular graphs are graphs whose vertices all have degree 2.,medium,web:Includehelp.com https://www.includehelp.com/mcq/discrete-mathematics-isomorphic-homeomorphic-regular-and-bipartite-graphs-mcqs.aspx,
Discrete Mathematics for CS,"Discrete Mathematics | Isomorphic, Homeomorphic, Regular and Bipartite Graphs Multiple-Cho",Graphs of degree ___ are complete graphs Kn?,n,n+1,n-1,n2,C,Graphs of degree n-1 are complete graphs Kn.,medium,web:Includehelp.com https://www.includehelp.com/mcq/discrete-mathematics-isomorphic-homeomorphic-regular-and-bipartite-graphs-mcqs.aspx,
Discrete Mathematics for CS,"Discrete Mathematics | Isomorphic, Homeomorphic, Regular and Bipartite Graphs Multiple-Cho","An edge of G that connects two vertices of V1 to vertices of V2 is said to be connected by a ____ graph G=(V, E)?",Isomorphic,Homeomorphic,Bipartite,Regular,C,"An edge of G that connects two vertices of V1 to vertices of V2 is said to be connected by a bipartite graph G=(V, E).",medium,web:Includehelp.com https://www.includehelp.com/mcq/discrete-mathematics-isomorphic-homeomorphic-regular-and-bipartite-graphs-mcqs.aspx,
Discrete Mathematics for CS,"Discrete Mathematics | Isomorphic, Homeomorphic, Regular and Bipartite Graphs Multiple-Cho","A bipartite graph is denoted by ___, where m is the number of vertices in V1, while n is the number of vertices in V2?",Kmn,Kn,Km,NMk,A,"A bipartite graph is denoted by Kmn, where m is the number of vertices in V1, while n is the number of vertices in V2.",medium,web:Includehelp.com https://www.includehelp.com/mcq/discrete-mathematics-isomorphic-homeomorphic-regular-and-bipartite-graphs-mcqs.aspx,
Discrete Mathematics for CS,"Discrete Mathematics | Isomorphic, Homeomorphic, Regular and Bipartite Graphs Multiple-Cho","If each vertex of V1 is connected to each vertex of V2, a graph G = (V, E) is considered a ____ graph?",Complete Bipartite,Incomplete Bipartite,Connected Bipartite,Disconnected Bipartite,A,"If each vertex of V1 is connected to each vertex of V2, a graph G = (V, E) is considered a complete bipartite graph.",medium,web:Includehelp.com https://www.includehelp.com/mcq/discrete-mathematics-isomorphic-homeomorphic-regular-and-bipartite-graphs-mcqs.aspx,
Discrete Mathematics for CS,"Discrete Mathematics | Isomorphic, Homeomorphic, Regular and Bipartite Graphs Multiple-Cho","As each of the m vertices is connected to each of the n vertices, a complete bipartite graph consists of ___ edges?",m+n,m-n,m.n,m/n,C,"As each of the m vertices is connected to each of the n vertices, a complete bipartite graph consists of m.n edges.",medium,web:Includehelp.com https://www.includehelp.com/mcq/discrete-mathematics-isomorphic-homeomorphic-regular-and-bipartite-graphs-mcqs.aspx,
Discrete Mathematics for CS,"Discrete Mathematics | Isomorphic, Homeomorphic, Regular and Bipartite Graphs Multiple-Cho",____ Paths contain every edge of a graph exactly once in their edge lists.?,Euler,Bipartite,Regular,Isomorphic,A,Euler Paths contain every edge of a graph exactly once in their edge lists.,medium,web:Includehelp.com https://www.includehelp.com/mcq/discrete-mathematics-isomorphic-homeomorphic-regular-and-bipartite-graphs-mcqs.aspx,
Discrete Mathematics for CS,"Discrete Mathematics | Isomorphic, Homeomorphic, Regular and Bipartite Graphs Multiple-Cho",Euler circuits go through graphs by repeatedly presenting the same initial vertex as the ____ vertex?,Initial,Terminal,Middle,Central,B,Euler circuits go through graphs by repeatedly presenting the same initial vertex as the terminal vertex.,medium,web:Includehelp.com https://www.includehelp.com/mcq/discrete-mathematics-isomorphic-homeomorphic-regular-and-bipartite-graphs-mcqs.aspx,
Discrete Mathematics for CS,"Discrete Mathematics | Isomorphic, Homeomorphic, Regular and Bipartite Graphs Multiple-Cho",Euler Graphs are graphs that contain Euler ____.,Points,Dots,Circuits,None,C,Euler Graphs are graphs that contain Euler Circuits.,medium,web:Includehelp.com https://www.includehelp.com/mcq/discrete-mathematics-isomorphic-homeomorphic-regular-and-bipartite-graphs-mcqs.aspx,
Discrete Mathematics for CS,"Discrete Mathematics | Isomorphic, Homeomorphic, Regular and Bipartite Graphs Multiple-Cho","Vertices may be repeated in an Euler Circuit, but edges are used exactly ____?",Once,Twice,Thrice,None,A,"Vertices may be repeated in an Euler Circuit, but edges are used exactly once.",medium,web:Includehelp.com https://www.includehelp.com/mcq/discrete-mathematics-isomorphic-homeomorphic-regular-and-bipartite-graphs-mcqs.aspx,
Discrete Mathematics for CS,"Discrete Mathematics | Isomorphic, Homeomorphic, Regular and Bipartite Graphs Multiple-Cho","For a graph with no ___-degree vertices, we can produce an Euler Circuit?",Odd,Even,Same,Different,A,"For a graph with no odd-degree vertices, we can produce an Euler Circuit.",medium,web:Includehelp.com https://www.includehelp.com/mcq/discrete-mathematics-isomorphic-homeomorphic-regular-and-bipartite-graphs-mcqs.aspx,
Discrete Mathematics for CS,Discrete Mathematics | Representation of Graphs Multiple-Choice Questions (MCQs),An _____ matrix are the two main ways to represent a graph G with a matrix?,Adjacency,Incidence,Both A and B,None of the above,C,An adjacency matrix and an incidence matrix are the two main ways to represent a graph G with a matrix.,medium,web:Includehelp.com https://www.includehelp.com/mcq/discrete-mathematics-representation-of-graphs-mcqs.aspx,
Discrete Mathematics for CS,Discrete Mathematics | Representation of Graphs Multiple-Choice Questions (MCQs),aij = _ when a row and a column have an edge between vertex vi and vj?,0,1,2,3,B,aij = 1 when a row and a column have an edge between vertex vi and vj.,medium,web:Includehelp.com https://www.includehelp.com/mcq/discrete-mathematics-representation-of-graphs-mcqs.aspx,
Discrete Mathematics for CS,Discrete Mathematics | Representation of Graphs Multiple-Choice Questions (MCQs),"When vertex vi and vj do not have edges, aij is equal to ___?",Zero,One,Two,Three,A,"When vertex vi and vj do not have edges, aij is equal to Zero.",medium,web:Includehelp.com https://www.includehelp.com/mcq/discrete-mathematics-representation-of-graphs-mcqs.aspx,
Discrete Mathematics for CS,Discrete Mathematics | Representation of Graphs Multiple-Choice Questions (MCQs),"In the incident matrix, a ___ corresponds to each vertex and a ____ corresponds to each edge?","Row, Column","Column, Row","Row, Row","Column, Column",A,"In the incident matrix, a row corresponds to each vertex and a column corresponds to each edge.",medium,web:Includehelp.com https://www.includehelp.com/mcq/discrete-mathematics-representation-of-graphs-mcqs.aspx,
Discrete Mathematics for CS,Discrete Mathematics | Representation of Graphs Multiple-Choice Questions (MCQs),Undirected graphs (without loops) have an incidence matrix equal to the ___?,Degree multiplication of every vertex,Degree sum of every vertex,Degree multiplication of every edge,Degree sum of every edge,B,Undirected graphs (without loops) have an incidence matrix equal to the degree sum of every vertex.,medium,web:Includehelp.com https://www.includehelp.com/mcq/discrete-mathematics-representation-of-graphs-mcqs.aspx,
Discrete Mathematics for CS,Discrete Mathematics | Representation of Graphs Multiple-Choice Questions (MCQs),Adjacency matrices of directed graphs contain the same number of ones as ___?,Vertex,Matrix,Edge,Label,C,Adjacency matrices of directed graphs contain the same number of ones as edges.,medium,web:Includehelp.com https://www.includehelp.com/mcq/discrete-mathematics-representation-of-graphs-mcqs.aspx,
Discrete Mathematics for CS,Discrete Mathematics | Representation of Graphs Multiple-Choice Questions (MCQs),"In the case where vertex vi and vertex vj have one or more edges, then aij=_, where _ = number of edges between vi and vj?",0,1,2,N,D,"In the case where vertex vi and vertex vj have one or more edges, then aij=N, where N = number of edges between vi and vj.",medium,web:Includehelp.com https://www.includehelp.com/mcq/discrete-mathematics-representation-of-graphs-mcqs.aspx,
Discrete Mathematics for CS,Discrete Mathematics | Planar and Non-Planar Graphs Multiple-Choice Questions (MCQs),There is a region in a plane that cannot be subdivided further because it is bounded by __?,Vertices,Edges,Endpoints,None,B,There is a region in a plane that cannot be subdivided further because it is bounded by ____.,medium,web:Includehelp.com https://www.includehelp.com/mcq/discrete-mathematics-planar-and-non-planar-graphs-mcqs.aspx,
Discrete Mathematics for CS,Discrete Mathematics | Planar and Non-Planar Graphs Multiple-Choice Questions (MCQs),There are ____ regions in a planar graph?,One or more,Two or more,Three or more,Four or more,A,There are one or more regions in a planar graph.,medium,web:Includehelp.com https://www.includehelp.com/mcq/discrete-mathematics-planar-and-non-planar-graphs-mcqs.aspx,
Discrete Mathematics for CS,Discrete Mathematics | Planar and Non-Planar Graphs Multiple-Choice Questions (MCQs),There will be _____ region in the planar graph?,An Infinite,No Infinite,No Plane,Plane,A,There will be an infinite region in the planar graph.,medium,web:Includehelp.com https://www.includehelp.com/mcq/discrete-mathematics-planar-and-non-planar-graphs-mcqs.aspx,
Discrete Mathematics for CS,Discrete Mathematics | Planar and Non-Planar Graphs Multiple-Choice Questions (MCQs),Infinite regions are those in which the area is ____?,Finite,Infinite,Zero,One,B,Infinite regions are those in which the area is infinite.,medium,web:Includehelp.com https://www.includehelp.com/mcq/discrete-mathematics-planar-and-non-planar-graphs-mcqs.aspx,
Discrete Mathematics for CS,Discrete Mathematics | Planar and Non-Planar Graphs Multiple-Choice Questions (MCQs),There is only ___ infinite region in a planar graph?,One,Two,Five,Ten,A,There is only one infinite region in a planar graph.,medium,web:Includehelp.com https://www.includehelp.com/mcq/discrete-mathematics-planar-and-non-planar-graphs-mcqs.aspx,
Discrete Mathematics for CS,Discrete Mathematics | Planar and Non-Planar Graphs Multiple-Choice Questions (MCQs),"For a ____ planar graph G, if every edge has 2/3 of its region, then r ≤ ⅔ e?",Bipartite planar graph,Complete planar graph,Connected planar graph,Disconnected planar graph,C,"For a connected planar graph G, if every edge has 2/3 of its region, then r ≤ ⅔ e.",medium,web:Includehelp.com https://www.includehelp.com/mcq/discrete-mathematics-planar-and-non-planar-graphs-mcqs.aspx,
Discrete Mathematics for CS,Discrete Mathematics | Planar and Non-Planar Graphs Multiple-Choice Questions (MCQs),"Connected planar graph G, whose edges are e, whose vertices are v, and whose regions are r, then v-e+r is equal to _?",1,2,3,0,B,"G, whose edges are e, whose vertices are v, and whose regions are r, then v-e+r is equal to 2.",medium,web:Includehelp.com https://www.includehelp.com/mcq/discrete-mathematics-planar-and-non-planar-graphs-mcqs.aspx,
Discrete Mathematics for CS,Discrete Mathematics | Planar and Non-Planar Graphs Multiple-Choice Questions (MCQs),A connected planar graph G with e edges and v vertex points has ___ edges?,3v-e≥6,3v-e≤6,3v+e≥6,3v+e≤6,A,A connected planar graph G with e edges and v vertex points has 3v-e≥6 edges.,medium,web:Includehelp.com https://www.includehelp.com/mcq/discrete-mathematics-planar-and-non-planar-graphs-mcqs.aspx,
Discrete Mathematics for CS,Discrete Mathematics | Planar and Non-Planar Graphs Multiple-Choice Questions (MCQs),"In a complete graph Kn, ___ is the only condition for the graph to be planar?",n≥5,n>5,n<5,N≤5,C,"In a complete graph Kn, n<5 is the only condition for the graph to be planar.",medium,web:Includehelp.com https://www.includehelp.com/mcq/discrete-mathematics-planar-and-non-planar-graphs-mcqs.aspx,
Discrete Mathematics for CS,Discrete Mathematics | Planar and Non-Planar Graphs Multiple-Choice Questions (MCQs),Planarity is only achieved if ____ for a complete bipartite graph Kmn?,m<3,n>3,Both A and B,None of the above,C,Planarity is only achieved if m<3 or n>3 for a complete bipartite graph Kmn,medium,web:Includehelp.com https://www.includehelp.com/mcq/discrete-mathematics-planar-and-non-planar-graphs-mcqs.aspx,
Discrete Mathematics for CS,Discrete Mathematics | Planar and Non-Planar Graphs Multiple-Choice Questions (MCQs),"When no edge crosses over another, a graph is ____?",Planar,Non-planar,Non-circular,None,B,"When no edge crosses over another, a graph is non-planar.",medium,web:Includehelp.com https://www.includehelp.com/mcq/discrete-mathematics-planar-and-non-planar-graphs-mcqs.aspx,
Discrete Mathematics for CS,Discrete Mathematics | Planar and Non-Planar Graphs Multiple-Choice Questions (MCQs),"In order for a graph to be non-planar, it must contain a subgraph that is ___ to K5 or K3,3?",Isomorphic,Homeomorphic,Isolated,Bipartite,B,"In order for a graph to be non-planar, it must contain a subgraph that is homeomorphic to K5 or K3,3",medium,web:Includehelp.com https://www.includehelp.com/mcq/discrete-mathematics-planar-and-non-planar-graphs-mcqs.aspx,
Discrete Mathematics for CS,Discrete Mathematics | Planar and Non-Planar Graphs Multiple-Choice Questions (MCQs),"In a graph with no multiple edges, a vertex coloring is the assignment of colors to vertices in a way that different colors are assigned to ___ vertices?",Adjacent,Complement,Supplement,Vertical,A,"In a graph with no multiple edges, a vertex coloring is the assignment of colors to vertices in a way that different colors are assigned to adjacent vertices.",medium,web:Includehelp.com https://www.includehelp.com/mcq/discrete-mathematics-planar-and-non-planar-graphs-mcqs.aspx,
Discrete Mathematics for CS,Discrete Mathematics | Planar and Non-Planar Graphs Multiple-Choice Questions (MCQs),An M-Colorable graph G is one that can be colored with ____?,M,N,O,P,A,An M-Colorable graph G is one that can be colored with M-Colors.,medium,web:Includehelp.com https://www.includehelp.com/mcq/discrete-mathematics-planar-and-non-planar-graphs-mcqs.aspx,
Discrete Mathematics for CS,Discrete Mathematics | Planar and Non-Planar Graphs Multiple-Choice Questions (MCQs),"A coloring is considered proper when two adjacent vertices u and v are colored ____; otherwise, it is described as improper?",Similar,Differently,Same,Partially same,B,"A coloring is considered proper when two adjacent vertices u and v are colored differently; otherwise, it is described as improper.",medium,web:Includehelp.com https://www.includehelp.com/mcq/discrete-mathematics-planar-and-non-planar-graphs-mcqs.aspx,
Discrete Mathematics for CS,Discrete Mathematics | Planar and Non-Planar Graphs Multiple-Choice Questions (MCQs),A graph G's chromatic number is the ____ number of colors it needs to be properly colored?,Minimum,Maximum,Average,Medium,A,A graph G's chromatic number is the minimum number of colors it needs to be properly colored.,medium,web:Includehelp.com https://www.includehelp.com/mcq/discrete-mathematics-planar-and-non-planar-graphs-mcqs.aspx,
Discrete Mathematics for CS,Discrete Mathematics | Planar and Non-Planar Graphs Multiple-Choice Questions (MCQs),Chromatic number of G is denoted by -?,G(x),x(G),G,Gx,B,"Chromatic number of G is denoted by x(G),",medium,web:Includehelp.com https://www.includehelp.com/mcq/discrete-mathematics-planar-and-non-planar-graphs-mcqs.aspx,
Discrete Mathematics for CS,Discrete Mathematics | Planar and Non-Planar Graphs Multiple-Choice Questions (MCQs),Which of the following is/are an/the application(s) of graph coloring?,Bipartite Graph Checking,Register Allocation,Map Coloring,All of the above,D,"The following are the applications of graph coloring -
 Bipartite Graph Checking
 Register Allocation
 Map Coloring",medium,web:Includehelp.com https://www.includehelp.com/mcq/discrete-mathematics-planar-and-non-planar-graphs-mcqs.aspx,
Discrete Mathematics for CS,Discrete Mathematics | Planar and Non-Planar Graphs Multiple-Choice Questions (MCQs),"Based on the Handshaking Theorem, the sum of the degrees of all the vertices in a graph is equal to ___ times the number of edges?",One,Two,Three,Four,B,"Based on the Handshaking Theorem, the sum of the degrees of all the vertices in a graph is equal to two times the number of edges.",medium,web:Includehelp.com https://www.includehelp.com/mcq/discrete-mathematics-planar-and-non-planar-graphs-mcqs.aspx,
Discrete Mathematics for CS,Discrete Mathematics | Planar and Non-Planar Graphs Multiple-Choice Questions (MCQs),Mathematically handshaking theorem can be stated as -?,∑v∈Vdeg(2e)=v,∑v∈Vdeg(e)=2v,∑v∈Vdeg(2v)=e,∑v∈Vdeg(v)=2e,D,Mathematically handshaking theorem can be stated as ∑v∈Vdeg(v)=2e.,medium,web:Includehelp.com https://www.includehelp.com/mcq/discrete-mathematics-planar-and-non-planar-graphs-mcqs.aspx,
Discrete Mathematics for CS,Discrete Mathematics | Binary Operation Multiple-Choice Questions (MCQs),"Certainly, a binary operation (*) on A is expressed as ____?",*ab,ab*,ba*,a*b,D,"Certainly, a binary operation on A is expressed as a*b.",medium,web:Includehelp.com https://www.includehelp.com/mcq/discrete-mathematics-binary-operation-mcqs.aspx,
Discrete Mathematics for CS,Discrete Mathematics | Binary Operation Multiple-Choice Questions (MCQs),Symbol of binary operator is-?,*,+,-,All of the above,D,"Symbol of binary operator is *, +, -, ∨, ∧, etc.",medium,web:Includehelp.com https://www.includehelp.com/mcq/discrete-mathematics-binary-operation-mcqs.aspx,
Discrete Mathematics for CS,Discrete Mathematics | Binary Operation Multiple-Choice Questions (MCQs),"In a binary operation, the operator is placed ____the two operands to denote the value?",Before,Between,After,Specifically located,B,"In a binary operation, the operator is placed between the two operands to denote the value.",medium,web:Includehelp.com https://www.includehelp.com/mcq/discrete-mathematics-binary-operation-mcqs.aspx,
Discrete Mathematics for CS,Discrete Mathematics | Binary Operation Multiple-Choice Questions (MCQs),Which of the following is/are an/the example(s) of Binary Operation?,Natural numbers can be added as binary operations.,This operation is performed on a set of subsets of a Universal set in a binary manner.,"Natural numbers, integers, and complex numbers can be multiplied using a binary operation.",All of the above,D,"The examples of Binary Operation are-
 Natural numbers can be added as binary operations.
 This operation is performed on a set of subsets of a Universal set in a binary manner.
 Natural numbers, integers, and complex numbers can be multiplied using a binary operation.",medium,web:Includehelp.com https://www.includehelp.com/mcq/discrete-mathematics-binary-operation-mcqs.aspx,
Discrete Mathematics for CS,Discrete Mathematics | Binary Operation Multiple-Choice Questions (MCQs),"Unlike subtraction of integers, subtraction of ____numbers is not a binary operation, because it is possible for two natural numbers to be subtracted at the same time?",Whole,Real,Natural,Fraction,C,"Unlike subtraction of integers, subtraction of natural numbers is not a binary operation, because it is possible for two natural numbers to be subtracted at the same time.",medium,web:Includehelp.com https://www.includehelp.com/mcq/discrete-mathematics-binary-operation-mcqs.aspx,
Discrete Mathematics for CS,Discrete Mathematics | Binary Operation Multiple-Choice Questions (MCQs),The ____of subsets of a universal set is a binary operation?,Union,Intersection,Both A and B,None of the above,C,The union and interesection of subsets of a universal set is a binary operation.,medium,web:Includehelp.com https://www.includehelp.com/mcq/discrete-mathematics-binary-operation-mcqs.aspx,
Discrete Mathematics for CS,Discrete Mathematics | Binary Operation Multiple-Choice Questions (MCQs),"Consequently, f: AxAx...........A→A is called an _-ary operation?",1,2,Null,n,D,"Consequently, f: AxAx...........A→A is called an n-ary operation.",medium,web:Includehelp.com https://www.includehelp.com/mcq/discrete-mathematics-binary-operation-mcqs.aspx,
Discrete Mathematics for CS,Discrete Mathematics | Trees Introduction Multiple-Choice Questions (MCQs),Trees are ____?,Acyclic graphs,Graphs without cycles,Both A and B,None of the above,C,"Trees are acyclic graphs, or graphs without cycles.",medium,web:Includehelp.com https://www.includehelp.com/mcq/discrete-mathematics-trees-introduction-mcqs.aspx,
Discrete Mathematics for CS,Discrete Mathematics | Trees Introduction Multiple-Choice Questions (MCQs),"The definition of a tree or general tree is a non-empty finite set of vertices or nodes with the property that each node can have a minimum degree of _, and a maximum degree of _?","1, N","N, 1","1, Infinite","N, Infinite",A,"The definition of a tree or general tree is a non-empty finite set of vertices or nodes with the property that each node can have a minimum degree of 1, and a maximum degree of N.",medium,web:Includehelp.com https://www.includehelp.com/mcq/discrete-mathematics-trees-introduction-mcqs.aspx,
Discrete Mathematics for CS,Discrete Mathematics | Trees Introduction Multiple-Choice Questions (MCQs),"As long as the root of the tree is in the first subset and the remaining n subsets contain the elements of the n subtrees, then it can be partitioned into ___ disjoint subsets?",n,n+1,n-1,n--,B,"As long as the root of the tree is in the first subset and the remaining n subsets contain the elements of the n subtrees, then it can be partitioned into n+1 disjoint subsets.",medium,web:Includehelp.com https://www.includehelp.com/mcq/discrete-mathematics-trees-introduction-mcqs.aspx,
Discrete Mathematics for CS,Discrete Mathematics | Trees Introduction Multiple-Choice Questions (MCQs),Directed trees are ____?,Acyclic graphs,Acyclic Undirected graphs,Acyclic Directed graphs,None of the above,C,Directed trees are acyclic directed graphs.,medium,web:Includehelp.com https://www.includehelp.com/mcq/discrete-mathematics-trees-introduction-mcqs.aspx,
Discrete Mathematics for CS,Discrete Mathematics | Trees Introduction Multiple-Choice Questions (MCQs),Directed trees call the nodes with outdegree 0 ____?,External node,Terminal node,Leaf,All of the above,D,"Directed trees call the nodes with outdegree 0 external nodes or terminal nodes, or leaves.",medium,web:Includehelp.com https://www.includehelp.com/mcq/discrete-mathematics-trees-introduction-mcqs.aspx,
Discrete Mathematics for CS,Discrete Mathematics | Trees Introduction Multiple-Choice Questions (MCQs),A node with an outdegree greater than or equal to one is considered an ____ node?,Outer,Internal,External,Terminal,B,A node with an outdegree greater than or equal to one is considered an internal node.,medium,web:Includehelp.com https://www.includehelp.com/mcq/discrete-mathematics-trees-introduction-mcqs.aspx,
Discrete Mathematics for CS,Discrete Mathematics | Trees Introduction Multiple-Choice Questions (MCQs),"Whenever there is an ordering at each level of a tree, it is called an ____ tree?",Ordered,Unordered,Disordered,None,A,"Whenever there is an ordering at each level of a tree, it is called an ordered tree.",medium,web:Includehelp.com https://www.includehelp.com/mcq/discrete-mathematics-trees-introduction-mcqs.aspx,
Discrete Mathematics for CS,Discrete Mathematics | Trees Introduction Multiple-Choice Questions (MCQs),What is/are the property/ies of trees?,Every pair of vertices in a tree has a single path between them.,Trees are graphs whose vertices are connected to each other only by one path.,There are n-1 edges in a tree T with n vertices.,All of the above,D,"The properties of tress are-
 Every pair of vertices in a tree has a single path between them.
 Trees are graphs whose vertices are connected to each other only by one path.
 There are n-1 edges in a tree T with n vertices.",medium,web:Includehelp.com https://www.includehelp.com/mcq/discrete-mathematics-trees-introduction-mcqs.aspx,
Discrete Mathematics for CS,Discrete Mathematics | Trees Introduction Multiple-Choice Questions (MCQs),"Trees that have one root node or vertex with incoming degrees of 0, and all other vertices with incoming degrees of 1, are called ____ trees?",Internal,Rooted,Non-rooted,External,B,"Trees that have one root node or vertex with incoming degrees of 0, and all other vertices with incoming degrees of 1, are called rooted trees.",medium,web:Includehelp.com https://www.includehelp.com/mcq/discrete-mathematics-trees-introduction-mcqs.aspx,
Discrete Mathematics for CS,Discrete Mathematics | Trees Introduction Multiple-Choice Questions (MCQs),Which of the following is a rooted tree?,Tree with no nodes,A single node with no children,Both A and B,None of the above,C,"Following are the rooted trees -
 Tree with no nodes
 A single node with no children",medium,web:Includehelp.com https://www.includehelp.com/mcq/discrete-mathematics-trees-introduction-mcqs.aspx,
Discrete Mathematics for CS,Discrete Mathematics | Trees Introduction Multiple-Choice Questions (MCQs),Rooted tree with no nodes is also known as -?,Full tree,Empty tree,Filled tree,None of the above,B,Rooted tree with no nodes is also known as empty tree.,medium,web:Includehelp.com https://www.includehelp.com/mcq/discrete-mathematics-trees-introduction-mcqs.aspx,
Discrete Mathematics for CS,Discrete Mathematics | Trees Introduction Multiple-Choice Questions (MCQs),Rooted trees define vertex path length as the number of ____ that connect the root and the vertex?,Vertex,Edges,Endpoints,Cutpoints,B,Rooted trees define vertex path length as the number of edges that connect the root and the vertex.,medium,web:Includehelp.com https://www.includehelp.com/mcq/discrete-mathematics-trees-introduction-mcqs.aspx,
Discrete Mathematics for CS,Discrete Mathematics | Binary Trees Multiple-Choice Questions (MCQs),A binary tree consisting only of ____ (empty tree) is also a binary tree?,Edges,Points,Nodes,Vertex,C,A binary tree consisting only of nodes (empty tree) is also a binary tree.,medium,web:Includehelp.com https://www.includehelp.com/mcq/discrete-mathematics-binary-trees-mcqs.aspx,
Discrete Mathematics for CS,Discrete Mathematics | Binary Trees Multiple-Choice Questions (MCQs),There is a unique node in a binary tree called its ____?,Parent,Left child,Right child,Root,D,There is a unique node in a binary tree called its root.,medium,web:Includehelp.com https://www.includehelp.com/mcq/discrete-mathematics-binary-trees-mcqs.aspx,
Discrete Mathematics for CS,Discrete Mathematics | Binary Trees Multiple-Choice Questions (MCQs),There is a node to the ____ of the root called its left child?,Left,Right,Center,None,A,There is a node to the left of the root called its left child.,medium,web:Includehelp.com https://www.includehelp.com/mcq/discrete-mathematics-binary-trees-mcqs.aspx,
Discrete Mathematics for CS,Discrete Mathematics | Binary Trees Multiple-Choice Questions (MCQs),Nodes that are ____ of a root are called its right children?,Center,Left,Right,None,C,Nodes that are right of a root are called its right children.,medium,web:Includehelp.com https://www.includehelp.com/mcq/discrete-mathematics-binary-trees-mcqs.aspx,
Discrete Mathematics for CS,Discrete Mathematics | Binary Trees Multiple-Choice Questions (MCQs),Nodes that have ____ are called their parents?,Left Children,Right Children,Both left and right children,All of the above,D,Nodes that have left or right children or both are called their parents.,medium,web:Includehelp.com https://www.includehelp.com/mcq/discrete-mathematics-binary-trees-mcqs.aspx,
Discrete Mathematics for CS,Discrete Mathematics | Binary Trees Multiple-Choice Questions (MCQs),It is called a sibling node when two nodes have the ____ parent?,Same,Different,Neighbour,None,A,It is called a sibling node when two nodes have the same parent.,medium,web:Includehelp.com https://www.includehelp.com/mcq/discrete-mathematics-binary-trees-mcqs.aspx,
Discrete Mathematics for CS,Discrete Mathematics | Binary Trees Multiple-Choice Questions (MCQs),It is called a leaf if it has __ children?,One,Two,Multiple,No,D,It is called a leaf if it has no children.,medium,web:Includehelp.com https://www.includehelp.com/mcq/discrete-mathematics-binary-trees-mcqs.aspx,
Discrete Mathematics for CS,Discrete Mathematics | Binary Trees Multiple-Choice Questions (MCQs),There can be as few as ____ leaf (minimum) or as many as half the number of vertices (maximum) in a binary tree?,Zero,One,Two,Three,B,There can be as few as one leaf (minimum) or as many as half the number of vertices (maximum) in a binary tree.,medium,web:Includehelp.com https://www.includehelp.com/mcq/discrete-mathematics-binary-trees-mcqs.aspx,
Discrete Mathematics for CS,Discrete Mathematics | Binary Trees Multiple-Choice Questions (MCQs),"When a node is the child of another node or a child of another descendant of another node, it is called a ____?",Ascendant,Descendant,Both A and B,None of the above,B,"When a node is the child of another node or a child of another descendant of another node, it is called a descendant.",medium,web:Includehelp.com https://www.includehelp.com/mcq/discrete-mathematics-binary-trees-mcqs.aspx,
Discrete Mathematics for CS,Discrete Mathematics | Binary Trees Multiple-Choice Questions (MCQs),"In a tree, all nodes are descendants of the ___?",Leaf,Root,Stem,Flower,B,"In a tree, all nodes are descendants of the root.",medium,web:Includehelp.com https://www.includehelp.com/mcq/discrete-mathematics-binary-trees-mcqs.aspx,
Discrete Mathematics for CS,Discrete Mathematics | Binary Trees Multiple-Choice Questions (MCQs),Left subtrees are those whose roots are the ___ children of a node?,Left,Right,Middle,None,A,Left subtrees are those whose roots are the left children of a node.,medium,web:Includehelp.com https://www.includehelp.com/mcq/discrete-mathematics-binary-trees-mcqs.aspx,
Discrete Mathematics for CS,Discrete Mathematics | Binary Trees Multiple-Choice Questions (MCQs),Right subtrees of nodes have their roots in the ____ child of that node?,Left,Right,Middle,None,B,Right subtrees of nodes have their roots in the right child of that node.,medium,web:Includehelp.com https://www.includehelp.com/mcq/discrete-mathematics-binary-trees-mcqs.aspx,
Discrete Mathematics for CS,Discrete Mathematics | Binary Trees Multiple-Choice Questions (MCQs),A node's ____ is determined by its distance from the root?,Depth,Level,Quantity,Quality,B,A node's level is determined by its distance from the root.,medium,web:Includehelp.com https://www.includehelp.com/mcq/discrete-mathematics-binary-trees-mcqs.aspx,
Discrete Mathematics for CS,Discrete Mathematics | Binary Trees Multiple-Choice Questions (MCQs),Root has a ____ level?,Zero,One,Two,Three,A,Root has a zero level.,medium,web:Includehelp.com https://www.includehelp.com/mcq/discrete-mathematics-binary-trees-mcqs.aspx,
Discrete Mathematics for CS,Discrete Mathematics | Binary Trees Multiple-Choice Questions (MCQs),Nodes beneath its parent have a level ____ than its own?,One Higher,Two Higher,Zero Higher,One Lower,A,Nodes beneath its parent have a level one higher than its own.,medium,web:Includehelp.com https://www.includehelp.com/mcq/discrete-mathematics-binary-trees-mcqs.aspx,
Discrete Mathematics for CS,Discrete Mathematics | Binary Trees Multiple-Choice Questions (MCQs),Any level N can have a maximum of ___ nodes?,N2,2N,2N-2,2N-1,B,Any level N can have a maximum of 2Nnodes.,medium,web:Includehelp.com https://www.includehelp.com/mcq/discrete-mathematics-binary-trees-mcqs.aspx,
Discrete Mathematics for CS,Discrete Mathematics | Binary Trees Multiple-Choice Questions (MCQs),An object's ____ refers to its maximum number of nodes in a branch?,Depth,Height,Both A and B,None of the above,C,An object's depth or height refers to its maximum number of nodes in a branch.,medium,web:Includehelp.com https://www.includehelp.com/mcq/discrete-mathematics-binary-trees-mcqs.aspx,
Discrete Mathematics for CS,Discrete Mathematics | Binary Trees Multiple-Choice Questions (MCQs),____ nodes are nodes without children?,External,Terminal,Both A and B,None of the above,C,External nodes or terminal nodes are nodes without children.,medium,web:Includehelp.com https://www.includehelp.com/mcq/discrete-mathematics-binary-trees-mcqs.aspx,
Discrete Mathematics for CS,Discrete Mathematics | Binary Trees Multiple-Choice Questions (MCQs),A node that has one or more children is called a/an ____?,Internal,Non-terminal,Both A and B,None of the above,C,A node that has one or more children is called an internal node or a non-terminal node.,medium,web:Includehelp.com https://www.includehelp.com/mcq/discrete-mathematics-binary-trees-mcqs.aspx,
Discrete Mathematics for CS,Discrete Mathematics | Binary Trees Multiple-Choice Questions (MCQs),"An ____ tree consists of a root containing the operator, a left subtree containing the left expression, and a right subtree containing the right expression?",Experience,Expression,Extravange,Attribute,B,"An expression tree consists of a root containing the operator, a left subtree containing the left expression, and a right subtree containing the right expression.",medium,web:Includehelp.com https://www.includehelp.com/mcq/discrete-mathematics-binary-trees-mcqs.aspx,
Discrete Mathematics for CS,Discrete Mathematics | Binary Trees Multiple-Choice Questions (MCQs),"Binary trees with the maximum number of possible nodes at every level, except perhaps the last, are considered ____?",Binary trees,Incomplete binary trees,Complete binary trees,Partially complete binary trees,C,"Binary trees with the maximum number of possible nodes at every level, except perhaps the last, are considered complete binary trees.",medium,web:Includehelp.com https://www.includehelp.com/mcq/discrete-mathematics-binary-trees-mcqs.aspx,
Discrete Mathematics for CS,Discrete Mathematics | Binary Trees Multiple-Choice Questions (MCQs),Binary trees with full leaves and two children for non-leaf nodes are called ___ binary trees?,Half,Full,Non-empty,Null,B,Binary trees with full leaves and two children for non-leaf nodes are called full binary trees.,medium,web:Includehelp.com https://www.includehelp.com/mcq/discrete-mathematics-binary-trees-mcqs.aspx,
Discrete Mathematics for CS,Discrete Mathematics | Binary Trees Multiple-Choice Questions (MCQs),Which of the following is TRUE about General Tree?,It is possible for the general tree to be empty.,There are two types of children for a node: left children and right children.,There is no distinction between a node that has children and a node that does not have children.,None of the above,C,There is no distinction between a node that has children and a node that does not have children.,medium,web:Includehelp.com https://www.includehelp.com/mcq/discrete-mathematics-binary-trees-mcqs.aspx,
Discrete Mathematics for CS,Discrete Mathematics | Binary Trees Multiple-Choice Questions (MCQs),Which of the following is TRUE about Binary Tree?,There is no distinction between a node that has children and a node that does not have children.,An empty binary tree or a tree with zero nodes does not exist.,It is possible for the binary tree to be empty.,There is only one type of children for a node: left children or right children.,C,It is possible for the binary tree to be empty.,medium,web:Includehelp.com https://www.includehelp.com/mcq/discrete-mathematics-binary-trees-mcqs.aspx,
Discrete Mathematics for CS,Discrete Mathematics | Binary Trees Traversal Multiple-Choice Questions (MCQs),Binary trees can be traversed using _____ standard methods?,Two,Three,Four,Five,B,Binary trees can be traversed using three standard methods.,medium,web:Includehelp.com https://www.includehelp.com/mcq/discrete-mathematics-binary-trees-traversal-mcqs.aspx,
Discrete Mathematics for CS,Discrete Mathematics | Binary Trees Traversal Multiple-Choice Questions (MCQs),What is/are the standard method(s) to traverse the binary trees?,Preoder Traversal,Postorder Traversal,Inorder Traversal,All of the above,D,"The standard methods to traverse the binary trees are -
 Preoder Traversal
 Postorder Traversal
 Inorder Traversal",medium,web:Includehelp.com https://www.includehelp.com/mcq/discrete-mathematics-binary-trees-traversal-mcqs.aspx,
Discrete Mathematics for CS,Discrete Mathematics | Binary Trees Traversal Multiple-Choice Questions (MCQs),Binary trees are traversed recursively in ____?,Preorder,Postorder,Inorder,All of the above,D,"Binary trees are traversed recursively in preorder, postorder and inorder.",medium,web:Includehelp.com https://www.includehelp.com/mcq/discrete-mathematics-binary-trees-traversal-mcqs.aspx,
Discrete Mathematics for CS,Discrete Mathematics | Binary Trees Traversal Multiple-Choice Questions (MCQs),There are following ways to traverse a tree in preorder -?,ii > i > iii,iii > ii > i,i > ii > iii,i > iii > ii,C,"The correct order to traverse a tree in preorder is -
 Visit the tree's root.
 Visit the preorder subtree on the left.
 Visit the postorder subtree on the right",medium,web:Includehelp.com https://www.includehelp.com/mcq/discrete-mathematics-binary-trees-traversal-mcqs.aspx,
Discrete Mathematics for CS,Discrete Mathematics | Binary Trees Traversal Multiple-Choice Questions (MCQs),There are following ways to traverse a tree in postorder -?,iii > ii > i,ii > iii > i,i > ii > iii,i > iii > ii,B,"The correct order to traverse a tree in postorder -
 Visit the tree's root.
 Visit the preorder subtree on the left.
 Visit the postorder subtree on the right",medium,web:Includehelp.com https://www.includehelp.com/mcq/discrete-mathematics-binary-trees-traversal-mcqs.aspx,
Discrete Mathematics for CS,Discrete Mathematics | Binary Trees Traversal Multiple-Choice Questions (MCQs),There are following ways to traverse a tree in inorder -?,iii > ii > i,ii > iii > i,i > ii > iii,ii > i > iii,D,"The correct order to traverse a tree in postorder -
 Visit the preorder subtree on the left.
 Visit the tree's root.
 Visit the postorder subtree on the right.",medium,web:Includehelp.com https://www.includehelp.com/mcq/discrete-mathematics-binary-trees-traversal-mcqs.aspx,
Discrete Mathematics for CS,Discrete Mathematics | Binary Search Trees Multiple-Choice Questions (MCQs),Binary search trees do not have to refer to nodes whose value immediately ____ and follows it?,Exceeds,Precedes,Changes,Adds,B,Binary search trees do not have to refer to nodes whose value immediately precedes and follows it.,medium,web:Includehelp.com https://www.includehelp.com/mcq/discrete-mathematics-binary-search-trees-mcqs.aspx,
Discrete Mathematics for CS,Discrete Mathematics | Binary Search Trees Multiple-Choice Questions (MCQs),Which of the following statement is TRUE to insert into a Binary Search Tree?,Identify the root node by comparing the ITEM with it.,"In the event that ITEM>ROOT NODE, move to the right child, which becomes the root node for the right subtree.","If ITEM<ROOT NODE is present, proceed to the left child.",All of the above,D,"The following statements are TRUE to insert into a bInary Search Tree -
 Identify the root node by comparing the ITEM with it.
 In the event that ITEM>ROOT NODE, move to the right child, which becomes the root node for the right subtree.
 If ITEM<ROOT NODE is present, proceed to the left child.",medium,web:Includehelp.com https://www.includehelp.com/mcq/discrete-mathematics-binary-search-trees-mcqs.aspx,
Discrete Mathematics for CS,Discrete Mathematics | Binary Search Trees Multiple-Choice Questions (MCQs),"The ITEM is inserted as the ____ child of the node if its value is greater than the node, and as the ____ child if its value is less than the node?","Right, Left","Left, Right","Right, Root","Root, Left",A,"The ITEM is inserted as the right child of the node if its value is greater than the node, and as the left child if its value is less than the node.",medium,web:Includehelp.com https://www.includehelp.com/mcq/discrete-mathematics-binary-search-trees-mcqs.aspx,
Discrete Mathematics for CS,Discrete Mathematics | Binary Search Trees Multiple-Choice Questions (MCQs),"Depending on the number of children of the deleted node, there are ____ ways to delete an ITEM from a binary search tree?",Two,Three,Four,Multiple,B,"Depending on the number of children of the deleted node, there are three ways to delete an ITEM from a binary search tree.",medium,web:Includehelp.com https://www.includehelp.com/mcq/discrete-mathematics-binary-search-trees-mcqs.aspx,
Discrete Mathematics for CS,Discrete Mathematics | Binary Search Trees Multiple-Choice Questions (MCQs),Which is the correct way to delete an ITEM from a binary search tree?,Deleted Node has no children,Deleted Node has Only one child,Deletion node has only two children,All of the above,D,"The correct way to delete an ITEM from a binary search tree is-
 Deleted Node has no children
 Deleted Node has Only one child
 Deletion node has only two children",medium,web:Includehelp.com https://www.includehelp.com/mcq/discrete-mathematics-binary-search-trees-mcqs.aspx,
Discrete Mathematics for CS,Discrete Mathematics | Binary Search Trees Multiple-Choice Questions (MCQs),"Nodes with no children can be deleted by replacing them with ___, which is very simple to do?",Nodes,Null,Endpoints,Edges,B,"Nodes with no children can be deleted by replacing them with null, which is very simple to do.",medium,web:Includehelp.com https://www.includehelp.com/mcq/discrete-mathematics-binary-search-trees-mcqs.aspx,
Discrete Mathematics for CS,Discrete Mathematics | Binary Search Trees Multiple-Choice Questions (MCQs),Replace the deleted node with the node whose value is ____to that of the deleted node if the deletion node only has two children?,Farthest,Behind,Closest,Infinite,C,Replace the deleted node with the node whose value is closest to that of the deleted node if the deletion node only has two children.,medium,web:Includehelp.com https://www.includehelp.com/mcq/discrete-mathematics-binary-search-trees-mcqs.aspx,
Discrete Mathematics for CS,Discrete Mathematics | Binary Search Trees Multiple-Choice Questions (MCQs),"Our goal is to find the nearest value, so we move left first, then right as far as possible. The node nearest to us is called the ____?",Farthest Predecessor,Nearest Predecessor,Closest Predecessor,Immediate Predecessor,D,"Our goal is to find the nearest value, so we move left first, then right as far as possible. The node nearest to us is called the immediate predecessor.",medium,web:Includehelp.com https://www.includehelp.com/mcq/discrete-mathematics-binary-search-trees-mcqs.aspx,
Discrete Mathematics for CS,Discrete Mathematics | Binary Search Trees Multiple-Choice Questions (MCQs),The ____element of the root node should be replaced with the root node to delete it?,Farthest,Infinite,Closest,None,C,The closest element of the root node should be replaced with the root node to delete it.,medium,web:Includehelp.com https://www.includehelp.com/mcq/discrete-mathematics-binary-search-trees-mcqs.aspx,
Discrete Mathematics for CS,Discrete Mathematics | Binary Operations Properties Multiple-Choice Questions (MCQs),"A non-empty set A and a binary operation * on A are closed under the operation *, if ___ ∈ A, where a and b are elements of A.",a*b,a+b,a-b,a/b,A,"A non-empty set A and a binary operation * on A are closed under the operation *, if a * b ∈ A, where a and b are elements of A.",medium,web:Includehelp.com https://www.includehelp.com/mcq/discrete-mathematics-binary-operations-properties-mcqs.aspx,
Discrete Mathematics for CS,Discrete Mathematics | Binary Operations Properties Multiple-Choice Questions (MCQs),"There is a non-empty set A, then a binary operation * on A is associative, if for every a, b, c, ∈ A, we have ____.",(a + b) * c = a* (b*c),(a * b) * c = a* (b*c),(a / b) * c = a* (b*c),(a = b) * c = a* (b*c),B,"There is a non-empty set A, then a binary operation * on A is associative, if for every a, b, c, ∈ A, we have (a * b) * c = a* (b*c).",medium,web:Includehelp.com https://www.includehelp.com/mcq/discrete-mathematics-binary-operations-properties-mcqs.aspx,
Discrete Mathematics for CS,Discrete Mathematics | Binary Operations Properties Multiple-Choice Questions (MCQs),"A non-empty set A gives rise to commutative binary operations, if for each a, b, ∈ A, we have ____.",a + b = b * a,a * b = b + a,a - b = b * a,a * b = b * a,D,"A non-empty set A gives rise to commutative binary operations, if for each a, b, ∈ A, we have a * b = b * a.",medium,web:Includehelp.com https://www.includehelp.com/mcq/discrete-mathematics-binary-operations-properties-mcqs.aspx,
Discrete Mathematics for CS,Discrete Mathematics | Binary Operations Properties Multiple-Choice Questions (MCQs),"If we have a non-empty set A, then we have an identity property when e exists in A, and ____ = a ∀ a ∈ A.",a * e (left identity) = e * a (left identity),a * e (right identity) = e * a (right identity),a * e (right identity) = e * a (left identity),e * e (right identity) = e * a (left identity),C,"If we have a non-empty set A, then we have an identity property when e exists in A, and a * e (right identity) = e * a (left identity) = a ∀ a ∈ A.",medium,web:Includehelp.com https://www.includehelp.com/mcq/discrete-mathematics-binary-operations-properties-mcqs.aspx,
Discrete Mathematics for CS,Discrete Mathematics | Binary Operations Properties Multiple-Choice Questions (MCQs),"The operation is the inverse property for a non-empty set A if ∃ an element b in A such that ____ = e, where b is called an inverse of a.",a * b (left inverse) = b * a (left inverse),a * b (right inverse) = b * a (right inverse),a * b (right inverse) = b * a (left inverse),a * b (right inverse) = e * a (left inverse),C,"The operation is the inverse property for a non-empty set A if ∃ an element b in A such that a * b (right inverse) = b * a (left inverse) = e, where b is called an inverse of a.",medium,web:Includehelp.com https://www.includehelp.com/mcq/discrete-mathematics-binary-operations-properties-mcqs.aspx,
Discrete Mathematics for CS,Discrete Mathematics | Binary Operations Properties Multiple-Choice Questions (MCQs),"There is a non-empty set A, then the operation * has the ____ property, if for each a ∈A, we have a * a = a ∀ a ∈A.",Identity,Idempotent,Individual,Instinctive,B,"There is a non-empty set A, then the operation * has the idempotent property, if for each a ∈A, we have a * a = a ∀ a ∈A.",medium,web:Includehelp.com https://www.includehelp.com/mcq/discrete-mathematics-binary-operations-properties-mcqs.aspx,
Discrete Mathematics for CS,Discrete Mathematics | Binary Operations Properties Multiple-Choice Questions (MCQs),"We are given a non-empty set A and we are given a binary operation * on A. Then the operation * distributes over +, assuming for each a, b, c ∈A, we have -",a * (b + c) = (a * b) + (a * c),(b + c) * a = (b * a) + (c * a),Both A and B,None of the above,C,"We are given a non-empty set A and we are given a binary operation * on A. Then the operation * distributes over +, assuming for each a, b, c ∈A, we have -
 a * (b + c) = (a * b) + (a * c)
 (b + c) * a = (b * a) + (c * a)",medium,web:Includehelp.com https://www.includehelp.com/mcq/discrete-mathematics-binary-operations-properties-mcqs.aspx,
Discrete Mathematics for CS,Discrete Mathematics | Binary Operations Properties Multiple-Choice Questions (MCQs),a * (b + c) = (a * b) + (a * c) is -,Distributivity,Left distributivity,Right distributivity,None of the above,B,a * (b + c) = (a * b) + (a * c) is left distributivity.,medium,web:Includehelp.com https://www.includehelp.com/mcq/discrete-mathematics-binary-operations-properties-mcqs.aspx,
Discrete Mathematics for CS,Discrete Mathematics | Binary Operations Properties Multiple-Choice Questions (MCQs),"We are given a non-empty set A and we are given a binary operation * on A, then the operation * has the cancellation property, if for every a, b, c ∈A, we have -",a * b = a * c ⇒ b = c,b * a = c * a ⇒ b = c,Both A and B,None of the above,C,"We are given a non-empty set A and we are given a binary operation * on A, then the operation * has the cancellation property, if for every a, b, c ∈A, we have -
 a * b = a * c ⇒ b = c
 b * a = c * a ⇒ b = c",medium,web:Includehelp.com https://www.includehelp.com/mcq/discrete-mathematics-binary-operations-properties-mcqs.aspx,
Discrete Mathematics for CS,Discrete Mathematics | Binary Operations Properties Multiple-Choice Questions (MCQs),b * a = c * a ⇒ b = c is -,Cancellation,Left Cancellation,Right Cancellation,None of the above,C,b * a = c * a ⇒ b = c is right cancellation.,medium,web:Includehelp.com https://www.includehelp.com/mcq/discrete-mathematics-binary-operations-properties-mcqs.aspx,
Discrete Mathematics for CS,Discrete Mathematics | Minimum Spanning Tree Multiple-Choice Questions (MCQs),"In a weighted graph G, each edge is assigned a nonnegative number called the ____ and all spanning trees T of G are assigned a total weight by adding the ____?",Edge Height,Edge Weight,Edge Length,Edge Width,B,"In a weighted graph G, each edge is assigned a nonnegative number called the edge weight, and all spanning trees T of G are assigned a total weight by adding the edge weights.",medium,web:Includehelp.com https://www.includehelp.com/mcq/discrete-mathematics-minimum-spanning-tree-mcqs.aspx,
Discrete Mathematics for CS,Discrete Mathematics | Minimum Spanning Tree Multiple-Choice Questions (MCQs),"In G, the minimum spanning tree is the tree with the ____ total weight?",Largest,Medium,Smallest,Average,C,"In G, the minimum spanning tree is the tree with the smallest total weight.",medium,web:Includehelp.com https://www.includehelp.com/mcq/discrete-mathematics-minimum-spanning-tree-mcqs.aspx,
Discrete Mathematics for CS,Discrete Mathematics | Minimum Spanning Tree Multiple-Choice Questions (MCQs),A connected weighted graph G is analyzed using ____ algorithm to find the minimum spanning tree T?,Kuskal,Kruskal,Krush,Kaiskhal,B,A connected weighted graph G is analyzed using Kruskal's algorithm to find the minimum spanning tree T.,medium,web:Includehelp.com https://www.includehelp.com/mcq/discrete-mathematics-minimum-spanning-tree-mcqs.aspx,
Discrete Mathematics for CS,Discrete Mathematics | Minimum Spanning Tree Multiple-Choice Questions (MCQs),Here are the steps performed in Kruskal's algorithm to find the minimum spanning tree?,i > ii > iii > iv,i > iii > ii > iv,i > iv > iii > ii,i > iii > iv > ii,D,"The correct order of steps performed in Kruskal's algorithm to find the minimum spanning tree is -
 We want to find the minimum spanning tree T of a connected weighted graph G with n vertices.
 The edges of the graph G should be ordered in increasing weight order.
 Include an edge in T when it is initialized with all vertices.
 In T, add the edges of each graph G that does not form a cycle until n-1 edges are added.",medium,web:Includehelp.com https://www.includehelp.com/mcq/discrete-mathematics-minimum-spanning-tree-mcqs.aspx,
Discrete Mathematics for CS,Discrete Mathematics | Dijkstra's Algorithm and Travelling Salesman Problem Multiple-Choic,"Graphs are represented by cost adjacency matrices, where cost represents edge ____?",Vertex,Point,Weight,None,C,"Graphs are represented by cost adjacency matrices, where cost represents edge weight.",medium,web:Includehelp.com https://www.includehelp.com/mcq/discrete-mathematics-dijkstras-algorithm-and-travelling-salesman-problem-mcqs.aspx,
Discrete Mathematics for CS,Discrete Mathematics | Dijkstra's Algorithm and Travelling Salesman Problem Multiple-Choic,The diagonal values of the graph's cost adjacency matrix are all ____?,Zero,One,Five,Infinite,D,The diagonal values of the graph's cost adjacency matrix are all zero.,medium,web:Includehelp.com https://www.includehelp.com/mcq/discrete-mathematics-dijkstras-algorithm-and-travelling-salesman-problem-mcqs.aspx,
Discrete Mathematics for CS,Discrete Mathematics | Dijkstra's Algorithm and Travelling Salesman Problem Multiple-Choic,Vertex Vs is represented by __ if no path exists between it and another vertex Vi?,∞+,-∞,+∞,∞-,C,Vertex Vs is represented by +∞ if no path exists between it and another vertex Vi.,medium,web:Includehelp.com https://www.includehelp.com/mcq/discrete-mathematics-dijkstras-algorithm-and-travelling-salesman-problem-mcqs.aspx,
Discrete Mathematics for CS,Discrete Mathematics | Dijkstra's Algorithm and Travelling Salesman Problem Multiple-Choic,All weights have been assumed ____ in this algorithm?,Real,Negative,Whole,Positive,D,All weights have been assumed positive in this algorithm.,medium,web:Includehelp.com https://www.includehelp.com/mcq/discrete-mathematics-dijkstras-algorithm-and-travelling-salesman-problem-mcqs.aspx,
Discrete Mathematics for CS,Discrete Mathematics | Dijkstra's Algorithm and Travelling Salesman Problem Multiple-Choic,Step-by-step process to get the shortest path from the source vertex to all the vertices is -?,"Sets have no vertex at the beginning. In S, include the source vertex Vs.",You need to determine all the paths from Vs to all the other vertices without passing through any other vertices.,Find the shortest paths through the nearest vertex in S to all the other vertices and update the values accordingly.,Graphs with n vertices should be repeated until all n-1 vertices are excluded from S.,B,"Step-by-step process to get the shortest path from the source vertex to all the vertices is-
 Sets have no vertex at the beginning. In S, include the source vertex Vs.
 You need to determine all the paths from Vs to all the other vertices without passing through any other vertices.
 Find the shortest paths through the nearest vertex in S to all the other vertices and update the values accordingly.
 Graphs with n vertices should be repeated until all n-1 vertices are excluded from S.",medium,web:Includehelp.com https://www.includehelp.com/mcq/discrete-mathematics-dijkstras-algorithm-and-travelling-salesman-problem-mcqs.aspx,
Discrete Mathematics for CS,Discrete Mathematics | Karnaugh Maps Multiple-Choice Questions (MCQs),"There are two variables called x, one for x and another for x', which are used to divide the area into ____ equal halves.",Two,Three,Four,Multiple,A,"There are two variables called x, one for x and another for x', which are used to divide the area into two equal halves.",medium,web:Includehelp.com https://www.includehelp.com/mcq/discrete-mathematics-karnaugh-maps-mcqs.aspx,
Discrete Mathematics for CS,Discrete Mathematics | Karnaugh Maps Multiple-Choice Questions (MCQs),A cell corresponding to an argument with the value 1 contains a ____ data point.,Single,Double,Triple,Multiple,A,A cell corresponding to an argument with the value 1 contains a single data point.,medium,web:Includehelp.com https://www.includehelp.com/mcq/discrete-mathematics-karnaugh-maps-mcqs.aspx,
Discrete Mathematics for CS,Discrete Mathematics | Karnaugh Maps Multiple-Choice Questions (MCQs),It is possible to simplify Boolean Functions with ____-maps.,K,L,M,N,A,It is possible to simplify Boolean Functions with k-maps.,medium,web:Includehelp.com https://www.includehelp.com/mcq/discrete-mathematics-karnaugh-maps-mcqs.aspx,
Discrete Mathematics for CS,Discrete Mathematics | Karnaugh Maps Multiple-Choice Questions (MCQs),Term combinations are made by placing ____ cells next to each other.,Adjacent,Complimentary,Supplementary,Nodes,A,Term combinations are made by placing adjacent cells next to each other.,medium,web:Includehelp.com https://www.includehelp.com/mcq/discrete-mathematics-karnaugh-maps-mcqs.aspx,
Discrete Mathematics for CS,Discrete Mathematics | Karnaugh Maps Multiple-Choice Questions (MCQs),"When only ____ variable differs between two cells, they are said to be adjacent.",Three,Two,One,Multiple,C,"When only one variable differs between two cells, they are said to be adjacent.",medium,web:Includehelp.com https://www.includehelp.com/mcq/discrete-mathematics-karnaugh-maps-mcqs.aspx,
Discrete Mathematics for CS,Discrete Mathematics | Karnaugh Maps Multiple-Choice Questions (MCQs),"One variable is the same in adjacent cells, while the other variable appears ____ in one and complemented in the other.",Complemented,Un-complemented,Both A and B,None of the above,B,"One variable is the same in adjacent cells, while the other variable appears un-complemented in one and complemented in the other.",medium,web:Includehelp.com https://www.includehelp.com/mcq/discrete-mathematics-karnaugh-maps-mcqs.aspx,
Discrete Mathematics for CS,Discrete Mathematics | Karnaugh Maps Multiple-Choice Questions (MCQs),Minimization of the SOP Form can be done in the following steps -,i > ii > iii > iv > v,i > ii > iv > ii > v,i > iv > ii > iii > v,i > v > ii > iii > iv,A,"Minimization of the SOP Form can be done in the following steps -
 Encircle the ones that cannot be combined with any others.
 Encircle the ones that can be grouped together only one way in groups of two.
 In groups of four adjacent ones, identify the ones which can be combined with three others and encircle them.
 Identify the eight adjacent ones that can be combined with seven others, in only one way, and encircle them.
 The remaining 2, 4, and 8 essential groups should be combined with each other or with other already encircled groups if there are any that have not been encircled.",medium,web:Includehelp.com https://www.includehelp.com/mcq/discrete-mathematics-karnaugh-maps-mcqs.aspx,
Discrete Mathematics for CS,Discrete Mathematics | Karnaugh Maps Multiple-Choice Questions (MCQs),"Minimizing such functions can be achieved by converting them into standard forms such as ____, then making the k-map and obtaining the minimized function.",SOP,POS,Both A and B,None of the above,C,"Minimizing such functions can be achieved by converting them into standard forms such as SOP or POS, then making the k-map and obtaining the minimized function.",medium,web:Includehelp.com https://www.includehelp.com/mcq/discrete-mathematics-karnaugh-maps-mcqs.aspx,
Discrete Mathematics for CS,Discrete Mathematics | Karnaugh Maps Multiple-Choice Questions (MCQs),Algorithm to prepare the K-map -,ii > i > iv > iii,i > ii > iii > iv,i > iv > ii > iii,i > ii > iv > iii,D,,medium,web:Includehelp.com https://www.includehelp.com/mcq/discrete-mathematics-karnaugh-maps-mcqs.aspx,
Discrete Mathematics for CS,Discrete Mathematics | Group Multiple-Choice Questions (MCQs),"Consider G a non-void set where every pair of ordered elements of G will have an element of G denoted by a * b. If the following property/ies are true, then we can say that G is a binary group -",Associativity,Identity,Inverse,All of the above,D,"Consider G a non-void set where every pair of ordered elements of G will have an element of G denoted by a * b. If the following property/ies are true, then we can say that G is a binary group -
 Associativity
 Identity
 Inverse",medium,web:Includehelp.com https://www.includehelp.com/mcq/discrete-mathematics-group-mcqs.aspx,
Discrete Mathematics for CS,Discrete Mathematics | Group Multiple-Choice Questions (MCQs),Associative property on binary operation * states that -,"a*(b*c)=(a*b)*c, ∀ a,b,c ∈ G","a*e=e*a=a, ∀ a ∈ G","a*b=b*a=e, ∀ a, b ∈ G",None,A,"Associative property on binary operation * states that a*(b*c)=(a*b)*c, ∀ a,b,c ∈ G.",medium,web:Includehelp.com https://www.includehelp.com/mcq/discrete-mathematics-group-mcqs.aspx,
Discrete Mathematics for CS,Discrete Mathematics | Group Multiple-Choice Questions (MCQs),Identity property on binary operation * states that -,"a*(b*c)=(a*b)*c, ∀ a,b,c ∈ G","a*e=e*a=a, ∀ a ∈ G","a*b=b*a=e, ∀ a, b ∈ G",None,B,"Identity property on binary operation * states that a*e=e*a=a, ∀ a ∈ G.",medium,web:Includehelp.com https://www.includehelp.com/mcq/discrete-mathematics-group-mcqs.aspx,
Discrete Mathematics for CS,Discrete Mathematics | Group Multiple-Choice Questions (MCQs),Inverse property on binary operation * states that -,"a*(b*c)=(a*b)*c, ∀ a,b,c ∈ G","a*e=e*a=a, ∀ a ∈ G","a*b=b*a=e, ∀ a, b ∈ G",None,C,"Inverse property on binary operation * states that a*b=b*a=e, ∀ a, b ∈ G.",medium,web:Includehelp.com https://www.includehelp.com/mcq/discrete-mathematics-group-mcqs.aspx,
Discrete Mathematics for CS,Discrete Mathematics | Group Multiple-Choice Questions (MCQs),The group is called abelian if it has the property of ____law.,Associative,Identity,Inverse,Commutative,D,The group is called abelian if it has the property of commutative law.,medium,web:Includehelp.com https://www.includehelp.com/mcq/discrete-mathematics-group-mcqs.aspx,
Discrete Mathematics for CS,Discrete Mathematics | Group Multiple-Choice Questions (MCQs),___ identity element exists in a Group G (unique identity).,One,Two,Three,Four,A,One identity element exists in a Group G (unique identity).,medium,web:Includehelp.com https://www.includehelp.com/mcq/discrete-mathematics-group-mcqs.aspx,
Discrete Mathematics for CS,Discrete Mathematics | Group Multiple-Choice Questions (MCQs),"If a is unique in a group G, then b is unique in G so that ____ (uniqueness if inverses).",ab = ba,ab = e,ba = e,ab = ba = e,D,"If a is unique in a group G, then b is unique in G so that ab = ba = e (uniqueness if inverses).",medium,web:Includehelp.com https://www.includehelp.com/mcq/discrete-mathematics-group-mcqs.aspx,
Discrete Mathematics for CS,Discrete Mathematics | Group Multiple-Choice Questions (MCQs),"The Group G is defined as ____,∀ a∈ G.",(a-1)=a,(a)-1=a,(a-1)-1=a,(a-1-1)-1=a,C,"The Group G is defined as (a-1)-1=a,∀ a∈ G.",medium,web:Includehelp.com https://www.includehelp.com/mcq/discrete-mathematics-group-mcqs.aspx,
Discrete Mathematics for CS,Discrete Mathematics | Group Multiple-Choice Questions (MCQs),"As part of Group G, ____,∀ a,b∈ G.",(a b)=b-1a-1,(a b-1)=ba-1,(a b-1)=b-1a,(a b-1)=b-1a-1,C,"As part of Group G, (a b-1)=b-1a-1,∀ a,b∈ G.",medium,web:Includehelp.com https://www.includehelp.com/mcq/discrete-mathematics-group-mcqs.aspx,
Discrete Mathematics for CS,Discrete Mathematics | Group Multiple-Choice Questions (MCQs),"It follows that the left and right cancellation laws apply to group G, which means -",ab = ac implies b=c,ba=ca implies b=c,Both A and B,None of the above,C,"It follows that the left and right cancellation laws apply to group G, which means -
 ab = ac implies b=c
 ba=ca implies b=c",medium,web:Includehelp.com https://www.includehelp.com/mcq/discrete-mathematics-group-mcqs.aspx,
Discrete Mathematics for CS,Discrete Mathematics | Group Multiple-Choice Questions (MCQs),____ groups are those for which the set G is ____.,"Finite, finite","Infinite, infinite",Both A and B,None of the above,C,"Finite groups are those for which the set G is finite.
 Infinite groups are those for which the set G is infinite.",medium,web:Includehelp.com https://www.includehelp.com/mcq/discrete-mathematics-group-mcqs.aspx,
Discrete Mathematics for CS,Discrete Mathematics | Group Multiple-Choice Questions (MCQs),Counting the elements in the group G determines the ____ of the group.,Number,Elements,Order,Pair,C,Counting the elements in the group G determines the order of the group.,medium,web:Includehelp.com https://www.includehelp.com/mcq/discrete-mathematics-group-mcqs.aspx,
Discrete Mathematics for CS,Discrete Mathematics | Group Multiple-Choice Questions (MCQs),Order of group G is denoted by -,<G>,|G|,G,*G,C,Order of group G is denoted by |G|.,medium,web:Includehelp.com https://www.includehelp.com/mcq/discrete-mathematics-group-mcqs.aspx,
Discrete Mathematics for CS,Discrete Mathematics | Group Multiple-Choice Questions (MCQs),"There is only one identity element in an order _ group, i.e., ({e} *).",1,2,3,4,A,"There is only one identity element in an order 1 group, i.e., ({e} *).",medium,web:Includehelp.com https://www.includehelp.com/mcq/discrete-mathematics-group-mcqs.aspx,
Discrete Mathematics for CS,Discrete Mathematics | Group Multiple-Choice Questions (MCQs),"There are two elements in a group of order 2, namely, ____.","Identity, Other","Identity, Identity","Inverse, Inverse","Associative, Inverse",A,"There are two elements in a group of order 2, namely, one identity element and one other element.",medium,web:Includehelp.com https://www.includehelp.com/mcq/discrete-mathematics-group-mcqs.aspx,
Discrete Mathematics for CS,Discrete Mathematics | Group Multiple-Choice Questions (MCQs),"Three elements make up order 3, namely an ____ element and two ___ elements.","Identity, Identity","Inverse, Associative","Associative, Identity","Identity, Other",D,"Three elements make up order 3, namely an identity element and two other elements.",medium,web:Includehelp.com https://www.includehelp.com/mcq/discrete-mathematics-group-mcqs.aspx,
Discrete Mathematics for CS,Discrete Mathematics | Subgroup Multiple-Choice Questions (MCQs),Subsets of groups G are subgroups of G if:,An identity element is a∈ H.,"The operation of G closes H, meaning that if a, b∈ H, then a, b∈ H","Inverses of H have closed forms, i.e., if a∈ H then a-1∈ H.",All of the above,B,"Subsets of groups G are subgroups of G if:
 An identity element is a∈ H.
 The operation of G closes H, meaning that if a, b∈ H, then a, b∈ H
 Inverses of H have closed forms, i.e., if a∈ H then a-1∈ H.",medium,web:Includehelp.com https://www.includehelp.com/mcq/discrete-mathematics-subgroup-mcqs.aspx,
Discrete Mathematics for CS,Discrete Mathematics | Subgroup Multiple-Choice Questions (MCQs),Subgroups K of a group G are said to be ____ subgroups if every element of K can be expressed in the form xn for some n ∈Z.,Oval,Cyclic,Spherical,Centric,B,Subgroups K of a group G are said to be cyclic subgroups if every element of K can be expressed in the form xn for some n ∈Z.,medium,web:Includehelp.com https://www.includehelp.com/mcq/discrete-mathematics-subgroup-mcqs.aspx,
Discrete Mathematics for CS,Discrete Mathematics | Subgroup Multiple-Choice Questions (MCQs),"x is the _____ of group G's subgroup K, and K= <x>.",Function,Query,Generator,Supergroup,C,"x is the generator of group G's subgroup K, and K= <x>.",medium,web:Includehelp.com https://www.includehelp.com/mcq/discrete-mathematics-subgroup-mcqs.aspx,
Discrete Mathematics for CS,Discrete Mathematics | Subgroup Multiple-Choice Questions (MCQs),"We say that G is cyclic if ____, and x is its generator.",G ≠ x,G = x,G != x,G == x,B,"We say that G is cyclic if G = x, and x is its generator.",medium,web:Includehelp.com https://www.includehelp.com/mcq/discrete-mathematics-subgroup-mcqs.aspx,
Discrete Mathematics for CS,Discrete Mathematics | Subgroup Multiple-Choice Questions (MCQs),"Suppose we have an algebraic system (G,*), where * is a binary operation on G. An abelian group is one which satisfies all of the group's properties plus the ____ property of the group's operation.",Closed,Associative,Identity,All of the above,C,"Suppose we have an algebraic system (G,*), where * is a binary operation on G. An abelian group is one which satisfies all of the group's properties plus the closed, associative, identity, inverse and commutative property of the group's operation.",medium,web:Includehelp.com https://www.includehelp.com/mcq/discrete-mathematics-subgroup-mcqs.aspx,
Discrete Mathematics for CS,Discrete Mathematics | Subgroup Multiple-Choice Questions (MCQs),Let G be a group and H a subgroup. It is possible to express the elements of a left coset of H in G as xH={ __ | h ∈ H } for any x∈ G.,xh,hx,xxh,hhx,A,Let G be a group and H a subgroup. It is possible to express the elements of a left coset of H in G as xH={ xh | h ∈ H } for any x∈ G.,medium,web:Includehelp.com https://www.includehelp.com/mcq/discrete-mathematics-subgroup-mcqs.aspx,
Discrete Mathematics for CS,Discrete Mathematics | Subgroup Multiple-Choice Questions (MCQs),"A right coset of H in G is a subset with radius Hx = {__ | h ∈H }, for any x∈G.",xh,hx,xxh,hhx,B,"A right coset of H in G is a subset with radius Hx = {hx | h ∈H }, for any x∈G.",medium,web:Includehelp.com https://www.includehelp.com/mcq/discrete-mathematics-subgroup-mcqs.aspx,
Discrete Mathematics for CS,Discrete Mathematics | Subgroup Multiple-Choice Questions (MCQs),A ____ coset and a ____ coset are respectively called complexes xH and Hx.,"Left, right","Right, Left","Left, left","Right, right",A,A left coset and a right coset are respectively called complexes xH and Hx.,medium,web:Includehelp.com https://www.includehelp.com/mcq/discrete-mathematics-subgroup-mcqs.aspx,
Discrete Mathematics for CS,Discrete Mathematics | Subgroup Multiple-Choice Questions (MCQs),"If the group operation is additive (+), then _____ = {x+h | h ∈H} denotes a left coset.",x + H,H + x,Both A and B,None of the above,A,"If the group operation is additive (+), then x + H = {x+h | h ∈H} denotes a left coset.",medium,web:Includehelp.com https://www.includehelp.com/mcq/discrete-mathematics-subgroup-mcqs.aspx,
Discrete Mathematics for CS,Discrete Mathematics | Subgroup Multiple-Choice Questions (MCQs),"If the group operation is additive (+), then _____ = {x+h | h ∈H} denotes a right coset.",x + H,H + x,x - H,H - x,B,"If the group operation is additive (+), then H + x = {h+x | h ∈H} denotes a left coset.",medium,web:Includehelp.com https://www.includehelp.com/mcq/discrete-mathematics-subgroup-mcqs.aspx,
Discrete Mathematics for CS,Discrete Mathematics | SemiGroup Multiple-Choice Questions (MCQs),"Suppose we have a semigroup (A, *) and let B ⊆ A. ____ are formed when sets B are closed under operations *.",Semigroups,Supersemigroups,Subsemigroups,None,C,"Suppose we have a semigroup (A, *) and let B ⊆ A. Subsemigroups are formed when sets B are closed under operations *.",medium,web:Includehelp.com https://www.includehelp.com/mcq/discrete-mathematics-semigroup-mcqs.aspx,
Discrete Mathematics for CS,Discrete Mathematics | SemiGroup Multiple-Choice Questions (MCQs),' ° ' is a -,Grouping Operation,Concatenation Operation,Conversion Operation,None,B,' ° ' is a concatenation operation.,medium,web:Includehelp.com https://www.includehelp.com/mcq/discrete-mathematics-semigroup-mcqs.aspx,
Discrete Mathematics for CS,Discrete Mathematics | SemiGroup Multiple-Choice Questions (MCQs),"(A*,°) is a -",Semigroup,Subsemigroup,Supersemigroup,None,A,"(A*,°) is a semigroup.",medium,web:Includehelp.com https://www.includehelp.com/mcq/discrete-mathematics-semigroup-mcqs.aspx,
Discrete Mathematics for CS,Discrete Mathematics | SemiGroup Multiple-Choice Questions (MCQs),"Semigroup (A*,°) generated by set A is known as -",Bound Semigroup,Free semigroup,Partial semigroup,Partially bound semigroup,B,"Semigroup (A*,°) generated by set A is known as Free semigroup.",medium,web:Includehelp.com https://www.includehelp.com/mcq/discrete-mathematics-semigroup-mcqs.aspx,
Discrete Mathematics for CS,Discrete Mathematics | SemiGroup Multiple-Choice Questions (MCQs),"The algebraic system (A, o) consists of the binary operation o on A. If (A, o) satisfies the following property/ies, then it is said to be a monoid:",Set A can only be operated on by the operation o.,Associative operations are based on the o operation.,"A unique element exists, namely the operation o.",All of the above,D,"The algebraic system (A, o) consists of the binary operation o on A. If (A, o) satisfies the following properties, then it is said to be a monoid:
 Set A can only be operated on by the operation o.
 Associative operations are based on the o operation.
 A unique element exists, namely the operation o.",medium,web:Includehelp.com https://www.includehelp.com/mcq/discrete-mathematics-semigroup-mcqs.aspx,
Discrete Mathematics for CS,Discrete Mathematics | SemiGroup Multiple-Choice Questions (MCQs),"When (S, o) satisfies the following properties, then it is called a submonoid of (M, o) -",A closed operation is carried out under operation o.,It is possible to identify an element by its identity value e ∈ T.,Both A and B,None of the above,C,"When (S, o) satisfies the following properties, then it is called a submonoid of (M, o) -
 A closed operation is carried out under operation o.
 It is possible to identify an element by its identity value e ∈ T.",medium,web:Includehelp.com https://www.includehelp.com/mcq/discrete-mathematics-semigroup-mcqs.aspx,
Discrete Mathematics for CS,Discrete Mathematics | Normal Subgroup Multiple-Choice Questions (MCQs),"When x H x-1 = [x h x-1| h ∈ H} then H is normal in G ____ x H x-1⊆H, ∀ x∈ G.",If,If and only if,If not,None of the above,B,"When x H x-1 = [x h x-1| h ∈ H} then H is normal in G if and only if x H x-1⊆H, ∀ x∈ G.",medium,web:Includehelp.com https://www.includehelp.com/mcq/discrete-mathematics-normal-subgroup-mcqs.aspx,
Discrete Mathematics for CS,Discrete Mathematics | Normal Subgroup Multiple-Choice Questions (MCQs),The subgroup H of an abelian group G is normal in G if G is an ____ group.,Abelian,Normal,Sub,None of the above,A,The subgroup H of an abelian group G is normal in G if G is an abelian group.,medium,web:Includehelp.com https://www.includehelp.com/mcq/discrete-mathematics-normal-subgroup-mcqs.aspx,
Discrete Mathematics for CS,Discrete Mathematics | Normal Subgroup Multiple-Choice Questions (MCQs),"Homomorphisms are mappings such that ____, x, y ∈ G.",f (xy) =f(x) f(y),f (xy) =f(x) + f(y),f (xy) =f(x) - f(y),f (xy) =f(x) / f(y),A,"Homomorphisms are mappings such that f (xy) =f(x) f(y), x, y ∈ G.",medium,web:Includehelp.com https://www.includehelp.com/mcq/discrete-mathematics-normal-subgroup-mcqs.aspx,
Discrete Mathematics for CS,Discrete Mathematics | Normal Subgroup Multiple-Choice Questions (MCQs),"Even though the binary operations of the groups G and G' are different, the mapping f preserves the ____ operation.",Group,Subgroup,Supergroup,None,A,"Even though the binary operations of the groups G and G' are different, the mapping f preserves the group operation.",medium,web:Includehelp.com https://www.includehelp.com/mcq/discrete-mathematics-normal-subgroup-mcqs.aspx,
Discrete Mathematics for CS,Discrete Mathematics | Normal Subgroup Multiple-Choice Questions (MCQs),"Even though the binary operations of the groups G and G' are different, the mapping f preserves the group operation. This condition is known as -",Hypermorphism,Homomorphism,Heteromorphism,Hypomorphism,B,"Even though the binary operations of the groups G and G' are different, the mapping f preserves the group operation. This condition is known as homomorphism.",medium,web:Includehelp.com https://www.includehelp.com/mcq/discrete-mathematics-normal-subgroup-mcqs.aspx,
Discrete Mathematics for CS,Discrete Mathematics | Normal Subgroup Multiple-Choice Questions (MCQs),A homomorphism of a group G to a group G' with identity e' is a homomorphism with a kernel {x∈ G | f(x) =__'}.,e,e',e'',e''',B,A homomorphism of a group G to a group G' with identity e' is a homomorphism with a kernel {x∈ G | f(x) =e'},medium,web:Includehelp.com https://www.includehelp.com/mcq/discrete-mathematics-normal-subgroup-mcqs.aspx,
Discrete Mathematics for CS,Discrete Mathematics | Normal Subgroup Multiple-Choice Questions (MCQs),____ f represents the kernel of f.,f,K f,Ker f,None,C,Ker f represents the kernel of f.,medium,web:Includehelp.com https://www.includehelp.com/mcq/discrete-mathematics-normal-subgroup-mcqs.aspx,
Discrete Mathematics for CS,Discrete Mathematics | Normal Subgroup Multiple-Choice Questions (MCQs),"The ____ set of f consists of the range of the map f, denoted by f (G).",Direction,Line,Image,Circle,C,"The image set of f consists of the range of the map f, denoted by f (G).",medium,web:Includehelp.com https://www.includehelp.com/mcq/discrete-mathematics-normal-subgroup-mcqs.aspx,
Discrete Mathematics for CS,Discrete Mathematics | Normal Subgroup Multiple-Choice Questions (MCQs),Homomorphic images of G are those whose f (G) = ____.,G,G',F,F',B,Homomorphic images of G are those whose f (G) = G'.,medium,web:Includehelp.com https://www.includehelp.com/mcq/discrete-mathematics-normal-subgroup-mcqs.aspx,
Discrete Mathematics for CS,Discrete Mathematics | Boolean Algebra Multiple-Choice Questions (MCQs),Boolean Algebra is denoted by -,"(B, ∧,∨,',1)","(B, ∧,∨,',0)","(B, ∧,',0,1)","(B, ∧,∨,',0,1)",D,"Boolean Algebra is denoted by (B, ∧,∨,',0,1).",medium,web:Includehelp.com https://www.includehelp.com/mcq/discrete-mathematics-boolean-algebra-mcqs.aspx,
Discrete Mathematics for CS,Discrete Mathematics | Boolean Algebra Multiple-Choice Questions (MCQs),B is a set on which two binary operations ∧ (*) and ∨(+) and a ____ operation (complement) are defined.,Unary,Binary,Ternary,None,A,B is a set on which two binary operations ∧ (*) and ∨(+) and a unary operation (complement) are defined.,medium,web:Includehelp.com https://www.includehelp.com/mcq/discrete-mathematics-boolean-algebra-mcqs.aspx,
Discrete Mathematics for CS,Discrete Mathematics | Boolean Algebra Multiple-Choice Questions (MCQs),"Since (B,∧,∨) represents a ____ distributive lattice, each element of B has a unique complement.",Complemented,Supplemented,Adjacent,None,A,"Since (B,∧,∨) represents a complemented distributive lattice, each element of B has a unique complement.",medium,web:Includehelp.com https://www.includehelp.com/mcq/discrete-mathematics-boolean-algebra-mcqs.aspx,
Discrete Mathematics for CS,Discrete Mathematics | Boolean Algebra Multiple-Choice Questions (MCQs),What is/are the property/ies of Boolean Algebra?,Commutative,Distributive,Identity,All of the above,D,"The properties of Boolean Algebra are -
 Commutative
 Distributive
 Identity",medium,web:Includehelp.com https://www.includehelp.com/mcq/discrete-mathematics-boolean-algebra-mcqs.aspx,
Discrete Mathematics for CS,Discrete Mathematics | Boolean Algebra Multiple-Choice Questions (MCQs),Commutative Property states that -,a+b = b+a,a*b=b *a,Both A and B,None of the above,C,"Commutative Property states that -
 a+b = b+a
 a*b=b *a",medium,web:Includehelp.com https://www.includehelp.com/mcq/discrete-mathematics-boolean-algebra-mcqs.aspx,
Discrete Mathematics for CS,Discrete Mathematics | Boolean Algebra Multiple-Choice Questions (MCQs),Distributive Property states that -,a+(b*c)=(a+b)*(a+c),a*(b+c)=(a*b)+(a*c),Both A and B,None of the above,C,"Distributive Property states that -
 a+(b*c)=(a+b)*(a+c)
 a*(b+c)=(a*b)+(a*c)",medium,web:Includehelp.com https://www.includehelp.com/mcq/discrete-mathematics-boolean-algebra-mcqs.aspx,
Discrete Mathematics for CS,Discrete Mathematics | Boolean Algebra Multiple-Choice Questions (MCQs),Identity Property states that -,a+0=a,a *1=a,Both A and B,None of the above,C,"Identity Property states that -
 a+0=a
 a *1=a",medium,web:Includehelp.com https://www.includehelp.com/mcq/discrete-mathematics-boolean-algebra-mcqs.aspx,
Discrete Mathematics for CS,Discrete Mathematics | Boolean Algebra Multiple-Choice Questions (MCQs),Complemented Laws states that -,a+a'=1,a * a'=0,Both A and B,None of the above,C,"Complemented Laws states that -
 a+a'=1
 a * a'=0",medium,web:Includehelp.com https://www.includehelp.com/mcq/discrete-mathematics-boolean-algebra-mcqs.aspx,
Discrete Mathematics for CS,Discrete Mathematics | Boolean Algebra Multiple-Choice Questions (MCQs),"If A itself is a Boolean Algebra, then (A,*, +,', 0,1) is a ____ of B.",Sub-algebra,Sub-Boolean Algebra,Both A and B,None of the above,C,"If A itself is a Boolean Algebra, then (A,*, +,', 0,1) is a sub-algebra or sub-boolean algebra of B.",medium,web:Includehelp.com https://www.includehelp.com/mcq/discrete-mathematics-boolean-algebra-mcqs.aspx,
Discrete Mathematics for CS,Discrete Mathematics | Boolean Algebra Multiple-Choice Questions (MCQs),"Subsets of a Boolean Algebra can be ____, but may or may not be subalgebras because B may not be closed.",Algebra,Boolean Algebra,Sub-algebra,Sub-Boolean Algebra,B,"Subsets of a Boolean Algebra can be Boolean algebras, but may or may not be subalgebras because B may not be closed.",medium,web:Includehelp.com https://www.includehelp.com/mcq/discrete-mathematics-boolean-algebra-mcqs.aspx,
Discrete Mathematics for CS,Discrete Mathematics | Boolean Algebra Multiple-Choice Questions (MCQs),"If two Boolean algebras B and B1 go together one to one, then they are called ____ and are preserved for all elements from B including a, b in B.",Isomorphic,Boolean Functions,Boolean Expressions,None of the above,A,"If two Boolean algebras B and B1 go together one to one, then they are called isomorphic and are preserved for all elements from B including a, b in B.",medium,web:Includehelp.com https://www.includehelp.com/mcq/discrete-mathematics-boolean-algebra-mcqs.aspx,
Discrete Mathematics for CS,Discrete Mathematics | Boolean Algebra Multiple-Choice Questions (MCQs),Which of the following are Isomorphic-Boolean Algebras?,f (a+b)=f(a)+f(b),f (a*b)=f(a)*f(b),f(a')=f(a)',All of the above,D,"The following are Isomorphic-Boolean Algebras -
 f (a+b)=f(a)+f(b)
 f (a*b)=f(a)*f(b)
 f(a')=f(a)'",medium,web:Includehelp.com https://www.includehelp.com/mcq/discrete-mathematics-boolean-algebra-mcqs.aspx,
Discrete Mathematics for CS,Discrete Mathematics | Boolean Algebra Multiple-Choice Questions (MCQs),Which of the following is/are the basic property/ies of Boolean Algebra?,Idempotent Law,Commutative Property,Associative Property,All of the above,D,"The following are the properties of Boolean Algebra -
 Idempotent Law
 Commutative Property
 Associative Property",medium,web:Includehelp.com https://www.includehelp.com/mcq/discrete-mathematics-boolean-algebra-mcqs.aspx,
Discrete Mathematics for CS,Discrete Mathematics | Boolean Algebra Multiple-Choice Questions (MCQs),Which of the following is/are NOT the basic property/ies of Boolean Algebra?,Absorption Laws,Identity Laws,Null Laws,Evolution Laws,D,Evolution Laws is NOT the basic property of Boolean Algebra.,medium,web:Includehelp.com https://www.includehelp.com/mcq/discrete-mathematics-boolean-algebra-mcqs.aspx,
Discrete Mathematics for CS,Discrete Mathematics | Boolean Algebra Multiple-Choice Questions (MCQs),"When a Boolean Expression based on n variables specifies a function from A'' to A, it is called a Boolean ____.",Algebra,Expression,Function,Law,C,"When a Boolean Expression based on n variables specifies a function from A'' to A, it is called a Boolean Function.",medium,web:Includehelp.com https://www.includehelp.com/mcq/discrete-mathematics-boolean-algebra-mcqs.aspx,
Discrete Mathematics for CS,Discrete Mathematics | Boolean Algebra Multiple-Choice Questions (MCQs),____ descriptions of functions are always possible.,Tabular,Graphical,Analytical,None,A,Tabular descriptions of functions are always possible.,medium,web:Includehelp.com https://www.includehelp.com/mcq/discrete-mathematics-boolean-algebra-mcqs.aspx,
Discrete Mathematics for CS,Discrete Mathematics | Boolean Algebra Multiple-Choice Questions (MCQs),____ can be used as an alternative method of expressing functions.,Function,Expression,Law,Algebra,B,Expressions can be used as an alternative method of expressing functions.,medium,web:Includehelp.com https://www.includehelp.com/mcq/discrete-mathematics-boolean-algebra-mcqs.aspx,
Discrete Mathematics for CS,Discrete Mathematics | Boolean Algebra Multiple-Choice Questions (MCQs),Two-valued Boolean algebra considers all functions from ____ as Boolean functions.,"[0, 1]2 to [0, 1]","[0, 1]3 to [0, 1]","[0, 1]n-1 to [0, 1]","[0, 1]n to [0, 1]",D,"Two-valued Boolean algebra considers all functions from [0, 1]n to [0, 1] as Boolean functions.",medium,web:Includehelp.com https://www.includehelp.com/mcq/discrete-mathematics-boolean-algebra-mcqs.aspx,
Discrete Mathematics for CS,Discrete Mathematics | Boolean Expressions Multiple-Choice Questions (MCQs),Boolean expressions containing n distinct variables are normally referred to as Boolean ____ of n variables.,Functions,Laws,Expressions,Algebras,C,Boolean expressions containing n distinct variables are normally referred to as Boolean expressions of n variables.,medium,web:Includehelp.com https://www.includehelp.com/mcq/discrete-mathematics-boolean-expressions-mcqs.aspx,
Discrete Mathematics for CS,Discrete Mathematics | Boolean Expressions Multiple-Choice Questions (MCQs),"The Boolean Expression E (x1,x2,....xn) is a set of n variables over a Boolean algebra B. An assignment of values to variables x1, x2, ... xn means assigning elements of A as variables' values. ____ the variables in the expression by their values will allow us to evaluate E ( x1, x2, .... xn).",Adding,Subtracting,Multiplying,Substituting,D,"The Boolean Expression E (x1,x2,....xn) is a set of n variables over a Boolean algebra B. An assignment of values to variables x1, x2, ... xn means assigning elements of A as variables' values. Substituting the variables in the expression by their values will allow us to evaluate E ( x1, x2, .... xn).",medium,web:Includehelp.com https://www.includehelp.com/mcq/discrete-mathematics-boolean-expressions-mcqs.aspx,
Discrete Mathematics for CS,Discrete Mathematics | Boolean Expressions Multiple-Choice Questions (MCQs),"When n variables are assigned the same value for every assignment, two Boolean expressions are said to be _____.",Equal,Unequal,Zero,Similar,A,"When n variables are assigned the same value for every assignment, two Boolean expressions are said to be equal.",medium,web:Includehelp.com https://www.includehelp.com/mcq/discrete-mathematics-boolean-expressions-mcqs.aspx,
Discrete Mathematics for CS,Discrete Mathematics | Boolean Expressions Multiple-Choice Questions (MCQs),"____ indicates that E1( x1,x2,....xn) and E2( x1,x2,....xn) are equivalent.","E1( x1,x2,....xn)+E2( x1,x2,....xn)","E1( x1,x2,....xn)-E2( x1,x2,....xn)","E1( x1,x2,....xn)=E2( x1,x2,....xn)","E1( x1,x2,....xn)!=E2( x1,x2,....xn)",C,"E1( x1,x2,....xn)=E2( x1,x2,....xn) indicates that E1( x1,x2,....xn) and E2( x1,x2,....xn) are equivalent.",medium,web:Includehelp.com https://www.includehelp.com/mcq/discrete-mathematics-boolean-expressions-mcqs.aspx,
Discrete Mathematics for CS,Discrete Mathematics | Boolean Expressions Multiple-Choice Questions (MCQs),A Boolean Expression composed of n variables is a ____ if it follows the form x̅1∧x̅2∧x̅3∧....∧x̅n where xi is used to denote xi or xi'.,Max-term,Min-term,Median-term,Mode-term,B,A Boolean Expression composed of n variables is a min-term if it follows the form x̅1∧x̅2∧x̅3∧....∧x̅n where xi is used to denote xi or xi'.,medium,web:Includehelp.com https://www.includehelp.com/mcq/discrete-mathematics-boolean-expressions-mcqs.aspx,
Discrete Mathematics for CS,Discrete Mathematics | Canonical Forms Multiple-Choice Questions (MCQs),Which of the following is/are the canonical form(s)?,Disjunctive Normal Forms,Conjunctive Normal Forms,Both A and B,None of the above,C,"The following are the canonical forms -
 Disjunctive Normal Forms
 Conjunctive Normal Forms",medium,web:Includehelp.com https://www.includehelp.com/mcq/discrete-mathematics-canonical-forms-mcqs.aspx,
Discrete Mathematics for CS,Discrete Mathematics | Canonical Forms Multiple-Choice Questions (MCQs),Disjunctive Normal Forms are also known as -,Sum of Products,SOP,Both A and B,None of the above,C,"Disjunctive Normal Forms are also known as -
 Sum of Products
 SOP",medium,web:Includehelp.com https://www.includehelp.com/mcq/discrete-mathematics-canonical-forms-mcqs.aspx,
Discrete Mathematics for CS,Discrete Mathematics | Canonical Forms Multiple-Choice Questions (MCQs),"When A Boolean expression over ({0, 1}, ∨,∧,') is a join of min-terms, it is said to be in ____ normal form.",Conjunctive,Disjunctive,Both A and B,None of the above,B,"When A Boolean expression over ({0, 1}, ∨,∧,') is a join of min-terms, it is said to be in disjunctive normal form.",medium,web:Includehelp.com https://www.includehelp.com/mcq/discrete-mathematics-canonical-forms-mcqs.aspx,
Discrete Mathematics for CS,Discrete Mathematics | Canonical Forms Multiple-Choice Questions (MCQs),A Boolean Expression composed of n variables is a ______ if it follows the form x1∨x2∨..........∨xn where xi is used to denote xi or xi'.,Min-term,Max-term,Mode-term,Median-term,B,A Boolean Expression composed of n variables is a max-term if it follows the form x1∨x2∨..........∨xn where xi is used to denote xi or xi'.,medium,web:Includehelp.com https://www.includehelp.com/mcq/discrete-mathematics-canonical-forms-mcqs.aspx,
Discrete Mathematics for CS,Discrete Mathematics | Canonical Forms Multiple-Choice Questions (MCQs),Conjunctive Normal Forms are also known as -,Product of Sums,POS,Both A and B,None of the above,C,"Conjunctive Normal Forms are also known as -
 Product of Sums
 POS",medium,web:Includehelp.com https://www.includehelp.com/mcq/discrete-mathematics-canonical-forms-mcqs.aspx,
Discrete Mathematics for CS,Discrete Mathematics | Canonical Forms Multiple-Choice Questions (MCQs),"Conjunctive normal form of a Boolean expression over ({0, 1}, ∨,∧,') is when a Boolean expression meets ____.",Max-terms,Min-terms,Mode-terms,Median-terms,A,"Conjunctive normal form of a Boolean expression over ({0, 1}, ∨,∧,') is when a Boolean expression meets max-terms.",medium,web:Includehelp.com https://www.includehelp.com/mcq/discrete-mathematics-canonical-forms-mcqs.aspx,
Discrete Mathematics for CS,Discrete Mathematics | Canonical Forms Multiple-Choice Questions (MCQs),"In disjunctive normal forms, a Boolean expression corresponding to a function from {0, 1}n to {0, 1} can be obtained by having a min-term for each ordered n-tuple of 0's and 1's in which the function is ____.",1,0,2,N,A,"In disjunctive normal forms, a Boolean expression corresponding to a function from {0, 1}n to {0, 1} can be obtained by having a min-term for each ordered n-tuple of 0's and 1's in which the function is 1.",medium,web:Includehelp.com https://www.includehelp.com/mcq/discrete-mathematics-canonical-forms-mcqs.aspx,
Discrete Mathematics for CS,Discrete Mathematics | Canonical Forms Multiple-Choice Questions (MCQs),"For each ordered n-tuple of 0's and 1's for which the value of function is ____, a Boolean expression can be obtained in conjunctive normal forms.",0,1,Null,2,A,"For each ordered n-tuple of 0's and 1's for which the value of function is 0, a Boolean expression can be obtained in conjunctive normal forms.",medium,web:Includehelp.com https://www.includehelp.com/mcq/discrete-mathematics-canonical-forms-mcqs.aspx,
Discrete Mathematics for CS,Discrete Mathematics | Canonical Forms Multiple-Choice Questions (MCQs),"When the identity elements 0 and 1, in the original expression E, are switched, then the ____ of that expression is obtained.",Dual,Duplex,Triplet,Identity,A,"When the identity elements 0 and 1, in the original expression E, are switched, then the dual of that expression is obtained.",medium,web:Includehelp.com https://www.includehelp.com/mcq/discrete-mathematics-canonical-forms-mcqs.aspx,
Discrete Mathematics for CS,Discrete Mathematics | Canonical Forms Multiple-Choice Questions (MCQs),The duals of any theorem in a Boolean algebra are also ____.,Theorems,Functions,Expressions,Laws,A,The duals of any theorem in a Boolean algebra are also theorems.,medium,web:Includehelp.com https://www.includehelp.com/mcq/discrete-mathematics-canonical-forms-mcqs.aspx,
Discrete Mathematics for CS,Discrete Mathematics | Partially Ordered Sets Multiple-Choice Questions (MCQs),____ relationships are referred to as R.,Ordered,Unordered,Partially ordered,Partially unordered,C,Partially ordered relationships are referred to as R.,medium,web:Includehelp.com https://www.includehelp.com/mcq/discrete-mathematics-partially-ordered-sets-mcqs.aspx,
Discrete Mathematics for CS,Discrete Mathematics | Partially Ordered Sets Multiple-Choice Questions (MCQs),A partially ordered set (_____) is a set with partial order combined with S.,POSET,PASET,PAOET,POS,A,A partially ordered set (POSET) is a set with partial order combined with S.,medium,web:Includehelp.com https://www.includehelp.com/mcq/discrete-mathematics-partially-ordered-sets-mcqs.aspx,
Discrete Mathematics for CS,Discrete Mathematics | Partially Ordered Sets Multiple-Choice Questions (MCQs),POSET is denoted by -,"(≤, S)","(S, ≤)","(>=, S)","(S, >=)",B,"POSET is denoted by (S, ≤).",medium,web:Includehelp.com https://www.includehelp.com/mcq/discrete-mathematics-partially-ordered-sets-mcqs.aspx,
Discrete Mathematics for CS,Discrete Mathematics | Partially Ordered Sets Multiple-Choice Questions (MCQs),____ elements of A are those where a ≤ c in A does not contain elements in c.,Maximal,Minimal,Both A and B,None of the above,A,Maximal elements of A are those where a ≤ c in A does not contain elements in c.,medium,web:Includehelp.com https://www.includehelp.com/mcq/discrete-mathematics-partially-ordered-sets-mcqs.aspx,
Discrete Mathematics for CS,Discrete Mathematics | Partially Ordered Sets Multiple-Choice Questions (MCQs),A _____ element of A is a data structure in which the element in c in A cannot be changed.,Maximal,Minimal,Both A and B,None of the above,B,A minimal element of A is a data structure in which the element in c in A cannot be changed.,medium,web:Includehelp.com https://www.includehelp.com/mcq/discrete-mathematics-partially-ordered-sets-mcqs.aspx,
Discrete Mathematics for CS,Discrete Mathematics | Partially Ordered Sets Multiple-Choice Questions (MCQs),It is possible to have ___ maximal element or ___ minimal element.,"One, more than one","Two, more than one","More than one, more than one","More than one, Zero",C,It is possible to have more than one maximal element or more than one minimal element.,medium,web:Includehelp.com https://www.includehelp.com/mcq/discrete-mathematics-partially-ordered-sets-mcqs.aspx,
Discrete Mathematics for CS,Discrete Mathematics | Partially Ordered Sets Multiple-Choice Questions (MCQs),A pair of elements a and b of set A is comparable if -,a ≤ b,b ≤ a,Both A and B,None of the above,C,A pair of elements a and b of set A is comparable if a ≤ b or b ≤ a.,medium,web:Includehelp.com https://www.includehelp.com/mcq/discrete-mathematics-partially-ordered-sets-mcqs.aspx,
Discrete Mathematics for CS,Discrete Mathematics | Partially Ordered Sets Multiple-Choice Questions (MCQs),"In set A, two elements a and b cannot be compared even if neither ____.",a ≤ b,b ≤ a,Both A and B,None of the above,C,"In set A, two elements a and b cannot be compared even if neither a ≤ b nor b ≤ a.",medium,web:Includehelp.com https://www.includehelp.com/mcq/discrete-mathematics-partially-ordered-sets-mcqs.aspx,
Discrete Mathematics for CS,Discrete Mathematics | Partially Ordered Sets Multiple-Choice Questions (MCQs),"When all elements in set A are comparable, it's called a ____.",Linearly Ordered Set,Totally Ordered Set,Both A and B,None of the above,C,"When all elements in set A are comparable, it's called a linearly ordered set or a totally ordered set.",medium,web:Includehelp.com https://www.includehelp.com/mcq/discrete-mathematics-partially-ordered-sets-mcqs.aspx,
Discrete Mathematics for CS,Discrete Mathematics | Probability Multiple-Choice Questions (MCQs),_____ predicting the future of an event is generally possible with a certain level of accuracy.,Quantitatively,Qualitatively,Quantization,None of the above,A,Quantitatively predicting the future of an event is generally possible with a certain level of accuracy.,medium,web:Includehelp.com https://www.includehelp.com/mcq/discrete-mathematics-probability-mcqs.aspx,
Discrete Mathematics for CS,Discrete Mathematics | Probability Multiple-Choice Questions (MCQs),Probability is used when there is _____ about the outcome of a trial.,Certainty,Uncertainty,Both A and B,None of the above,B,Probability is used when there is uncertainty about the outcome of a trial.,medium,web:Includehelp.com https://www.includehelp.com/mcq/discrete-mathematics-probability-mcqs.aspx,
Discrete Mathematics for CS,Discrete Mathematics | Probability Multiple-Choice Questions (MCQs),"In the case of an event A, the probability of its occurrence is denoted by P(A) -",Number of cases favorable to A / Number of possible outcomes,Number of cases unfavorable to A / Number of possible outcomes,Number of cases partially favorable to A / Number of possible outcomes,Number of cases favorable to A / Number of favorable outcomes,A,"In the case of an event A, the probability of its occurrence is denoted by P(A) = Number of cases favorable to A / Number of possible outcomes.",medium,web:Includehelp.com https://www.includehelp.com/mcq/discrete-mathematics-probability-mcqs.aspx,
Discrete Mathematics for CS,Discrete Mathematics | Probability Multiple-Choice Questions (MCQs),An event that is certain to occur has a probability of ____.,Zero,One,Infinite,None,B,An event that is certain to occur has a probability of one.,medium,web:Includehelp.com https://www.includehelp.com/mcq/discrete-mathematics-probability-mcqs.aspx,
Discrete Mathematics for CS,Discrete Mathematics | Probability Multiple-Choice Questions (MCQs),Unfeasible events have ____ probability.,Zero,Infinite,Variable,Non-real,A,Unfeasible events have zero probability.,medium,web:Includehelp.com https://www.includehelp.com/mcq/discrete-mathematics-probability-mcqs.aspx,
Discrete Mathematics for CS,Discrete Mathematics | Probability Multiple-Choice Questions (MCQs),"If P(A) is the probability of an event happening, and bar (P(A)) is the probability of it not happening, then P(A) + bar (P(A)) = ____.",0,1,Infinite,None,B,"If P(A) is the probability of an event happening, and P(A) is the probability of it not happening, then P(A) + bar (P(A)) = 1.",medium,web:Includehelp.com https://www.includehelp.com/mcq/discrete-mathematics-probability-mcqs.aspx,
Discrete Mathematics for CS,Discrete Mathematics | Probability Multiple-Choice Questions (MCQs),Which of the following is/are a/the probability term?,Trial and Event,Random Experiment,Outcome,All of the above,D,"The following are the probability terms -
 Trial and Event
 Random Experiment
 Outcome",medium,web:Includehelp.com https://www.includehelp.com/mcq/discrete-mathematics-probability-mcqs.aspx,
Discrete Mathematics for CS,Discrete Mathematics | Probability Multiple-Choice Questions (MCQs),A/an _____ is the performance of an experiment.,Trial,Event,Outcome,Sample Space,A,A trial is the performance of an experiment.,medium,web:Includehelp.com https://www.includehelp.com/mcq/discrete-mathematics-probability-mcqs.aspx,
Discrete Mathematics for CS,Discrete Mathematics | Probability Multiple-Choice Questions (MCQs),A/an ____ is the set of its outcomes.,Trial,Event,Outcome,Sample space,B,An event is the set of its outcomes.,medium,web:Includehelp.com https://www.includehelp.com/mcq/discrete-mathematics-probability-mcqs.aspx,
Discrete Mathematics for CS,Discrete Mathematics | Probability Multiple-Choice Questions (MCQs),Getting a head when you toss a coin is ____.,Trial,Event,Outcome,Sample space,A,Getting a head when you toss a coin is a trial.,medium,web:Includehelp.com https://www.includehelp.com/mcq/discrete-mathematics-probability-mcqs.aspx,
Discrete Mathematics for CS,Discrete Mathematics | Probability Multiple-Choice Questions (MCQs),What's the event when you get a head after tossing the coin?,{HT},"{HT,HH}","{HT,TH,HH}",{HHT},C,"The event when you get a head after tossing the coin is {HT,TH,HH}.",medium,web:Includehelp.com https://www.includehelp.com/mcq/discrete-mathematics-probability-mcqs.aspx,
Discrete Mathematics for CS,Discrete Mathematics | Probability Multiple-Choice Questions (MCQs),All potential outcomes of an experiment are known in advance in a/an ____ experiment.,Known,Random,Unknown,Not Random,B,All potential outcomes of an experiment are known in advance in a random experiment.,medium,web:Includehelp.com https://www.includehelp.com/mcq/discrete-mathematics-probability-mcqs.aspx,
Discrete Mathematics for CS,Discrete Mathematics | Probability Multiple-Choice Questions (MCQs),Which of the following is/are an/the example(s) of a random experiment?,Tossing a Coin,Rolling a die,Drawing a ball from a bag,All of the above,D,"The following are examples of a random experiment -
 Tossing a Coin
 Rolling a die
 Drawing a ball from a bag",medium,web:Includehelp.com https://www.includehelp.com/mcq/discrete-mathematics-probability-mcqs.aspx,
Discrete Mathematics for CS,Discrete Mathematics | Probability Multiple-Choice Questions (MCQs),____ are the results of random experiments.,Events,Sample spaces,Trials,Outcomes,D,Outcomes are the results of random experiments.,medium,web:Includehelp.com https://www.includehelp.com/mcq/discrete-mathematics-probability-mcqs.aspx,
Discrete Mathematics for CS,Discrete Mathematics | Probability Multiple-Choice Questions (MCQs),What is/are an/the example(s) of the outcome?,"It is an experiment to toss a coin and get a head, which is called an outcome.",An outcome is getting a 6 when you roll a die.,Both A and B,None of the above,C,"The examples of outcomes are -
 It is an experiment to toss a coin and get a head, which is called an outcome.
 An outcome is getting a 6 when you roll a die.",medium,web:Includehelp.com https://www.includehelp.com/mcq/discrete-mathematics-probability-mcqs.aspx,
Discrete Mathematics for CS,Discrete Mathematics | Probability Multiple-Choice Questions (MCQs),A _____ is a collection of all possible outcomes from an experiment.,Sample Page,Sample Collection,Sample Space,Sample Outcome,C,A sample space is a collection of all possible outcomes from an experiment.,medium,web:Includehelp.com https://www.includehelp.com/mcq/discrete-mathematics-probability-mcqs.aspx,
Discrete Mathematics for CS,Discrete Mathematics | Probability Multiple-Choice Questions (MCQs),Sample Space is denoted by -,S,SS,Sa,Sp,A,Sample Space is denoted by S.,medium,web:Includehelp.com https://www.includehelp.com/mcq/discrete-mathematics-probability-mcqs.aspx,
Discrete Mathematics for CS,Discrete Mathematics | Probability Multiple-Choice Questions (MCQs),"What is a sample space, when we throw a dice?",{1},"{1,2}","{1,2,3}","{1,2,3,4,5,6}",D,"Sample space when we throw a dice is {1,2,3,4,5,6}.",medium,web:Includehelp.com https://www.includehelp.com/mcq/discrete-mathematics-probability-mcqs.aspx,
Discrete Mathematics for CS,Discrete Mathematics | Probability Multiple-Choice Questions (MCQs),The total number of outcomes will be ____ if a die is rolled n times.,6n,n6,6,n,A,The total number of outcomes will be 6n if a die is rolled n times.,medium,web:Includehelp.com https://www.includehelp.com/mcq/discrete-mathematics-probability-mcqs.aspx,
Discrete Mathematics for CS,Discrete Mathematics | Probability Multiple-Choice Questions (MCQs),N dies are rolled ___ if 1 die rolls n times.,Once,Twice,Thrice,N times,A,N dies are rolled once if 1 die rolls n times.,medium,web:Includehelp.com https://www.includehelp.com/mcq/discrete-mathematics-probability-mcqs.aspx,
Discrete Mathematics for CS,Discrete Mathematics | Probability Multiple-Choice Questions (MCQs),A ____ of an event consists of all outcomes in sample space that are not an event.,Sure,Certain,Complement,Supplement,C,A complement of an event consists of all outcomes in sample space that are not an event.,medium,web:Includehelp.com https://www.includehelp.com/mcq/discrete-mathematics-probability-mcqs.aspx,
Discrete Mathematics for CS,Discrete Mathematics | Probability Multiple-Choice Questions (MCQs),An impossible event is one that will ____.,Occur,Never Occur,Occur Often,Occur Sometimes,B,An impossible event is one that will never occur.,medium,web:Includehelp.com https://www.includehelp.com/mcq/discrete-mathematics-probability-mcqs.aspx,
Discrete Mathematics for CS,Discrete Mathematics | Probability Multiple-Choice Questions (MCQs),Which of the following is/are an/the impossible event(s)?,Getting a tail on the two-headed coin.,Getting an 11 when a dice is thrown.,Both A and B,None of the above,C,"The following are the impossible events -
 Getting a tail on the two-headed coin.
 Getting an 11 when a dice is thrown.",medium,web:Includehelp.com https://www.includehelp.com/mcq/discrete-mathematics-probability-mcqs.aspx,
Discrete Mathematics for CS,Discrete Mathematics | Probability Multiple-Choice Questions (MCQs),It is called a _____ Outcome when it is an outcome that will definitely occur.,Sure,Certain,Both A and B,None of the above,C,It is called a Sure or Certain Outcome when it is an outcome that will definitely occur.,medium,web:Includehelp.com https://www.includehelp.com/mcq/discrete-mathematics-probability-mcqs.aspx,
Discrete Mathematics for CS,Discrete Mathematics | Probability Multiple-Choice Questions (MCQs),Which of the following is/are an/the sure event(s)?,Getting a head-on two-headed coin,Getting a 5 when a dice is thrown,Both A and B,None of the above,C,"The following are the impossible events -
 Getting a head-on two-headed coin.
 Getting a 5 when a dice is thrown.",medium,web:Includehelp.com https://www.includehelp.com/mcq/discrete-mathematics-probability-mcqs.aspx,
Discrete Mathematics for CS,Discrete Mathematics | Probability Multiple-Choice Questions (MCQs),____ outcomes are outcomes that are possible to occur.,Possible,Impossible,Occur,Non-occur,A,Possible outcomes are outcomes that are possible to occur.,medium,web:Includehelp.com https://www.includehelp.com/mcq/discrete-mathematics-probability-mcqs.aspx,
Discrete Mathematics for CS,Discrete Mathematics | Probability Multiple-Choice Questions (MCQs),Which of the following is/are an/the possible event(s)?,Getting a head on a fair coin.,Getting an odd number when rolling a die.,Both A and B,None of the above,C,"The following are the impossible events -
 Getting a head on a fair coin.
 Getting an odd number when rolling a die.",medium,web:Includehelp.com https://www.includehelp.com/mcq/discrete-mathematics-probability-mcqs.aspx,
Discrete Mathematics for CS,Discrete Mathematics | Probability Multiple-Choice Questions (MCQs),"If one event cannot be expected to occur in preference to another, it is said to be _____.",Likely,Equal,Equally Likely,Unequally likely,C,"If one event cannot be expected to occur in preference to another, it is said to be equally likely.",medium,web:Includehelp.com https://www.includehelp.com/mcq/discrete-mathematics-probability-mcqs.aspx,
Discrete Mathematics for CS,Discrete Mathematics | Probability Multiple-Choice Questions (MCQs),Which of the following is an equally likely event?,"There is an equal chance of all six faces appearing when a die is thrown, i.e., 1, 2, 3, 4, 5, and 6.","There is an unequal chance of all six faces appearing when a die is thrown, i.e., 1, 2, 3, 4, 5, and 6.","There is a random chance of all six faces appearing when a die is thrown, i.e., 1, 2, 3, 4, 5, and 6.","There is no chance of all six faces appearing when a die is thrown, i.e., 1, 2, 3, 4, 5, and 6.",A,"There is an equal chance of all six faces appearing when a die is thrown, i.e., 1, 2, 3, 4, 5, and 6.",medium,web:Includehelp.com https://www.includehelp.com/mcq/discrete-mathematics-probability-mcqs.aspx,
Discrete Mathematics for CS,Discrete Mathematics | Probability Multiple-Choice Questions (MCQs),"When two events cannot happen simultaneously, they are said to be ____.",Mutually Exclusive Events,Disjoint Events,Both A and B,None of the above,C,"When two events cannot happen simultaneously, they are said to be mutually exclusive or disjoint events.",medium,web:Includehelp.com https://www.includehelp.com/mcq/discrete-mathematics-probability-mcqs.aspx,
Discrete Mathematics for CS,Discrete Mathematics | Probability Multiple-Choice Questions (MCQs),It is _____ that a jack and a king can occur simultaneously if a card is drawn from a pack of cards.,Mutually Inclusive,Mutually Exclusive,Joint event,Mutually Inducive,B,It is mutually exclusive that a jack and a king can occur simultaneously if a card is drawn from a pack of cards.,medium,web:Includehelp.com https://www.includehelp.com/mcq/discrete-mathematics-probability-mcqs.aspx,
Discrete Mathematics for CS,Discrete Mathematics | Probability Multiple-Choice Questions (MCQs),It is called ____ events when there are all possible outcomes of an experiment.,Independent,Exhaustive,Equally Likely,Impossible,B,It is called exhaustive events when there are all possible outcomes of an experiment.,medium,web:Includehelp.com https://www.includehelp.com/mcq/discrete-mathematics-probability-mcqs.aspx,
Discrete Mathematics for CS,Discrete Mathematics | Probability Multiple-Choice Questions (MCQs),There is an _____ relationship between events A and B when the occurrence of one event does not affect the occurrence of the other.,Unequal,Equally Likely,Exaustive,Independent,D,There is an independent relationship between events A and B when the occurrence of one event does not affect the occurrence of the other.,medium,web:Includehelp.com https://www.includehelp.com/mcq/discrete-mathematics-probability-mcqs.aspx,
Discrete Mathematics for CS,Discrete Mathematics | Probability Multiple-Choice Questions (MCQs),Two independent events A and B will be denoted as -,P (A ∩ B) = P (A) + P (B),P (A ∩ B) = P (A) / P (B),P (A ∩ B) = P (A) - P (B),P (A ∩ B) = P (A) P (B),D,Two independent events A and B will be denoted as P (A ∩ B) = P (A) P (B).,medium,web:Includehelp.com https://www.includehelp.com/mcq/discrete-mathematics-probability-mcqs.aspx,
Discrete Mathematics for CS,Discrete Mathematics | Probability Multiple-Choice Questions (MCQs),"Whenever one event affects the occurrence of another, it is said to be _____.",Independent,Dependent,Equally Likely,Equally Unlikely,B,"Whenever one event affects the occurrence of another, it is said to be dependent.",medium,web:Includehelp.com https://www.includehelp.com/mcq/discrete-mathematics-probability-mcqs.aspx,
Discrete Mathematics for CS,Discrete Mathematics | Probability Multiple-Choice Questions (MCQs),Theorem 1 states that two mutually exclusive events A and B are denoted as -,P(A ∪ B)=P(A) + P(B),P(A ∪ B)=P(A) P(B),P(A ∪ B)=P(A) / P(B),P(A ∪ B)=P(A) - P(B),A,Theorem 1 states that two mutually exclusive events A and B are denoted as P(A ∪ B)=P(A) + P(B).,medium,web:Includehelp.com https://www.includehelp.com/mcq/discrete-mathematics-probability-mcqs.aspx,
Discrete Mathematics for CS,Discrete Mathematics | Probability Multiple-Choice Questions (MCQs),Theorem 2 states that two non-mutual exclusive events are denoted as -,P(A ∪ B) = P(A) - P(B) - P (A ∩ B),P(A ∪ B) = P(A) + P(B) + P (A ∩ B),P(A ∪ B) = P(A) + P(B) - P (A ∩ B),P(A ∪ B) = P(A) - P(B) + P (A ∩ B),C,Theorem 2 states that two non-mutual exclusive events are denoted as P(A ∪ B) = P(A) + P(B) - P (A ∩ B).,medium,web:Includehelp.com https://www.includehelp.com/mcq/discrete-mathematics-probability-mcqs.aspx,
Discrete Mathematics for CS,Discrete Mathematics | Probability Multiple-Choice Questions (MCQs),The multiplication Theorem states that the Probability of both events occurring equals the product of their individual probabilities if A and B are ____.,Dependent events,Independent events,Like events,Unlike events,B,The multiplication Theorem states that the Probability of both events occurring equals the product of their individual probabilities if A and B are independent events.,medium,web:Includehelp.com https://www.includehelp.com/mcq/discrete-mathematics-probability-mcqs.aspx,
Discrete Mathematics for CS,Discrete Mathematics | Probability Multiple-Choice Questions (MCQs),The conditional Probability Theorem states that The probability that A will occur given that B has already occurred is given by A and B if they are two _____ events.,Dependent,Independent,Distributive,Determinant,A,Conditional Probability Theorem states that The probability that A will occur given that B has already occurred is given by A and B if they are two dependent events.,medium,web:Includehelp.com https://www.includehelp.com/mcq/discrete-mathematics-probability-mcqs.aspx,
Discrete Mathematics for CS,Discrete Mathematics | Logic Gates and Circuits Multiple-Choice Questions (MCQs),"____ gates, which are capable of switching voltage levels, can be used to construct these logic circuits.",Liquid-state,Mercury-state,Solid-state,Gas-state,C,"Solid-state gates, which are capable of switching voltage levels, can be used to construct these logic circuits.",medium,web:Includehelp.com https://www.includehelp.com/mcq/discrete-mathematics-logic-gates-and-circuits-mcqs.aspx,
Discrete Mathematics for CS,Discrete Mathematics | Logic Gates and Circuits Multiple-Choice Questions (MCQs),____ gates receive inputs x and y and produce outputs x ∧ y.,AND,OR,NOR,XOR,A,AND gates receive inputs x and y and produce outputs x ∧ y.,medium,web:Includehelp.com https://www.includehelp.com/mcq/discrete-mathematics-logic-gates-and-circuits-mcqs.aspx,
Discrete Mathematics for CS,Discrete Mathematics | Logic Gates and Circuits Multiple-Choice Questions (MCQs),"X and Y are inputs to an __ gate, which produces x V y as outputs.",AND,OR,XOR,NOR,B,"X and Y are inputs to an OR gate, which produces x V y as outputs.",medium,web:Includehelp.com https://www.includehelp.com/mcq/discrete-mathematics-logic-gates-and-circuits-mcqs.aspx,
Discrete Mathematics for CS,Discrete Mathematics | Logic Gates and Circuits Multiple-Choice Questions (MCQs),"By receiving input x and producing output y, a ___ Gate produces output y.",NOR,NOT,XOR,OR,B,"By receiving input x and producing output y, a NOT Gate produces output y.",medium,web:Includehelp.com https://www.includehelp.com/mcq/discrete-mathematics-logic-gates-and-circuits-mcqs.aspx,
Discrete Mathematics for CS,Discrete Mathematics | Logic Gates and Circuits Multiple-Choice Questions (MCQs),Any Boolean ____ can be realized by interconnecting these devices.,Function,Expression,Law,Algebra,B,Any Boolean Expression can be realized by interconnecting these devices.,medium,web:Includehelp.com https://www.includehelp.com/mcq/discrete-mathematics-logic-gates-and-circuits-mcqs.aspx,
Discrete Mathematics for CS,Discrete Mathematics | Logic Gates and Circuits Multiple-Choice Questions (MCQs),____ switches are the simplest switching devices.,ON-ON,ON-OFF,OFF-OFF,None,B,ON-OFF switches are the simplest switching devices.,medium,web:Includehelp.com https://www.includehelp.com/mcq/discrete-mathematics-logic-gates-and-circuits-mcqs.aspx,
Discrete Mathematics for CS,Discrete Mathematics | Logic Gates and Circuits Multiple-Choice Questions (MCQs),An electric switch is a device that ____ current from flowing through an electric circuit.,Allows,Prevents,Both A and B,None of the above,C,An electric switch is a device that allows or prevents current from flowing through an electric circuit.,medium,web:Includehelp.com https://www.includehelp.com/mcq/discrete-mathematics-logic-gates-and-circuits-mcqs.aspx,
Discrete Mathematics for CS,Discrete Mathematics | Logic Gates and Circuits Multiple-Choice Questions (MCQs),ON means ____ and OFF means ____.,"Closed, Open","Open, Closed","Open, Open","Closed, Closed",A,ON means closed and OFF means open.,medium,web:Includehelp.com https://www.includehelp.com/mcq/discrete-mathematics-logic-gates-and-circuits-mcqs.aspx,
Discrete Mathematics for CS,Discrete Mathematics | Logic Gates and Circuits Multiple-Choice Questions (MCQs),Current will pass through the switch if it is ____.,Closed,Open,Partially Closed,None,A,The current will pass through the switch if it is closed.,medium,web:Includehelp.com https://www.includehelp.com/mcq/discrete-mathematics-logic-gates-and-circuits-mcqs.aspx,
Discrete Mathematics for CS,Discrete Mathematics | Logic Gates and Circuits Multiple-Choice Questions (MCQs),Current cannot pass through a/an ____ switch.,Closed,Open,Both A and B,None of the above,B,Current cannot pass through an open switch.,medium,web:Includehelp.com https://www.includehelp.com/mcq/discrete-mathematics-logic-gates-and-circuits-mcqs.aspx,
Discrete Mathematics for CS,Discrete Mathematics | Logic Gates and Circuits Multiple-Choice Questions (MCQs),ON is denoted by _ and OFF is denoted by _.,"0,1","1,0","0,0","1,1",B,ON is denoted by 1 and OFF is denoted by 0.,medium,web:Includehelp.com https://www.includehelp.com/mcq/discrete-mathematics-logic-gates-and-circuits-mcqs.aspx,
Discrete Mathematics for CS,Discrete Mathematics | Logic Gates and Circuits Multiple-Choice Questions (MCQs),"If ON is denoted by ___ or 1 and OFF is denoted by ____ or 0, then Boolean expressions are used to describe electrical circuits containing switches.","True, False","False, False","False, True","True, True",A,"If ON is denoted by true or 1 and OFF is denoted by False or 0, then Boolean expressions are used to describe electrical circuits containing switches.",medium,web:Includehelp.com https://www.includehelp.com/mcq/discrete-mathematics-logic-gates-and-circuits-mcqs.aspx,
Discrete Mathematics for CS,Discrete Mathematics | Logic Gates and Circuits Multiple-Choice Questions (MCQs),In how many ways switches are connected with each other?,2,3,4,5,A,Switches can be connected in 2 ways.,medium,web:Includehelp.com https://www.includehelp.com/mcq/discrete-mathematics-logic-gates-and-circuits-mcqs.aspx,
Discrete Mathematics for CS,Discrete Mathematics | Logic Gates and Circuits Multiple-Choice Questions (MCQs),Which of the following is/are the way(s) to connect switches?,Series,Parallel,Both A and B,None of the above,C,"The following are the ways to connect switches -
 Series
 Parallel",medium,web:Includehelp.com https://www.includehelp.com/mcq/discrete-mathematics-logic-gates-and-circuits-mcqs.aspx,
Discrete Mathematics for CS,Discrete Mathematics | Logic Gates and Circuits Multiple-Choice Questions (MCQs),The switches x1 and x2 are said to be connected in series if the current flows only when ____.,"Both are ON (closed), and not if any are OFF (open)",One is ON (closed) and another is OFF (open),"Both are OFF (open), and not if any are ON (closed)",None of the above,A,"The switches x1 and x2 are said to be connected in series if the current flows only when both are ON (closed), and not if any are OFF (open).",medium,web:Includehelp.com https://www.includehelp.com/mcq/discrete-mathematics-logic-gates-and-circuits-mcqs.aspx,
Discrete Mathematics for CS,Discrete Mathematics | Logic Gates and Circuits Multiple-Choice Questions (MCQs),The series connection between two switches x1 and x2 is symbolized as ____.,x1* x2,x1∧ x2,Both A and B,None of the above,C,The series connection between two switches x1 and x2 is symbolized as x1∧ x2 or x1* x2.,medium,web:Includehelp.com https://www.includehelp.com/mcq/discrete-mathematics-logic-gates-and-circuits-mcqs.aspx,
Discrete Mathematics for CS,Discrete Mathematics | Logic Gates and Circuits Multiple-Choice Questions (MCQs),The two switches x1 and x2 are said to be connected in parallel if current flows when ______.,Either switch is ON (closed) and no current flows when both switches are OFF (open),Either switch is OFF (open) and no current flows when both switches are ON (closed),One switch is ON (closed) and another switch is OFF (open),None of the above,A,The two switches x1 and x2 are said to be connected in parallel if current flows when either switch is ON (closed) and no current flows when both switches are OFF (open).,medium,web:Includehelp.com https://www.includehelp.com/mcq/discrete-mathematics-logic-gates-and-circuits-mcqs.aspx,
Discrete Mathematics for CS,Discrete Mathematics | Lattices Multiple-Choice Questions (MCQs),Axioms that lattice L holds are -,Commutative law,Associative law,Absorption law,All of the above,D,"Axioms that lattice L holds are -
 Commutative law
 Associative law
 Absorption law",medium,web:Includehelp.com https://www.includehelp.com/mcq/discrete-mathematics-lattices-mcqs.aspx,
Discrete Mathematics for CS,Discrete Mathematics | Lattices Multiple-Choice Questions (MCQs),An expression's dual is the expression that can be obtained by _____ ∧ and ∨.,Mixing,Interchanging,Adding,Removing,B,An expression's dual is the expression that can be obtained by interchanging ∧ and ∨.,medium,web:Includehelp.com https://www.includehelp.com/mcq/discrete-mathematics-lattices-mcqs.aspx,
Discrete Mathematics for CS,Discrete Mathematics | Lattices Multiple-Choice Questions (MCQs),The following identities are valid if L is a bounded lattice:,a ∨ 1 = 1,a ∧1= a,a ∨0=a,All of the above,D,"The following identities are valid if L is a bounded lattice:
 a ∨ 1 = 1
 a ∧1= a
 a ∨0=a",medium,web:Includehelp.com https://www.includehelp.com/mcq/discrete-mathematics-lattices-mcqs.aspx,
Discrete Mathematics for CS,Discrete Mathematics | Lattices Multiple-Choice Questions (MCQs),"A non-empty subset L1 of a lattice L is considered. It can be realized that L1 is a ____-lattice of L if it itself is a lattice, i.e., whenever a ∨ b ∈ L1 and a ∧ b ∈ L1 whenever a ∈ L1 and b ∈ L1.",Super,Sub,Side,None,B,"A non-empty subset L1 of a lattice L is considered. It can be realized that L1 is a sub-lattice of L if it itself is a lattice, i.e., whenever a ∨ b ∈ L1 and a ∧ b ∈ L1 whenever a ∈ L1 and b ∈ L1.",medium,web:Includehelp.com https://www.includehelp.com/mcq/discrete-mathematics-lattices-mcqs.aspx,
Discrete Mathematics for CS,Discrete Mathematics | Lattices Multiple-Choice Questions (MCQs),Two lattices L1 and L2 are called isomorphic lattices if there is a ____ from L1 to L2.,Dijection,Bijection,Rejection,None,B,Two lattices L1 and L2 are called isomorphic lattices if there is a bijection from L1 to L2.,medium,web:Includehelp.com https://www.includehelp.com/mcq/discrete-mathematics-lattices-mcqs.aspx,
Discrete Mathematics for CS,Discrete Mathematics | Lattices Multiple-Choice Questions (MCQs),"If any element a, b, or c of a lattice L satisfies the following distributive properties, it is called a distributive lattice:",a ∧ (b ∨ c) = (a ∧ b) ∨ (a ∧ c),a ∨ (b ∧ c) = (a ∨ b) ∧ (a ∨ c),Both A and B,None of the above,C,"If any element a, b, or c of a lattice L satisfies the following distributive properties, it is called a distributive lattice:
 a ∧ (b ∨ c) = (a ∧ b) ∨ (a ∧ c)
 a ∨ (b ∧ c) = (a ∨ b) ∧ (a ∨ c)",medium,web:Includehelp.com https://www.includehelp.com/mcq/discrete-mathematics-lattices-mcqs.aspx,
Discrete Mathematics for CS,Discrete Mathematics | Lattices Multiple-Choice Questions (MCQs),____ lattices are those that do not satisfy the above properties.,Non-distributive,Distributive,Associative,Non-associative,A,Non-distributive lattices are those that do not satisfy the above properties.,medium,web:Includehelp.com https://www.includehelp.com/mcq/discrete-mathematics-lattices-mcqs.aspx,
Discrete Mathematics for CS,Discrete Mathematics | Lattices Multiple-Choice Questions (MCQs),"An upper bound I and a lower bound o define a bounded lattice L. Assume that a is an element if L. In L, a complementary element x is an element within an if _____.",a ∨ x = I,a ∧ x = 0,Both A and B,None of the above,C,"An upper bound I and a lower bound o define a bounded lattice L. Assume that a is an element if L. In L, a complementary element x is an element within an if a ∨ x = I and a ∧ x = 0.",medium,web:Includehelp.com https://www.includehelp.com/mcq/discrete-mathematics-lattices-mcqs.aspx,
Discrete Mathematics for CS,Discrete Mathematics | Lattices Multiple-Choice Questions (MCQs),_____ are bounded and contain complements for each element.,Complimented lattices,Uncomplimented lattices,Conceptional,Unconceptional lattices,A,Complimented lattices are bounded and contain complements for each element.,medium,web:Includehelp.com https://www.includehelp.com/mcq/discrete-mathematics-lattices-mcqs.aspx,
Discrete Mathematics for CS,Discrete Mathematics | Lattices Multiple-Choice Questions (MCQs),"(L, b, c) is a modular lattice if a ∨ (b ∧ c) = (a ∨ b) ∧ c whenever ____.",b ≤ c,a ≤ b,a ≤ c,None,C,"(L, b, c) is a modular lattice if a ∨ (b ∧ c) = (a ∨ b) ∧ c whenever a ≤ c.",medium,web:Includehelp.com https://www.includehelp.com/mcq/discrete-mathematics-lattices-mcqs.aspx,
Discrete Mathematics for CS,Discrete Mathematics | Lattices Multiple-Choice Questions (MCQs),"(L, ∧,∨) is the ____ of lattices, where L = L1 x L2 where the binary operations (join) and (meet) on L are such that for any (a1,b1) and (a2,b2) in L.",Direct product,Indirect product,Direct sum,Indirect sum,A,"(L, ∧,∨) is the direct product of lattices, where L = L1 x L2 where the binary operations (join) and (meet) on L are such that for any (a1,b1) and (a2,b2) in L.",medium,web:Includehelp.com https://www.includehelp.com/mcq/discrete-mathematics-lattices-mcqs.aspx,
Discrete Mathematics for CS,Discrete Mathematics | Hasse Diagrams Multiple-Choice Questions (MCQs),Hasse diagram is also called -,Ordered Diagram,Unordered Diagram,Partial Ordered Diagram,Partial Unordered Diagram,A,Hasse diagram is also called an ordered diagram.,medium,web:Includehelp.com https://www.includehelp.com/mcq/discrete-mathematics-hasse-diagrams-mcqs.aspx,
Discrete Mathematics for CS,Discrete Mathematics | Hasse Diagrams Multiple-Choice Questions (MCQs),Creating an equivalent Hasse diagram from a _____ graph of a relation on a set A is very straightforward.,Undirected,Directed,Partial undirected,Partial directed,B,Creating an equivalent Hasse diagram from a directed graph of a relation on a set A is very straightforward.,medium,web:Includehelp.com https://www.includehelp.com/mcq/discrete-mathematics-hasse-diagrams-mcqs.aspx,
Discrete Mathematics for CS,Discrete Mathematics | Hasse Diagrams Multiple-Choice Questions (MCQs),"Instead of circles, Hasse diagrams have _____ that represent vertices.",Nodes,Points,Squares,Subpoints,B,"Instead of circles, Hasse diagrams have points that represent vertices.",medium,web:Includehelp.com https://www.includehelp.com/mcq/discrete-mathematics-hasse-diagrams-mcqs.aspx,
Discrete Mathematics for CS,Discrete Mathematics | Hasse Diagrams Multiple-Choice Questions (MCQs),"Due to the _____ nature of partial orders, in Hasse diagrams, edges between vertices are deleted.",Transitive,Reflexive,Associative,Distributive,B,"Due to the reflexive nature of partial orders, in Hasse diagrams, edges between vertices are deleted.",medium,web:Includehelp.com https://www.includehelp.com/mcq/discrete-mathematics-hasse-diagrams-mcqs.aspx,
Discrete Mathematics for CS,Discrete Mathematics | Hasse Diagrams Multiple-Choice Questions (MCQs),"Since partial orders are ____, we have aRc in the case of aRb, bRc.",Transitive,Reflexive,Distributive,Associative,A,"Since partial orders are transitive, we have aRc in the case of aRb, bRc.",medium,web:Includehelp.com https://www.includehelp.com/mcq/discrete-mathematics-hasse-diagrams-mcqs.aspx,
Discrete Mathematics for CS,Discrete Mathematics | Hasse Diagrams Multiple-Choice Questions (MCQs),"In Hasse diagrams, remove the ____ implied by the transitive property, i.e., delete the edge from a to c while keeping the other two edges.",Vertices,Edges,Lines,Directed lines,B,"In Hasse diagrams, remove the edges implied by the transitive property, i.e., delete the edge from a to c while keeping the other two edges.",medium,web:Includehelp.com https://www.includehelp.com/mcq/discrete-mathematics-hasse-diagrams-mcqs.aspx,
Discrete Mathematics for CS,Discrete Mathematics | Hasse Diagrams Multiple-Choice Questions (MCQs),"The vertex 'b' appears above vertices 'a' if they are connected by an edge, e.g., ___.",aRa,aRb,bRb,None,B,"The vertex 'b' appears above vertices 'a' if they are connected by an edge, e.g., aRb.",medium,web:Includehelp.com https://www.includehelp.com/mcq/discrete-mathematics-hasse-diagrams-mcqs.aspx,
Discrete Mathematics for CS,Discrete Mathematics | Hasse Diagrams Multiple-Choice Questions (MCQs),"In the Hasse diagram, the arrow may be _____ from the edges.",Replaced,Omitted,Added,None of the above,B,"In the Hasse diagram, the arrow may be omitted from the edges.",medium,web:Includehelp.com https://www.includehelp.com/mcq/discrete-mathematics-hasse-diagrams-mcqs.aspx,
Discrete Mathematics for CS,Discrete Mathematics | Hasse Diagrams Multiple-Choice Questions (MCQs),A subset of a partially ordered set A will be called an upper bound of B if ____ for every y ∈ B.,y ≤ x,x ≤ y,y ≤ R,x ≤ R,A,A subset of a partially ordered set A will be called an upper bound of B if y ≤ x for every y ∈ B.,medium,web:Includehelp.com https://www.includehelp.com/mcq/discrete-mathematics-hasse-diagrams-mcqs.aspx,
Discrete Mathematics for CS,Discrete Mathematics | Hasse Diagrams Multiple-Choice Questions (MCQs),"When B is a subset of a partially ordered set A, an element z is referred to as a ____ bound of B.",Upper,Lower,Side,Inner,B,"When B is a subset of a partially ordered set A, an element z is referred to as a lower bound of B.",medium,web:Includehelp.com https://www.includehelp.com/mcq/discrete-mathematics-hasse-diagrams-mcqs.aspx,
Discrete Mathematics for CS,Discrete Mathematics | Hasse Diagrams Multiple-Choice Questions (MCQs),"In S, M is called an upper bound of A if it succeeds all elements of A, i.e., if x in A ___ M, then M is said to be an upper bound of A.",Is equal to,Is less than,Is greater than,None of the above,A,"In S, M is called an upper bound of A if it succeeds all elements of A, i.e., if x in A is equal to M, then M is said to be an upper bound of A.",medium,web:Includehelp.com https://www.includehelp.com/mcq/discrete-mathematics-hasse-diagrams-mcqs.aspx,
Discrete Mathematics for CS,Discrete Mathematics | Hasse Diagrams Multiple-Choice Questions (MCQs),____ (A) indicates an upper bound of A that precedes all other upper bounds of A.,Sup,Inf,Sub,Super,A,Sup (A) indicates an upper bound of A that precedes all other upper bounds of A.,medium,web:Includehelp.com https://www.includehelp.com/mcq/discrete-mathematics-hasse-diagrams-mcqs.aspx,
Discrete Mathematics for CS,Discrete Mathematics | Hasse Diagrams Multiple-Choice Questions (MCQs),"Lower bounds for a subset A of S are defined as elements m in S preceding every element in A, i.e., if, for every y in A, _____.",m<=y,m>=y,m<=A,m<=S,A,"Lower bounds for a subset A of S are defined as elements m in S preceding every element in A, i.e., if, for every y in A, m<=y.",medium,web:Includehelp.com https://www.includehelp.com/mcq/discrete-mathematics-hasse-diagrams-mcqs.aspx,
Discrete Mathematics for CS,Discrete Mathematics | Hasse Diagrams Multiple-Choice Questions (MCQs),A lower bound is called the ____ of A if it exceeds all lower bounds of A.,Supremum,Infimum,Side Upper,Side Lower,B,A lower bound is called the infimum of A if it exceeds all lower bounds of A.,medium,web:Includehelp.com https://www.includehelp.com/mcq/discrete-mathematics-hasse-diagrams-mcqs.aspx,
