subject,topic,question,option_a,option_b,option_c,option_d,correct_letter,explanation,difficulty,source,tags
Data Structures,introduction to data structures,What is a data structure?,A collection of data values,A programming language,A set of algorithms,A way of organizing and storing data,D,,medium,web:Examveda.com https://www.examveda.com/data-structure/practice-mcq-question-on-introduction-to-data-structures/,
Data Structures,introduction to data structures,Which of the following is a linear data structure?,Graph,Tree,Array,Hash Table,C,,medium,web:Examveda.com https://www.examveda.com/data-structure/practice-mcq-question-on-introduction-to-data-structures/,
Data Structures,introduction to data structures,Which data structure uses LIFO order?,Queue,Stack,Array,Linked List,B,,medium,web:Examveda.com https://www.examveda.com/data-structure/practice-mcq-question-on-introduction-to-data-structures/,
Data Structures,introduction to data structures,Which data structure uses FIFO order?,Stack,Graph,Queue,Tree,C,,medium,web:Examveda.com https://www.examveda.com/data-structure/practice-mcq-question-on-introduction-to-data-structures/,
Data Structures,introduction to data structures,Which of the following is not a data structure?,Linked List,Array,Binary Tree,None of the above,D,,medium,web:Examveda.com https://www.examveda.com/data-structure/practice-mcq-question-on-introduction-to-data-structures/,
Data Structures,introduction to data structures,Which data structure is used to implement recursion?,Array,Stack,Queue,Linked List,B,,medium,web:Examveda.com https://www.examveda.com/data-structure/practice-mcq-question-on-introduction-to-data-structures/,
Data Structures,introduction to data structures,Which of the following data structures allows random access?,Linked List,Array,Stack,Queue,B,,medium,web:Examveda.com https://www.examveda.com/data-structure/practice-mcq-question-on-introduction-to-data-structures/,
Data Structures,introduction to data structures,What is the time complexity of accessing an element in an array?,O(n),O(1),O(log n),O(n log n),B,,medium,web:Examveda.com https://www.examveda.com/data-structure/practice-mcq-question-on-introduction-to-data-structures/,
Data Structures,introduction to data structures,Which data structure is used for breadth-first search (BFS)?,Stack,Queue,Array,Linked List,B,,medium,web:Examveda.com https://www.examveda.com/data-structure/practice-mcq-question-on-introduction-to-data-structures/,
Data Structures,introduction to data structures,Which data structure is used for depth-first search (DFS)?,Stack,Queue,Array,Tree,A,,medium,web:Examveda.com https://www.examveda.com/data-structure/practice-mcq-question-on-introduction-to-data-structures/,
Data Structures,introduction to data structures,What is a linked list?,A collection of elements stored at contiguous memory locations,A linear collection of data elements,A hierarchical structure of data,"A collection of nodes, each pointing to the next node",D,,medium,web:Examveda.com https://www.examveda.com/data-structure/practice-mcq-question-on-introduction-to-data-structures/?page=2,
Data Structures,introduction to data structures,Which of the following operations is faster in a linked list?,Insertion at the beginning,Accessing an element by index,Searching an element,Deleting an element by value,A,,medium,web:Examveda.com https://www.examveda.com/data-structure/practice-mcq-question-on-introduction-to-data-structures/?page=2,
Data Structures,introduction to data structures,What does ADT stand for?,Abstract Data Type,Abstract Data Tree,Algorithmic Data Type,Advanced Data Type,A,,medium,web:Examveda.com https://www.examveda.com/data-structure/practice-mcq-question-on-introduction-to-data-structures/?page=2,
Data Structures,introduction to data structures,Which of the following is a non-linear data structure?,Stack,Linked List,Graph,Array,C,,medium,web:Examveda.com https://www.examveda.com/data-structure/practice-mcq-question-on-introduction-to-data-structures/?page=2,
Data Structures,introduction to data structures,What is the primary advantage of using a linked list over an array?,Constant time access to elements,Dynamic size,Simple memory allocation,None of the above,B,,medium,web:Examveda.com https://www.examveda.com/data-structure/practice-mcq-question-on-introduction-to-data-structures/?page=2,
Data Structures,introduction to data structures,Which data structure is used in a depth-first traversal of a graph?,Stack,Queue,Array,Linked List,A,,medium,web:Examveda.com https://www.examveda.com/data-structure/practice-mcq-question-on-introduction-to-data-structures/?page=2,
Data Structures,introduction to data structures,What type of data structure is a stack?,FIFO,LIFO,Random Access,Priority Queue,B,,medium,web:Examveda.com https://www.examveda.com/data-structure/practice-mcq-question-on-introduction-to-data-structures/?page=2,
Data Structures,introduction to data structures,Which data structure can be used to implement a queue?,Stack,Linked List,Tree,Hash Table,B,,medium,web:Examveda.com https://www.examveda.com/data-structure/practice-mcq-question-on-introduction-to-data-structures/?page=2,
Data Structures,introduction to data structures,In which data structure do elements have a hierarchical relationship?,Array,Linked List,Graph,Tree,D,,medium,web:Examveda.com https://www.examveda.com/data-structure/practice-mcq-question-on-introduction-to-data-structures/?page=2,
Data Structures,introduction to data structures,What is the main advantage of a hash table over a linked list?,Faster search,Easier to implement,Lower memory usage,Simpler insertion,A,,medium,web:Examveda.com https://www.examveda.com/data-structure/practice-mcq-question-on-introduction-to-data-structures/?page=2,
Data Structures,introduction to data structures,Which data structure is best for implementing a priority queue?,Stack,Linked List,Heap,Queue,C,,medium,web:Examveda.com https://www.examveda.com/data-structure/practice-mcq-question-on-introduction-to-data-structures/?page=3,
Data Structures,introduction to data structures,What is the primary operation of a stack?,Enqueue,Dequeue,Push,Traverse,C,,medium,web:Examveda.com https://www.examveda.com/data-structure/practice-mcq-question-on-introduction-to-data-structures/?page=3,
Data Structures,introduction to data structures,What is the main characteristic of a circular queue?,It has a fixed size,It uses a linked list,The last position is connected to the first position,It can grow dynamically,C,,medium,web:Examveda.com https://www.examveda.com/data-structure/practice-mcq-question-on-introduction-to-data-structures/?page=3,
Data Structures,introduction to data structures,Which of the following is true about a doubly linked list?,Each node has two pointers,It is a type of tree,It can be traversed in one direction only,It has a circular structure,A,,medium,web:Examveda.com https://www.examveda.com/data-structure/practice-mcq-question-on-introduction-to-data-structures/?page=3,
Data Structures,introduction to data structures,What is the best case time complexity for binary search?,O(n),O(log n),O(n log n),O(1),D,"Binary search is an efficient algorithm to find an element in a sorted array by repeatedly dividing the search interval in half. 
The best case time complexity occurs when the target element is found at the very first comparison, which is at the middle of the array. 
In this best case scenario, the element is located immediately, so only one comparison is needed. 
Therefore, the best case time complexity of binary search is O(1), which means constant time. 
Other cases: 
- The average and worst case time complexities of binary search are O(log n), where n is the number of elements in the array. 
Hence, the correct answer is Option D: O(1).",medium,web:Examveda.com https://www.examveda.com/data-structure/practice-mcq-question-on-introduction-to-data-structures/?page=3,
Data Structures,introduction to data structures,Which data structure is used to evaluate expressions in postfix form?,Stack,Queue,Array,Tree,A,,medium,web:Examveda.com https://www.examveda.com/data-structure/practice-mcq-question-on-introduction-to-data-structures/?page=3,
Data Structures,introduction to data structures,What is the worst-case time complexity of linear search?,O(n),O(log n),O(n log n),O(1),A,,medium,web:Examveda.com https://www.examveda.com/data-structure/practice-mcq-question-on-introduction-to-data-structures/?page=3,
Data Structures,introduction to data structures,Which of the following is an application of a stack?,Page replacement in operating systems,Undo mechanism in text editors,Resource scheduling,Pathfinding algorithms,B,,medium,web:Examveda.com https://www.examveda.com/data-structure/practice-mcq-question-on-introduction-to-data-structures/?page=3,
Data Structures,introduction to data structures,What is the term for accessing elements of a data structure in a specific order?,Traversal,Insertion,Deletion,Searching,A,,medium,web:Examveda.com https://www.examveda.com/data-structure/practice-mcq-question-on-introduction-to-data-structures/?page=3,
Data Structures,introduction to data structures,Which data structure is used for implementing recursion?,Array,Queue,Stack,Linked List,C,,medium,web:Examveda.com https://www.examveda.com/data-structure/practice-mcq-question-on-introduction-to-data-structures/?page=3,
Data Structures,introduction to data structures,Which of the following data structures is used in implementing LRU cache?,Stack,Linked List,Queue,Hash Table,B,,medium,web:Examveda.com https://www.examveda.com/data-structure/practice-mcq-question-on-introduction-to-data-structures/?page=4,
Data Structures,introduction to data structures,What is the time complexity of inserting an element at the end of an array?,O(1),O(n),O(log n),O(n log n),A,,medium,web:Examveda.com https://www.examveda.com/data-structure/practice-mcq-question-on-introduction-to-data-structures/?page=4,
Data Structures,introduction to data structures,Which data structure is most suitable for implementing undo functionality?,Queue,Stack,Array,Hash Table,B,,medium,web:Examveda.com https://www.examveda.com/data-structure/practice-mcq-question-on-introduction-to-data-structures/?page=4,
Data Structures,introduction to data structures,Which of the following is a self-adjusting data structure?,Stack,Queue,Linked List,Splay Tree,D,,medium,web:Examveda.com https://www.examveda.com/data-structure/practice-mcq-question-on-introduction-to-data-structures/?page=4,
Data Structures,introduction to data structures,Which data structure is used in a breadth-first traversal of a graph?,Stack,Queue,Array,Linked List,B,,medium,web:Examveda.com https://www.examveda.com/data-structure/practice-mcq-question-on-introduction-to-data-structures/?page=4,
Data Structures,introduction to data structures,Which of the following is not a characteristic of a linked list?,Dynamic size,Memory usage is more than arrays,Fast random access,Insertion and deletion are easier,C,,medium,web:Examveda.com https://www.examveda.com/data-structure/practice-mcq-question-on-introduction-to-data-structures/?page=4,
Data Structures,introduction to data structures,What is the primary disadvantage of a linked list compared to an array?,Fixed size,Dynamic size,Slow access to elements by index,Simplified memory allocation,C,,medium,web:Examveda.com https://www.examveda.com/data-structure/practice-mcq-question-on-introduction-to-data-structures/?page=4,
Data Structures,introduction to data structures,Which data structure is used to implement a priority queue?,Stack,Queue,Heap,Linked List,C,,medium,web:Examveda.com https://www.examveda.com/data-structure/practice-mcq-question-on-introduction-to-data-structures/?page=4,
Data Structures,introduction to data structures,Which operation is not performed on a queue?,Enqueue,Dequeue,Peek,Push,D,,medium,web:Examveda.com https://www.examveda.com/data-structure/practice-mcq-question-on-introduction-to-data-structures/?page=4,
Data Structures,introduction to data structures,Which of the following data structures can be used to implement a deque?,Stack,Queue,Array,Linked List,D,,medium,web:Examveda.com https://www.examveda.com/data-structure/practice-mcq-question-on-introduction-to-data-structures/?page=4,
Data Structures,introduction to data structures,What is the primary characteristic of a stack?,FIFO,LIFO,Random Access,Priority Queue,B,,medium,web:Examveda.com https://www.examveda.com/data-structure/practice-mcq-question-on-introduction-to-data-structures/?page=5,
Data Structures,introduction to data structures,What is the average-case time complexity of binary search?,O(n),O(log n),O(n log n),O(1),B,,medium,web:Examveda.com https://www.examveda.com/data-structure/practice-mcq-question-on-introduction-to-data-structures/?page=5,
Data Structures,introduction to data structures,Which of the following data structures does not allow duplicates?,Array,Set,List,Linked List,B,,medium,web:Examveda.com https://www.examveda.com/data-structure/practice-mcq-question-on-introduction-to-data-structures/?page=5,
Data Structures,introduction to data structures,Which of the following is a disadvantage of an array over a linked list?,Fixed size,Dynamic size,Slow access to elements by index,Easier memory allocation,A,,medium,web:Examveda.com https://www.examveda.com/data-structure/practice-mcq-question-on-introduction-to-data-structures/?page=5,
Data Structures,introduction to data structures,Which data structure is used to check for balanced parentheses in an expression?,Stack,Queue,Array,Tree,A,,medium,web:Examveda.com https://www.examveda.com/data-structure/practice-mcq-question-on-introduction-to-data-structures/?page=5,
Data Structures,introduction to data structures,Which of the following is not an application of priority queue?,Huffman codes,Interrupt handling in operating system,Undo operation in text editors,Bayesian spam filter,C,,medium,web:Examveda.com https://www.examveda.com/data-structure/practice-mcq-question-on-introduction-to-data-structures/?page=5,
Data Structures,introduction to data structures,"Making the push operation costly, select the code snippet which implements the pop operation.","public void pop()
{
 if(q1.size()>0)
 {
 q2.poll();
 }
 else if(q2.size()>0)
 {
 q1.poll();
 }
}","public void pop()
{
 if(q1.size()>0)
 {
 q1.poll();
 }
 else if(q2.size()>0)
 {
 q2.poll();
 }
}","public void pop()
{
 q1.poll();
 q2.poll();
}","public void pop()
{
 if(q2.size()>0)
 {
 q1.poll();
 }
 else
 {
 q2.poll();
 }
}",B,,medium,web:Examveda.com https://www.examveda.com/data-structure/practice-mcq-question-on-introduction-to-data-structures/?page=5,
Data Structures,introduction to data structures,"What does the following Java code do? 
public Object function()
{
 if(isEmpty())
 return -999;
 else
 {
 Object high;
 high = q[front];
 return high;
 }
}",Dequeue,Enqueue,Return the front element,Return the last element,C,,medium,web:Examveda.com https://www.examveda.com/data-structure/practice-mcq-question-on-introduction-to-data-structures/?page=5,
Data Structures,introduction to data structures,What is not a disadvantage of priority scheduling in operating systems?,A low priority process might have to wait indefinitely for the CPU,"If the system crashes, the low priority systems may be lost permanently",Interrupt handling,Indefinite blocking,C,,medium,web:Examveda.com https://www.examveda.com/data-structure/practice-mcq-question-on-introduction-to-data-structures/?page=5,
Data Structures,introduction to data structures,What is a dequeue?,A queue with insert/delete defined for both front and rear ends of the queue,A queue implemented with a doubly linked list,A queue implemented with both singly and doubly linked lists,A queue with insert/delete defined for front side of the queue,A,,medium,web:Examveda.com https://www.examveda.com/data-structure/practice-mcq-question-on-introduction-to-data-structures/?page=5,
Data Structures,introduction to data structures,"Entries in a stack are ""ordered"". What is the meaning of this statement?",A collection of stacks is sortable,Stack entries may be compared with the '<' operation,The entries are stored in a linked list,There is a Sequential entry that is one by one,D,,medium,web:Examveda.com https://www.examveda.com/data-structure/practice-mcq-question-on-introduction-to-data-structures/?page=6,
Data Structures,introduction to data structures,"In linked list implementation of a queue, from where is the item deleted?",At the head of link list,At the centre position in the link list,At the tail of the link list,Node before the tail,A,,medium,web:Examveda.com https://www.examveda.com/data-structure/practice-mcq-question-on-introduction-to-data-structures/?page=6,
Data Structures,introduction to data structures,What is the space complexity for deleting a linked list?,O(1),O(n),Either O(1) or O(n),O(logn),A,,medium,web:Examveda.com https://www.examveda.com/data-structure/practice-mcq-question-on-introduction-to-data-structures/?page=6,
Data Structures,introduction to data structures,Which of the following is not the type of queue?,Ordinary queue,Single ended queue,Circular queue,Priority queue,B,,medium,web:Examveda.com https://www.examveda.com/data-structure/practice-mcq-question-on-introduction-to-data-structures/?page=6,
Data Structures,introduction to data structures,"What is the functionality of the following piece of code? 
public Object delete_key() 
{
 if(count == 0)
 {
 System.out.println(""Q is empty"");
 System.exit(0);
 }
 else
 {
 Node cur = head.getNext();
 Node dup = cur.getNext();
 Object e = cur.getEle();
 head.setNext(dup);
 count--;
 return e;
 }
}",Delete the second element in the list,Return but not delete the second element in the list,Delete the first element in the list,Return but not delete the first element in the list,C,,medium,web:Examveda.com https://www.examveda.com/data-structure/practice-mcq-question-on-introduction-to-data-structures/?page=6,
Data Structures,introduction to data structures,Consider a small circular linked list. How to detect the presence of cycles in this list effectively?,Keep one node as head and traverse another temp node till the end to check if its 'next points to head,Have fast and slow pointers with the fast pointer advancing two nodes at a time and slow pointer advancing by one node at a time,"Cannot determine, you have to pre-define if the list contains cycles",Circular linked list itself represents a cycle. So no new cycles cannot be generated,B,,medium,web:Examveda.com https://www.examveda.com/data-structure/practice-mcq-question-on-introduction-to-data-structures/?page=6,
Data Structures,introduction to data structures,"If the elements ""A"", ""B"", ""C"" and ""D"" are placed in a stack and are deleted one at a time, what is the order of removal?",ABCD,DCBA,DCAB,ABDC,B,,medium,web:Examveda.com https://www.examveda.com/data-structure/practice-mcq-question-on-introduction-to-data-structures/?page=6,
Data Structures,introduction to data structures,Which of the following sorting algorithms can be used to sort a random linked list with minimum time complexity?,Insertion Sort,Quick Sort,Heap Sort,Merge Sort,D,,medium,web:Examveda.com https://www.examveda.com/data-structure/practice-mcq-question-on-introduction-to-data-structures/?page=6,
Data Structures,introduction to data structures,"What kind of linked list is best to answer questions like ""What is the item at position n?""",Singly linked list,Doubly linked list,Circular linked list,Array implementation of linked list,D,,medium,web:Examveda.com https://www.examveda.com/data-structure/practice-mcq-question-on-introduction-to-data-structures/?page=6,
Data Structures,introduction to data structures,What is the time complexity of inserting at the end in dynamic arrays?,O(1),O(n),O(logn),Either O(1) or O(n),D,,medium,web:Examveda.com https://www.examveda.com/data-structure/practice-mcq-question-on-introduction-to-data-structures/?page=6,
Data Structures,introduction to data structures,Which of the following is not an advantage of a priority queue?,Easy to implement,Processes with different priority can be efficiently handled,Applications with differing requirements,Easy to delete elements in any case,D,,medium,web:Examveda.com https://www.examveda.com/data-structure/practice-mcq-question-on-introduction-to-data-structures/?page=7,
Data Structures,introduction to data structures,"You have two jars, one jar which has 10 rings and the other has none. They are placed one above the other. You want to remove the last ring in the jar. And the second jar is weak and cannot be used to store rings for a long time.",Empty the first jar by removing it one by one from the first jar and placing it into the second jar,Empty the first jar by removing it one by one from the first jar and placing it into the second jar and empty the second jar by placing all the rings into the first jar one by one,There exists no possible way to do this,Break the jar and remove the last one,B,,medium,web:Examveda.com https://www.examveda.com/data-structure/practice-mcq-question-on-introduction-to-data-structures/?page=7,
Data Structures,introduction to data structures,The essential condition which is checked before deletion in a linked queue is?,Underflow,Overflow,Front value,Rear value,A,,medium,web:Examveda.com https://www.examveda.com/data-structure/practice-mcq-question-on-introduction-to-data-structures/?page=7,
Data Structures,introduction to data structures,"If the elements ""A"", ""B"", ""C"" and ""D"" are placed in a queue and are deleted one at a time, in what order will they be removed?",ABCD,DCBA,DCAB,ABDC,A,,medium,web:Examveda.com https://www.examveda.com/data-structure/practice-mcq-question-on-introduction-to-data-structures/?page=7,
Data Structures,introduction to data structures,You are asked to perform a queue operation using a stack. Assume the size of the stack is some value 'n' and there are 'm' number of variables in this stack. The time complexity of performing deQueue operation is (Using only stack operations like push and pop)(Tightly bound).,O(m),O(n),O(m*n),Data is insufficient,A,,medium,web:Examveda.com https://www.examveda.com/data-structure/practice-mcq-question-on-introduction-to-data-structures/?page=7,
Data Structures,introduction to data structures,Linked list data structure offers considerable saving in . . . . . . . .,Computational Time,Space Utilization,Space Utilization and Computational Time,Speed Utilization,C,,medium,web:Examveda.com https://www.examveda.com/data-structure/practice-mcq-question-on-introduction-to-data-structures/?page=7,
Data Structures,introduction to data structures,"Consider these functions: 
push() : push an element into the stack 
pop() : pop the top-of-the-stack element 
top() : returns the item stored in top-of-the-stack-node 
What will be the output after performing these sequence of operations. 
push(20);
push(4);
top();
pop();
pop();
push(5);
top();",20,4,stack underflow,5,D,,medium,web:Examveda.com https://www.examveda.com/data-structure/practice-mcq-question-on-introduction-to-data-structures/?page=7,
Data Structures,introduction to data structures,What is the space complexity of a linear queue having n elements?,O(n),O(nlogn),O(logn),O(1),A,,medium,web:Examveda.com https://www.examveda.com/data-structure/practice-mcq-question-on-introduction-to-data-structures/?page=7,
Data Structures,introduction to data structures,"What is the functionality of the following piece of code? 
public int function(int data)
{
 Node temp = head;
 int var = 0;
 while(temp != null)
 {
 if(temp.getData() == data)
 {
 return var;
 }
 var = var+1;
 temp = temp.getNext();
 }
 return Integer.MIN_VALUE;
}",Find and delete a given element in the list,Find and return the given element in the list,Find and return the position of the given element in the list,Find and insert a new element in the list,C,,medium,web:Examveda.com https://www.examveda.com/data-structure/practice-mcq-question-on-introduction-to-data-structures/?page=7,
Data Structures,introduction to data structures,What is the time complexity of enqueue operation?,O(logn),O(nlogn),O(n),O(1),D,,medium,web:Examveda.com https://www.examveda.com/data-structure/practice-mcq-question-on-introduction-to-data-structures/?page=7,
Data Structures,introduction to data structures,"What is the functionality of the following piece of Java code? 
Assume: 'a' is a non empty array of integers, the Stack class creates an array of specified size and provides a top pointer indicating TOS(top of stack), push and pop have normal meaning. 
public void some_function(int[] a)
{
 Stack S=new Stack(a.length);
 int[] b=new int[a.length];
 for(int i=0;i<a.length;i++)
 {
 S.push(a[i]);
 }
 for(int i=0;i<a.length;i++)
 {
 b[i]=(int)(S.pop());
 }
 System.out.println(""output :"");
 for(int i=0;i<b.length;i++)
 {
 System.out.println(b[i]);
 }
}",print alternate elements of array,duplicate the given array,parentheses matching,reverse the array,D,,medium,web:Examveda.com https://www.examveda.com/data-structure/practice-mcq-question-on-introduction-to-data-structures/?page=8,
Data Structures,introduction to data structures,"Select the code snippet which return true if the stack is empty, false otherwise.","public boolean empty()
{
 return q2.isEmpty();
}","public boolean empty() 
{
 return q1.isEmpty() || q2.isEmpty();
}","public boolean empty() 
{
 return q1.isEmpty();
}","public boolean empty() 
{
 return q1.isEmpty() & q2.isEmpty();
}",B,,medium,web:Examveda.com https://www.examveda.com/data-structure/practice-mcq-question-on-introduction-to-data-structures/?page=8,
Data Structures,introduction to data structures,What is the time complexity to insert a node based on key in a priority queue?,O(nlogn),O(logn),O(n),O(n2),C,,medium,web:Examveda.com https://www.examveda.com/data-structure/practice-mcq-question-on-introduction-to-data-structures/?page=8,
Data Structures,introduction to data structures,What happens when you pop from an empty stack while implementing using the Stack ADT in Java?,Undefined error,Compiler displays a warning,EmptyStackException is thrown,NoStackException is thrown,C,,medium,web:Examveda.com https://www.examveda.com/data-structure/practice-mcq-question-on-introduction-to-data-structures/?page=8,
Data Structures,introduction to data structures,"What would be the asymptotic time complexity to add a node at the end of singly linked list, if the pointer is initially pointing to the head of the list?",O(1),O(n),θ(n),Both O(n) and θ(n),D,,medium,web:Examveda.com https://www.examveda.com/data-structure/practice-mcq-question-on-introduction-to-data-structures/?page=8,
Data Structures,introduction to data structures,The data structure required to check whether an expression contains a balanced parenthesis is?,Stack,Queue,Array,Tree,A,,medium,web:Examveda.com https://www.examveda.com/data-structure/practice-mcq-question-on-introduction-to-data-structures/?page=8,
Data Structures,introduction to data structures,Which of these best describes an array?,A data structure that shows a hierarchical behavior,Container of objects of similar types,Arrays are immutable once initialised,Array is not a data structure,B,,medium,web:Examveda.com https://www.examveda.com/data-structure/practice-mcq-question-on-introduction-to-data-structures/?page=8,
Data Structures,introduction to data structures,Given only a single array of size 10 and no other memory is available. Which of the following operation is not feasible to implement (Given only push and pop operation)?,Push,Pop,Enqueue,Returntop,C,,medium,web:Examveda.com https://www.examveda.com/data-structure/practice-mcq-question-on-introduction-to-data-structures/?page=8,
Data Structures,introduction to data structures,"In the worst case, the number of comparisons needed to search a singly linked list of length n for a given element is?",log 2 n,n/2,log 2 n - 1,n,D,,medium,web:Examveda.com https://www.examveda.com/data-structure/practice-mcq-question-on-introduction-to-data-structures/?page=8,
Data Structures,introduction to data structures,Which of the following is false about a doubly linked list?,We can navigate in both the directions,It requires more space than a singly linked list,The insertion and deletion of a node take a bit longer,Implementing a doubly linked list is easier than singly linked list,D,,medium,web:Examveda.com https://www.examveda.com/data-structure/practice-mcq-question-on-introduction-to-data-structures/?page=8,
Data Structures,introduction to data structures,"Consider the following operation performed on a stack of size 5. 
Push(1);
Pop();
Push(2);
Push(3);
Pop();
Push(4);
Pop();
Pop();
Push(5);
After the completion of all operation, the number of elements present in stack is?",1,2,3,4,A,,medium,web:Examveda.com https://www.examveda.com/data-structure/practice-mcq-question-on-introduction-to-data-structures/?page=9,
Data Structures,introduction to data structures,The prefix form of an infix expression (p + q) - (r * t) is?,+ pq - *rt,- +pqr * t,- +pq * rt,- + * pqrt,C,,medium,web:Examveda.com https://www.examveda.com/data-structure/practice-mcq-question-on-introduction-to-data-structures/?page=9,
Data Structures,introduction to data structures,"What is the functionality of the following code? 
public void function(Node node)
{
 if(size == 0)
 head = node;
 else
 {
 Node temp,cur;
 for(cur = head; (temp = cur.getNext())!=null; cur = temp);
 cur.setNext(node);
 }
 size++;
}",Inserting a node at the beginning of the list,Deleting a node at the beginning of the list,Inserting a node at the end of the list,Deleting a node at the end of the list,C,,medium,web:Examveda.com https://www.examveda.com/data-structure/practice-mcq-question-on-introduction-to-data-structures/?page=9,
Data Structures,introduction to data structures,"In Linked List implementation, a node carries information regarding . . . . . . . .",Data,Link,Data and Link,Node,C,,medium,web:Examveda.com https://www.examveda.com/data-structure/practice-mcq-question-on-introduction-to-data-structures/?page=9,
Data Structures,introduction to data structures,What are the disadvantages of arrays?,Data structure like queue or stack cannot be implemented,There are chances of wastage of memory space if elements inserted in an array are lesser than the allocated size,Index value of an array can be negative,Elements are sequentially accessed,B,,medium,web:Examveda.com https://www.examveda.com/data-structure/practice-mcq-question-on-introduction-to-data-structures/?page=9,
Data Structures,introduction to data structures,What is the term for inserting into a full queue known as?,overflow,underflow,null pointer exception,program won't be compiled,A,,medium,web:Examveda.com https://www.examveda.com/data-structure/practice-mcq-question-on-introduction-to-data-structures/?page=9,
Data Structures,introduction to data structures,"In linked list implementation of a queue, front and rear pointers are tracked. Which of these pointers will change during an insertion into a NONEMPTY queue?",Only front pointer,Only rear pointer,Both front and rear pointer,No pointer will be changed,B,,medium,web:Examveda.com https://www.examveda.com/data-structure/practice-mcq-question-on-introduction-to-data-structures/?page=9,
Data Structures,introduction to data structures,"In linked list implementation of a queue, where does a new element be inserted?",At the head of link list,At the centre position in the link list,At the tail of the link list,At any position in the linked list,C,,medium,web:Examveda.com https://www.examveda.com/data-structure/practice-mcq-question-on-introduction-to-data-structures/?page=9,
Data Structures,introduction to data structures,"The following function reverse() is supposed to reverse a singly linked list. There is one line missing at the end of the function. 
/* Link list node */
struct node
{
 int data;
 struct node* next;
};
 
/* head_ref is a double pointer which points to head (or start) pointer 
 of linked list */
static void reverse(struct node** head_ref)
{
 struct node* prev = NULL;
 struct node* current = *head_ref;
 struct node* next;
 while (current != NULL)
 {
 next = current->next; 
 current->next = prev; 
 prev = current;
 current = next;
 }
 /*ADD A STATEMENT HERE*/
} 
What should be added in place of ""/*ADD A STATEMENT HERE*/"", so that the function correctly reverses a linked list.",*head_ref = prev;,*head_ref = current;,*head_ref = next;,*head_ref = NULL;,A,,medium,web:Examveda.com https://www.examveda.com/data-structure/practice-mcq-question-on-introduction-to-data-structures/?page=9,
Data Structures,introduction to data structures,What is the value of the postfix expression 6 3 2 4 + - *?,1,40,74,-18,D,,medium,web:Examveda.com https://www.examveda.com/data-structure/practice-mcq-question-on-introduction-to-data-structures/?page=9,
Data Structures,introduction to data structures,"What is the functionality of the following piece of code? 
public void function(Object item)
{
 Node temp=new Node(item,trail);
 if(isEmpty())
 {
 head.setNext(temp);
 temp.setNext(trail);
 }
 else
 {
 Node cur=head.getNext();
 while(cur.getNext()!=trail)
 {
 cur=cur.getNext();
 }
 cur.setNext(temp);
 }
 size++;
}",Insert at the front end of the dequeue,Insert at the rear end of the dequeue,Fetch the element at the rear end of the dequeue,Fetch the element at the front end of the dequeue,B,,medium,web:Examveda.com https://www.examveda.com/data-structure/practice-mcq-question-on-introduction-to-data-structures/?page=10,
Data Structures,introduction to data structures,What is the time complexity to insert a node based on position in a priority queue?,O(nlogn),O(logn),O(n),O(n2),C,,medium,web:Examveda.com https://www.examveda.com/data-structure/practice-mcq-question-on-introduction-to-data-structures/?page=10,
Data Structures,introduction to data structures,"In general, the index of the first element in an array is . . . . . . . .",0,-1,2,1,A,,medium,web:Examveda.com https://www.examveda.com/data-structure/practice-mcq-question-on-introduction-to-data-structures/?page=10,
Data Structures,introduction to data structures,The postfix form of A*B+C/D is?,*AB/CD+,AB*CD/+,A*BC+/D,ABCD+/*,B,,medium,web:Examveda.com https://www.examveda.com/data-structure/practice-mcq-question-on-introduction-to-data-structures/?page=10,
Data Structures,introduction to data structures,"Consider the following doubly linked list: head-1-2-3-4-5-tail. What will be the list after performing the given sequence of operations? 
Node temp = new Node(6,head,head.getNext());
Node temp1 = new Node(0,tail.getPrev(),tail);
head.setNext(temp);
temp.getNext().setPrev(temp);
tail.setPrev(temp1);
temp1.getPrev().setNext(temp1);",head-0-1-2-3-4-5-6-tail,head-1-2-3-4-5-6-tail,head-6-1-2-3-4-5-0-tail,head-0-1-2-3-4-5-tail,C,,medium,web:Examveda.com https://www.examveda.com/data-structure/practice-mcq-question-on-introduction-to-data-structures/?page=10,
Data Structures,introduction to data structures,Which of the following is not the application of stack?,A parentheses balancing program,Tracking of local variables at run time,Compiler Syntax Analyzer,Data Transfer between two asynchronous process,D,,medium,web:Examveda.com https://www.examveda.com/data-structure/practice-mcq-question-on-introduction-to-data-structures/?page=10,
Data Structures,introduction to data structures,Which of the following is true about linked list implementation of queue?,"In push operation, if new nodes are inserted at the beginning of linked list, then in pop operation, nodes must be removed from end","In push operation, if new nodes are inserted at the beginning, then in pop operation, nodes must be removed from the beginning","In push operation, if new nodes are inserted at the end, then in pop operation, nodes must be removed from end","In push operation, if new nodes are inserted at the end, then in pop operation, nodes must be removed from beginning",A,,medium,web:Examveda.com https://www.examveda.com/data-structure/practice-mcq-question-on-introduction-to-data-structures/?page=10,
Data Structures,introduction to data structures,What is the time complexity of pop() operation when the stack is implemented using an array?,O(1),O(n),O(logn),O(nlogn),A,,medium,web:Examveda.com https://www.examveda.com/data-structure/practice-mcq-question-on-introduction-to-data-structures/?page=10,
Data Structures,introduction to data structures,What is the time complexity of deleting from the rear end of the dequeue implemented with a singly linked list?,O(nlogn),O(logn),O(n),O(n2),C,,medium,web:Examveda.com https://www.examveda.com/data-structure/practice-mcq-question-on-introduction-to-data-structures/?page=10,
Data Structures,introduction to data structures,The data structure required for Breadth First Traversal on a graph is?,Stack,Array,Queue,Tree,C,,medium,web:Examveda.com https://www.examveda.com/data-structure/practice-mcq-question-on-introduction-to-data-structures/?page=10,
Data Structures,arrays in data structures,What is the time complexity of accessing an element in an array by index?,O(n),O(1),O(log n),O(n log n),B,,medium,web:Examveda.com https://www.examveda.com/data-structure/practice-mcq-question-on-arrays-in-data-structures/,
Data Structures,arrays in data structures,Which of the following is the correct way to declare an array in C?,int array[];,array{int};,int array[10];,int array();,C,,medium,web:Examveda.com https://www.examveda.com/data-structure/practice-mcq-question-on-arrays-in-data-structures/,
Data Structures,arrays in data structures,What is the default value of an integer array in Java?,0,null,-1,undefined,A,,medium,web:Examveda.com https://www.examveda.com/data-structure/practice-mcq-question-on-arrays-in-data-structures/,
Data Structures,arrays in data structures,How do you find the length of an array in Java?,array.size();,array.length;,array.length();,array.size;,B,,medium,web:Examveda.com https://www.examveda.com/data-structure/practice-mcq-question-on-arrays-in-data-structures/,
Data Structures,arrays in data structures,Which of the following correctly initializes an array in C++?,"int array[3] = {1, 2, 3};",int array = new int[3];,"int array(3) = {1, 2, 3};",int array[] = new int[3];,A,,medium,web:Examveda.com https://www.examveda.com/data-structure/practice-mcq-question-on-arrays-in-data-structures/,
Data Structures,arrays in data structures,Which of the following statements is true about arrays?,Arrays are dynamic in size,Arrays have a fixed size,Arrays cannot store primitive data types,Arrays elements are always initialized,B,,medium,web:Examveda.com https://www.examveda.com/data-structure/practice-mcq-question-on-arrays-in-data-structures/,
Data Structures,arrays in data structures,What is a multidimensional array?,An array with multiple data types,An array containing multiple arrays,An array with a flexible size,An array with elements of different types,B,,medium,web:Examveda.com https://www.examveda.com/data-structure/practice-mcq-question-on-arrays-in-data-structures/,
Data Structures,arrays in data structures,How are elements stored in a 2D array in memory?,Row-major order,Column-major order,Random order,Both row-major and column-major order,A,,medium,web:Examveda.com https://www.examveda.com/data-structure/practice-mcq-question-on-arrays-in-data-structures/,
Data Structures,arrays in data structures,What is the correct way to access the third element of an array?,array[2],array[3],array(2),array.get(2),A,,medium,web:Examveda.com https://www.examveda.com/data-structure/practice-mcq-question-on-arrays-in-data-structures/,
Data Structures,arrays in data structures,Which of the following methods can be used to copy an array in Java?,System.copy(),Arrays.copyOf(),Collections.copy(),System.arraycopy(),D,,medium,web:Examveda.com https://www.examveda.com/data-structure/practice-mcq-question-on-arrays-in-data-structures/?page=2,
Data Structures,arrays in data structures,What is the time complexity of searching for an element in an unsorted array?,O(1),O(log n),O(n),O(n log n),C,,medium,web:Examveda.com https://www.examveda.com/data-structure/practice-mcq-question-on-arrays-in-data-structures/?page=2,
Data Structures,arrays in data structures,Which of the following is a disadvantage of arrays?,Random access,Fixed size,Cache friendliness,Ease of use,B,,medium,web:Examveda.com https://www.examveda.com/data-structure/practice-mcq-question-on-arrays-in-data-structures/?page=2,
Data Structures,arrays in data structures,How do you declare a 2D array in Python?,array = [[0]*m]*n,array = array([[0]*m]*n),array = [[0 for i in range(m)] for j in range(n)],"array = [0, 0, 0, 0]",C,,medium,web:Examveda.com https://www.examveda.com/data-structure/practice-mcq-question-on-arrays-in-data-structures/?page=2,
Data Structures,arrays in data structures,What is the advantage of using arrays over linked lists?,Dynamic size,Better cache locality,Easier insertion and deletion,Lower memory usage,B,,medium,web:Examveda.com https://www.examveda.com/data-structure/practice-mcq-question-on-arrays-in-data-structures/?page=2,
Data Structures,arrays in data structures,What is the time complexity of deleting an element from an array?,O(1),O(n),O(log n),O(n log n),B,,medium,web:Examveda.com https://www.examveda.com/data-structure/practice-mcq-question-on-arrays-in-data-structures/?page=2,
Data Structures,arrays in data structures,Which of the following is true about array indexes?,They start from 1,They can be negative,They start from 0,They start from a user-defined value,C,,medium,web:Examveda.com https://www.examveda.com/data-structure/practice-mcq-question-on-arrays-in-data-structures/?page=2,
Data Structures,arrays in data structures,What is the correct way to initialize an array of size 5 in Python?,array = [0] * 5,"array = {0, 0, 0, 0, 0}","array = (0, 0, 0, 0, 0)",array = new array[5],A,,medium,web:Examveda.com https://www.examveda.com/data-structure/practice-mcq-question-on-arrays-in-data-structures/?page=2,
Data Structures,arrays in data structures,How can you pass an array to a function in C?,By value,By reference,By copying,By pointer,D,,medium,web:Examveda.com https://www.examveda.com/data-structure/practice-mcq-question-on-arrays-in-data-structures/?page=2,
Data Structures,arrays in data structures,Which of the following is an advantage of using arrays?,Dynamic size,Random access,Ease of insertion and deletion,Lower memory usage,B,,medium,web:Examveda.com https://www.examveda.com/data-structure/practice-mcq-question-on-arrays-in-data-structures/?page=2,
Data Structures,arrays in data structures,How do you access the last element of an array in JavaScript?,array[length],array[-1],array[array.length - 1],array.getLast(),C,,medium,web:Examveda.com https://www.examveda.com/data-structure/practice-mcq-question-on-arrays-in-data-structures/?page=3,
Data Structures,arrays in data structures,What is the time complexity of merging two sorted arrays?,O(n),O(n log n),O(n2),O(m + n),D,,medium,web:Examveda.com https://www.examveda.com/data-structure/practice-mcq-question-on-arrays-in-data-structures/?page=3,
Data Structures,arrays in data structures,Which of the following statements is true about dynamic arrays?,They have a fixed size,They can change size during runtime,They do not allow random access,They are implemented using linked lists,B,,medium,web:Examveda.com https://www.examveda.com/data-structure/practice-mcq-question-on-arrays-in-data-structures/?page=3,
Data Structures,arrays in data structures,In which language do arrays have a fixed size and cannot be resized?,Java,Python,JavaScript,C,D,,medium,web:Examveda.com https://www.examveda.com/data-structure/practice-mcq-question-on-arrays-in-data-structures/?page=3,
Data Structures,arrays in data structures,"What is the output of the following C code: int array[5] = {1, 2, 3, 4, 5}; printf(""%d"", array[2]);",1,2,3,4,C,,medium,web:Examveda.com https://www.examveda.com/data-structure/practice-mcq-question-on-arrays-in-data-structures/?page=3,
Data Structures,arrays in data structures,Which function is used to sort an array in C++?,sortArray(),qsort(),sort(),array_sort(),C,,medium,web:Examveda.com https://www.examveda.com/data-structure/practice-mcq-question-on-arrays-in-data-structures/?page=3,
Data Structures,arrays in data structures,How do you reverse an array in Java?,Collections.reverse(array),array.reverse(),Arrays.reverse(array),ArrayUtils.reverse(array),A,,medium,web:Examveda.com https://www.examveda.com/data-structure/practice-mcq-question-on-arrays-in-data-structures/?page=3,
Data Structures,arrays in data structures,What is the best way to find the largest element in an unsorted array?,Sort the array and pick the first element,Iterate through the array and track the largest element,Use a binary search,Use a hash table,B,,medium,web:Examveda.com https://www.examveda.com/data-structure/practice-mcq-question-on-arrays-in-data-structures/?page=3,
Data Structures,arrays in data structures,How do you dynamically allocate an array in C++?,int* array = new int[size];,int array = new int[size];,int array[size];,int* array = malloc(size * sizeof(int));,A,,medium,web:Examveda.com https://www.examveda.com/data-structure/practice-mcq-question-on-arrays-in-data-structures/?page=3,
Data Structures,arrays in data structures,Which of the following is the correct way to declare a 3D array in Java?,int[][][] array = new int[3][3][3];,int array[][][] = new int[3][3][3];,int array[3][3][3];,int[] array = new int[3][3][3];,B,,medium,web:Examveda.com https://www.examveda.com/data-structure/practice-mcq-question-on-arrays-in-data-structures/?page=3,
Data Structures,arrays in data structures,"What is the output of the following Python code: array = [1, 2, 3]; print(array[-1])",1,2,3,IndexError,C,,medium,web:Examveda.com https://www.examveda.com/data-structure/practice-mcq-question-on-arrays-in-data-structures/?page=4,
Data Structures,arrays in data structures,Which of the following is a method to find the length of an array in C++?,size(),length(),sizeof(array)/sizeof(array[0]),array.size(),C,,medium,web:Examveda.com https://www.examveda.com/data-structure/practice-mcq-question-on-arrays-in-data-structures/?page=4,
Data Structures,arrays in data structures,Which of the following is true about array-based lists?,They allow for easy insertion/deletion,They offer O(1) access time by index,They automatically resize,They do not require contiguous memory,B,,medium,web:Examveda.com https://www.examveda.com/data-structure/practice-mcq-question-on-arrays-in-data-structures/?page=4,
Data Structures,arrays in data structures,In which scenario would you prefer to use an array over a linked list?,When you need constant time access by index,When you need dynamic resizing,When you frequently insert elements,When you frequently delete elements,A,,medium,web:Examveda.com https://www.examveda.com/data-structure/practice-mcq-question-on-arrays-in-data-structures/?page=4,
Data Structures,arrays in data structures,How do you initialize an array in Java with specific values?,int[] array = new int[5];,"int[] array = {1, 2, 3, 4, 5};",int array[] = new int[5];,"int array[] = {1, 2, 3, 4, 5};",B,,medium,web:Examveda.com https://www.examveda.com/data-structure/practice-mcq-question-on-arrays-in-data-structures/?page=4,
Data Structures,arrays in data structures,What is the correct syntax to access the third element of an array in C?,array[2],array[3],array(2),array.get(2),A,,medium,web:Examveda.com https://www.examveda.com/data-structure/practice-mcq-question-on-arrays-in-data-structures/?page=4,
Data Structures,arrays in data structures,Which of the following languages does not support multidimensional arrays directly?,C,Java,Python,JavaScript,D,,medium,web:Examveda.com https://www.examveda.com/data-structure/practice-mcq-question-on-arrays-in-data-structures/?page=4,
Data Structures,arrays in data structures,What is a jagged array in C#?,An array with rows of different lengths,A multi-dimensional array,An array containing different data types,An array that can dynamically resize,A,,medium,web:Examveda.com https://www.examveda.com/data-structure/practice-mcq-question-on-arrays-in-data-structures/?page=4,
Data Structures,arrays in data structures,Which method is used to sort an array in Python?,array.sort(),sort(array),array.order(),Arrays.sort(array),A,,medium,web:Examveda.com https://www.examveda.com/data-structure/practice-mcq-question-on-arrays-in-data-structures/?page=4,
Data Structures,arrays in data structures,How do you remove an element from an array in JavaScript?,array.remove(index);,array.delete(index);,"array.splice(index, 1);",array.pop(index);,C,,medium,web:Examveda.com https://www.examveda.com/data-structure/practice-mcq-question-on-arrays-in-data-structures/?page=4,
Data Structures,arrays in data structures,Which of the following data structures is best suited for implementing an array list in Java?,ArrayList,LinkedList,Stack,Queue,A,,medium,web:Examveda.com https://www.examveda.com/data-structure/practice-mcq-question-on-arrays-in-data-structures/?page=5,
Data Structures,arrays in data structures,How do you find the maximum element in an array in Python?,max(array),array.max(),max(array[]),array.maximum(),A,,medium,web:Examveda.com https://www.examveda.com/data-structure/practice-mcq-question-on-arrays-in-data-structures/?page=5,
Data Structures,arrays in data structures,What happens when you access an array element out of bounds in C++?,The program crashes,The compiler throws an error,The runtime throws an error,Undefined behavior,D,,medium,web:Examveda.com https://www.examveda.com/data-structure/practice-mcq-question-on-arrays-in-data-structures/?page=5,
Data Structures,arrays in data structures,How do you copy an array in C++?,std::copy,copyArray,memcpy,copy(),C,,medium,web:Examveda.com https://www.examveda.com/data-structure/practice-mcq-question-on-arrays-in-data-structures/?page=5,
Data Structures,arrays in data structures,Which of the following is a correct way to declare a constant array in JavaScript?,"const array = [1, 2, 3];","constant array = [1, 2, 3];","array = constant [1, 2, 3];","array.constant = [1, 2, 3];",A,,medium,web:Examveda.com https://www.examveda.com/data-structure/practice-mcq-question-on-arrays-in-data-structures/?page=5,
Data Structures,arrays in data structures,Which matrix has most of the elements (not all) as Zero?,Identity Matrix,Unit Matrix,Sparse Matrix,Zero Matrix,C,,medium,web:Examveda.com https://www.examveda.com/data-structure/practice-mcq-question-on-arrays-in-data-structures/?page=5,
Data Structures,arrays in data structures,"What is the time complexity of the following code that determines the number of inversions in an array? 
int InvCount(int arr[], int n) 
{ 
 int count = 0; 
 for (int i = 0; i < n - 1; i++) 
 for (int j = i + 1; j < n; j++) 
 if (arr[i] > arr[j]) 
 count++; 
 
 return count; 
}",O(n),O(n log n),O(n2),O(log n),C,,medium,web:Examveda.com https://www.examveda.com/data-structure/practice-mcq-question-on-arrays-in-data-structures/?page=5,
Data Structures,arrays in data structures,"If column-major order is used, how is the following matrix stored in memory? 
a b c 
d e f 
g h i",ihgfedcba,abcdefghi,cfibehadg,adgbehcfi,D,,medium,web:Examveda.com https://www.examveda.com/data-structure/practice-mcq-question-on-arrays-in-data-structures/?page=5,
Data Structures,arrays in data structures,What is the time complexity of the juggling algorithm to rotate an array?,O(1),O(n),O(d),O(n*d),B,,medium,web:Examveda.com https://www.examveda.com/data-structure/practice-mcq-question-on-arrays-in-data-structures/?page=5,
Data Structures,arrays in data structures,"What will be the suffix array of the string ""engineering""?",2 3 8 4 9 1 7 5 0 6 10,5 0 6 1 4 9 1 7 0 2 3 8,5 0 6 10 2 4 9 1 7 3 8,5 0 6 10 2 3 8 4 9 1 7,D,,medium,web:Examveda.com https://www.examveda.com/data-structure/practice-mcq-question-on-arrays-in-data-structures/?page=6,
Data Structures,arrays in data structures,Where does the GNU C compiler allocates memory for variable-length arrays?,Tree,Stack,Linked List,Queue,B,,medium,web:Examveda.com https://www.examveda.com/data-structure/practice-mcq-question-on-arrays-in-data-structures/?page=6,
Data Structures,arrays in data structures,Which of the following is not an application of sorted array?,Commercial computing,Priority Scheduling,Discrete Mathematics,Hash Tables,D,,medium,web:Examveda.com https://www.examveda.com/data-structure/practice-mcq-question-on-arrays-in-data-structures/?page=6,
Data Structures,arrays in data structures,What is a bit array?,Data structure for representing arrays of records,Data structure that compactly stores bits,An array in which most of the elements have the same value,Array in which elements are not present in continuous locations,B,,medium,web:Examveda.com https://www.examveda.com/data-structure/practice-mcq-question-on-arrays-in-data-structures/?page=6,
Data Structures,arrays in data structures,Which of the following bitwise operations will you use to set a particular bit to 1?,OR,AND,XOR,NOR,A,,medium,web:Examveda.com https://www.examveda.com/data-structure/practice-mcq-question-on-arrays-in-data-structures/?page=6,
Data Structures,arrays in data structures,What are parallel arrays?,Arrays of the same size,Arrays allocated one after the other,Arrays of the same number of elements,Arrays allocated dynamically,C,,medium,web:Examveda.com https://www.examveda.com/data-structure/practice-mcq-question-on-arrays-in-data-structures/?page=6,
Data Structures,arrays in data structures,Which of the following is an advantage of parallel arrays?,Poor locality of reference for non-sequential access,Very little direct language support,Expensive to shrink or grow,Increased Locality of Reference,D,,medium,web:Examveda.com https://www.examveda.com/data-structure/practice-mcq-question-on-arrays-in-data-structures/?page=6,
Data Structures,arrays in data structures,Which of the following is an advantage of matrices?,Internal complexity,Searching through a matrix is complex,Not space efficient,Graph Plotting,D,,medium,web:Examveda.com https://www.examveda.com/data-structure/practice-mcq-question-on-arrays-in-data-structures/?page=6,
Data Structures,arrays in data structures,"What will be the output of the following code? 
#include <bits/stdc++.h> 
using namespace std; 
 
void func1(int arr[], int n) 
{ 
 int k = arr[0], i; 
 for (i = 0; i < n - 1; i++) 
 arr[i] = arr[i + 1]; 
 
 arr[i] = k; 
} 
 
void func(int arr[], int d, int n) 
{ 
 for (int i = 0; i < d; i++) 
 func1(arr, n); 
} 
 
void printArray(int arr[], int n) 
{ 
 for (int i = 0; i < n; i++) 
 cout << arr[i] << "" ""; 
} 
 
int main() 
{ 
 int arr[] = { 1, 2, 3, 4, 5}; 
 int n = sizeof(arr) / sizeof(arr[0]); 
 
 
 func(arr, 3, n); 
 printArray(arr, n); 
 
 return 0; 
}",4 5 1 2 3,3 4 5 1 2,5 4 3 1 2,error,A,,medium,web:Examveda.com https://www.examveda.com/data-structure/practice-mcq-question-on-arrays-in-data-structures/?page=6,
Data Structures,arrays in data structures,Which of the following is not a disadvantage of bit array?,"Without compression, they might become sparse",Accessing individual bits is expensive,"Compressing bit array to byte/word array, the machine also has to support byte/word addressing",Storing and Manipulating in the register set for long periods of time,D,,medium,web:Examveda.com https://www.examveda.com/data-structure/practice-mcq-question-on-arrays-in-data-structures/?page=6,
Data Structures,arrays in data structures,"What will be the output of the following code? 
#include <bits/stdc++.h> 
using namespace std; 
void func1(int arr[], int left, int right) 
{ 
 while (left < right) 
 { 
 int temp = arr[left]; 
 arr[left] = arr[right]; 
 arr[right] = temp; 
 left++; 
 right--; 
 } 
} 
 
void func(int arr[], int d, int n) 
{ 
 func1(arr, 0, d-1); 
 func1(arr, d, n-1); 
 func1(arr, 0, n-1); 
} 
 
void printArray(int arr[], int size) 
{ 
 for (int i = 0; i < size; i++) 
 cout << arr[i] << "" ""; 
} 
 
int main() 
{ 
 int arr[] = {1, 2, 3, 4, 5}; 
 int n = sizeof(arr)/sizeof(arr[0]); 
 int d = 2; 
 func(arr, d, n); 
 printArray(arr, n); 
 
 return 0; 
}",3 2 1 4 5,3 4 5 1 2,5 4 3 2 1,error,B,,medium,web:Examveda.com https://www.examveda.com/data-structure/practice-mcq-question-on-arrays-in-data-structures/?page=7,
Data Structures,arrays in data structures,Which of the following is the correct syntax to declare an ArrayList in Java?,ArrayList al = new ArrayList();,ArrayList al = new ArrayList[];,ArrayList al() = new ArrayList();,ArrayList al[] = new ArrayList[];,A,,medium,web:Examveda.com https://www.examveda.com/data-structure/practice-mcq-question-on-arrays-in-data-structures/?page=7,
Data Structures,arrays in data structures,What is the time complexity for inserting/deleting at the beginning of the array?,O(1),O(n),O(logn),O(nlogn),B,,medium,web:Examveda.com https://www.examveda.com/data-structure/practice-mcq-question-on-arrays-in-data-structures/?page=7,
Data Structures,arrays in data structures,What is the worst case time complexity of inserting an element into the sorted array?,O(nlogn),O(logn),O(n),O(n2),C,,medium,web:Examveda.com https://www.examveda.com/data-structure/practice-mcq-question-on-arrays-in-data-structures/?page=7,
Data Structures,arrays in data structures,Which of the following algorithm to rotate an array has the maximum time complexity?,rotate elements one by one,juggling algorithm,reversal algorithm,using a temporary array,A,,medium,web:Examveda.com https://www.examveda.com/data-structure/practice-mcq-question-on-arrays-in-data-structures/?page=7,
Data Structures,arrays in data structures,Which of the following is false?,Suffix array is always sorted,Suffix array is used in string matching problems,Suffix array is always unsorted,Suffix array contains all the suffixes of the given string,C,,medium,web:Examveda.com https://www.examveda.com/data-structure/practice-mcq-question-on-arrays-in-data-structures/?page=7,
Data Structures,arrays in data structures,"Suffix array of the string ""statistics"" is . . . . . . . .",2 8 7 4 9 0 5 1 6 3,2 7 4 9 8 0 5 1 6 3,2 4 9 0 5 7 8 1 6 3,2 8 7 0 5 1 6 9 4 3,A,,medium,web:Examveda.com https://www.examveda.com/data-structure/practice-mcq-question-on-arrays-in-data-structures/?page=7,
Data Structures,arrays in data structures,"What does the following piece of code do? 
for(int i = 0; i < row; i++)
{ 
 for(int j = 0; j < column; j++)
 {
 if(i == j)
 sum = sum + (array[i][j]);
 }
}
System.out.println(sum);",Normal of a matrix,Trace of a matrix,Square of a matrix,Transpose of a matrix,B,,medium,web:Examveda.com https://www.examveda.com/data-structure/practice-mcq-question-on-arrays-in-data-structures/?page=7,
Data Structures,arrays in data structures,The matrix contains m rows and n columns. The matrix is called Sparse Matrix if . . . . . . . .,Total number of Zero elements > (m*n)/2,Total number of Zero elements = m + n,Total number of Zero elements = m/n,Total number of Zero elements = m-n,A,,medium,web:Examveda.com https://www.examveda.com/data-structure/practice-mcq-question-on-arrays-in-data-structures/?page=7,
Data Structures,arrays in data structures,What is the order of a matrix?,number of rows X number of columns,number of columns X number of rows,number of rows X number of rows,number of columns X number of columns,A,,medium,web:Examveda.com https://www.examveda.com/data-structure/practice-mcq-question-on-arrays-in-data-structures/?page=8,
Data Structures,arrays in data structures,How many arguments are required by the predefined function rotate() in C++?,1,2,3,4,C,,medium,web:Examveda.com https://www.examveda.com/data-structure/practice-mcq-question-on-arrays-in-data-structures/?page=8,
Data Structures,arrays in data structures,Who coined the term Sparse Matrix?,Harry Markowitz,James Sylvester,Chris Messina,Arthur Cayley,A,,medium,web:Examveda.com https://www.examveda.com/data-structure/practice-mcq-question-on-arrays-in-data-structures/?page=8,
Data Structures,arrays in data structures,What is the relation between Sparsity and Density of a matrix?,Sparsity = 1 - Density,Sparsity = 1 + Density,Sparsity = Density*Total number of elements,Sparsity = Density/Total number of elements,A,,medium,web:Examveda.com https://www.examveda.com/data-structure/practice-mcq-question-on-arrays-in-data-structures/?page=8,
Data Structures,arrays in data structures,How many inversions does a sorted array have?,0,1,2,cannot be determined,A,,medium,web:Examveda.com https://www.examveda.com/data-structure/practice-mcq-question-on-arrays-in-data-structures/?page=8,
Data Structures,arrays in data structures,Which of the following can be called a parallel array implementation?,"firstName = ['Joe','Bob','Frank','Hans']
lastName = ['Smith','Seger','Sinatra','Schultze']
heightInCM = [169,158,201,199]
 
for i in xrange(len(firstName)):
 print ""Name:"",firstName[i], lastName[i]
 print ""Height in CM:,"",heightInCM[i]","firstName = ['Joe','Bob','Frank','Hans']
lastName = ['Smith','Seger']
heightInCM = [169,158]

for i in xrange(len(firstName)):
 print ""Name:"",firstName[i], lastName[i]
 print ""Height in CM:,"",heightInCM[i]","firstName = ['Joe','Bob']
lastName = ['Smith','Seger','Sinatra','Schultze']
heightInCM = [169,158]

for i in xrange(len(firstName)):
 print ""Name:"",firstName[i], lastName[i]
 print ""Height in CM:,"",heightInCM[i]","firstName = ['Joe','Bob']
lastName = ['Smith','Seger' ,'Schultze']
heightInCM = [169,158]
 
for i in xrange(len(firstName)):
 print ""Name:"",firstName[i], lastName[i]
 print ""Height in CM:,"",heightInCM[i]",A,,medium,web:Examveda.com https://www.examveda.com/data-structure/practice-mcq-question-on-arrays-in-data-structures/?page=8,
Data Structures,arrays in data structures,Which of the following is the disadvantage of sparse matrices over normal matrices?,Size,Speed,Easily compressible,Algorithm complexity,D,,medium,web:Examveda.com https://www.examveda.com/data-structure/practice-mcq-question-on-arrays-in-data-structures/?page=8,
Data Structures,arrays in data structures,"What will be the time complexity of the following code? 
#include <bits/stdc++.h> 
using namespace std; 
void func(int arr[], int left, int right) 
{ 
 while (left < right) 
 { 
 int temp = arr[left]; 
 arr[left] = arr[right]; 
 arr[right] = temp; 
 left++; 
 right--; 
 } 
 
} 
 
void printArray(int arr[], int size) 
{ 
 for (int i = 0; i < size; i++) 
 cout << arr[i] << "" ""; 
} 
 
int main() 
{ 
 int arr[] = {1,4,3,5}; 
 int n = sizeof(arr) / sizeof(arr[0]); 
 func(arr, 0, n-1); 
 printArray(arr, n); 
 return 0; 
}",O(n),O(log n),O(1),O(n log n),A,,medium,web:Examveda.com https://www.examveda.com/data-structure/practice-mcq-question-on-arrays-in-data-structures/?page=8,
Data Structures,arrays in data structures,"In special case, the time complexity of inserting/deleting elements at the end of dynamic array is . . . . . . . .",O (n),O (n1/2),O (log n),O (1),A,,medium,web:Examveda.com https://www.examveda.com/data-structure/practice-mcq-question-on-arrays-in-data-structures/?page=9,
Data Structures,arrays in data structures,Suffix array can be created by performing . . . . . . . . traversal of a suffix tree.,breadth-first,level order,depth-first,either breadth-first or level order,C,,medium,web:Examveda.com https://www.examveda.com/data-structure/practice-mcq-question-on-arrays-in-data-structures/?page=9,
Data Structures,arrays in data structures,"If comparison based sorting algorithm is used construct the suffix array, then what will be time required to construct the suffix array?",O(nlogn),O(n2),O(n2logn),O(n2) + O(logn),C,,medium,web:Examveda.com https://www.examveda.com/data-structure/practice-mcq-question-on-arrays-in-data-structures/?page=9,
Data Structures,arrays in data structures,"Which of the following is/are advantages suffix array one suffix tree? 
I. Lesser space requirement 
II. Improved cache locality 
III. Easy construction in linear time",Only I,"All I, II and III",Only I and III,Only II and III,B,,medium,web:Examveda.com https://www.examveda.com/data-structure/practice-mcq-question-on-arrays-in-data-structures/?page=9,
Data Structures,arrays in data structures,Which of the following bitwise operations will you use to toggle a particular bit?,OR,AND,XOR,NOT,C,,medium,web:Examveda.com https://www.examveda.com/data-structure/practice-mcq-question-on-arrays-in-data-structures/?page=9,
Data Structures,arrays in data structures,"What will be the time complexity of the following code? 
#include <bits/stdc++.h> 
using namespace std; 
void func(int arr[], int left, int right) 
{ 
 if (left >= right) 
 return; 
 
 int temp = arr[left]; 
 arr[left] = arr[right]; 
 arr[right] = temp; 
 
 func(arr, left + 1, right - 1); 
} 
 
void printArray(int arr[], int size) 
{ 
 for (int i = 0; i < size; i++) 
 cout << arr[i] << "" ""; 
} 
 
int main() 
{ 
 int arr[] = {1,2,3,4}; 
 int n = sizeof(arr) / sizeof(arr[0]); 
 func(arr, 0, n-1); 
 printArray(arr, n); 
 return 0; 
}",O(1),O(n),O(log n),O(n log n),B,,medium,web:Examveda.com https://www.examveda.com/data-structure/practice-mcq-question-on-arrays-in-data-structures/?page=9,
Data Structures,arrays in data structures,Choose the appropriate code that counts the number of non-zero(non-null) elements in the sparse array.,"public int count()
{
 int count = 0;
 for (List cur = this.next; (cur != null); cur = cur.next)
 {
 count++;
 }
 return count;
}","public int count()
{
 int count = 0;
 for (List cur = this; (cur != null); cur = cur.next)
 {
 count++;
 }
 return count;
}","public int count()
{
 int count = 1;
 for (List cur = this.next; (cur != null); cur = cur.next)
 {
 count++;
 }
 return count;
}","public int count()
{
 int count = 1;
 for (List cur = this.next; (cur != null); cur = cur.next.next)
 {
 count++;
 }
 return count;
}",A,,medium,web:Examveda.com https://www.examveda.com/data-structure/practice-mcq-question-on-arrays-in-data-structures/?page=9,
Data Structures,arrays in data structures,Which of the following is a disadvantage of dynamic arrays?,Locality of reference,Data cache utilization,Random access,Memory leak,D,,medium,web:Examveda.com https://www.examveda.com/data-structure/practice-mcq-question-on-arrays-in-data-structures/?page=9,
Data Structures,arrays in data structures,"What will be the auxiliary space requirement of the following code? 
#include <bits/stdc++.h> 
using namespace std; 
void func(int arr[], int left, int right) 
{ 
 while (left < right) 
 { 
 int temp = arr[left]; 
 arr[left] = arr[right]; 
 arr[right] = temp; 
 left++; 
 right--; 
 } 
 
} 
 
void printArray(int arr[], int size) 
{ 
 for (int i = 0; i < size; i++) 
 cout << arr[i] << "" ""; 
} 
 
int main() 
{ 
 int arr[] = {1,4,3,5}; 
 int n = sizeof(arr) / sizeof(arr[0]); 
 func(arr, 0, n-1); 
 printArray(arr, n); 
 return 0; 
}",O(1),O(n),O(log n),O(n log n),A,,medium,web:Examveda.com https://www.examveda.com/data-structure/practice-mcq-question-on-arrays-in-data-structures/?page=9,
Data Structures,arrays in data structures,Which of the following is/are not applications of bit arrays?,Used by the Linux kernel,For the allocation of memory pages,Bloom filter,Implementation of Vectors and Matrices,D,,medium,web:Examveda.com https://www.examveda.com/data-structure/practice-mcq-question-on-arrays-in-data-structures/?page=9,
Data Structures,arrays in data structures,Which of the following don't use matrices?,In solving linear equations,Image processing,Graph theory,Sorting numbers,D,,medium,web:Examveda.com https://www.examveda.com/data-structure/practice-mcq-question-on-arrays-in-data-structures/?page=10,
Data Structures,arrays in data structures,How many swaps are required for reversing an array having n elements where n is an odd number?,(n-1) / 2,n/2,(n/2) - 1,(n+1)/2,A,,medium,web:Examveda.com https://www.examveda.com/data-structure/practice-mcq-question-on-arrays-in-data-structures/?page=10,
Data Structures,arrays in data structures,What is the space complexity of the code that uses merge sort for determining the number of inversions in an array?,O(n),O(log n),O(1),O(n log n),A,,medium,web:Examveda.com https://www.examveda.com/data-structure/practice-mcq-question-on-arrays-in-data-structures/?page=10,
Data Structures,arrays in data structures,What will be the auxiliary space complexity of the code to rotate an array by using the reversal algorithm (d = number of rotations)?,O(1),O(n),O(d),O(n*d),A,,medium,web:Examveda.com https://www.examveda.com/data-structure/practice-mcq-question-on-arrays-in-data-structures/?page=10,
Data Structures,arrays in data structures,What is the time complexity of the code that uses self balancing BST for determining the number of inversions in an array?,O(n2),O(n),O(log n),O(n log n),D,,medium,web:Examveda.com https://www.examveda.com/data-structure/practice-mcq-question-on-arrays-in-data-structures/?page=10,
Data Structures,arrays in data structures,Array is divided into two parts in . . . . . . . .,Hashed Array Tree,Geometric Array,Bounded-size dynamic array,Sparse Array,C,,medium,web:Examveda.com https://www.examveda.com/data-structure/practice-mcq-question-on-arrays-in-data-structures/?page=10,
Data Structures,arrays in data structures,"To search for an element in a sorted array, which searching technique can be used?",Linear Search,Jump Search,Binary Search,Fibonacci Search,C,,medium,web:Examveda.com https://www.examveda.com/data-structure/practice-mcq-question-on-arrays-in-data-structures/?page=10,
Data Structures,arrays in data structures,"What will be the output of the following code? 
#include <bits/stdc++.h> 
using namespace std; 
 
void func(int arr[], int n) 
{ 
 int count[n]; 
 memset(count, 0, sizeof(count)); 
 
 for (int i=n-2; i>=0; i--) 
 { 
 if (arr[i] >= n - i - 1) 
 count[i]++; 
 
 for (int j=i+1; j < n-1 && j <= arr[i] + i; j++) 
 
 if (count[j] != -1) 
 count[i] += count[j]; 
 
 if (count[i] == 0) 
 count[i] = -1; 
 } 
 
 for (int i=0; i<n; i++) 
 cout << count[i] << "" ""; 
} 
 
int main() 
{ 
 int arr[] = {1, 3, 5, 8, 9}; 
 int n = sizeof(arr) / sizeof(arr[0]); 
 func(arr, n); 
 return 0; 
}",3,4,4 4 2 1 0,4 2 2 0 1,C,,medium,web:Examveda.com https://www.examveda.com/data-structure/practice-mcq-question-on-arrays-in-data-structures/?page=10,
Data Structures,arrays in data structures,"In how many different ways we can reach the end of the array arr[]={1,3,5,8,9}?",1,2,3,4,D,,medium,web:Examveda.com https://www.examveda.com/data-structure/practice-mcq-question-on-arrays-in-data-structures/?page=10,
Data Structures,linked lists in data structures,What is the time complexity of inserting an element at the beginning of a linked list?,O(1),O(n),O(log n),O(n log n),A,,medium,web:Examveda.com https://www.examveda.com/data-structure/practice-mcq-question-on-linked-lists-in-data-structures/,
Data Structures,linked lists in data structures,Which of the following is a disadvantage of linked lists compared to arrays?,Dynamic size,Random access,Ease of insertion and deletion,Memory overhead,D,,medium,web:Examveda.com https://www.examveda.com/data-structure/practice-mcq-question-on-linked-lists-in-data-structures/,
Data Structures,linked lists in data structures,What is a circular linked list?,A list where each node points to the next,A list where the last node points to the first node,A list where each node points to itself,A list where the nodes are in a circle,B,,medium,web:Examveda.com https://www.examveda.com/data-structure/practice-mcq-question-on-linked-lists-in-data-structures/,
Data Structures,linked lists in data structures,How do you find the length of a linked list?,Using the length property,Using the size property,Iterating through the list,Using the count property,C,,medium,web:Examveda.com https://www.examveda.com/data-structure/practice-mcq-question-on-linked-lists-in-data-structures/,
Data Structures,linked lists in data structures,What is the time complexity of deleting an element from a singly linked list if the node is known?,O(1),O(n),O(log n),O(n log n),A,,medium,web:Examveda.com https://www.examveda.com/data-structure/practice-mcq-question-on-linked-lists-in-data-structures/,
Data Structures,linked lists in data structures,"In a singly linked list, what does each node contain?",Data only,Data and a pointer to the next node,Data and two pointers,Only pointers,B,,medium,web:Examveda.com https://www.examveda.com/data-structure/practice-mcq-question-on-linked-lists-in-data-structures/,
Data Structures,linked lists in data structures,Which type of linked list allows for traversal in both directions?,Singly linked list,Doubly linked list,Circular linked list,Self-referential linked list,B,,medium,web:Examveda.com https://www.examveda.com/data-structure/practice-mcq-question-on-linked-lists-in-data-structures/,
Data Structures,linked lists in data structures,What happens if you try to access the next pointer of the last node in a singly linked list?,Segmentation fault,Null reference,Points to the head of the list,Accesses the first node,B,,medium,web:Examveda.com https://www.examveda.com/data-structure/practice-mcq-question-on-linked-lists-in-data-structures/,
Data Structures,linked lists in data structures,How do you insert a new node at the end of a linked list?,Update the head pointer,Update the tail pointer,Traverse to the last node and update its next pointer,Directly insert at the last index,C,,medium,web:Examveda.com https://www.examveda.com/data-structure/practice-mcq-question-on-linked-lists-in-data-structures/?page=2,
Data Structures,linked lists in data structures,What is the time complexity of searching for an element in a linked list?,O(1),O(n),O(log n),O(n log n),B,,medium,web:Examveda.com https://www.examveda.com/data-structure/practice-mcq-question-on-linked-lists-in-data-structures/?page=2,
Data Structures,linked lists in data structures,Which of the following operations is the most efficient in a linked list compared to an array?,Insertion at the beginning,Accessing an element by index,Finding the maximum element,Sorting,A,,medium,web:Examveda.com https://www.examveda.com/data-structure/practice-mcq-question-on-linked-lists-in-data-structures/?page=2,
Data Structures,linked lists in data structures,How do you remove a node from a doubly linked list?,Update the previous node's next pointer and the next node's previous pointer,Update the head pointer,Update the tail pointer,Directly remove the node,A,,medium,web:Examveda.com https://www.examveda.com/data-structure/practice-mcq-question-on-linked-lists-in-data-structures/?page=2,
Data Structures,linked lists in data structures,What is a sentinel node in the context of linked lists?,A node that marks the beginning of the list,A node that marks the end of the list,A special node that simplifies edge cases,A node that points to itself,C,,medium,web:Examveda.com https://www.examveda.com/data-structure/practice-mcq-question-on-linked-lists-in-data-structures/?page=2,
Data Structures,linked lists in data structures,What is the space complexity of a linked list with n elements?,O(1),O(n),O(log n),O(n2),B,,medium,web:Examveda.com https://www.examveda.com/data-structure/practice-mcq-question-on-linked-lists-in-data-structures/?page=2,
Data Structures,linked lists in data structures,Which of the following is an application of linked lists?,Implementing stacks,Implementing queues,Both A and B,None of the above,C,,medium,web:Examveda.com https://www.examveda.com/data-structure/practice-mcq-question-on-linked-lists-in-data-structures/?page=2,
Data Structures,linked lists in data structures,How do you detect a cycle in a linked list?,Using a stack,Using two pointers (Floyd's Cycle-Finding Algorithm),Using recursion,Using a hash table,B,,medium,web:Examveda.com https://www.examveda.com/data-structure/practice-mcq-question-on-linked-lists-in-data-structures/?page=2,
Data Structures,linked lists in data structures,What is the result of reversing a singly linked list?,A circular linked list,A doubly linked list,A linked list with nodes in reverse order,An error,C,,medium,web:Examveda.com https://www.examveda.com/data-structure/practice-mcq-question-on-linked-lists-in-data-structures/?page=2,
Data Structures,linked lists in data structures,"In a doubly linked list, which of the following is true about the last node?",Its next pointer is null,Its previous pointer is null,It points to the first node,It has no pointers,A,,medium,web:Examveda.com https://www.examveda.com/data-structure/practice-mcq-question-on-linked-lists-in-data-structures/?page=2,
Data Structures,linked lists in data structures,What is the time complexity of merging two sorted linked lists into a single sorted linked list?,O(1),O(n),O(n log n),O(n2),B,,medium,web:Examveda.com https://www.examveda.com/data-structure/practice-mcq-question-on-linked-lists-in-data-structures/?page=3,
Data Structures,linked lists in data structures,What is the best case time complexity for inserting an element in a sorted linked list?,O(1),O(n),O(log n),O(n log n),A,,medium,web:Examveda.com https://www.examveda.com/data-structure/practice-mcq-question-on-linked-lists-in-data-structures/?page=3,
Data Structures,linked lists in data structures,How do you implement a stack using a linked list?,Using a singly linked list,Using a doubly linked list,Using a circular linked list,Using a self-referential linked list,A,,medium,web:Examveda.com https://www.examveda.com/data-structure/practice-mcq-question-on-linked-lists-in-data-structures/?page=3,
Data Structures,linked lists in data structures,Which of the following is a disadvantage of doubly linked lists compared to singly linked lists?,They use less memory,They are easier to traverse,They require more memory,They allow for two-way traversal,C,,medium,web:Examveda.com https://www.examveda.com/data-structure/practice-mcq-question-on-linked-lists-in-data-structures/?page=3,
Data Structures,linked lists in data structures,"How do you delete a node from a linked list, given only a pointer to that node?",Update the head pointer,Update the tail pointer,Copy the data from the next node to the current node and delete the next node,You cannot delete the node,C,,medium,web:Examveda.com https://www.examveda.com/data-structure/practice-mcq-question-on-linked-lists-in-data-structures/?page=3,
Data Structures,linked lists in data structures,In which of the following scenarios is a linked list preferable to an array?,When you need constant time access,When you need dynamic resizing,When you need better cache locality,When you need a fixed size,B,,medium,web:Examveda.com https://www.examveda.com/data-structure/practice-mcq-question-on-linked-lists-in-data-structures/?page=3,
Data Structures,linked lists in data structures,What is the time complexity of finding the middle element in a singly linked list?,O(1),O(n),O(log n),O(n log n),B,,medium,web:Examveda.com https://www.examveda.com/data-structure/practice-mcq-question-on-linked-lists-in-data-structures/?page=3,
Data Structures,linked lists in data structures,How do you implement a queue using a linked list?,Using a singly linked list,Using a doubly linked list,Using a circular linked list,Using any of the above,D,,medium,web:Examveda.com https://www.examveda.com/data-structure/practice-mcq-question-on-linked-lists-in-data-structures/?page=3,
Data Structures,linked lists in data structures,What happens when you try to delete the last node in a singly linked list?,The list becomes empty,The previous node's next pointer is set to null,An error occurs,The head pointer is updated,B,,medium,web:Examveda.com https://www.examveda.com/data-structure/practice-mcq-question-on-linked-lists-in-data-structures/?page=3,
Data Structures,linked lists in data structures,Which of the following is true about the head pointer in a linked list?,It always points to the last node,It is null if the list is empty,It always points to the middle node,It always points to the second node,B,,medium,web:Examveda.com https://www.examveda.com/data-structure/practice-mcq-question-on-linked-lists-in-data-structures/?page=3,
Data Structures,linked lists in data structures,What is the time complexity for accessing the last element in a singly linked list?,O(1),O(n),O(log n),O(n log n),B,,medium,web:Examveda.com https://www.examveda.com/data-structure/practice-mcq-question-on-linked-lists-in-data-structures/?page=4,
Data Structures,linked lists in data structures,Which of the following is NOT a type of linked list?,Singly linked list,Doubly linked list,Circular linked list,Indexed linked list,D,,medium,web:Examveda.com https://www.examveda.com/data-structure/practice-mcq-question-on-linked-lists-in-data-structures/?page=4,
Data Structures,linked lists in data structures,How can you reverse a doubly linked list?,Swap the pointers in each node,Traverse the list and update next pointers only,Use a stack to reverse,Reverse the list in place,A,,medium,web:Examveda.com https://www.examveda.com/data-structure/practice-mcq-question-on-linked-lists-in-data-structures/?page=4,
Data Structures,linked lists in data structures,In which scenario is a circular linked list particularly useful?,Implementing a queue,Implementing a stack,When you need a dynamic array,When you need an ordered list,A,,medium,web:Examveda.com https://www.examveda.com/data-structure/practice-mcq-question-on-linked-lists-in-data-structures/?page=4,
Data Structures,linked lists in data structures,What is the primary reason to use a sentinel node in linked lists?,To simplify boundary conditions,To increase the list size,To decrease memory usage,To make the list circular,A,,medium,web:Examveda.com https://www.examveda.com/data-structure/practice-mcq-question-on-linked-lists-in-data-structures/?page=4,
Data Structures,linked lists in data structures,How do you detect if a linked list is sorted?,Traverse the list and check order,Use a binary search,Use a hash table to store elements,Check the head pointer,A,,medium,web:Examveda.com https://www.examveda.com/data-structure/practice-mcq-question-on-linked-lists-in-data-structures/?page=4,
Data Structures,linked lists in data structures,What is the result of merging two unsorted linked lists?,A merged unsorted linked list,A sorted linked list,An error occurs,A circular linked list,A,,medium,web:Examveda.com https://www.examveda.com/data-structure/practice-mcq-question-on-linked-lists-in-data-structures/?page=4,
Data Structures,linked lists in data structures,Which of the following operations requires O(n) time in a doubly linked list?,Accessing an element by index,Deleting a node at the end,Inserting a node at the beginning,Traversing the list,D,,medium,web:Examveda.com https://www.examveda.com/data-structure/practice-mcq-question-on-linked-lists-in-data-structures/?page=4,
Data Structures,linked lists in data structures,How do you implement a priority queue using a linked list?,Using a singly linked list,Using a doubly linked list,Using a circular linked list,Using a self-referential linked list,B,,medium,web:Examveda.com https://www.examveda.com/data-structure/practice-mcq-question-on-linked-lists-in-data-structures/?page=4,
Data Structures,linked lists in data structures,"In a circular doubly linked list, how is the last node connected to the first node?",Through a null pointer,Through the head pointer,Through the next pointer of the first node,Through the previous pointer of the first node,C,,medium,web:Examveda.com https://www.examveda.com/data-structure/practice-mcq-question-on-linked-lists-in-data-structures/?page=4,
Data Structures,linked lists in data structures,What happens if you forget to update the next pointer of a node when deleting it in a singly linked list?,The node remains in the list,The list becomes circular,The next node's data is lost,The list becomes corrupted,A,,medium,web:Examveda.com https://www.examveda.com/data-structure/practice-mcq-question-on-linked-lists-in-data-structures/?page=5,
Data Structures,linked lists in data structures,Which of the following correctly describes a skip list?,A linked list with multiple levels of nodes,A circular linked list with skips,A doubly linked list with skips,A singly linked list with hash pointers,A,,medium,web:Examveda.com https://www.examveda.com/data-structure/practice-mcq-question-on-linked-lists-in-data-structures/?page=5,
Data Structures,linked lists in data structures,How do you efficiently find the kth to last element in a singly linked list?,Using a single pointer to traverse the list,Using two pointers (k steps apart),Using a stack to store elements,Using a binary search,B,,medium,web:Examveda.com https://www.examveda.com/data-structure/practice-mcq-question-on-linked-lists-in-data-structures/?page=5,
Data Structures,linked lists in data structures,Which of the following operations is most efficient in a singly linked list?,Deletion from the end,Accessing the middle element,Insertion at the beginning,Deletion from the beginning,C,,medium,web:Examveda.com https://www.examveda.com/data-structure/practice-mcq-question-on-linked-lists-in-data-structures/?page=5,
Data Structures,linked lists in data structures,"In a linked list, what is a dummy node typically used for?",To simplify insertion and deletion,To mark the end of the list,To store extra information,To create a cycle in the list,A,,medium,web:Examveda.com https://www.examveda.com/data-structure/practice-mcq-question-on-linked-lists-in-data-structures/?page=5,
Data Structures,linked lists in data structures,In the above question would using arrays and swaping of elements in place of xor linked list would have been more efficient?,no not all,yes arrays would have been better than xor lists,both would be same in efficiency,can't say,B,,medium,web:Examveda.com https://www.examveda.com/data-structure/practice-mcq-question-on-linked-lists-in-data-structures/?page=5,
Data Structures,linked lists in data structures,What are the disadvantages in implementing buddy system algorithm for free lists?,internal fragmentation,it takes so much space,"we no more have the hole lists in order of memory address, so it is difficult to detect if 2 holes remain adjacent in memory and shall be merged into one hole",both a and c are correct,D,,medium,web:Examveda.com https://www.examveda.com/data-structure/practice-mcq-question-on-linked-lists-in-data-structures/?page=5,
Data Structures,linked lists in data structures,The self organizing list improves . . . . . . . .,average access time,insertion,deletion,binary search,A,,medium,web:Examveda.com https://www.examveda.com/data-structure/practice-mcq-question-on-linked-lists-in-data-structures/?page=5,
Data Structures,linked lists in data structures,Which of the following is true about a triply linked list?,Dynamic in nature,Allows random access,Less memory wastage,Reverse traversing is difficult,A,,medium,web:Examveda.com https://www.examveda.com/data-structure/practice-mcq-question-on-linked-lists-in-data-structures/?page=5,
Data Structures,linked lists in data structures,"Consider the following pseudocode of insertion in XOR list and write the approximate code snippet of it. 
void xor-linked-list insert(struct node **head_ref, int value)
{
 node *new_node = new (struct node);
 new_node->value = value;
 new_node->nodepointerxored = xor (*head_ref, NULL);
 if (*head_pointer == NULL)
 {
 printf(""invalid"");
 }
 else
 {
 let b,c,d are nodes and a is to be inserted at beginning,
 a address field must contain NULL xor b and b 
 address filed must be a xor c.
 }
 *head_pointer = new_node;
}","node* next = XOR ((*head_ref)->npx, NULL);
 (*head_ref)->npx = XOR (new_node, next);","node* next = XOR ((*head_ref)->npx, NULL);
 (*head_ref) = XOR (new_node, next);","node* next = XOR ((*head_ref)->npx, NULL);
 (*head_ref)->npx->npx = XOR (new_node, next);","node* next = XOR ((*head_ref), NULL);
 (*head_ref)->npx = XOR (new_node, next);",A,,medium,web:Examveda.com https://www.examveda.com/data-structure/practice-mcq-question-on-linked-lists-in-data-structures/?page=5,
Data Structures,linked lists in data structures,Which among the following is a typical declaration of an unrolled linked list in C?,"#define SIZE N 
struct node 
{ 
 int node_count; 
 int arr[SIZE]; 
 struct node *next; 
};","#define SIZE N 
struct node 
{ 
 int arr[SIZE]; 
 struct node *prev; 
 struct node *top; 
};","#define SIZE N 
struct node 
{ 
 int node_count; 
 struct node *next; 
};","#define SIZE N 
struct node 
{ 
 int node_count; 
 int arr[SIZE]; 
};",A,,medium,web:Examveda.com https://www.examveda.com/data-structure/practice-mcq-question-on-linked-lists-in-data-structures/?page=6,
Data Structures,linked lists in data structures,"Assume there is a free list which contains nodes and is filled with a value if it is already assigned and the value will be the size of requested block else will be 0. 
 z = startpoint;
 while ((z < end) && \\ didn't reach end
 (*z <= len)) \\ too small to satisfy request
 { 
 assign this block
 }
The above code represents what?",code for first fit,code for best fit,code for worst fit,none of the mentioned,A,,medium,web:Examveda.com https://www.examveda.com/data-structure/practice-mcq-question-on-linked-lists-in-data-structures/?page=6,
Data Structures,linked lists in data structures,What does first and last nodes of a xor linked lists contain ? (let address of first and last be A and B),NULL xor A and B xor NULL,NULL and NULL,A and B,NULL xor A and B,A,,medium,web:Examveda.com https://www.examveda.com/data-structure/practice-mcq-question-on-linked-lists-in-data-structures/?page=6,
Data Structures,linked lists in data structures,Which of the following data structure is preferred to have lesser search time when the list size is small?,search tree,sorted list,self organizing list,linked list,C,,medium,web:Examveda.com https://www.examveda.com/data-structure/practice-mcq-question-on-linked-lists-in-data-structures/?page=6,
Data Structures,linked lists in data structures,What is xor linked list?,uses of bitwise XOR operation to decrease storage requirements for doubly linked lists,uses of bitwise XOR operation to decrease storage requirements for linked lists,uses of bitwise operations to decrease storage requirements for doubly linked lists,just another form of linked list,A,,medium,web:Examveda.com https://www.examveda.com/data-structure/practice-mcq-question-on-linked-lists-in-data-structures/?page=6,
Data Structures,linked lists in data structures,What are implicit and explicit implementations of freelists?,garbage collection and new or malloc operators respectively,new or malloc and garbage collection respectively,implicit implementation is not favored,explicit implementation is not favored,A,,medium,web:Examveda.com https://www.examveda.com/data-structure/practice-mcq-question-on-linked-lists-in-data-structures/?page=6,
Data Structures,linked lists in data structures,Which among the following is the time complexity for inserting an element in an unrolled linked list?,O(1),O(n),O(log n),O(n2),B,,medium,web:Examveda.com https://www.examveda.com/data-structure/practice-mcq-question-on-linked-lists-in-data-structures/?page=6,
Data Structures,linked lists in data structures,Which of the following method performs poorly when elements are accessed in sequential order?,count method,move to front method,transpose meth,ordering method,B,,medium,web:Examveda.com https://www.examveda.com/data-structure/practice-mcq-question-on-linked-lists-in-data-structures/?page=6,
Data Structures,linked lists in data structures,Skip lists are similar to which of the following datastructure?,stack,heap,binary search tree,balanced binary search tree,D,,medium,web:Examveda.com https://www.examveda.com/data-structure/practice-mcq-question-on-linked-lists-in-data-structures/?page=6,
Data Structures,linked lists in data structures,What technique is used in Transpose method?,searched node is swapped with its predecessor,node with highest access count is moved to head of the list,searched node is swapped with the head of list,searched nodes are rearranged based on their proximity to the head node,A,,medium,web:Examveda.com https://www.examveda.com/data-structure/practice-mcq-question-on-linked-lists-in-data-structures/?page=6,
Data Structures,linked lists in data structures,What happens if a node cannot fit an element in an unrolled linked list?,The element is discarded,The elements are moved to the next node,The node is discarded,Error message is shown,B,,medium,web:Examveda.com https://www.examveda.com/data-structure/practice-mcq-question-on-linked-lists-in-data-structures/?page=7,
Data Structures,linked lists in data structures,What datastructures can be used in implementing a free list?,only linked list,linked list or sort trees,arrays,trees,B,,medium,web:Examveda.com https://www.examveda.com/data-structure/practice-mcq-question-on-linked-lists-in-data-structures/?page=7,
Data Structures,linked lists in data structures,"Consider the 2-level skip list 
 
How to access 38?",travel 20-30-35-38,travel 20-30-40-38,travel 20-38,travel 20-40-38,A,,medium,web:Examveda.com https://www.examveda.com/data-structure/practice-mcq-question-on-linked-lists-in-data-structures/?page=7,
Data Structures,linked lists in data structures,To which datastructure are skip lists similar to in terms of time complexities in worst and best cases?,balanced binary search trees,binary search trees,binary trees,linked lists,A,,medium,web:Examveda.com https://www.examveda.com/data-structure/practice-mcq-question-on-linked-lists-in-data-structures/?page=7,
Data Structures,linked lists in data structures,The worst case running time of a linear search on the self organizing list is . . . . . . . .,O(1),O(logn),O(n),O(n2),C,,medium,web:Examveda.com https://www.examveda.com/data-structure/practice-mcq-question-on-linked-lists-in-data-structures/?page=7,
Data Structures,linked lists in data structures,For which of the following purpose a top pointer can be used?,Storing the address of the head pointer,Storing the address of the previous node,Storing the address of the next node,Storing equal values on the same level,D,,medium,web:Examveda.com https://www.examveda.com/data-structure/practice-mcq-question-on-linked-lists-in-data-structures/?page=7,
Data Structures,linked lists in data structures,"What's wrong with this code which returns xor of two nodes address? 
//struct is common userdefined datatype in c/c++ and class is it's alternative
 
struct node* XOR (struct node *a, struct node *b) 
{
 //this logic is used to fill the nodes with address of a xor linked list
 return ((int) (a) ^ (int) (b)); 
}",nothing wrong. everything is fine,type casting at return is missing,parameters are wrong,total logic is wrong,B,,medium,web:Examveda.com https://www.examveda.com/data-structure/practice-mcq-question-on-linked-lists-in-data-structures/?page=7,
Data Structures,linked lists in data structures,"Suppose, in a triply linked list, the elements 2, 3, 3, 5, 5, 5 and 6 are inserted in the given sequence. To which of the following elements will the top pointer point, if the linked list is traversed starting from the head?",2 3 top → 3 5 top → 5 5 top → 6,2 top → 3 3 top → 5 5 5 top → 6,2 3 top → 3 5 top → 5 top → 5 6,2 top → 3 top → 3 top → 5 5 5 6,C,,medium,web:Examveda.com https://www.examveda.com/data-structure/practice-mcq-question-on-linked-lists-in-data-structures/?page=7,
Data Structures,linked lists in data structures,"The algorithm given is for deleting an element in an unrolled linked list. What should be the correct statement for the blank given below? 
Find an element in node a
 a.data.delete(element)
 a.elementNum--
 while a.elementNum < a.data.size / 2
 put element from a.next.data in a.data
 a.next.elementNum--
 a.elementNum++
 if a.next.elementNum < a.next.data.size / 2
 _______________________
 _______________________","merge nodes a and a.next
 delete node a.next","delete node a
 merge nodes a.prev and a.next","a.elementNum--
 a.elementNum++","a.next.elementNum--
 a.next.elementNum++",A,,medium,web:Examveda.com https://www.examveda.com/data-structure/practice-mcq-question-on-linked-lists-in-data-structures/?page=8,
Data Structures,linked lists in data structures,The nodes in a skip list may have many forward references. their number is determined,probabilistically,randomly,sequentially,orthogonally,A,,medium,web:Examveda.com https://www.examveda.com/data-structure/practice-mcq-question-on-linked-lists-in-data-structures/?page=8,
Data Structures,linked lists in data structures,What is a skip list?,a linkedlist with size value in nodes,a linkedlist that allows faster search within an ordered sequence,a linkedlist that allows slower search within an ordered sequence,a tree which is in the form of linked list,B,,medium,web:Examveda.com https://www.examveda.com/data-structure/practice-mcq-question-on-linked-lists-in-data-structures/?page=8,
Data Structures,linked lists in data structures,Which of the following is a drawback of an unrolled linked list?,Small memory overhead,Cache management,High overhead per node,Slow insertion and deletion,C,,medium,web:Examveda.com https://www.examveda.com/data-structure/practice-mcq-question-on-linked-lists-in-data-structures/?page=8,
Data Structures,linked lists in data structures,Which of the following is not the properties of XOR lists?,X⊕X = 0,X⊕0 = X,(X⊕Y)⊕Z = X⊕(Y⊕Z),X⊕0 = 1,D,,medium,web:Examveda.com https://www.examveda.com/data-structure/practice-mcq-question-on-linked-lists-in-data-structures/?page=8,
Data Structures,linked lists in data structures,Which of the following is true about the Move-To-Front Method for rearranging nodes?,node with highest access count is moved to head of the list,requires extra storage,may over-reward infrequently accessed nodes,requires a counter for each node,C,,medium,web:Examveda.com https://www.examveda.com/data-structure/practice-mcq-question-on-linked-lists-in-data-structures/?page=8,
Data Structures,linked lists in data structures,Where does a triply linked list contains an extra pointer in comparison to a doubly linked list?,Top of the node,Bottom of the node,Before the node,After the node,A,,medium,web:Examveda.com https://www.examveda.com/data-structure/practice-mcq-question-on-linked-lists-in-data-structures/?page=8,
Data Structures,linked lists in data structures,How are free blocks linked together mostly and in what addressing order?,circular linked list and increasing addressing order,linked list and decreasing addressing order,linked list and in no addressing order,none of the mentioned,A,,medium,web:Examveda.com https://www.examveda.com/data-structure/practice-mcq-question-on-linked-lists-in-data-structures/?page=8,
Data Structures,linked lists in data structures,Symbol tables during compilation of program is efficiently implemented using . . . . . . . .,a singly linked list,a doubly linked list,a self organizing list,an array,C,,medium,web:Examveda.com https://www.examveda.com/data-structure/practice-mcq-question-on-linked-lists-in-data-structures/?page=8,
Data Structures,linked lists in data structures,"Which of the following statements are true? 
i) practical application of XOR linked lists are in environments with limited space requirements, such as embedded devices. 
ii)xor lists are not suitable because most garbage collectors will fail to work properly with classes or structures that don't contain literal pointers 
iii)in order to calculate the address of the next node you need to remember the address of the previous node 
iv)xor lists are much efficient than single, doubly linked lists and arrays","i, ii, iii, iv","i, ii, iii","i, ii",i,B,,medium,web:Examveda.com https://www.examveda.com/data-structure/practice-mcq-question-on-linked-lists-in-data-structures/?page=9,
Data Structures,linked lists in data structures,Which of the following is a typical declaration of a triply linked list in C?,"struct node 
{ 
 int data; 
 struct node *previous; 
 struct node *top;
};","struct node 
{ 
 int data;
 struct node *next; 
 struct node *top;
};","struct node 
{ 
 int data; 
 struct node *next; 
 struct node *previous;
 struct node *top;
};","struct node 
{ 
 int data; 
 struct node *next; 
 struct node *previous;
};",C,,medium,web:Examveda.com https://www.examveda.com/data-structure/practice-mcq-question-on-linked-lists-in-data-structures/?page=9,
Data Structures,linked lists in data structures,Which among the following is the time complexity for inserting at the beginning of a triply linked list?,O(n),O(1),O(log n),O(n2),B,,medium,web:Examveda.com https://www.examveda.com/data-structure/practice-mcq-question-on-linked-lists-in-data-structures/?page=9,
Data Structures,linked lists in data structures,What is the time complexity improvement of skip lists from linked lists in insertion and deletion?,O(n) to O(logn) where n is number of elements,O(n) to O(1) where n is number of elements,no change,O(n) to O(n2) where n is number of elements,A,,medium,web:Examveda.com https://www.examveda.com/data-structure/practice-mcq-question-on-linked-lists-in-data-structures/?page=9,
Data Structures,linked lists in data structures,What is buddy memory management of free lists ?,modified version of first fit,"buddy allocation keeps several‭ free lists,‭ ‬each one holds blocks which are of one particular size",modified version of best fit,a tree representation of free lists,B,,medium,web:Examveda.com https://www.examveda.com/data-structure/practice-mcq-question-on-linked-lists-in-data-structures/?page=9,
Data Structures,linked lists in data structures,How does implicit free lists(garbage collection) works in adding memory to free list ?,whichever comes last will be added to free list,whichever comes first will be added to free list,certain blocks cannot be used if there are no pointers to them and hence they can be freed,makes a probabilistic guess,C,,medium,web:Examveda.com https://www.examveda.com/data-structure/practice-mcq-question-on-linked-lists-in-data-structures/?page=9,
Data Structures,linked lists in data structures,"Given 10,8,6,7,9 
swap the above numbers such that finally you got 6,7,8,9,10 
so now reverse 10 
9,7,6,8,10 
now reverse 9 
8,6,7,9,10 
7,6,8,9,10 
6,7,8,9,10 
at this point 6 is ahead so no more reversing can be done so stop. 
To implement above algorithm which datastructure is better and why ?",linked list. because we can swap elements easily,arrays. because we can swap elements easily,xor linked list. because there is no overhead of pointers and so memory is saved,doubly linked list. because you can traverse back and forth,C,,medium,web:Examveda.com https://www.examveda.com/data-structure/practice-mcq-question-on-linked-lists-in-data-structures/?page=9,
Data Structures,linked lists in data structures,The self organizing list improves the efficiency of . . . . . . . .,binary search,jump search,sublist search,linear search,D,,medium,web:Examveda.com https://www.examveda.com/data-structure/practice-mcq-question-on-linked-lists-in-data-structures/?page=9,
Data Structures,linked lists in data structures,Accessing free list very frequently for wide range of addresses can lead to,paging,segmentation fault,memory errors,cache problems,A,,medium,web:Examveda.com https://www.examveda.com/data-structure/practice-mcq-question-on-linked-lists-in-data-structures/?page=9,
Data Structures,linked lists in data structures,"In . . . . . . . . method, whenever a node is accessed, it might move to the head of the list if its number of accesses becomes greater than the records preceding it.",least recently used,count,traspose,exchange,B,,medium,web:Examveda.com https://www.examveda.com/data-structure/practice-mcq-question-on-linked-lists-in-data-structures/?page=9,
Data Structures,linked lists in data structures,What does a xor linked list have?,every node stores the XOR of addresses of previous and next nodes,actuall memory address of next node,every node stores the XOR of addresses of previous and next two nodes,every node stores xor 0 and the current node address,A,,medium,web:Examveda.com https://www.examveda.com/data-structure/practice-mcq-question-on-linked-lists-in-data-structures/?page=10,
Data Structures,linked lists in data structures,Which of the following represents the space complexity for an unrolled linked list?,O(1),O(n),O(n2),O(n3),B,,medium,web:Examveda.com https://www.examveda.com/data-structure/practice-mcq-question-on-linked-lists-in-data-structures/?page=10,
Data Structures,linked lists in data structures,Free lists are used in,static memory allocation,dynamic memory allocation,contagious allocations,are used for speeding up linked list operations,B,,medium,web:Examveda.com https://www.examveda.com/data-structure/practice-mcq-question-on-linked-lists-in-data-structures/?page=10,
Data Structures,linked lists in data structures,Which of the following is not the rearranging method used to implement self-organizing lists?,count method,move to front method,ordering method,least frequently used,D,,medium,web:Examveda.com https://www.examveda.com/data-structure/practice-mcq-question-on-linked-lists-in-data-structures/?page=10,
Data Structures,linked lists in data structures,Which of the following is an advantage of XOR list?,"Almost of debugging tools cannot follow the XOR chain, making debugging difficult",You need to remember the address of the previously accessed node in order to calculate the next node's address,In some contexts XOR of pointers is not defined,XOR list decreases the space requirement in doubly linked list,D,,medium,web:Examveda.com https://www.examveda.com/data-structure/practice-mcq-question-on-linked-lists-in-data-structures/?page=10,
Data Structures,linked lists in data structures,"Consider the following algorithm to insert an element in a triply linked list. insertelement(data)
{
 create a node with given data.
 if the linked list is empty
 {
 _____________
 _____________
 }
 if the given node is less than the head
 {
 link the nodes through address and adjust the tail
 }
 if the given node is not less than the head
 {
 if the given node is equal to the head
 {
 new node is inserted on top of the head 
 }
 else
 {
 traverse the linked list to find an element greater than the node and insert in front of the node 
 } 
 } 
} 
Which of the following option is best suited to fill the blank?","initializing previous, next and top pointers to null
 pointing the head and tail to the node created","pointing previous, next and top pointers to the node created
 initializing the head and tail to null","initializing previous, next and top pointers to null
 initializing the head and tail to null","pointing previous, next and top pointers to the node",A,,medium,web:Examveda.com https://www.examveda.com/data-structure/practice-mcq-question-on-linked-lists-in-data-structures/?page=10,
Data Structures,linked lists in data structures,What is indexed skip list?,it stores width of link in place of element,it stores index values,array based linked list,indexed tree,A,,medium,web:Examveda.com https://www.examveda.com/data-structure/practice-mcq-question-on-linked-lists-in-data-structures/?page=10,
Data Structures,stacks in data structures,What is the time complexity of push operation in a stack implemented using an array?,O(1),O(n),O(log n),O(n log n),A,,medium,web:Examveda.com https://www.examveda.com/data-structure/practice-mcq-question-on-stacks-in-data-structures/,
Data Structures,stacks in data structures,Which of the following operations is performed last in a stack?,Push,Pop,Peek,Size,B,,medium,web:Examveda.com https://www.examveda.com/data-structure/practice-mcq-question-on-stacks-in-data-structures/,
Data Structures,stacks in data structures,What is the stack's behavior when it's described as LIFO?,Last In First Out,Last In Last Out,First In First Out,First In Last Out,A,,medium,web:Examveda.com https://www.examveda.com/data-structure/practice-mcq-question-on-stacks-in-data-structures/,
Data Structures,stacks in data structures,How can you implement a stack using a linked list?,By using a singly linked list,By using a doubly linked list,By using a circular linked list,All of the above,D,,medium,web:Examveda.com https://www.examveda.com/data-structure/practice-mcq-question-on-stacks-in-data-structures/,
Data Structures,stacks in data structures,Which data structure would you use to evaluate a postfix expression?,Queue,Stack,Linked list,Binary Tree,B,,medium,web:Examveda.com https://www.examveda.com/data-structure/practice-mcq-question-on-stacks-in-data-structures/,
Data Structures,stacks in data structures,What is the result of calling the pop operation on an empty stack?,An error is thrown,The stack returns null,The stack remains unchanged,It creates a new stack,A,,medium,web:Examveda.com https://www.examveda.com/data-structure/practice-mcq-question-on-stacks-in-data-structures/,
Data Structures,stacks in data structures,How do you check if a stack is empty?,Check if the top pointer is null,Check if the size is zero,Check if the top pointer is zero,Check if the last element is null,B,,medium,web:Examveda.com https://www.examveda.com/data-structure/practice-mcq-question-on-stacks-in-data-structures/,
Data Structures,stacks in data structures,Which operation on a stack is used to retrieve the top element without removing it?,Pop,Push,Peek,Size,C,,medium,web:Examveda.com https://www.examveda.com/data-structure/practice-mcq-question-on-stacks-in-data-structures/,
Data Structures,stacks in data structures,In which scenario is a stack particularly useful?,For implementing recursion,For implementing a queue,For implementing a graph,For implementing a priority queue,A,,medium,web:Examveda.com https://www.examveda.com/data-structure/practice-mcq-question-on-stacks-in-data-structures/,
Data Structures,stacks in data structures,How would you implement a stack with constant space complexity?,By using a dynamic array,By using a linked list,By using a fixed-size array,By using a hash table,C,,medium,web:Examveda.com https://www.examveda.com/data-structure/practice-mcq-question-on-stacks-in-data-structures/,
Data Structures,stacks in data structures,What is the space complexity of a stack implemented using a linked list with n elements?,O(1),O(n),O(log n),O(n^2),B,,medium,web:Examveda.com https://www.examveda.com/data-structure/practice-mcq-question-on-stacks-in-data-structures/?page=2,
Data Structures,stacks in data structures,What is the maximum number of elements that can be held in a stack with a fixed size of 10?,10,11,9,Unlimited,A,,medium,web:Examveda.com https://www.examveda.com/data-structure/practice-mcq-question-on-stacks-in-data-structures/?page=2,
Data Structures,stacks in data structures,What happens when a stack overflows?,The program crashes,The top element is lost,An error is thrown,The stack size increases dynamically,C,,medium,web:Examveda.com https://www.examveda.com/data-structure/practice-mcq-question-on-stacks-in-data-structures/?page=2,
Data Structures,stacks in data structures,How can you reverse a stack using recursion?,By using a temporary stack,By using a queue,By using a linked list,By using additional recursive calls,D,,medium,web:Examveda.com https://www.examveda.com/data-structure/practice-mcq-question-on-stacks-in-data-structures/?page=2,
Data Structures,stacks in data structures,Which of the following is NOT a valid operation for a stack?,Peek,Push,Pop,Enqueue,D,,medium,web:Examveda.com https://www.examveda.com/data-structure/practice-mcq-question-on-stacks-in-data-structures/?page=2,
Data Structures,stacks in data structures,Which of the following problems can be solved efficiently using a stack?,Balanced parentheses,Sorting,Searching,Finding shortest path,A,,medium,web:Examveda.com https://www.examveda.com/data-structure/practice-mcq-question-on-stacks-in-data-structures/?page=2,
Data Structures,stacks in data structures,"In a stack implemented using an array, what happens if the stack exceeds its predefined size?",The stack expands dynamically,The stack overflows,The stack shrinks,The program crashes,B,,medium,web:Examveda.com https://www.examveda.com/data-structure/practice-mcq-question-on-stacks-in-data-structures/?page=2,
Data Structures,stacks in data structures,What is the time complexity for accessing the top element in a stack implemented using an array?,O(1),O(n),O(log n),O(n log n),A,,medium,web:Examveda.com https://www.examveda.com/data-structure/practice-mcq-question-on-stacks-in-data-structures/?page=2,
Data Structures,stacks in data structures,Which operation is NOT typically associated with stacks?,Push,Pop,Enqueue,Peek,C,,medium,web:Examveda.com https://www.examveda.com/data-structure/practice-mcq-question-on-stacks-in-data-structures/?page=2,
Data Structures,stacks in data structures,What is the main advantage of using a linked list to implement a stack compared to an array?,No fixed size limit,Better cache locality,Faster access time,Simpler implementation,A,,medium,web:Examveda.com https://www.examveda.com/data-structure/practice-mcq-question-on-stacks-in-data-structures/?page=2,
Data Structures,stacks in data structures,How can you implement a stack using two queues?,By using one queue to store elements and the other to reverse the order,By alternating between queues for push and pop,By using one queue for stack operations and another for temporary storage,By using one queue to manage the size of the stack,C,,medium,web:Examveda.com https://www.examveda.com/data-structure/practice-mcq-question-on-stacks-in-data-structures/?page=3,
Data Structures,stacks in data structures,Which of the following algorithms uses a stack to store its function calls?,Breadth-First Search,Depth-First Search,Dijkstra's Algorithm,Kruskal's Algorithm,B,,medium,web:Examveda.com https://www.examveda.com/data-structure/practice-mcq-question-on-stacks-in-data-structures/?page=3,
Data Structures,stacks in data structures,"What is the result of performing a pop operation on a stack that contains elements [5, 10, 15]?","The stack becomes [5, 10]","The stack becomes [5, 10, 15]","The stack becomes [10, 15]",The stack becomes [5],C,,medium,web:Examveda.com https://www.examveda.com/data-structure/practice-mcq-question-on-stacks-in-data-structures/?page=3,
Data Structures,stacks in data structures,In which scenario would a stack not be suitable for use?,Evaluating expressions,Reversing elements,Implementing a breadth-first search,Undo operations in a text editor,C,,medium,web:Examveda.com https://www.examveda.com/data-structure/practice-mcq-question-on-stacks-in-data-structures/?page=3,
Data Structures,stacks in data structures,How do you implement a stack with O(1) time complexity for both push and pop operations?,Using an array with dynamic resizing,Using a linked list,Using a fixed-size array,Using a doubly linked list,B,,medium,web:Examveda.com https://www.examveda.com/data-structure/practice-mcq-question-on-stacks-in-data-structures/?page=3,
Data Structures,stacks in data structures,What is the effect of a stack's top pointer being NULL?,The stack is empty,The stack is full,The stack is corrupted,The stack size is zero,A,,medium,web:Examveda.com https://www.examveda.com/data-structure/practice-mcq-question-on-stacks-in-data-structures/?page=3,
Data Structures,stacks in data structures,What is the correct order of stack operations when performing the infix to postfix conversion?,Push operators onto the stack and pop them according to precedence,Pop operators from the stack and push them according to precedence,Directly append operators to the result,Push and pop all operands,A,,medium,web:Examveda.com https://www.examveda.com/data-structure/practice-mcq-question-on-stacks-in-data-structures/?page=3,
Data Structures,stacks in data structures,How can you check if two stacks are equal?,Compare their sizes and elements,Compare their top elements only,Compare their sizes only,Compare their last elements only,A,,medium,web:Examveda.com https://www.examveda.com/data-structure/practice-mcq-question-on-stacks-in-data-structures/?page=3,
Data Structures,stacks in data structures,What is the time complexity of peeking at the top element of a stack implemented using a linked list?,O(1),O(n),O(log n),O(n log n),A,,medium,web:Examveda.com https://www.examveda.com/data-structure/practice-mcq-question-on-stacks-in-data-structures/?page=3,
Data Structures,stacks in data structures,"In a stack, what does the push operation do?",Adds an element to the top of the stack,Removes the top element from the stack,Retrieves the top element without removing it,Resizes the stack,A,,medium,web:Examveda.com https://www.examveda.com/data-structure/practice-mcq-question-on-stacks-in-data-structures/?page=3,
Data Structures,stacks in data structures,Which stack operation is typically used to undo the most recent action in applications?,Push,Pop,Peek,Swap,B,,medium,web:Examveda.com https://www.examveda.com/data-structure/practice-mcq-question-on-stacks-in-data-structures/?page=4,
Data Structures,stacks in data structures,"In a stack, what is the term used to describe the condition when elements are removed until it is empty?",Overflow,Underflow,Reset,Collapse,B,,medium,web:Examveda.com https://www.examveda.com/data-structure/practice-mcq-question-on-stacks-in-data-structures/?page=4,
Data Structures,stacks in data structures,How would you implement a stack that supports minimum element retrieval in constant time?,Use an additional stack to keep track of minimums,Use a doubly linked list,Use a hash table to store minimums,Use a binary search tree,A,,medium,web:Examveda.com https://www.examveda.com/data-structure/practice-mcq-question-on-stacks-in-data-structures/?page=4,
Data Structures,stacks in data structures,Which of the following operations cannot be performed in O(1) time in a stack?,Push,Pop,Peek,Search,D,,medium,web:Examveda.com https://www.examveda.com/data-structure/practice-mcq-question-on-stacks-in-data-structures/?page=4,
Data Structures,stacks in data structures,What happens when you push an element onto a stack that is already full (in a fixed-size stack)?,The element overwrites the existing one,The stack shrinks,An overflow error occurs,The element is ignored,C,,medium,web:Examveda.com https://www.examveda.com/data-structure/practice-mcq-question-on-stacks-in-data-structures/?page=4,
Data Structures,stacks in data structures,Which of the following problems can be efficiently solved using a stack?,Evaluating infix expressions,Finding the shortest path in a graph,Checking for cycles in a graph,Sorting elements,A,,medium,web:Examveda.com https://www.examveda.com/data-structure/practice-mcq-question-on-stacks-in-data-structures/?page=4,
Data Structures,stacks in data structures,How do you implement a stack using two stacks?,By using one stack for push and the other for pop operations,By using one stack to keep elements and the other to reverse them,By alternating between two stacks,By using two stacks for different data types,A,,medium,web:Examveda.com https://www.examveda.com/data-structure/practice-mcq-question-on-stacks-in-data-structures/?page=4,
Data Structures,stacks in data structures,What is the typical application of a stack in function calls?,To store local variables,To manage global variables,To store the function's return address,To handle memory allocation,C,,medium,web:Examveda.com https://www.examveda.com/data-structure/practice-mcq-question-on-stacks-in-data-structures/?page=4,
Data Structures,stacks in data structures,What is the time complexity of accessing an element at the bottom of a stack implemented using a linked list?,O(1),O(n),O(log n),O(n log n),B,,medium,web:Examveda.com https://www.examveda.com/data-structure/practice-mcq-question-on-stacks-in-data-structures/?page=4,
Data Structures,stacks in data structures,How can you check if a given sequence of brackets is balanced using a stack?,Push each opening bracket and pop on closing brackets,Directly compare brackets without stack,Use a queue to process brackets,Track the balance using a counter,A,,medium,web:Examveda.com https://www.examveda.com/data-structure/practice-mcq-question-on-stacks-in-data-structures/?page=4,
Data Structures,stacks in data structures,What is a common use case for a stack in web browsers?,Maintaining a history of visited pages,Storing user credentials,Caching images,Handling cookies,A,,medium,web:Examveda.com https://www.examveda.com/data-structure/practice-mcq-question-on-stacks-in-data-structures/?page=5,
Data Structures,stacks in data structures,Which of the following correctly describes a stack's push operation in terms of its effect on the stack?,Adds an element to the top of the stack,Removes the top element of the stack,Retrieves the top element without removal,Checks the stack size,A,,medium,web:Examveda.com https://www.examveda.com/data-structure/practice-mcq-question-on-stacks-in-data-structures/?page=5,
Data Structures,stacks in data structures,What is the maximum number of elements that can be held in a stack if it has a capacity of 20 and 5 elements are pushed and then 3 elements are popped?,22,17,15,20,D,,medium,web:Examveda.com https://www.examveda.com/data-structure/practice-mcq-question-on-stacks-in-data-structures/?page=5,
Data Structures,stacks in data structures,What type of stack implementation allows for the stack to grow dynamically as needed?,Static array implementation,Dynamic array implementation,Fixed-size array implementation,Circular buffer implementation,B,,medium,web:Examveda.com https://www.examveda.com/data-structure/practice-mcq-question-on-stacks-in-data-structures/?page=5,
Data Structures,stacks in data structures,"Evaluate the following and choose the correct answer. 
a/b+c*d where a=4, b=2, c=2, d=1.",1,4,5,2,B,,medium,web:Examveda.com https://www.examveda.com/data-structure/practice-mcq-question-on-stacks-in-data-structures/?page=5,
Data Structures,stacks in data structures,"What would be the Prefix notation for the given equation? 
a+b-c/d&e|f",|&-+ab/cdef,&|-+ab/cdef,|&-ab+/cdef,|&-+/abcdef,A,,medium,web:Examveda.com https://www.examveda.com/data-structure/practice-mcq-question-on-stacks-in-data-structures/?page=5,
Data Structures,stacks in data structures,What is the time complexity of balancing parentheses algorithm?,O (N),O (N log N),O (M log N),O (N2),A,,medium,web:Examveda.com https://www.examveda.com/data-structure/practice-mcq-question-on-stacks-in-data-structures/?page=5,
Data Structures,stacks in data structures,"Using the evaluation of infix expression, evaluate a^b+c and choose the correct answer. (a=2, b=2, c=2)",12,8,10,6,D,,medium,web:Examveda.com https://www.examveda.com/data-structure/practice-mcq-question-on-stacks-in-data-structures/?page=5,
Data Structures,stacks in data structures,"Evaluate the postfix expression ab + cd/- where a=5, b=4, c=9, d=3.",23,15,6,10,C,,medium,web:Examveda.com https://www.examveda.com/data-structure/practice-mcq-question-on-stacks-in-data-structures/?page=5,
Data Structures,stacks in data structures,"What is the correct postfix expression for the following expression? 
a+b*(c^d-e)^(f+g*h)-i",abc^de-fg+*^*+i-,abcde^-fg*+*^h*+i-,abcd^e-fgh*+^*+i-,ab^-dc*+ef^gh*+i-,C,,medium,web:Examveda.com https://www.examveda.com/data-structure/practice-mcq-question-on-stacks-in-data-structures/?page=5,
Data Structures,stacks in data structures,"What would be the solution to the given prefix notation? 
/ / / 16 4 2 1",1,4,2,8,C,,medium,web:Examveda.com https://www.examveda.com/data-structure/practice-mcq-question-on-stacks-in-data-structures/?page=6,
Data Structures,stacks in data structures,What is the time complexity of an infix to postfix conversion algorithm?,O(N log N),O(N),O(N2),O(M log N),B,,medium,web:Examveda.com https://www.examveda.com/data-structure/practice-mcq-question-on-stacks-in-data-structures/?page=6,
Data Structures,stacks in data structures,"What would be the Prefix notation and Postfix notation for the given equation? 
A+B+C",++ABC and AB+C+,AB+C+ and ++ABC,ABC++ and AB+C+,ABC+ and ABC+,A,,medium,web:Examveda.com https://www.examveda.com/data-structure/practice-mcq-question-on-stacks-in-data-structures/?page=6,
Data Structures,stacks in data structures,"What would be the Prefix notation for the given equation? 
A+B*C^D",+A*B^CD,+A^B*CD,*A+B^CD,^A*B+CD,A,,medium,web:Examveda.com https://www.examveda.com/data-structure/practice-mcq-question-on-stacks-in-data-structures/?page=6,
Data Structures,stacks in data structures,"What would be the Prefix notation for the given equation? 
A^B^C^D",^^^ABCD,^A^B^CD,ABCD^^^,AB^C^D,A,,medium,web:Examveda.com https://www.examveda.com/data-structure/practice-mcq-question-on-stacks-in-data-structures/?page=6,
Data Structures,stacks in data structures,"Consider the stack 
| 5 | 
| 4 | 
| 3 | 
| 2 |. 
At this point, '*' is encountered. What has to be done?",5*4=20 is pushed into the stack,* is pushed into the stack,2*3=6 is pushed into the stack,* is ignored,A,,medium,web:Examveda.com https://www.examveda.com/data-structure/practice-mcq-question-on-stacks-in-data-structures/?page=6,
Data Structures,stacks in data structures,"What would be the solution to the given prefix notation? 
- + 1 2 * 3 / 6 2",6,-6,3,-3,B,,medium,web:Examveda.com https://www.examveda.com/data-structure/practice-mcq-question-on-stacks-in-data-structures/?page=6,
Data Structures,stacks in data structures,What is the time complexity for converting decimal to binary numbers?,O(1),O(n),O(logn),O(nlogn),C,,medium,web:Examveda.com https://www.examveda.com/data-structure/practice-mcq-question-on-stacks-in-data-structures/?page=6,
Data Structures,stacks in data structures,What should be done when an opening parentheses is read in a balancing symbols algorithm?,push it on to the stack,throw an error,ignore the parentheses,pop the stack,A,,medium,web:Examveda.com https://www.examveda.com/data-structure/practice-mcq-question-on-stacks-in-data-structures/?page=7,
Data Structures,stacks in data structures,What is the value of the postfix expression 2 3 + 4 5 6 - - *,19,21,-4,25,D,,medium,web:Examveda.com https://www.examveda.com/data-structure/practice-mcq-question-on-stacks-in-data-structures/?page=7,
Data Structures,stacks in data structures,Which of the following statement is incorrect with respect to evaluation of infix expression algorithm?,Operand is pushed on to the stack,"If the precedence of operator is higher, pop two operands and evaluate","If the precedence of operator is lower, pop two operands and evaluate",The result is pushed on to the operand stack,B,,medium,web:Examveda.com https://www.examveda.com/data-structure/practice-mcq-question-on-stacks-in-data-structures/?page=7,
Data Structures,stacks in data structures,"Using the evaluation of prefix algorithm, evaluate +-9 2 7.",10,4,17,14,D,,medium,web:Examveda.com https://www.examveda.com/data-structure/practice-mcq-question-on-stacks-in-data-structures/?page=7,
Data Structures,stacks in data structures,Which of the following statement is incorrect with respect to balancing symbols algorithm?,{[()]},([ )],{( )},{ [ ] },B,,medium,web:Examveda.com https://www.examveda.com/data-structure/practice-mcq-question-on-stacks-in-data-structures/?page=7,
Data Structures,stacks in data structures,How many stacks are required for reversing a word algorithm?,one,two,three,four,A,,medium,web:Examveda.com https://www.examveda.com/data-structure/practice-mcq-question-on-stacks-in-data-structures/?page=7,
Data Structures,stacks in data structures,"Evaluate the following infix expression using algorithm and choose the correct answer. a+b*c-d/e^f where a=1, b=2, c=3, d=4, e=2, f=2.",6,8,9,7,A,,medium,web:Examveda.com https://www.examveda.com/data-structure/practice-mcq-question-on-stacks-in-data-structures/?page=7,
Data Structures,stacks in data structures,The time complexity of converting a prefix notation to infix notation is . . . . . . . .,O(n) where n is the length of the equation,O(n) where n is number of operands,O(1),O(logn) where n is length of the equation,A,,medium,web:Examveda.com https://www.examveda.com/data-structure/practice-mcq-question-on-stacks-in-data-structures/?page=8,
Data Structures,stacks in data structures,"What will be the output of the following program? 
main() 
{ 
 char str[]=""hello india""; 
 int len = strlen(str); 
 int i; 
 
 for(i=0;i<len;i++) 
 push(str[i]); // pushes an element into stack
 
 for(i=0;i<len;i++) 
 pop(); //pops an element from the stack
}",helloindia,hello india,aidni olleh,india hello,C,,medium,web:Examveda.com https://www.examveda.com/data-structure/practice-mcq-question-on-stacks-in-data-structures/?page=8,
Data Structures,stacks in data structures,Which is the most appropriate data structure for reversing a word?,queue,stack,tree,graph,B,,medium,web:Examveda.com https://www.examveda.com/data-structure/practice-mcq-question-on-stacks-in-data-structures/?page=8,
Data Structures,stacks in data structures,The postfix expression abc+de/*- is equivalent to which of the following infix expression?,abc+-de*/,(a+b)-d/e*c,a-(b+c)*(d/e),abc+*-(d/e),C,,medium,web:Examveda.com https://www.examveda.com/data-structure/practice-mcq-question-on-stacks-in-data-structures/?page=8,
Data Structures,stacks in data structures,Which of the following is valid reverse polish expression?,a op b,op a b,a b op,both op a b and a b op,C,,medium,web:Examveda.com https://www.examveda.com/data-structure/practice-mcq-question-on-stacks-in-data-structures/?page=8,
Data Structures,stacks in data structures,The prefix expression of the postfix expression AB+CD-* is . . . . . . . .,(A+B)*(C-D),+AB*-CD,A+*BCD-,*+AB-CD,D,,medium,web:Examveda.com https://www.examveda.com/data-structure/practice-mcq-question-on-stacks-in-data-structures/?page=8,
Data Structures,stacks in data structures,Which of these operators have the highest order of precedence?,'(' and ')','*' and '/','~' and '^','+' and '-',C,,medium,web:Examveda.com https://www.examveda.com/data-structure/practice-mcq-question-on-stacks-in-data-structures/?page=8,
Data Structures,stacks in data structures,"From the given expression tree, identify the infix expression, evaluate it and choose the correct result.",5,10,12,16,C,,medium,web:Examveda.com https://www.examveda.com/data-structure/practice-mcq-question-on-stacks-in-data-structures/?page=8,
Data Structures,stacks in data structures,"What would be the solution to the given prefix notation? 
+ 9 * 3 / 8 4",14,15,18,12,B,,medium,web:Examveda.com https://www.examveda.com/data-structure/practice-mcq-question-on-stacks-in-data-structures/?page=9,
Data Structures,stacks in data structures,How many stacks are required for applying evaluation of infix expression algorithm?,one,two,three,four,B,,medium,web:Examveda.com https://www.examveda.com/data-structure/practice-mcq-question-on-stacks-in-data-structures/?page=9,
Data Structures,stacks in data structures,How many stacks are required for evaluation of prefix expression?,one,two,three,four,B,,medium,web:Examveda.com https://www.examveda.com/data-structure/practice-mcq-question-on-stacks-in-data-structures/?page=9,
Data Structures,stacks in data structures,"Out of the following operators (^, *, +, &, $), the one having highest priority is . . . . . . . .",+,$,^,&,C,,medium,web:Examveda.com https://www.examveda.com/data-structure/practice-mcq-question-on-stacks-in-data-structures/?page=9,
Data Structures,stacks in data structures,Which of the following data structure is used to convert postfix expression to infix expression?,Stack,Queue,Linked List,Heap,A,,medium,web:Examveda.com https://www.examveda.com/data-structure/practice-mcq-question-on-stacks-in-data-structures/?page=9,
Data Structures,stacks in data structures,"Given two processes (conversion of postfix equation to infix notation and conversion of prefix notation to infix notation), which of the following is easier to implement?",Both are easy to implement,Conversion of postfix equation to infix equation is harder than converting a prefix notation to infix notation,Conversion of postfix equation to infix equation is easier than converting a prefix notation to infix notation,Insufficient data,C,,medium,web:Examveda.com https://www.examveda.com/data-structure/practice-mcq-question-on-stacks-in-data-structures/?page=9,
Data Structures,stacks in data structures,Express -15 as a 6-bit signed binary number.,001111,101111,101110,001110,B,,medium,web:Examveda.com https://www.examveda.com/data-structure/practice-mcq-question-on-stacks-in-data-structures/?page=9,
Data Structures,stacks in data structures,The equivalent infix expression and value for the postfix form 1 2 + 3 * 4 5 * - will be . . . . . . . .,1 + 2 * 3 - 4 * 5 and -13,(2 + 1) * (3 - 4) * 5 and 13,1 + 2 * (3 - 4) * 5 and -11,(1 + 2) * 3 - (4 * 5) and -11,D,,medium,web:Examveda.com https://www.examveda.com/data-structure/practice-mcq-question-on-stacks-in-data-structures/?page=9,
Data Structures,stacks in data structures,Evaluate the following statement using infix evaluation algorithm and choose the correct answer. 1+2*3-2,3,6,5,4,C,,medium,web:Examveda.com https://www.examveda.com/data-structure/practice-mcq-question-on-stacks-in-data-structures/?page=10,
Data Structures,stacks in data structures,Which is the predefined method available in Java to convert decimal to binary numbers?,toBinaryInteger(int),toBinaryValue(int),toBinaryNumber(int),toBinaryString(int),D,,medium,web:Examveda.com https://www.examveda.com/data-structure/practice-mcq-question-on-stacks-in-data-structures/?page=10,
Data Structures,stacks in data structures,"What is the corresponding postfix expression for the given infix expression? 
a*(b+c)/d",ab*+cd/,ab+*cd/,abc*+/d,abc+*d/,D,,medium,web:Examveda.com https://www.examveda.com/data-structure/practice-mcq-question-on-stacks-in-data-structures/?page=10,
Data Structures,stacks in data structures,"What would be the Prefix notation for the given equation? 
(a+(b/c)*(d^e)-f)",-+a*/^bcdef,-+a*/bc^def,-+a*b/c^def,-a+*/bc^def,B,,medium,web:Examveda.com https://www.examveda.com/data-structure/practice-mcq-question-on-stacks-in-data-structures/?page=10,
Data Structures,stacks in data structures,What determines the order of evaluation of a prefix expression?,precedence and associativity,precedence only,associativity only,depends on the parser,A,,medium,web:Examveda.com https://www.examveda.com/data-structure/practice-mcq-question-on-stacks-in-data-structures/?page=10,
Data Structures,stacks in data structures,What is the time complexity of reversing a word using stack algorithm?,O (N log N),O (N2),O (N),O (M log N),C,,medium,web:Examveda.com https://www.examveda.com/data-structure/practice-mcq-question-on-stacks-in-data-structures/?page=10,
Data Structures,stacks in data structures,Which of the following statement is invalid with respect to balancing symbols?,[(A+B) + (C-D)],[{A+B}-{C-[D+E]}],((A+B) + (C+D),{(A+B) + [C+D]},C,,medium,web:Examveda.com https://www.examveda.com/data-structure/practice-mcq-question-on-stacks-in-data-structures/?page=10,
Data Structures,stacks in data structures,"When the corresponding end bracket/braces/parentheses is not found, what happens?",The stack is popped,Ignore the parentheses,An error is reported,It is treated as an exception,C,,medium,web:Examveda.com https://www.examveda.com/data-structure/practice-mcq-question-on-stacks-in-data-structures/?page=10,
Data Structures,queues in data structures,What is the main characteristic of a queue data structure?,"Last In, First Out (LIFO)","First In, First Out (FIFO)","Last In, Last Out (LILO)","First In, Last Out (FILO)",B,,medium,web:Examveda.com https://www.examveda.com/data-structure/practice-mcq-question-on-queues-in-data-structures/,
Data Structures,queues in data structures,Which of the following operations is used to add an element to the end of a queue?,Enqueue,Dequeue,Peek,Push,A,,medium,web:Examveda.com https://www.examveda.com/data-structure/practice-mcq-question-on-queues-in-data-structures/,
Data Structures,queues in data structures,What is the time complexity of the dequeue operation in a queue implemented using a linked list?,O(1),O(n),O(log n),O(n log n),A,,medium,web:Examveda.com https://www.examveda.com/data-structure/practice-mcq-question-on-queues-in-data-structures/,
Data Structures,queues in data structures,Which queue implementation is used for circular buffering?,Circular queue,Priority queue,Double-ended queue,Simple queue,A,,medium,web:Examveda.com https://www.examveda.com/data-structure/practice-mcq-question-on-queues-in-data-structures/,
Data Structures,queues in data structures,What is the time complexity of accessing the front element in a queue implemented using an array?,O(1),O(n),O(log n),O(n log n),A,,medium,web:Examveda.com https://www.examveda.com/data-structure/practice-mcq-question-on-queues-in-data-structures/,
Data Structures,queues in data structures,How can you efficiently implement a queue using two stacks?,By using one stack for enqueue and the other for dequeue,By using one stack to store elements and the other to reverse them,By alternating between two stacks,By using two stacks for different operations,A,,medium,web:Examveda.com https://www.examveda.com/data-structure/practice-mcq-question-on-queues-in-data-structures/,
Data Structures,queues in data structures,What is the main disadvantage of a queue implemented using a fixed-size array?,Fixed size limits capacity,Inefficient memory usage,Slow operations,Complexity in implementation,A,,medium,web:Examveda.com https://www.examveda.com/data-structure/practice-mcq-question-on-queues-in-data-structures/,
Data Structures,queues in data structures,In which scenario is a priority queue particularly useful?,When elements need to be processed in a specific order,When elements need to be added or removed in any order,When all elements have equal priority,When you need a simple queue,A,,medium,web:Examveda.com https://www.examveda.com/data-structure/practice-mcq-question-on-queues-in-data-structures/,
Data Structures,queues in data structures,"What does the term ""enqueue"" refer to in a queue data structure?",Removing an element from the front,Adding an element to the back,Retrieving the element at the front,Clearing all elements from the queue,B,,medium,web:Examveda.com https://www.examveda.com/data-structure/practice-mcq-question-on-queues-in-data-structures/,
Data Structures,queues in data structures,Which of the following operations is NOT supported by a standard queue?,Enqueue,Dequeue,Peek,Insert at specific position,D,,medium,web:Examveda.com https://www.examveda.com/data-structure/practice-mcq-question-on-queues-in-data-structures/,
Data Structures,queues in data structures,What is the primary advantage of using a circular queue over a linear queue?,Better utilization of memory,Faster operations,Simpler implementation,No advantage,A,,medium,web:Examveda.com https://www.examveda.com/data-structure/practice-mcq-question-on-queues-in-data-structures/?page=2,
Data Structures,queues in data structures,What will happen if you try to dequeue from an empty queue?,An error is thrown,The operation succeeds with a null value,The queue automatically grows,Nothing happens,A,,medium,web:Examveda.com https://www.examveda.com/data-structure/practice-mcq-question-on-queues-in-data-structures/?page=2,
Data Structures,queues in data structures,"In a queue, how do you determine if the queue is full when using a fixed-size array?",By comparing the current size to the array size,By checking if the front index is equal to the rear index,By checking if the rear index is one less than the front index,By checking if the queue is empty,C,,medium,web:Examveda.com https://www.examveda.com/data-structure/practice-mcq-question-on-queues-in-data-structures/?page=2,
Data Structures,queues in data structures,What is the time complexity of the enqueue operation in a queue implemented using a linked list?,O(1),O(n),O(log n),O(n log n),A,,medium,web:Examveda.com https://www.examveda.com/data-structure/practice-mcq-question-on-queues-in-data-structures/?page=2,
Data Structures,queues in data structures,How can you implement a deque (double-ended queue) using a linked list?,By using a doubly linked list,By using two single-ended queues,By using a circular buffer,By using a priority queue,A,,medium,web:Examveda.com https://www.examveda.com/data-structure/practice-mcq-question-on-queues-in-data-structures/?page=2,
Data Structures,queues in data structures,What is the time complexity of the front operation in a queue implemented using a circular array?,O(1),O(n),O(log n),O(n log n),A,,medium,web:Examveda.com https://www.examveda.com/data-structure/practice-mcq-question-on-queues-in-data-structures/?page=2,
Data Structures,queues in data structures,Which type of queue allows elements to be added or removed from both ends?,Circular Queue,Priority Queue,Deque,Simple Queue,C,,medium,web:Examveda.com https://www.examveda.com/data-structure/practice-mcq-question-on-queues-in-data-structures/?page=2,
Data Structures,queues in data structures,What is the primary purpose of a queue in a multi-threaded environment?,To manage task execution order,To perform sorting operations,To optimize search operations,To handle recursive calls,A,,medium,web:Examveda.com https://www.examveda.com/data-structure/practice-mcq-question-on-queues-in-data-structures/?page=2,
Data Structures,queues in data structures,How can you implement a queue using two stacks efficiently?,By using one stack for enqueue and the other for dequeue,By using one stack to reverse elements and the other to process them,By using two stacks to manage elements and orders,By using one stack to store elements and the other to manage order,A,,medium,web:Examveda.com https://www.examveda.com/data-structure/practice-mcq-question-on-queues-in-data-structures/?page=2,
Data Structures,queues in data structures,Which of the following operations in a queue involves removing an element from the front?,Enqueue,Dequeue,Peek,Insert,B,,medium,web:Examveda.com https://www.examveda.com/data-structure/practice-mcq-question-on-queues-in-data-structures/?page=2,
Data Structures,queues in data structures,What type of queue implementation is typically used in round-robin scheduling?,Circular Queue,Priority Queue,Deque,Simple Queue,A,,medium,web:Examveda.com https://www.examveda.com/data-structure/practice-mcq-question-on-queues-in-data-structures/?page=3,
Data Structures,queues in data structures,Which of the following is a characteristic feature of a priority queue?,Elements are processed based on priority,Elements are processed in FIFO order,Elements are processed in LIFO order,Elements are processed in sorted order,A,,medium,web:Examveda.com https://www.examveda.com/data-structure/practice-mcq-question-on-queues-in-data-structures/?page=3,
Data Structures,queues in data structures,What is the key difference between a regular queue and a priority queue?,Priority queues have ordered elements,Regular queues have unordered elements,Priority queues use LIFO order,Regular queues use priority-based processing,A,,medium,web:Examveda.com https://www.examveda.com/data-structure/practice-mcq-question-on-queues-in-data-structures/?page=3,
Data Structures,queues in data structures,"In a fixed-size queue implemented using an array, how do you manage the wrap-around situation?",By using a circular array,By increasing the array size,By resetting the array index,By using a dynamic array,A,,medium,web:Examveda.com https://www.examveda.com/data-structure/practice-mcq-question-on-queues-in-data-structures/?page=3,
Data Structures,queues in data structures,What is the main advantage of using a queue over a stack in certain applications?,Queues support FIFO ordering,Queues support LIFO ordering,Queues use less memory,Queues have faster access times,A,,medium,web:Examveda.com https://www.examveda.com/data-structure/practice-mcq-question-on-queues-in-data-structures/?page=3,
Data Structures,queues in data structures,Which of the following queue implementations would be ideal for handling real-time data streams?,Circular Queue,Priority Queue,Deque,Simple Queue,A,,medium,web:Examveda.com https://www.examveda.com/data-structure/practice-mcq-question-on-queues-in-data-structures/?page=3,
Data Structures,queues in data structures,How does a priority queue differ from a queue when handling tasks?,It processes tasks based on priority,It processes tasks based on arrival time,It processes tasks in reverse order,It processes tasks in random order,A,,medium,web:Examveda.com https://www.examveda.com/data-structure/practice-mcq-question-on-queues-in-data-structures/?page=3,
Data Structures,queues in data structures,What will happen if you attempt to enqueue an element in a queue that is full (in a fixed-size queue)?,The element is added to the queue,The queue automatically resizes,An overflow error occurs,The element is ignored,C,,medium,web:Examveda.com https://www.examveda.com/data-structure/practice-mcq-question-on-queues-in-data-structures/?page=3,
Data Structures,queues in data structures,"In a queue, what operation is used to view the element at the front without removing it?",Peek,Dequeue,Enqueue,Insert,A,,medium,web:Examveda.com https://www.examveda.com/data-structure/practice-mcq-question-on-queues-in-data-structures/?page=3,
Data Structures,queues in data structures,How do you determine if a queue implemented using a circular array is empty?,Check if the front and rear pointers are equal,Check if the front pointer is null,Check if the rear pointer is null,Check if the queue size is zero,A,,medium,web:Examveda.com https://www.examveda.com/data-structure/practice-mcq-question-on-queues-in-data-structures/?page=3,
Data Structures,queues in data structures,What is the typical application of a queue in operating systems?,Managing job scheduling,Performing arithmetic operations,Sorting data,Storing function calls,A,,medium,web:Examveda.com https://www.examveda.com/data-structure/practice-mcq-question-on-queues-in-data-structures/?page=4,
Data Structures,queues in data structures,Which queue type allows elements to be inserted at both ends and removed from both ends?,Circular Queue,Priority Queue,Double-ended Queue (Deque),Simple Queue,C,,medium,web:Examveda.com https://www.examveda.com/data-structure/practice-mcq-question-on-queues-in-data-structures/?page=4,
Data Structures,queues in data structures,What is the primary advantage of using a priority queue over a simple queue?,Processing elements based on priority,Processing elements in FIFO order,Supporting random access,Allowing element insertion at both ends,A,,medium,web:Examveda.com https://www.examveda.com/data-structure/practice-mcq-question-on-queues-in-data-structures/?page=4,
Data Structures,queues in data structures,How is a queue typically implemented in a breadth-first search algorithm?,Using a priority queue,Using a circular queue,Using a simple queue,Using a double-ended queue,C,,medium,web:Examveda.com https://www.examveda.com/data-structure/practice-mcq-question-on-queues-in-data-structures/?page=4,
Data Structures,queues in data structures,What is the result of enqueuing an element into an empty queue?,The queue size increases by one,The element replaces the front element,The queue is unchanged,An error occurs,A,,medium,web:Examveda.com https://www.examveda.com/data-structure/practice-mcq-question-on-queues-in-data-structures/?page=4,
Data Structures,queues in data structures,Which of the following is true about a queue implemented using a singly linked list?,Elements are enqueued at the end and dequeued from the front,Elements are enqueued at the front and dequeued from the end,Elements are enqueued and dequeued from the front,Elements are enqueued and dequeued from the end,A,,medium,web:Examveda.com https://www.examveda.com/data-structure/practice-mcq-question-on-queues-in-data-structures/?page=4,
Data Structures,queues in data structures,How do you handle the overflow situation in a queue implemented using a circular buffer?,By resizing the buffer dynamically,By wrapping around when the end is reached,By resetting the buffer size,By adding elements at a different position,B,,medium,web:Examveda.com https://www.examveda.com/data-structure/practice-mcq-question-on-queues-in-data-structures/?page=4,
Data Structures,queues in data structures,Which of the following operations is used to view the last element in a queue without removing it?,Peek,Dequeue,Enqueue,Front,A,,medium,web:Examveda.com https://www.examveda.com/data-structure/practice-mcq-question-on-queues-in-data-structures/?page=4,
Data Structures,queues in data structures,"What does it mean if a queue is described as ""full"" in the context of a fixed-size implementation?",No more elements can be added,All elements have been removed,The queue is empty,The queue size is zero,A,,medium,web:Examveda.com https://www.examveda.com/data-structure/practice-mcq-question-on-queues-in-data-structures/?page=4,
Data Structures,queues in data structures,In which scenario would a double-ended queue (Deque) be particularly useful?,When you need to add or remove elements from both ends,When you need to sort elements,When you need to manage tasks by priority,When you need to store elements sequentially,A,,medium,web:Examveda.com https://www.examveda.com/data-structure/practice-mcq-question-on-queues-in-data-structures/?page=4,
Data Structures,queues in data structures,What is the time complexity of the enqueue and dequeue operations in a queue implemented using a linked list?,O(1),O(n),O(log n),O(n log n),A,,medium,web:Examveda.com https://www.examveda.com/data-structure/practice-mcq-question-on-queues-in-data-structures/?page=5,
Data Structures,queues in data structures,Which type of queue is suitable for implementing a queue with priority levels?,Circular Queue,Priority Queue,Simple Queue,Double-ended Queue,B,,medium,web:Examveda.com https://www.examveda.com/data-structure/practice-mcq-question-on-queues-in-data-structures/?page=5,
Data Structures,queues in data structures,What happens if you dequeue an element from a queue that is currently full?,The queue remains unchanged,An overflow error occurs,The queue automatically resizes,An underflow error occurs,D,,medium,web:Examveda.com https://www.examveda.com/data-structure/practice-mcq-question-on-queues-in-data-structures/?page=5,
Data Structures,queues in data structures,How can you determine if a queue is full when using a fixed-size array implementation?,By checking if the rear pointer is at the maximum capacity,By checking if the front pointer is equal to the rear pointer,By checking if the size equals the array size,By checking if the array is null,C,,medium,web:Examveda.com https://www.examveda.com/data-structure/practice-mcq-question-on-queues-in-data-structures/?page=5,
Data Structures,queues in data structures,What type of queue implementation would be best for implementing a scheduling algorithm?,Priority Queue,Circular Queue,Double-ended Queue,Simple Queue,A,,medium,web:Examveda.com https://www.examveda.com/data-structure/practice-mcq-question-on-queues-in-data-structures/?page=5,
Data Structures,trees in data structures,What is the maximum number of children a node in a binary tree can have?,2,3,4,Any number,A,,medium,web:Examveda.com https://www.examveda.com/data-structure/practice-mcq-question-on-trees-in-data-structures/,
Data Structures,trees in data structures,"In a binary tree, what is the term for the node with no children?",Root,Leaf,Parent,Sibling,B,,medium,web:Examveda.com https://www.examveda.com/data-structure/practice-mcq-question-on-trees-in-data-structures/,
Data Structures,trees in data structures,"Which traversal method of a binary tree involves visiting the left subtree, then the root, and then the right subtree?",Inorder,Preorder,Postorder,Level-order,A,,medium,web:Examveda.com https://www.examveda.com/data-structure/practice-mcq-question-on-trees-in-data-structures/,
Data Structures,trees in data structures,How many edges does a full binary tree with n nodes have?,n-1,n,2n-1,2n,A,,medium,web:Examveda.com https://www.examveda.com/data-structure/practice-mcq-question-on-trees-in-data-structures/,
Data Structures,trees in data structures,What is the height of a binary tree with a single node?,0,1,2,It depends on the tree's balance,A,,medium,web:Examveda.com https://www.examveda.com/data-structure/practice-mcq-question-on-trees-in-data-structures/,
Data Structures,trees in data structures,"In a binary search tree (BST), which property is true about the nodes?",All left subtree nodes are less than the root node,All right subtree nodes are less than the root node,All nodes in the right subtree are greater than the root node,The left and right subtrees are equal,C,,medium,web:Examveda.com https://www.examveda.com/data-structure/practice-mcq-question-on-trees-in-data-structures/,
Data Structures,trees in data structures,What type of binary tree has all levels fully filled except possibly the last level?,Complete binary tree,Full binary tree,Perfect binary tree,Balanced binary tree,A,,medium,web:Examveda.com https://www.examveda.com/data-structure/practice-mcq-question-on-trees-in-data-structures/,
Data Structures,trees in data structures,Which of the following is NOT a type of binary tree traversal?,Inorder,Preorder,Postorder,Level-order,A,,medium,web:Examveda.com https://www.examveda.com/data-structure/practice-mcq-question-on-trees-in-data-structures/,
Data Structures,trees in data structures,"In a level-order traversal of a binary tree, which data structure is commonly used?",Stack,Queue,Array,Linked List,B,,medium,web:Examveda.com https://www.examveda.com/data-structure/practice-mcq-question-on-trees-in-data-structures/,
Data Structures,trees in data structures,What is the degree of a node in a tree?,The number of edges connecting to the node,The number of children the node has,The height of the node,The level of the node,B,,medium,web:Examveda.com https://www.examveda.com/data-structure/practice-mcq-question-on-trees-in-data-structures/,
Data Structures,trees in data structures,What is a key characteristic of a balanced binary tree?,The height difference between the left and right subtrees is at most 1,The left subtree is always smaller than the right subtree,The right subtree is always smaller than the left subtree,All levels of the tree are completely filled,A,,medium,web:Examveda.com https://www.examveda.com/data-structure/practice-mcq-question-on-trees-in-data-structures/?page=2,
Data Structures,trees in data structures,In which type of binary tree is every node with two children in the internal node?,Full Binary Tree,Complete Binary Tree,Perfect Binary Tree,Binary Search Tree,C,,medium,web:Examveda.com https://www.examveda.com/data-structure/practice-mcq-question-on-trees-in-data-structures/?page=2,
Data Structures,trees in data structures,What is the main advantage of an AVL tree over a standard binary search tree?,"AVL trees maintain balance, ensuring O(log n) operations",AVL trees allow faster search operations,AVL trees require less space,AVL trees are easier to implement,A,,medium,web:Examveda.com https://www.examveda.com/data-structure/practice-mcq-question-on-trees-in-data-structures/?page=2,
Data Structures,trees in data structures,"In a Red-Black tree, which property ensures that the tree remains balanced?",Every node is either red or black,The root is always black,Every path from a node to its descendant leaves has the same number of black nodes,Every node has at most two children,C,,medium,web:Examveda.com https://www.examveda.com/data-structure/practice-mcq-question-on-trees-in-data-structures/?page=2,
Data Structures,trees in data structures,Which traversal method of a binary tree visits the root node first?,Preorder,Inorder,Postorder,Level-order,A,,medium,web:Examveda.com https://www.examveda.com/data-structure/practice-mcq-question-on-trees-in-data-structures/?page=2,
Data Structures,trees in data structures,"In a Binary Search Tree (BST), what is the time complexity of searching for an element in the worst case?",O(1),O(log n),O(n),O(n log n),C,,medium,web:Examveda.com https://www.examveda.com/data-structure/practice-mcq-question-on-trees-in-data-structures/?page=2,
Data Structures,trees in data structures,"What type of tree traversal involves visiting the root node, then recursively visiting the left subtree, and finally the right subtree?",Preorder,Inorder,Postorder,Level-order,A,,medium,web:Examveda.com https://www.examveda.com/data-structure/practice-mcq-question-on-trees-in-data-structures/?page=2,
Data Structures,trees in data structures,Which type of binary tree traversal is useful for creating a sorted list of elements?,Inorder,Preorder,Postorder,Level-order,A,,medium,web:Examveda.com https://www.examveda.com/data-structure/practice-mcq-question-on-trees-in-data-structures/?page=2,
Data Structures,trees in data structures,What is the key difference between a complete binary tree and a full binary tree?,"A complete binary tree is filled completely at all levels except possibly the last, while a full binary tree has all nodes with either 0 or 2 children.","A full binary tree is filled completely at all levels except possibly the last, while a complete binary tree has all nodes with either 0 or 2 children.","A complete binary tree has only one level, while a full binary tree has multiple levels.",There is no difference.,A,,medium,web:Examveda.com https://www.examveda.com/data-structure/practice-mcq-question-on-trees-in-data-structures/?page=2,
Data Structures,trees in data structures,"Which type of binary tree is specifically designed to store key-value pairs and supports efficient search, insertion, and deletion operations?",AVL Tree,Red-Black Tree,B-Tree,Splay Tree,C,,medium,web:Examveda.com https://www.examveda.com/data-structure/practice-mcq-question-on-trees-in-data-structures/?page=2,
Data Structures,trees in data structures,"In a binary tree, what is the term used to describe a node with no parent?",Root,Leaf,Child,Sibling,A,,medium,web:Examveda.com https://www.examveda.com/data-structure/practice-mcq-question-on-trees-in-data-structures/?page=3,
Data Structures,trees in data structures,What property distinguishes a binary tree from a general tree?,"Each node in a binary tree has at most two children, whereas in a general tree, nodes can have more than two children.","Binary trees are balanced, while general trees are not.","Binary trees only have one level, while general trees have multiple levels.","Binary trees have a fixed height, while general trees have a variable height.",A,,medium,web:Examveda.com https://www.examveda.com/data-structure/practice-mcq-question-on-trees-in-data-structures/?page=3,
Data Structures,trees in data structures,Which traversal method is typically used for creating a mirrored image of a binary tree?,Postorder,Inorder,Preorder,Level-order,C,,medium,web:Examveda.com https://www.examveda.com/data-structure/practice-mcq-question-on-trees-in-data-structures/?page=3,
Data Structures,trees in data structures,What is the time complexity of inserting an element into an AVL tree in the worst case?,O(1),O(log n),O(n),O(n log n),B,,medium,web:Examveda.com https://www.examveda.com/data-structure/practice-mcq-question-on-trees-in-data-structures/?page=3,
Data Structures,trees in data structures,How does a Splay Tree ensure that recently accessed elements are quick to access again?,By performing rotations to move accessed nodes to the root,By balancing the tree after each operation,By using a self-balancing mechanism,By storing elements in a sorted manner,A,,medium,web:Examveda.com https://www.examveda.com/data-structure/practice-mcq-question-on-trees-in-data-structures/?page=3,
Data Structures,trees in data structures,"In a B-Tree, what is the significance of the ""order"" of the tree?",It determines the maximum number of children each node can have,It determines the minimum height of the tree,It determines the number of levels in the tree,It determines the maximum number of levels,A,,medium,web:Examveda.com https://www.examveda.com/data-structure/practice-mcq-question-on-trees-in-data-structures/?page=3,
Data Structures,trees in data structures,What is a common use case for a Trie data structure?,Storing a dictionary for fast prefix-based searches,Performing binary search operations,Implementing balanced search trees,Storing hierarchical data,A,,medium,web:Examveda.com https://www.examveda.com/data-structure/practice-mcq-question-on-trees-in-data-structures/?page=3,
Data Structures,trees in data structures,"In a Red-Black Tree, what does the property that ""every path from a node to its descendant leaves has the same number of black nodes"" ensure?",It ensures the tree remains balanced,It ensures nodes are always red,It ensures the tree is full,It ensures the tree is complete,A,,medium,web:Examveda.com https://www.examveda.com/data-structure/practice-mcq-question-on-trees-in-data-structures/?page=3,
Data Structures,trees in data structures,What is the maximum number of nodes at level L of a binary tree?,2L,2(L+1),2(L-1),2(L+2),A,,medium,web:Examveda.com https://www.examveda.com/data-structure/practice-mcq-question-on-trees-in-data-structures/?page=3,
Data Structures,trees in data structures,What is the key difference between a binary heap and a binary search tree?,"A binary heap maintains a heap property and is typically used to implement priority queues, while a binary search tree maintains sorted order of elements.","A binary heap is a type of balanced tree, while a binary search tree is an unbalanced tree.","A binary heap stores elements in sorted order, while a binary search tree does not.","A binary heap supports fast insertion and deletion, while a binary search tree supports fast search.",A,,medium,web:Examveda.com https://www.examveda.com/data-structure/practice-mcq-question-on-trees-in-data-structures/?page=3,
Data Structures,trees in data structures,Which of the following statements about AVL trees is true?,They are a type of self-balancing binary search tree.,They allow duplicate keys.,They do not require balancing.,They only support insertion operations.,A,,medium,web:Examveda.com https://www.examveda.com/data-structure/practice-mcq-question-on-trees-in-data-structures/?page=4,
Data Structures,trees in data structures,"What does the term ""inorder successor"" refer to in a binary search tree (BST)?",The node that comes immediately after a given node in an inorder traversal.,The node that comes immediately before a given node in an inorder traversal.,The node with the maximum value in the left subtree.,The node with the minimum value in the right subtree.,A,,medium,web:Examveda.com https://www.examveda.com/data-structure/practice-mcq-question-on-trees-in-data-structures/?page=4,
Data Structures,trees in data structures,Which traversal technique would you use to create a depth-first search of a binary tree?,"Inorder, Preorder, or Postorder",Level-order,Breadth-first search,Randomized order,A,,medium,web:Examveda.com https://www.examveda.com/data-structure/practice-mcq-question-on-trees-in-data-structures/?page=4,
Data Structures,trees in data structures,What is the main characteristic of a splay tree?,It performs rotations to move accessed elements closer to the root.,It maintains balance by performing rotations.,It allows elements to be stored in a balanced order.,It ensures the height is minimized by reordering elements.,A,,medium,web:Examveda.com https://www.examveda.com/data-structure/practice-mcq-question-on-trees-in-data-structures/?page=4,
Data Structures,trees in data structures,"In a Binary Search Tree (BST), what is the time complexity of deleting a node?",O(1),O(log n),O(n),O(n log n),B,,medium,web:Examveda.com https://www.examveda.com/data-structure/practice-mcq-question-on-trees-in-data-structures/?page=4,
Data Structures,trees in data structures,How do you determine if a binary tree is a binary search tree?,By checking if each node's left children are smaller and right children are larger.,By ensuring the tree is balanced.,By verifying that all nodes have two children.,By checking the height of the tree.,A,,medium,web:Examveda.com https://www.examveda.com/data-structure/practice-mcq-question-on-trees-in-data-structures/?page=4,
Data Structures,trees in data structures,What is the main advantage of using a Red-Black Tree over a regular binary search tree?,"It guarantees O(log n) time complexity for insertion, deletion, and search operations.",It uses less memory compared to a regular BST.,It allows duplicate keys to be stored.,It automatically sorts elements.,A,,medium,web:Examveda.com https://www.examveda.com/data-structure/practice-mcq-question-on-trees-in-data-structures/?page=4,
Data Structures,trees in data structures,"In a binary tree, which type of node traversal will visit nodes in increasing order?",Inorder,Preorder,Postorder,Level-order,A,,medium,web:Examveda.com https://www.examveda.com/data-structure/practice-mcq-question-on-trees-in-data-structures/?page=4,
Data Structures,trees in data structures,"In a complete binary tree, which property holds true?","All levels are completely filled except possibly the last level, which is filled from left to right.",All nodes have exactly two children.,The tree is perfectly balanced.,All nodes have only one child.,A,,medium,web:Examveda.com https://www.examveda.com/data-structure/practice-mcq-question-on-trees-in-data-structures/?page=4,
Data Structures,trees in data structures,What is the height of a complete binary tree with n nodes where n is a power of 2?,log2(n),log2(n) - 1,2*log2(n),log2(n) + 1,A,,medium,web:Examveda.com https://www.examveda.com/data-structure/practice-mcq-question-on-trees-in-data-structures/?page=4,
Data Structures,trees in data structures,What type of tree is used in databases for indexing?,B-Tree,AVL Tree,Red-Black Tree,Binary Heap,A,,medium,web:Examveda.com https://www.examveda.com/data-structure/practice-mcq-question-on-trees-in-data-structures/?page=5,
Data Structures,trees in data structures,What is the primary use of a Trie data structure?,"Efficiently storing and retrieving strings, especially for prefix searches.",Performing quick sort operations.,Managing hierarchical data.,Performing binary search.,A,,medium,web:Examveda.com https://www.examveda.com/data-structure/practice-mcq-question-on-trees-in-data-structures/?page=5,
Data Structures,trees in data structures,"In a B-Tree, what is the minimum number of keys in a non-root node?",⌈t/2⌉ - 1 where t is the minimum degree,⌈t/2⌉,⌈t/2⌉ + 1,t - 1,A,,medium,web:Examveda.com https://www.examveda.com/data-structure/practice-mcq-question-on-trees-in-data-structures/?page=5,
Data Structures,trees in data structures,What is the primary benefit of using a B+ Tree over a B-Tree?,"B+ Trees have all values stored in leaf nodes, which improves range queries.",B+ Trees use less memory.,B+ Trees are simpler to implement.,B+ Trees guarantee a balanced height.,A,,medium,web:Examveda.com https://www.examveda.com/data-structure/practice-mcq-question-on-trees-in-data-structures/?page=5,
Data Structures,trees in data structures,Which property is maintained in a Red-Black Tree to ensure balanced height?,Each path from a node to its descendant leaves has the same number of black nodes.,The tree is always a complete binary tree.,The root node is always black.,All nodes have at most two children.,A,,medium,web:Examveda.com https://www.examveda.com/data-structure/practice-mcq-question-on-trees-in-data-structures/?page=5,
Data Structures,trees in data structures,Who is the ancestor of Node G?,C,F,H,A,A,,medium,web:Examveda.com https://www.examveda.com/data-structure/practice-mcq-question-on-trees-in-data-structures/?page=5,
Data Structures,trees in data structures,"Consider the given syntax tree. Assume that division has the lowest precedence than addition, subtraction and multiplication. Addition and subtraction have the same precedence but more than multiplication. Which of the following expression can be given by the following syntax tree?",[5 / (p + q) * (q - r)],[5 * (p + q) / (q - r)],[5 + (p + q) * (q - r)],[5 / (p + q) + (q - r)],A,,medium,web:Examveda.com https://www.examveda.com/data-structure/practice-mcq-question-on-trees-in-data-structures/?page=5,
Data Structures,trees in data structures,What is the depth of the root node of K-ary tree?,2,1,0,3,C,,medium,web:Examveda.com https://www.examveda.com/data-structure/practice-mcq-question-on-trees-in-data-structures/?page=5,
Data Structures,trees in data structures,"In an expression tree algorithm, what happens when an operand is encountered?",create one node pointing to a stack,pop the nodes from the stack,clear stack,merge all the nodes,A,,medium,web:Examveda.com https://www.examveda.com/data-structure/practice-mcq-question-on-trees-in-data-structures/?page=5,
Data Structures,trees in data structures,How many extra nodes are there in Full K-ary tree than complete K-ary tree?,1,2,3,Both have same number of nodes,D,,medium,web:Examveda.com https://www.examveda.com/data-structure/practice-mcq-question-on-trees-in-data-structures/?page=6,
Data Structures,trees in data structures,What is the depth of the root node of the ternary tree?,2,1,0,3,C,,medium,web:Examveda.com https://www.examveda.com/data-structure/practice-mcq-question-on-trees-in-data-structures/?page=6,
Data Structures,trees in data structures,What is the Height of the given ternary tree?,0,1,2,3,C,,medium,web:Examveda.com https://www.examveda.com/data-structure/practice-mcq-question-on-trees-in-data-structures/?page=6,
Data Structures,trees in data structures,Who is descendant of Node B?,A,E,F,Both E and F,D,,medium,web:Examveda.com https://www.examveda.com/data-structure/practice-mcq-question-on-trees-in-data-structures/?page=6,
Data Structures,trees in data structures,Which node is the Leaf node in the following K-ary tree?,A,B,D,F,D,,medium,web:Examveda.com https://www.examveda.com/data-structure/practice-mcq-question-on-trees-in-data-structures/?page=6,
Data Structures,trees in data structures,Which node is the root node of the following ternary tree?,A,B,C,D,A,,medium,web:Examveda.com https://www.examveda.com/data-structure/practice-mcq-question-on-trees-in-data-structures/?page=6,
Data Structures,trees in data structures,What will be the time complexity of delete operation if all the candidates are evenly spaced so that each bin has constant no. of candidates? (m = number of bins intersecting candidate intersects),O(1),O(m),O(m2),O(log m),B,,medium,web:Examveda.com https://www.examveda.com/data-structure/practice-mcq-question-on-trees-in-data-structures/?page=6,
Data Structures,trees in data structures,How many properties will an equivalent relationship satisfy?,1,2,3,4,C,,medium,web:Examveda.com https://www.examveda.com/data-structure/practice-mcq-question-on-trees-in-data-structures/?page=6,
Data Structures,trees in data structures,What is the size of Node B in given K-ary tree?,1,2,3,4,A,,medium,web:Examveda.com https://www.examveda.com/data-structure/practice-mcq-question-on-trees-in-data-structures/?page=6,
Data Structures,trees in data structures,Which data structure is used in the syntax analysis phase of the compiler?,Tree,Stack,Linked List,Queue,A,,medium,web:Examveda.com https://www.examveda.com/data-structure/practice-mcq-question-on-trees-in-data-structures/?page=6,
Data Structures,trees in data structures,What will be the time complexity of insertion operation if all the candidates are evenly spaced so that each bin has constant no. of candidates? (m = number of bins intersecting candidate intersects),O(1),O(m),O(m2),O(log m),B,,medium,web:Examveda.com https://www.examveda.com/data-structure/practice-mcq-question-on-trees-in-data-structures/?page=7,
Data Structures,trees in data structures,What is the worst case time complexity of insertion operation(n =no. of candidates)?,O(1),O(n),O(log n),O(n log n),A,,medium,web:Examveda.com https://www.examveda.com/data-structure/practice-mcq-question-on-trees-in-data-structures/?page=7,
Data Structures,trees in data structures,What is the condition for an equivalence relation if two cities are related within a country?,the two cities should have a one-way connection,the two cities should have a two-way connection,the two cities should be in different countries,no equivalence relation will exist between two cities,B,,medium,web:Examveda.com https://www.examveda.com/data-structure/practice-mcq-question-on-trees-in-data-structures/?page=7,
Data Structures,trees in data structures,Which node is the child node of the Node D in the following ternary tree?,A,C,B,No child node,D,,medium,web:Examveda.com https://www.examveda.com/data-structure/practice-mcq-question-on-trees-in-data-structures/?page=7,
Data Structures,trees in data structures,Which node is the child node of the Node B in the following K-ary tree?,A,C,B,No child node,D,,medium,web:Examveda.com https://www.examveda.com/data-structure/practice-mcq-question-on-trees-in-data-structures/?page=7,
Data Structures,trees in data structures,"While evaluating the parse tree, which traversal technique is used to give the original input string?",Pre-order traversal,In-order traversal,Post-order traversal,Breadth-first traversal,B,,medium,web:Examveda.com https://www.examveda.com/data-structure/practice-mcq-question-on-trees-in-data-structures/?page=7,
Data Structures,trees in data structures,What is the definition for Ackermann's function?,"A(1,i) = i+1 for i>=1","A(i,j) = i+j for i>=j","A(i,j) = i+j for i = j","A(1,i) = i+1 for i<1",A,,medium,web:Examveda.com https://www.examveda.com/data-structure/practice-mcq-question-on-trees-in-data-structures/?page=7,
Data Structures,trees in data structures,What is the run time of finding the nearest neighbour in a k-d tree?,O(2+ log N),O( log N),O(2d log N),O( N log N),C,,medium,web:Examveda.com https://www.examveda.com/data-structure/practice-mcq-question-on-trees-in-data-structures/?page=8,
Data Structures,trees in data structures,An expression tree is a kind of?,Binary search tree,Fibonacci tree,Binary tree,Treap,C,,medium,web:Examveda.com https://www.examveda.com/data-structure/practice-mcq-question-on-trees-in-data-structures/?page=8,
Data Structures,trees in data structures,What will be the correct sequence of insertion for the following k-d tree?,"(30,40),(5,25),(70,70),(10,12),(50,30),(35,45)","(40,30),(5,25),(12,10),(70,70),(30,50),(45,35)","(30,40),(5,25),(10,12),(70,70),(50,30),(35,45)","(40,30),(25,5),(12,10),(70,70),(50,30),(45,35)",C,,medium,web:Examveda.com https://www.examveda.com/data-structure/practice-mcq-question-on-trees-in-data-structures/?page=8,
Data Structures,trees in data structures,Which node is the root node of the following K-ary tree?,A,B,C,D,A,,medium,web:Examveda.com https://www.examveda.com/data-structure/practice-mcq-question-on-trees-in-data-structures/?page=8,
Data Structures,trees in data structures,How many strategies are followed to solve a dynamic equivalence problem?,1,2,3,4,B,,medium,web:Examveda.com https://www.examveda.com/data-structure/practice-mcq-question-on-trees-in-data-structures/?page=8,
Data Structures,trees in data structures,Path Compression algorithm performs in which of the following operations?,Create operation,Insert operation,Find operation,Delete operation,C,,medium,web:Examveda.com https://www.examveda.com/data-structure/practice-mcq-question-on-trees-in-data-structures/?page=8,
Data Structures,trees in data structures,Which node is the child node of Node C in the following K-ary tree?,A,C,G,H,C,,medium,web:Examveda.com https://www.examveda.com/data-structure/practice-mcq-question-on-trees-in-data-structures/?page=8,
Data Structures,trees in data structures,"Assume +, -, *, / are usual arithmetic operator, + has highest precedence and right associative and -, *, / have equal precedence and left associative. What is the output of the expression 23 * 3 - 6 + 11 - 2 * 8 / 4?",110,100,130,120,B,,medium,web:Examveda.com https://www.examveda.com/data-structure/practice-mcq-question-on-trees-in-data-structures/?page=9,
Data Structures,trees in data structures,Which node is the parent node of Node 6?,1,5,2,3,C,,medium,web:Examveda.com https://www.examveda.com/data-structure/practice-mcq-question-on-trees-in-data-structures/?page=9,
Data Structures,trees in data structures,What is the other name or Van Emde Boas Tree data structure?,Van Emde Boas Array,Van Emde Boas Stack,Van Emde Boas Priority Queue,Van Emde Boas Heap,C,,medium,web:Examveda.com https://www.examveda.com/data-structure/practice-mcq-question-on-trees-in-data-structures/?page=9,
Data Structures,trees in data structures,On which abstract data type does van Emde Boas tree performs the operation?,Tree,Linked List,Heap,Associative Array,D,,medium,web:Examveda.com https://www.examveda.com/data-structure/practice-mcq-question-on-trees-in-data-structures/?page=9,
Data Structures,trees in data structures,Each level in a k-d tree is made of?,dimension only,cutting and dimension,color code of node,size of the level,B,,medium,web:Examveda.com https://www.examveda.com/data-structure/practice-mcq-question-on-trees-in-data-structures/?page=9,
Data Structures,trees in data structures,"Suppose X is the starting symbol of the given grammar with the following transition rules. Compute the value of X as the root of the parse tree for the expression: 3 & 4 % 7. 
X → X1 & B | B {X.value = X1.value + B.value, X.value = B.value} 
B → B1 % D | D {B.value = B1.value * D.value, B.value = D.value} 
D → num {D.value = num.value}",31,32,33,34,A,,medium,web:Examveda.com https://www.examveda.com/data-structure/practice-mcq-question-on-trees-in-data-structures/?page=9,
Data Structures,trees in data structures,Which nodes are the siblings of Node D of given ternary tree?,E,C,F,H,D,,medium,web:Examveda.com https://www.examveda.com/data-structure/practice-mcq-question-on-trees-in-data-structures/?page=9,
Data Structures,trees in data structures,What is the time complexity for finding a maximum and minimum integer in Van Emde Boas data structure?,O (log M!),O (M!),O (1),O (log (log M)),C,,medium,web:Examveda.com https://www.examveda.com/data-structure/practice-mcq-question-on-trees-in-data-structures/?page=9,
Data Structures,trees in data structures,Which operation find the value associated with a given key?,Insert,Find Next,Look up,Delete,C,,medium,web:Examveda.com https://www.examveda.com/data-structure/practice-mcq-question-on-trees-in-data-structures/?page=10,
Data Structures,trees in data structures,What is the height of a K-ary tree having only root node?,1,0,2,3,B,,medium,web:Examveda.com https://www.examveda.com/data-structure/practice-mcq-question-on-trees-in-data-structures/?page=10,
Data Structures,trees in data structures,Which pattern is used to evaluate abstract syntax tree?,Visitor pattern,Singleton Pattern,Proxy pattern,Adapter pattern,A,,medium,web:Examveda.com https://www.examveda.com/data-structure/practice-mcq-question-on-trees-in-data-structures/?page=10,
Data Structures,trees in data structures,Reducing search space by eliminating irrelevant trees is known as?,pruning,partial results,freeing space,traversing,A,,medium,web:Examveda.com https://www.examveda.com/data-structure/practice-mcq-question-on-trees-in-data-structures/?page=10,
Data Structures,trees in data structures,How many child nodes does each node of Ternary Tree contain?,4,6,5,3,D,,medium,web:Examveda.com https://www.examveda.com/data-structure/practice-mcq-question-on-trees-in-data-structures/?page=10,
Data Structures,trees in data structures,What is the size of the given ternary tree?,3,2,6,4,C,,medium,web:Examveda.com https://www.examveda.com/data-structure/practice-mcq-question-on-trees-in-data-structures/?page=10,
Data Structures,trees in data structures,Which of the following is the implementation of the ternary tree?,AVL Tree,Ternary Heap,Hash Table,Dictionary,B,,medium,web:Examveda.com https://www.examveda.com/data-structure/practice-mcq-question-on-trees-in-data-structures/?page=10,
Data Structures,trees in data structures,Which of the following is the name of the node having child nodes?,Brother,Sister,Mother,Parent,D,,medium,web:Examveda.com https://www.examveda.com/data-structure/practice-mcq-question-on-trees-in-data-structures/?page=10,
Data Structures,trees in data structures,What will be the time complexity of query operation if all the candidates are evenly spaced so that each bin has constant no. of candidates? (k = number of bins query rectangle intersects),O(1),O(k),O(k2),O(log k),B,,medium,web:Examveda.com https://www.examveda.com/data-structure/practice-mcq-question-on-trees-in-data-structures/?page=10,
Data Structures,trees in data structures,"A relation R on a set S, defined as x R y if and only if y R x. This is an example of?",reflexive relation,symmetric relation,transitive relation,invalid relation,B,,medium,web:Examveda.com https://www.examveda.com/data-structure/practice-mcq-question-on-trees-in-data-structures/?page=10,
Data Structures,binary search trees(b tree),What is the time complexity of searching for an element in a Binary Search Tree (BST) in the worst case?,O(1),O(log n),O(n),O(n log n),C,,medium,web:Examveda.com https://www.examveda.com/data-structure/practice-mcq-question-on-binary-search-trees(b-tree)/,
Data Structures,binary search trees(b tree),Which traversal method of a BST will produce a sorted sequence of node values?,Inorder,Preorder,Postorder,Level-order,A,,medium,web:Examveda.com https://www.examveda.com/data-structure/practice-mcq-question-on-binary-search-trees(b-tree)/,
Data Structures,binary search trees(b tree),What is the maximum number of children a node in a Binary Search Tree (BST) can have?,1,2,3,Any number,B,,medium,web:Examveda.com https://www.examveda.com/data-structure/practice-mcq-question-on-binary-search-trees(b-tree)/,
Data Structures,binary search trees(b tree),How can you determine if a Binary Tree is a Binary Search Tree (BST)?,Verify if all nodes in the left subtree are less than the root and all nodes in the right subtree are greater than the root.,Check if the tree is balanced.,Ensure all nodes have exactly two children.,Verify the height of the tree.,A,,medium,web:Examveda.com https://www.examveda.com/data-structure/practice-mcq-question-on-binary-search-trees(b-tree)/,
Data Structures,binary search trees(b tree),Which of the following operations can be performed in O(log n) time on a balanced Binary Search Tree?,Insertion,Deletion,Search,All of the above,D,,medium,web:Examveda.com https://www.examveda.com/data-structure/practice-mcq-question-on-binary-search-trees(b-tree)/,
Data Structures,binary search trees(b tree),What happens when you delete a node with two children from a BST?,"The node is replaced by its predecessor or successor, and then the predecessor or successor is removed.",The node is simply removed.,The node's right child replaces it.,The node is moved to the root.,A,,medium,web:Examveda.com https://www.examveda.com/data-structure/practice-mcq-question-on-binary-search-trees(b-tree)/,
Data Structures,binary search trees(b tree),What is the purpose of rotations in a Binary Search Tree?,To maintain balance and ensure logarithmic height in self-balancing trees.,To optimize search operations.,To sort elements in the tree.,To update node values.,A,,medium,web:Examveda.com https://www.examveda.com/data-structure/practice-mcq-question-on-binary-search-trees(b-tree)/,
Data Structures,binary search trees(b tree),"In a Binary Search Tree, what is the term for the node that has no children?",Root,Leaf,Parent,Internal node,B,,medium,web:Examveda.com https://www.examveda.com/data-structure/practice-mcq-question-on-binary-search-trees(b-tree)/,
Data Structures,binary search trees(b tree),What is the primary characteristic of a node in a Binary Search Tree (BST)?,It has a value greater than all values in its left subtree and less than all values in its right subtree.,It is the root of the tree.,It has at least one child.,It is the only node in the tree.,A,,medium,web:Examveda.com https://www.examveda.com/data-structure/practice-mcq-question-on-binary-search-trees(b-tree)/,
Data Structures,binary search trees(b tree),"In a BST, how do you find the minimum value node?",Traverse to the leftmost node from the root.,Traverse to the rightmost node from the root.,Find the node with the maximum value.,Find the node with the second highest value.,A,,medium,web:Examveda.com https://www.examveda.com/data-structure/practice-mcq-question-on-binary-search-trees(b-tree)/,
Data Structures,binary search trees(b tree),What is the result of a successful search operation in a BST when the searched element is not present?,The search will return the node containing the element.,The search will return the parent node of the searched element.,The search will return a null pointer.,The search will return the root node.,C,,medium,web:Examveda.com https://www.examveda.com/data-structure/practice-mcq-question-on-binary-search-trees(b-tree)/?page=2,
Data Structures,binary search trees(b tree),Which of the following is NOT a valid operation on a Binary Search Tree?,Sorting elements,Searching for an element,Inserting a new element,Deleting an existing element,A,,medium,web:Examveda.com https://www.examveda.com/data-structure/practice-mcq-question-on-binary-search-trees(b-tree)/?page=2,
Data Structures,binary search trees(b tree),How can you balance a Binary Search Tree to ensure O(log n) time complexity for operations?,By using self-balancing trees like AVL Trees or Red-Black Trees.,By reordering elements after each operation.,By increasing the size of the tree.,By ensuring all nodes have two children.,A,,medium,web:Examveda.com https://www.examveda.com/data-structure/practice-mcq-question-on-binary-search-trees(b-tree)/?page=2,
Data Structures,binary search trees(b tree),What is the main advantage of using a Binary Search Tree (BST) over an unsorted list?,"It allows for faster search, insertion, and deletion operations.",It uses less memory.,It is easier to implement.,It maintains elements in sorted order.,A,,medium,web:Examveda.com https://www.examveda.com/data-structure/practice-mcq-question-on-binary-search-trees(b-tree)/?page=2,
Data Structures,binary search trees(b tree),"In a BST, which traversal method visits nodes in the order of their depth?",Level-order,Inorder,Preorder,Postorder,A,,medium,web:Examveda.com https://www.examveda.com/data-structure/practice-mcq-question-on-binary-search-trees(b-tree)/?page=2,
Data Structures,binary search trees(b tree),What is the time complexity of inserting a node into a Binary Search Tree (BST) in the worst case?,O(1),O(log n),O(n),O(n log n),C,,medium,web:Examveda.com https://www.examveda.com/data-structure/practice-mcq-question-on-binary-search-trees(b-tree)/?page=2,
Data Structures,binary search trees(b tree),What is the primary advantage of using a Binary Search Tree (BST) over an array for searching?,Faster search operations due to sorted order.,Simpler implementation.,Requires less memory.,Easier to maintain order.,A,,medium,web:Examveda.com https://www.examveda.com/data-structure/practice-mcq-question-on-binary-search-trees(b-tree)/?page=2,
Data Structures,binary search trees(b tree),How do you handle duplicate values in a Binary Search Tree (BST)?,"Usually, duplicates are not allowed.",Duplicate values are stored in the right subtree.,Duplicate values are stored in the left subtree.,Duplicates are stored in a separate data structure.,B,,medium,web:Examveda.com https://www.examveda.com/data-structure/practice-mcq-question-on-binary-search-trees(b-tree)/?page=2,
Data Structures,binary search trees(b tree),What is the key difference between a Binary Search Tree (BST) and a Binary Heap?,"A BST maintains sorted order of elements, while a Binary Heap maintains a heap property.","A Binary Heap maintains sorted order, while a BST does not.","A BST is always balanced, while a Binary Heap is not.","A Binary Heap allows duplicate elements, while a BST does not.",A,,medium,web:Examveda.com https://www.examveda.com/data-structure/practice-mcq-question-on-binary-search-trees(b-tree)/?page=2,
Data Structures,binary search trees(b tree),Which traversal method of a BST is used for evaluating arithmetic expressions stored in the tree?,Postorder,Inorder,Preorder,Level-order,A,,medium,web:Examveda.com https://www.examveda.com/data-structure/practice-mcq-question-on-binary-search-trees(b-tree)/?page=2,
Data Structures,binary search trees(b tree),"In a Binary Search Tree (BST), what is the term for the node with the highest value?",Root,Maximum node,Minimum node,Leaf,B,,medium,web:Examveda.com https://www.examveda.com/data-structure/practice-mcq-question-on-binary-search-trees(b-tree)/?page=3,
Data Structures,binary search trees(b tree),What is the time complexity of deleting the root node in a Binary Search Tree (BST) with two children?,O(1),O(log n),O(n),O(n log n),C,,medium,web:Examveda.com https://www.examveda.com/data-structure/practice-mcq-question-on-binary-search-trees(b-tree)/?page=3,
Data Structures,binary search trees(b tree),How do you find the successor of a node in a Binary Search Tree (BST)?,The smallest node in the right subtree.,The largest node in the left subtree.,The largest node in the right subtree.,The smallest node in the left subtree.,A,,medium,web:Examveda.com https://www.examveda.com/data-structure/practice-mcq-question-on-binary-search-trees(b-tree)/?page=3,
Data Structures,binary search trees(b tree),What property does a Binary Search Tree (BST) ensure for its left and right subtrees?,"The left subtree contains nodes with values less than the root, and the right subtree contains nodes with values greater than the root.","The left subtree contains nodes with values greater than the root, and the right subtree contains nodes with values less than the root.",Both subtrees have equal values.,The left subtree is always empty.,A,,medium,web:Examveda.com https://www.examveda.com/data-structure/practice-mcq-question-on-binary-search-trees(b-tree)/?page=3,
Data Structures,binary search trees(b tree),In which scenario is a Binary Search Tree (BST) not suitable?,When the data is not sorted.,When frequent insertions and deletions are needed.,When the tree must be balanced at all times.,When elements need to be stored in a priority order.,A,,medium,web:Examveda.com https://www.examveda.com/data-structure/practice-mcq-question-on-binary-search-trees(b-tree)/?page=3,
Data Structures,binary search trees(b tree),"What is the purpose of the ""right rotation"" operation in a Binary Search Tree (BST)?",To balance the tree and maintain its properties.,To find the minimum value node.,To delete a node with two children.,To perform a level-order traversal.,A,,medium,web:Examveda.com https://www.examveda.com/data-structure/practice-mcq-question-on-binary-search-trees(b-tree)/?page=3,
Data Structures,binary search trees(b tree),"In a Binary Search Tree (BST), what happens when you perform an inorder traversal?",Nodes are visited in ascending order.,Nodes are visited in descending order.,Nodes are visited in a random order.,Nodes are visited in the order they were inserted.,A,,medium,web:Examveda.com https://www.examveda.com/data-structure/practice-mcq-question-on-binary-search-trees(b-tree)/?page=3,
Data Structures,binary search trees(b tree),Which of the following is a characteristic of a perfectly balanced Binary Search Tree (BST)?,The height of the tree is minimized.,All nodes have exactly two children.,All levels are completely filled except possibly the last.,The left and right subtrees have equal number of nodes.,A,,medium,web:Examveda.com https://www.examveda.com/data-structure/practice-mcq-question-on-binary-search-trees(b-tree)/?page=3,
Data Structures,binary search trees(b tree),How do you find the predecessor of a node in a Binary Search Tree (BST)?,The largest node in the left subtree.,The smallest node in the right subtree.,The smallest node in the left subtree.,The largest node in the right subtree.,A,,medium,web:Examveda.com https://www.examveda.com/data-structure/practice-mcq-question-on-binary-search-trees(b-tree)/?page=3,
Data Structures,binary search trees(b tree),What is the typical time complexity of accessing an element in a Binary Search Tree (BST) in the best case?,O(1),O(log n),O(n),O(n log n),B,,medium,web:Examveda.com https://www.examveda.com/data-structure/practice-mcq-question-on-binary-search-trees(b-tree)/?page=3,
Data Structures,binary search trees(b tree),"In a Binary Search Tree (BST), what is the time complexity of searching for an element in the average case?",O(1),O(log n),O(n),O(n log n),B,,medium,web:Examveda.com https://www.examveda.com/data-structure/practice-mcq-question-on-binary-search-trees(b-tree)/?page=4,
Data Structures,binary search trees(b tree),What is the main reason for implementing a Binary Search Tree (BST) as a self-balancing tree?,"To maintain O(log n) time complexity for insertions, deletions, and searches.",To ensure the tree is always a complete binary tree.,To allow nodes to be stored in any order.,To minimize memory usage.,A,,medium,web:Examveda.com https://www.examveda.com/data-structure/practice-mcq-question-on-binary-search-trees(b-tree)/?page=4,
Data Structures,binary search trees(b tree),Which traversal method is used to obtain the nodes of a BST in the reverse order of their sorted values?,Reverse Inorder,Preorder,Postorder,Level-order,A,,medium,web:Examveda.com https://www.examveda.com/data-structure/practice-mcq-question-on-binary-search-trees(b-tree)/?page=4,
Data Structures,binary search trees(b tree),"When deleting a node from a BST, what should you do if the node to be deleted has two children?","Replace it with its inorder successor or predecessor, then remove the successor or predecessor.",Directly remove the node and replace it with its left child.,Directly remove the node and replace it with its right child.,Replace it with its left child.,A,,medium,web:Examveda.com https://www.examveda.com/data-structure/practice-mcq-question-on-binary-search-trees(b-tree)/?page=4,
Data Structures,binary search trees(b tree),"What is the purpose of the ""left rotation"" operation in a Binary Search Tree (BST)?",To maintain balance and keep the tree balanced.,To move a node to the right subtree.,To convert a BST into a binary heap.,To find the maximum value node.,A,,medium,web:Examveda.com https://www.examveda.com/data-structure/practice-mcq-question-on-binary-search-trees(b-tree)/?page=4,
Data Structures,binary search trees(b tree),"In a Binary Search Tree (BST), which of the following is true for any node's left subtree?",All nodes in the left subtree are smaller than the node itself.,All nodes in the left subtree are larger than the node itself.,The left subtree contains nodes with equal values.,The left subtree is always empty.,A,,medium,web:Examveda.com https://www.examveda.com/data-structure/practice-mcq-question-on-binary-search-trees(b-tree)/?page=4,
Data Structures,binary search trees(b tree),What is the minimum number of nodes required to form a Binary Search Tree (BST) of height h?,2h - 1,2(h+1) - 1,2(h),2h,B,,medium,web:Examveda.com https://www.examveda.com/data-structure/practice-mcq-question-on-binary-search-trees(b-tree)/?page=4,
Data Structures,binary search trees(b tree),"In a BST, how do you identify the maximum value node?",By traversing to the rightmost node from the root.,By traversing to the leftmost node from the root.,By finding the root node.,By searching the entire tree.,A,,medium,web:Examveda.com https://www.examveda.com/data-structure/practice-mcq-question-on-binary-search-trees(b-tree)/?page=4,
Data Structures,binary search trees(b tree),What happens if a Binary Search Tree (BST) becomes unbalanced due to insertions or deletions?,"Search, insertion, and deletion operations may degrade to O(n) time complexity.",The tree automatically rebalances itself.,The tree converts into a binary heap.,The tree becomes a complete binary tree.,A,,medium,web:Examveda.com https://www.examveda.com/data-structure/practice-mcq-question-on-binary-search-trees(b-tree)/?page=4,
Data Structures,binary search trees(b tree),Which property is true for a Binary Search Tree (BST) that is also a perfect binary tree?,"All levels are fully filled, and all leaves are at the same level.",The height of the tree is minimal.,The tree contains only leaf nodes.,All nodes have exactly two children.,A,,medium,web:Examveda.com https://www.examveda.com/data-structure/practice-mcq-question-on-binary-search-trees(b-tree)/?page=4,
Data Structures,binary search trees(b tree),"In a Binary Search Tree (BST), how can you find the depth of a particular node?",By counting the number of edges from the root to the node.,By counting the number of nodes in the subtree.,By finding the height of the tree.,By counting the number of children of the node.,A,,medium,web:Examveda.com https://www.examveda.com/data-structure/practice-mcq-question-on-binary-search-trees(b-tree)/?page=5,
Data Structures,binary search trees(b tree),What is the typical use case for a Binary Search Tree (BST) in computing?,To implement dynamic sets and lookup tables.,To perform sorting operations.,To manage hierarchical data.,To implement priority queues.,A,,medium,web:Examveda.com https://www.examveda.com/data-structure/practice-mcq-question-on-binary-search-trees(b-tree)/?page=5,
Data Structures,binary search trees(b tree),What is the result of an inorder traversal of a Binary Search Tree (BST)?,Nodes are visited in ascending order.,Nodes are visited in descending order.,Nodes are visited in the order of their depth.,Nodes are visited in the order they are inserted.,A,,medium,web:Examveda.com https://www.examveda.com/data-structure/practice-mcq-question-on-binary-search-trees(b-tree)/?page=5,
Data Structures,binary search trees(b tree),How do you handle duplicate values in a Binary Search Tree (BST) if duplicates are allowed?,Insert duplicates into the right subtree or use a counter at each node.,Insert duplicates into the left subtree.,Store duplicates in a separate data structure.,Ignore duplicate values.,A,,medium,web:Examveda.com https://www.examveda.com/data-structure/practice-mcq-question-on-binary-search-trees(b-tree)/?page=5,
Data Structures,binary search trees(b tree),"In a Binary Search Tree (BST), what does the term ""node height"" refer to?",The number of edges from the node to its deepest descendant.,The number of nodes in the subtree.,The number of edges from the node to its parent.,The total number of nodes in the tree.,A,,medium,web:Examveda.com https://www.examveda.com/data-structure/practice-mcq-question-on-binary-search-trees(b-tree)/?page=5,
Data Structures,binary search trees(b tree),What is the space complexity of the in-order traversal in the recursive fashion? (d is the tree depth and n is the number of nodes),O(1),O(nlogd),O(logd),O(d),D,,medium,web:Examveda.com https://www.examveda.com/data-structure/practice-mcq-question-on-binary-search-trees(b-tree)/?page=5,
Data Structures,binary search trees(b tree),"Consider a situation of writing a binary tree into a file with memory storage efficiency in mind, is array representation of tree is good?",yes because we are overcoming the need of pointers and so space efficiency,yes because array values are indexable,No it is not efficient in case of sparse trees and remaning cases it is fine,No linked list representation of tree is only fine,C,,medium,web:Examveda.com https://www.examveda.com/data-structure/practice-mcq-question-on-binary-search-trees(b-tree)/?page=5,
Data Structures,binary search trees(b tree),Which of the following is an application of Red-black trees and why?,used to store strings efficiently,used to store integers efficiently,"can be used in process schedulers, maps, sets",for efficient sorting,C,,medium,web:Examveda.com https://www.examveda.com/data-structure/practice-mcq-question-on-binary-search-trees(b-tree)/?page=5,
Data Structures,binary search trees(b tree),What is the worst case analysis of an AA-Tree?,O(N),O(log N),O( N log N),O(N2),B,,medium,web:Examveda.com https://www.examveda.com/data-structure/practice-mcq-question-on-binary-search-trees(b-tree)/?page=5,
Data Structures,binary search trees(b tree),Select the code snippet which performs in-order traversal.,"public void inorder(Tree root)
{
 System.out.println(root.data);
 inorder(root.left);
 inorder(root.right);
}","public void inorder(Tree root)
{
 inorder(root.left);
 System.out.println(root.data);
 inorder(root.right);
}","public void inorder(Tree root)
{
 System.out.println(root.data);
 inorder(root.right);
 inorder(root.left);
}","public void inorder(Tree root)
{
 inorder(root.right);
 inorder(root.left);
 System.out.println(root.data);
}",B,,medium,web:Examveda.com https://www.examveda.com/data-structure/practice-mcq-question-on-binary-search-trees(b-tree)/?page=5,
Data Structures,binary search trees(b tree),What is the priority of a null node?,1,0,random number,infinity,D,,medium,web:Examveda.com https://www.examveda.com/data-structure/practice-mcq-question-on-binary-search-trees(b-tree)/?page=6,
Data Structures,binary search trees(b tree),Why to prefer red-black trees over AVL trees?,Because red-black is more rigidly balanced,AVL tree store balance factor in every node which costs space,AVL tree fails at scale,Red black is more efficient,B,,medium,web:Examveda.com https://www.examveda.com/data-structure/practice-mcq-question-on-binary-search-trees(b-tree)/?page=6,
Data Structures,binary search trees(b tree),A self - balancing binary search tree can be used to implement . . . . . . . .,Priority queue,Hash table,Heap sort,Priority queue and Heap sort,A,,medium,web:Examveda.com https://www.examveda.com/data-structure/practice-mcq-question-on-binary-search-trees(b-tree)/?page=6,
Data Structures,binary search trees(b tree),"What output does the below pseudo code produces? 
Tree_node function(Tree_node x)
{
 Tree_node y = x.left;
 x.left = y.right;
 y.right = x;
 return y;
}",right rotation of subtree,left rotation of subtree,zig-zag operation,zig-zig operation,A,,medium,web:Examveda.com https://www.examveda.com/data-structure/practice-mcq-question-on-binary-search-trees(b-tree)/?page=6,
Data Structures,binary search trees(b tree),What is a Cartesian tree?,a skip list in the form of tree,a tree which obeys cartesian product,a tree which obeys heap property and whose inorder traversal yields the given sequence,a tree which obeys heap property only,C,,medium,web:Examveda.com https://www.examveda.com/data-structure/practice-mcq-question-on-binary-search-trees(b-tree)/?page=6,
Data Structures,binary search trees(b tree),"To obtain a prefix expression, which of the tree traversals is used?",Level-order traversal,Pre-order traversal,Post-order traversal,In-order traversal,B,,medium,web:Examveda.com https://www.examveda.com/data-structure/practice-mcq-question-on-binary-search-trees(b-tree)/?page=6,
Data Structures,binary search trees(b tree),What is the special property of red-black trees and what root should always be?,a color which is either red or black and root should always be black color only,height of the tree,pointer to next node,a color which is either green or black,A,,medium,web:Examveda.com https://www.examveda.com/data-structure/practice-mcq-question-on-binary-search-trees(b-tree)/?page=6,
Data Structures,binary search trees(b tree),Find the postorder traversal of the binary tree shown below.,P Q R S T U V W X,W R S Q P V T U X,S W T Q X U V R P,S T W U X V Q R P,C,,medium,web:Examveda.com https://www.examveda.com/data-structure/practice-mcq-question-on-binary-search-trees(b-tree)/?page=6,
Data Structures,binary search trees(b tree),"In a full binary tree if number of internal nodes is I, then number of leaves L are?",L = 2*I,L = I + 1,L = I - 1,L = 2*I - 1,B,,medium,web:Examveda.com https://www.examveda.com/data-structure/practice-mcq-question-on-binary-search-trees(b-tree)/?page=6,
Data Structures,binary search trees(b tree),"Consider a sequence of numbers to have repetitions, how a cartesian tree can be constructed in such situations without violating any rules?",use any tie-breaking rule between repeated elements,cartesian tree is impossible when repetitions are present,construct a max heap in such cases,construct a min heap in such cases,A,,medium,web:Examveda.com https://www.examveda.com/data-structure/practice-mcq-question-on-binary-search-trees(b-tree)/?page=7,
Data Structures,binary search trees(b tree),The balance factor of a node in a binary tree is defined as . . . . . . . .,addition of heights of left and right subtrees,height of right subtree minus height of left subtree,height of left subtree minus height of right subtree,height of right subtree minus one,C,,medium,web:Examveda.com https://www.examveda.com/data-structure/practice-mcq-question-on-binary-search-trees(b-tree)/?page=7,
Data Structures,binary search trees(b tree),"What is the code below trying to print? 
void print(tree *root,tree *node)
{
 if(root ==null) return 0
 if(root-->left==node || root-->right==node) || print(root->left,node)
 ||printf(root->right,node)
 {
 print(root->data)
 }
}",just printing all nodes,not a valid logic to do any task,printing ancestors of a node passed as argument,printing nodes from leaf node to a node passed as argument,C,,medium,web:Examveda.com https://www.examveda.com/data-structure/practice-mcq-question-on-binary-search-trees(b-tree)/?page=7,
Data Structures,binary search trees(b tree),Which operation is used to combine two auxiliary trees?,Join,Combinatorial,Add,Concatenation,A,,medium,web:Examveda.com https://www.examveda.com/data-structure/practice-mcq-question-on-binary-search-trees(b-tree)/?page=7,
Data Structures,binary search trees(b tree),Using what formula can a parent node be located in an array?,(i+1)/2,(i-1)/2,i/2,2i/2,B,,medium,web:Examveda.com https://www.examveda.com/data-structure/practice-mcq-question-on-binary-search-trees(b-tree)/?page=7,
Data Structures,binary search trees(b tree),Which of the following is also known as Rope data structure?,Cord,String,Array,Linked List,A,,medium,web:Examveda.com https://www.examveda.com/data-structure/practice-mcq-question-on-binary-search-trees(b-tree)/?page=7,
Data Structures,binary search trees(b tree),Why to prefer splay trees?,easier to program,space efficiency,easier to program and faster access to recently accessed items,quick searching,C,,medium,web:Examveda.com https://www.examveda.com/data-structure/practice-mcq-question-on-binary-search-trees(b-tree)/?page=7,
Data Structures,binary search trees(b tree),What are double and single threaded trees?,"when both left, right nodes are having null pointers and only right node is null pointer respectively",having 2 and 1 node,using single and double linked lists,using heaps and priority queues,A,,medium,web:Examveda.com https://www.examveda.com/data-structure/practice-mcq-question-on-binary-search-trees(b-tree)/?page=7,
Data Structures,binary search trees(b tree),Which of the dynamic operations are used in Top Tree data structure implementation?,Link,Cut,Expose,All of the mentioned,D,,medium,web:Examveda.com https://www.examveda.com/data-structure/practice-mcq-question-on-binary-search-trees(b-tree)/?page=7,
Data Structures,binary search trees(b tree),The binary tree sort implemented using a self - balancing binary search tree takes . . . . . . . . time is worst case.,O(n log n),O(n),O(n2),O(log n),A,,medium,web:Examveda.com https://www.examveda.com/data-structure/practice-mcq-question-on-binary-search-trees(b-tree)/?page=8,
Data Structures,binary search trees(b tree),A treap is a cartesian tree with . . . . . . . .,"additional value, which is a priority value to the key generated randomly","additional value, which is a priority value to the key generated sequentially",additional heap rule,additional operations like remove a range of elements,A,,medium,web:Examveda.com https://www.examveda.com/data-structure/practice-mcq-question-on-binary-search-trees(b-tree)/?page=8,
Data Structures,binary search trees(b tree),How many different shapes does maintenance of AA-Tree need to consider?,7,5,2,3,C,,medium,web:Examveda.com https://www.examveda.com/data-structure/practice-mcq-question-on-binary-search-trees(b-tree)/?page=8,
Data Structures,binary search trees(b tree),"What must be the missing logic in place of missing lines for finding sum of nodes of binary tree in alternate levels? 
//e.g:-consider -complete binary tree:-height-3, [1,2,3,4,5,6,7]-answer must be 23
n=power(2,height)-1; //assume input is height and a[i] contains tree elements
for(i=1;i<=n;)
{
 //present level is initialized to 1 and sum is initialized to 0
 for(j=1;j<=pow(2,currentlevel-1);j++) 
 {
 sum=sum+a[i];
 i=i+1;
 }
 //missing logic
}","i=i+pow(2,currentlevel);
currentlevel=currentlevel+2;
j=1;","i=i+pow(2,currentlevel);
currentlevel=currentlevel+2;
j=0;","i=i-pow(2,currentlevel);
currentlevel=currentlevel+2;
j=1;","i=i+pow(2,currentlevel);
currentlevel=currentlevel+1;
j=1;",A,,medium,web:Examveda.com https://www.examveda.com/data-structure/practice-mcq-question-on-binary-search-trees(b-tree)/?page=8,
Data Structures,binary search trees(b tree),A full binary tree can be generated using . . . . . . . .,post-order and pre-order traversal,pre-order traversal,post-order traversal,in-order traversal,A,,medium,web:Examveda.com https://www.examveda.com/data-structure/practice-mcq-question-on-binary-search-trees(b-tree)/?page=8,
Data Structures,binary search trees(b tree),Advantages of linked list representation of binary trees over arrays?,dynamic size,ease of insertion/deletion,ease in randomly accessing a node,both dynamic size and ease in insertion/deletion,D,,medium,web:Examveda.com https://www.examveda.com/data-structure/practice-mcq-question-on-binary-search-trees(b-tree)/?page=8,
Data Structures,binary search trees(b tree),What is the space complexity of the post-order traversal in the recursive fashion? (d is the tree depth and n is the number of nodes),O(1),O(nlogd),O(logd),O(d),D,,medium,web:Examveda.com https://www.examveda.com/data-structure/practice-mcq-question-on-binary-search-trees(b-tree)/?page=8,
Data Structures,binary search trees(b tree),"What is wrong with below code for inorder traversal of inorder threaded binary tree: 
inordertraversal(threadedtreenode root):
threadedtreenode q = inorderpredecessor(root)
while(q!=root):
q=inorderpredecessor(q)
print q.data",inordersuccessor instead of inorderpredecessor must be done,code is correct,it is code for post order,it is code for pre order,A,,medium,web:Examveda.com https://www.examveda.com/data-structure/practice-mcq-question-on-binary-search-trees(b-tree)/?page=8,
Data Structures,binary search trees(b tree),Disadvantages of linked list representation of binary trees over arrays?,Randomly accessing is not possible,Extra memory for a pointer is needed with every element in the list,Difficulty in deletion,Random access is not possible and extra memory with every element,D,,medium,web:Examveda.com https://www.examveda.com/data-structure/practice-mcq-question-on-binary-search-trees(b-tree)/?page=9,
Data Structures,binary search trees(b tree),Which of the following is not a random tree?,Treap,Random Binary Tree,Uniform Spanning Tree,AVL Tree,D,,medium,web:Examveda.com https://www.examveda.com/data-structure/practice-mcq-question-on-binary-search-trees(b-tree)/?page=9,
Data Structures,binary search trees(b tree),How many edges are present in path cluster?,2,3,6,1,A,,medium,web:Examveda.com https://www.examveda.com/data-structure/practice-mcq-question-on-binary-search-trees(b-tree)/?page=9,
Data Structures,binary search trees(b tree),Which of the following is a self - balancing binary search tree?,2-3 tree,Threaded binary tree,AA tree,Treap,C,,medium,web:Examveda.com https://www.examveda.com/data-structure/practice-mcq-question-on-binary-search-trees(b-tree)/?page=9,
Data Structures,binary search trees(b tree),"Consider the following data and specify which one is Preorder Traversal Sequence, Inorder and Postorder sequences. 
S1: N, M, P, O, Q 
S2: N, P, Q, O, M 
S3: M, N, O, P, Q","S1 is preorder, S2 is inorder and S3 is postorder","S1 is inorder, S2 is preorder and S3 is postorder","S1 is inorder, S2 is postorder and S3 is preorder","S1 is postorder, S2 is inorder and S3 is preorder",C,,medium,web:Examveda.com https://www.examveda.com/data-structure/practice-mcq-question-on-binary-search-trees(b-tree)/?page=9,
Data Structures,binary search trees(b tree),Why Red-black trees are preferred over hash tables though hash tables have constant time complexity?,no they are not preferred,because of resizing issues of hash table and better ordering in redblack trees,because they can be implemented using trees,because they are balanced,B,,medium,web:Examveda.com https://www.examveda.com/data-structure/practice-mcq-question-on-binary-search-trees(b-tree)/?page=9,
Data Structures,binary search trees(b tree),The number of edges from the node to the deepest leaf is called . . . . . . . . of the tree.,Height,Depth,Length,Width,A,,medium,web:Examveda.com https://www.examveda.com/data-structure/practice-mcq-question-on-binary-search-trees(b-tree)/?page=9,
Data Structures,binary search trees(b tree),Which property makes top tree a binary tree?,Nodes as Cluster,Leaves as Edges,Root is Tree Itself,All of the mentioned,D,,medium,web:Examveda.com https://www.examveda.com/data-structure/practice-mcq-question-on-binary-search-trees(b-tree)/?page=9,
Data Structures,binary search trees(b tree),The pre-order and in-order are traversals of a binary tree are T M L N P O Q and L M N T O P Q. Which of following is post-order traversal of the tree?,L N M O Q P T,N M O P O L T,L M N O P Q T,O P L M N Q T,A,,medium,web:Examveda.com https://www.examveda.com/data-structure/practice-mcq-question-on-binary-search-trees(b-tree)/?page=10,
Data Structures,binary search trees(b tree),What are splay trees?,self adjusting binary search trees,self adjusting binary trees,a tree with strings,a tree with probability distributions,A,,medium,web:Examveda.com https://www.examveda.com/data-structure/practice-mcq-question-on-binary-search-trees(b-tree)/?page=10,
Data Structures,binary search trees(b tree),What is the time complexity for finding the node at x position where n is the length of the rope?,O (log n),O (n!),O (n2),O (1),A,,medium,web:Examveda.com https://www.examveda.com/data-structure/practice-mcq-question-on-binary-search-trees(b-tree)/?page=10,
Data Structures,binary search trees(b tree),What are the children for node 'w' of a complete-binary tree in an array representation?,2w and 2w+1,2+w and 2-w,w+1/2 and w/2,w-1/2 and w+1/2,A,,medium,web:Examveda.com https://www.examveda.com/data-structure/practice-mcq-question-on-binary-search-trees(b-tree)/?page=10,
Data Structures,binary search trees(b tree),"Consider the following data. The pre order traversal of a binary tree is A, B, E, C, D. The in order traversal of the same binary tree is B, E, A, D, C. The level order sequence for the binary tree is . . . . . . . .","A, C, D, B, E","A, B, C, D, E","A, B, C, E, D","D, B, E, A, C",C,,medium,web:Examveda.com https://www.examveda.com/data-structure/practice-mcq-question-on-binary-search-trees(b-tree)/?page=10,
Data Structures,binary search trees(b tree),Which type of binary search tree is imitated for construction of tango tree?,Complete Binary Search Tree,Perfect Binary Search Tree,Balanced Binary Search Tree,Degenerate Binary Search Tree,A,,medium,web:Examveda.com https://www.examveda.com/data-structure/practice-mcq-question-on-binary-search-trees(b-tree)/?page=10,
Data Structures,binary search trees(b tree),A binary tree is balanced if the difference between left and right subtree of every node is not more than . . . . . . . .,1,3,2,0,A,,medium,web:Examveda.com https://www.examveda.com/data-structure/practice-mcq-question-on-binary-search-trees(b-tree)/?page=10,
Data Structures,binary search trees(b tree),What are the conditions for an optimal binary search tree and what is its advantage?,"The tree should not be modified and you should know how often the keys are accessed, it improves the lookup cost","You should know the frequency of access of the keys, improves the lookup time","The tree can be modified and you should know the number of elements in the tree before hand, it improves the deletion time",The tree should be just modified and improves the lookup time,A,,medium,web:Examveda.com https://www.examveda.com/data-structure/practice-mcq-question-on-binary-search-trees(b-tree)/?page=10,
Data Structures,binary search trees(b tree),Which of the following property of splay tree is correct?,it holds probability usage of the respective sub trees,"any sequence of j operations starting from an empty tree with h nodes atmost, takes O(jlogh) time complexity",sequence of operations with h nodes can take O(logh) time complexity,splay trees are unstable trees,B,,medium,web:Examveda.com https://www.examveda.com/data-structure/practice-mcq-question-on-binary-search-trees(b-tree)/?page=10,
Data Structures,heaps,What is the time complexity of inserting an element into a binary heap?,O(1),O(log n),O(n),O(n log n),B,,medium,web:Examveda.com https://www.examveda.com/data-structure/practice-mcq-question-on-heaps/,
Data Structures,heaps,Which of the following is true for a min-heap?,"The root node is the smallest element, and every parent node is smaller than its children.","The root node is the largest element, and every parent node is larger than its children.",All nodes are arranged in a complete binary tree.,The tree is always balanced.,A,,medium,web:Examveda.com https://www.examveda.com/data-structure/practice-mcq-question-on-heaps/,
Data Structures,heaps,"In a max-heap, which node property is true?",Every parent node is greater than or equal to its children.,Every parent node is less than or equal to its children.,All nodes have the same value.,The root node is always the smallest element.,A,,medium,web:Examveda.com https://www.examveda.com/data-structure/practice-mcq-question-on-heaps/,
Data Structures,heaps,How do you maintain the heap property after deleting the root node?,By performing a heapify operation.,By reordering the entire heap.,By inserting a new element at the root.,By performing an inorder traversal.,A,,medium,web:Examveda.com https://www.examveda.com/data-structure/practice-mcq-question-on-heaps/,
Data Structures,heaps,Which data structure is commonly used to implement priority queues?,Heap,Binary Search Tree,AVL Tree,Red-Black Tree,A,,medium,web:Examveda.com https://www.examveda.com/data-structure/practice-mcq-question-on-heaps/,
Data Structures,heaps,What is the height of a complete binary heap with n nodes?,⌈log2(n + 1)⌉,⌈log2(n)⌉,⌈n / 2⌉,log2(n) + 1,A,,medium,web:Examveda.com https://www.examveda.com/data-structure/practice-mcq-question-on-heaps/,
Data Structures,heaps,What is the primary operation performed when adjusting a heap after insertion or deletion?,Heapify,Sorting,Searching,Balancing,A,,medium,web:Examveda.com https://www.examveda.com/data-structure/practice-mcq-question-on-heaps/,
Data Structures,heaps,"In a binary heap, how is the parent node index calculated from a child node index i?",(i - 1) / 2,(i + 1) / 2,2 * i + 1,2 * i - 1,A,,medium,web:Examveda.com https://www.examveda.com/data-structure/practice-mcq-question-on-heaps/,
Data Structures,heaps,What is the time complexity of building a heap from an unsorted array?,O(log n),O(n log n),O(n),O(n2),C,,medium,web:Examveda.com https://www.examveda.com/data-structure/practice-mcq-question-on-heaps/,
Data Structures,heaps,How do you find the maximum element in a max-heap?,The root node contains the maximum element.,The maximum element is always the leftmost leaf.,By performing an inorder traversal.,By searching the entire heap.,A,,medium,web:Examveda.com https://www.examveda.com/data-structure/practice-mcq-question-on-heaps/,
Data Structures,heaps,What is the main advantage of using a binary heap for implementing a priority queue?,It provides efficient insertions and deletions.,It maintains elements in sorted order.,It allows quick search operations.,It uses less memory.,A,,medium,web:Examveda.com https://www.examveda.com/data-structure/practice-mcq-question-on-heaps/?page=2,
Data Structures,heaps,"In a min-heap, what happens when you decrease the value of a node?",The heap property is maintained by moving the node up the tree.,The node is removed and the heap is restructured.,The node is placed at the end of the heap.,The heap property is maintained by moving the node down the tree.,A,,medium,web:Examveda.com https://www.examveda.com/data-structure/practice-mcq-question-on-heaps/?page=2,
Data Structures,heaps,Which operation is used to extract the minimum element from a min-heap?,Extract-Min,Extract-Max,Remove-Root,Delete-Min,A,,medium,web:Examveda.com https://www.examveda.com/data-structure/practice-mcq-question-on-heaps/?page=2,
Data Structures,heaps,What is the time complexity of extracting the maximum element from a max-heap?,O(1),O(log n),O(n),O(n log n),B,,medium,web:Examveda.com https://www.examveda.com/data-structure/practice-mcq-question-on-heaps/?page=2,
Data Structures,heaps,How are heaps commonly used in algorithms?,For implementing priority queues and heapsort.,For managing hierarchical data.,For balancing binary search trees.,For efficient searching.,A,,medium,web:Examveda.com https://www.examveda.com/data-structure/practice-mcq-question-on-heaps/?page=2,
Data Structures,heaps,"In a binary heap, which of the following operations is O(log n) in time complexity?",Insert,Find minimum,Delete minimum,Both Insert and Delete minimum,A,,medium,web:Examveda.com https://www.examveda.com/data-structure/practice-mcq-question-on-heaps/?page=2,
Data Structures,heaps,What is the main difference between a binary heap and a binary search tree?,A binary heap does not maintain a sorted order while a binary search tree does.,A binary heap maintains a sorted order while a binary search tree does not.,Binary heaps are always balanced while binary search trees are not.,"Binary heaps have only one child per node, binary search trees have two.",A,,medium,web:Examveda.com https://www.examveda.com/data-structure/practice-mcq-question-on-heaps/?page=2,
Data Structures,heaps,How do you restore the heap property after extracting the maximum element from a max-heap?,By performing a heapify operation.,By reordering the entire heap.,By inserting a new maximum element.,By balancing the tree manually.,A,,medium,web:Examveda.com https://www.examveda.com/data-structure/practice-mcq-question-on-heaps/?page=2,
Data Structures,heaps,Which property does not apply to a min-heap?,The root is the smallest element.,Each parent node is less than or equal to its children.,All levels of the heap are completely filled except possibly the last.,The root is the largest element.,D,,medium,web:Examveda.com https://www.examveda.com/data-structure/practice-mcq-question-on-heaps/?page=2,
Data Structures,heaps,What is the time complexity of decreasing a key value in a min-heap?,O(1),O(log n),O(n),O(n log n),B,,medium,web:Examveda.com https://www.examveda.com/data-structure/practice-mcq-question-on-heaps/?page=2,
Data Structures,heaps,"In a binary heap, what is the typical time complexity of deleting an arbitrary element?",O(1),O(log n),O(n),O(n log n),C,,medium,web:Examveda.com https://www.examveda.com/data-structure/practice-mcq-question-on-heaps/?page=3,
Data Structures,heaps,What is the primary use of heaps in graph algorithms?,For implementing priority queues.,For managing hierarchical data.,For sorting elements.,For balancing search trees.,A,,medium,web:Examveda.com https://www.examveda.com/data-structure/practice-mcq-question-on-heaps/?page=3,
Data Structures,heaps,How is the parent node index computed in a zero-based indexed binary heap array?,(i - 1) / 2,(i + 1) / 2,"(i - 1) / 2 if i is even, else (i - 1) / 2",(i - 1) / 2 for i > 0,A,,medium,web:Examveda.com https://www.examveda.com/data-structure/practice-mcq-question-on-heaps/?page=3,
Data Structures,heaps,What happens if you increase the value of a node in a max-heap?,The heap property is restored by moving the node down.,"The node is removed, and a new node is added.",The heap property is restored by moving the node up.,The heap becomes unbalanced.,A,,medium,web:Examveda.com https://www.examveda.com/data-structure/practice-mcq-question-on-heaps/?page=3,
Data Structures,heaps,Which of the following operations is not directly supported by a binary heap?,Searching for an arbitrary element,Inserting an element,Extracting the maximum/minimum,Building a heap,A,,medium,web:Examveda.com https://www.examveda.com/data-structure/practice-mcq-question-on-heaps/?page=3,
Data Structures,heaps,"In a binary heap represented as an array, what is the index of the left child of the node at index i?",2 * i + 1,2 * i,2 * i + 2,2 * i - 1,A,,medium,web:Examveda.com https://www.examveda.com/data-structure/practice-mcq-question-on-heaps/?page=3,
Data Structures,heaps,What is the space complexity of a binary heap when stored in an array?,O(1),O(log n),O(n),O(n log n),C,,medium,web:Examveda.com https://www.examveda.com/data-structure/practice-mcq-question-on-heaps/?page=3,
Data Structures,heaps,Which operation involves moving a node to maintain the heap property after insertion in a binary heap?,Bubble-up or Percolate-up,Bubble-down or Percolate-down,Heapify,Restructure,A,,medium,web:Examveda.com https://www.examveda.com/data-structure/practice-mcq-question-on-heaps/?page=3,
Data Structures,heaps,"In a max-heap, what is the time complexity to find the second largest element?",O(1),O(log n),O(n),O(n log n),B,,medium,web:Examveda.com https://www.examveda.com/data-structure/practice-mcq-question-on-heaps/?page=3,
Data Structures,heaps,What kind of binary heap is used to efficiently support priority queues with the smallest element at the root?,Min-heap,Max-heap,Fibonacci heap,Binomial heap,A,,medium,web:Examveda.com https://www.examveda.com/data-structure/practice-mcq-question-on-heaps/?page=3,
Data Structures,heaps,What is the result of an inorder traversal of a binary heap?,The elements are not in any specific order.,The elements are sorted in ascending order.,The elements are sorted in descending order.,The elements follow the heap property.,A,,medium,web:Examveda.com https://www.examveda.com/data-structure/practice-mcq-question-on-heaps/?page=4,
Data Structures,heaps,Which of the following is not a type of heap?,Binary heap,Fibonacci heap,Binomial heap,AVL heap,D,,medium,web:Examveda.com https://www.examveda.com/data-structure/practice-mcq-question-on-heaps/?page=4,
Data Structures,heaps,What is the time complexity of building a binary heap using a sequence of insertions?,O(log n),O(n log n),O(n),O(n2),C,,medium,web:Examveda.com https://www.examveda.com/data-structure/practice-mcq-question-on-heaps/?page=4,
Data Structures,heaps,What is the typical use case for a min-heap in algorithms?,To find the minimum element efficiently.,To find the maximum element efficiently.,To sort elements in descending order.,To balance binary search trees.,A,,medium,web:Examveda.com https://www.examveda.com/data-structure/practice-mcq-question-on-heaps/?page=4,
Data Structures,heaps,"In a binary heap, how do you locate the right child of a node at index i?",2 * i + 2,2 * i + 1,(i - 1) / 2,2 * i,A,,medium,web:Examveda.com https://www.examveda.com/data-structure/practice-mcq-question-on-heaps/?page=4,
Data Structures,heaps,Which property is common to both max-heaps and min-heaps?,They both maintain a complete binary tree.,They both ensure a sorted order of elements.,They both allow easy insertion and deletion.,They both balance themselves automatically.,A,,medium,web:Examveda.com https://www.examveda.com/data-structure/practice-mcq-question-on-heaps/?page=4,
Data Structures,heaps,What is the typical time complexity of decreasing a key in a min-heap?,O(1),O(log n),O(n),O(n log n),B,,medium,web:Examveda.com https://www.examveda.com/data-structure/practice-mcq-question-on-heaps/?page=4,
Data Structures,heaps,How is the structure of a binary heap affected when you increase the size of the heap?,The heap grows by adding nodes to the end.,The heap automatically rebalances itself.,The heap elements are sorted.,The heap size must be manually adjusted.,A,,medium,web:Examveda.com https://www.examveda.com/data-structure/practice-mcq-question-on-heaps/?page=4,
Data Structures,heaps,"In a binary heap stored as an array, what is the index of the parent node for the node at index i?",(i - 1) / 2,(i + 1) / 2,(i + 2) / 2,(i - 2) / 2,A,,medium,web:Examveda.com https://www.examveda.com/data-structure/practice-mcq-question-on-heaps/?page=4,
Data Structures,heaps,What is the time complexity of extracting the minimum element from a min-heap?,O(1),O(log n),O(n),O(n log n),B,,medium,web:Examveda.com https://www.examveda.com/data-structure/practice-mcq-question-on-heaps/?page=4,
Data Structures,heaps,What operation is performed to convert a binary heap into a sorted array?,Heapsort,Merge sort,Quick sort,Insertion sort,A,,medium,web:Examveda.com https://www.examveda.com/data-structure/practice-mcq-question-on-heaps/?page=5,
Data Structures,heaps,In which situation would you prefer using a Fibonacci heap over a binary heap?,When frequent decrease-key operations are required.,When constructing a priority queue with constant time insertions.,When needing to maintain a sorted order.,When requiring simple implementation.,A,,medium,web:Examveda.com https://www.examveda.com/data-structure/practice-mcq-question-on-heaps/?page=5,
Data Structures,heaps,Which algorithm uses a binary heap to improve its performance?,Dijkstra's algorithm for shortest paths.,Kruskal's algorithm for minimum spanning tree.,Prim's algorithm for minimum spanning tree.,Merge sort algorithm.,C,,medium,web:Examveda.com https://www.examveda.com/data-structure/practice-mcq-question-on-heaps/?page=5,
Data Structures,heaps,What is the maximum number of children a node can have in a binary heap?,2,3,4,No fixed limit,A,,medium,web:Examveda.com https://www.examveda.com/data-structure/practice-mcq-question-on-heaps/?page=5,
Data Structures,heaps,How do you ensure that a binary heap remains a valid heap after multiple insertions?,By performing a heapify operation after each insertion.,By performing a sort operation.,By rebalancing the tree manually.,By ensuring nodes are inserted in sorted order.,A,,medium,web:Examveda.com https://www.examveda.com/data-structure/practice-mcq-question-on-heaps/?page=5,
Data Structures,heaps,Who invented d-ary heap?,Carl Rick,Alan Turing,Donald Johnson,Euclid,C,,medium,web:Examveda.com https://www.examveda.com/data-structure/practice-mcq-question-on-heaps/?page=5,
Data Structures,heaps,What is the child of smallest element of the given minimum ternary heap?,1,10,22,24,B,,medium,web:Examveda.com https://www.examveda.com/data-structure/practice-mcq-question-on-heaps/?page=5,
Data Structures,heaps,Heap can be used as . . . . . . . .,Priority queue,Stack,A decreasing order array,Normal Array,A,,medium,web:Examveda.com https://www.examveda.com/data-structure/practice-mcq-question-on-heaps/?page=5,
Data Structures,heaps,Why is this heap named leftist heap?,only left subtrees exist,the tree is biased to get deep down the left,it is balanced,right trees are unbalanced,B,,medium,web:Examveda.com https://www.examveda.com/data-structure/practice-mcq-question-on-heaps/?page=6,
Data Structures,heaps,What is the space complexity of searching in a heap?,O(logn),O(n),O(1),O(nlogn),B,,medium,web:Examveda.com https://www.examveda.com/data-structure/practice-mcq-question-on-heaps/?page=6,
Data Structures,heaps,Which of the following operations does not destroy the leftist heap property?,insert,merge,delete,swap,C,,medium,web:Examveda.com https://www.examveda.com/data-structure/practice-mcq-question-on-heaps/?page=6,
Data Structures,heaps,The main distinguishable characterstic of a binomial heap from a binary heap is that,it allows union operations very efficiently,it does not allow union operations that could easily be implemented in binary heap,the heap structure is not similar to complete binary tree,"the location of child node is not fixed i.e child nodes could be at level (h-2) or (h-3), where h is height of heap and h>4",A,,medium,web:Examveda.com https://www.examveda.com/data-structure/practice-mcq-question-on-heaps/?page=6,
Data Structures,heaps,How many basic operations can be performed in a d-heap?,1,2,3,4,B,,medium,web:Examveda.com https://www.examveda.com/data-structure/practice-mcq-question-on-heaps/?page=6,
Data Structures,heaps,What is the time complexity for deleting root key in a ternary heap of n elements?,O (log n/ log 3),O (3log n/ log 3),O (n),O (1),B,,medium,web:Examveda.com https://www.examveda.com/data-structure/practice-mcq-question-on-heaps/?page=6,
Data Structures,heaps,What is the reason for the efficiency of a pairing heap?,simplicity,time-efficient,space-efficient,advanced,A,,medium,web:Examveda.com https://www.examveda.com/data-structure/practice-mcq-question-on-heaps/?page=6,
Data Structures,heaps,"If there are c children of the root, how many calls to the merge procedure is required to reassemble the heap?",c,c+1,c-1,1,C,,medium,web:Examveda.com https://www.examveda.com/data-structure/practice-mcq-question-on-heaps/?page=6,
Data Structures,heaps,What is order of resultant heap after merging two tree of order k?,2*k,k+1,k*k,k+logk,B,,medium,web:Examveda.com https://www.examveda.com/data-structure/practice-mcq-question-on-heaps/?page=6,
Data Structures,heaps,What would be the result if the left subtree of the root has a null path length of 1 and the right subtree has a null path length of 2?,merge occurs without violation,violation at left subtree,violation at right subtree,violation at the root,D,,medium,web:Examveda.com https://www.examveda.com/data-structure/practice-mcq-question-on-heaps/?page=7,
Data Structures,heaps,"What will be the order of new heap created after union of heap H1 and H2 when created by the following code.Initially both are of the order n. 
FIB_UNION(H1,H2)
{
 H =MAKE_HEAP()
 min[H]= min[H1]
 concatenate the root list of H2 with the root list of H
 if (min[H1] = NIL) or (min[H2]!= NIL and min[H2] < min[H1])
 then min[H] = min[H2]
 n[H]= n[H1] + n[H2]
 free the objects H1 and H2
 return H
}",n+1,n+n/2,nlogn,2*n,A,,medium,web:Examveda.com https://www.examveda.com/data-structure/practice-mcq-question-on-heaps/?page=7,
Data Structures,heaps,What is the complexity of adding an element to the heap.,O(log n),O(h),O(log n) & O(h),O(n),C,,medium,web:Examveda.com https://www.examveda.com/data-structure/practice-mcq-question-on-heaps/?page=7,
Data Structures,heaps,d-heap is similar to that of a?,binary heap,fibonacci heap,leftist heap,treap,A,,medium,web:Examveda.com https://www.examveda.com/data-structure/practice-mcq-question-on-heaps/?page=7,
Data Structures,heaps,What is the fundamental operation on leftist heap?,insertion,merging,deletion,swapping,B,,medium,web:Examveda.com https://www.examveda.com/data-structure/practice-mcq-question-on-heaps/?page=7,
Data Structures,heaps,What is the smallest element of the given minimum ternary heap?,1,10,18,20,A,,medium,web:Examveda.com https://www.examveda.com/data-structure/practice-mcq-question-on-heaps/?page=7,
Data Structures,heaps,"State the complexity of algorithm given below. 
int function(vector<int> arr)
int len=arr.length();
if(len==0)
return;
temp=arr[len-1];
arr.pop_back();
return temp;",o(n),O(logn),O(1),O(n logn),C,,medium,web:Examveda.com https://www.examveda.com/data-structure/practice-mcq-question-on-heaps/?page=7,
Data Structures,heaps,What is the process of building a ternary heap called?,Heapify,Hashing,Linking,Merging,A,,medium,web:Examveda.com https://www.examveda.com/data-structure/practice-mcq-question-on-heaps/?page=8,
Data Structures,heaps,Which operation is not efficiently performed in a d-heap?,insert,delete,find,merge,D,,medium,web:Examveda.com https://www.examveda.com/data-structure/practice-mcq-question-on-heaps/?page=8,
Data Structures,heaps,"In a binary min heap containing n elements, the largest element can be found in . . . . . . . . time.",O(n),O(nlogn),O(logn),O(1),A,,medium,web:Examveda.com https://www.examveda.com/data-structure/practice-mcq-question-on-heaps/?page=8,
Data Structures,heaps,What is the worst case time in searching minimum value in weak -heap?,O(log n),O(n),O(n logn),O(1),D,,medium,web:Examveda.com https://www.examveda.com/data-structure/practice-mcq-question-on-heaps/?page=8,
Data Structures,heaps,Pairing heaps time complexity was inspired by that of?,splay tree,treap,red-black tree,avl tree,A,,medium,web:Examveda.com https://www.examveda.com/data-structure/practice-mcq-question-on-heaps/?page=8,
Data Structures,heaps,What is the time complexity for inserting a new item in a ternary heap of n elements?,O (log n/ log 3),O (n!),O (n),O (1),A,,medium,web:Examveda.com https://www.examveda.com/data-structure/practice-mcq-question-on-heaps/?page=8,
Data Structures,heaps,"What will be the position of 5, when a max heap is constructed on the input elements 5, 70, 45, 7, 12, 15, 13, 65, 30, 25?",5 will be at root,5 will be at last level,5 will be at second level,5 can be anywhere in heap,B,,medium,web:Examveda.com https://www.examveda.com/data-structure/practice-mcq-question-on-heaps/?page=8,
Data Structures,heaps,What are the siblings of smallest element of the given maximum ternary heap?,31,12,18,22,C,,medium,web:Examveda.com https://www.examveda.com/data-structure/practice-mcq-question-on-heaps/?page=8,
Data Structures,heaps,What is the time complexity for decreasing priority of key in a minimum ternary heap of n elements?,O (log n/ log 3),O (n!),O (n),O (1),A,,medium,web:Examveda.com https://www.examveda.com/data-structure/practice-mcq-question-on-heaps/?page=8,
Data Structures,heaps,Choose the correct properties of weak-heap.,Every node has value greater than the value of child node,Every right child of node has greater value than parent node,Every left child of node has greater value than parent node,Every left and right child of node has same value as parent node,B,,medium,web:Examveda.com https://www.examveda.com/data-structure/practice-mcq-question-on-heaps/?page=8,
Data Structures,heaps,The relationship of skew heaps to leftist heaps is analogous to that of?,Splay tree and AVL tree,Red black tree and AVL tree,Binary tree and Splay tree,Binary tree and Red black tree,A,,medium,web:Examveda.com https://www.examveda.com/data-structure/practice-mcq-question-on-heaps/?page=9,
Data Structures,heaps,What is the run time efficiency of an insertion algorithm?,O(N),O(log N),O(N2),O(M log N),A,,medium,web:Examveda.com https://www.examveda.com/data-structure/practice-mcq-question-on-heaps/?page=9,
Data Structures,heaps,"In a leftist heap, all the operations should be performed on?",left path,centre path,right path,root,C,,medium,web:Examveda.com https://www.examveda.com/data-structure/practice-mcq-question-on-heaps/?page=9,
Data Structures,heaps,"Given the code, choose the correct option that is consistent with the code. (Here A is the heap) 
build(A,i)
left-> 2*i
right->2*i +1
temp- > i
if(left<= heap_length[A] ans A[left] >A[temp])
temp -> left
if (right = heap_length[A] and A[right] > A[temp])
temp->right
if temp!= i
swap(A[i],A[temp])
build(A,temp)",It is the build function of max heap,It is the build function of min heap,It is general build function of any heap,It is used to search element in any heap,A,,medium,web:Examveda.com https://www.examveda.com/data-structure/practice-mcq-question-on-heaps/?page=9,
Data Structures,heaps,"If we implement heap as min-heap, deleting root node (value 1)from the heap. What would be the value of root node after second iteration if leaf node (value 100) is chosen to replace the root at start.",2,100,17,3,A,,medium,web:Examveda.com https://www.examveda.com/data-structure/practice-mcq-question-on-heaps/?page=9,
Data Structures,heaps,Which one of the following array elements represents a binary min heap?,12 10 8 25 14 17,8 10 12 25 14 17,25 17 14 12 10 8,14 17 25 10 12 8,B,,medium,web:Examveda.com https://www.examveda.com/data-structure/practice-mcq-question-on-heaps/?page=9,
Data Structures,heaps,Time taken in decreasing the node value in a binomial heap is,O(n),O(1),O(logn),O(nlogn),C,,medium,web:Examveda.com https://www.examveda.com/data-structure/practice-mcq-question-on-heaps/?page=10,
Data Structures,heaps,"Out of the following given options, which is the fastest algorithm?",fibonacci heap,pairing heap,d-ary heap,binary heap,A,,medium,web:Examveda.com https://www.examveda.com/data-structure/practice-mcq-question-on-heaps/?page=10,
Data Structures,heaps,"In a max-heap, element with the greatest key is always in the which node?",Leaf node,First node of left sub tree,root node,First node of right sub tree,C,,medium,web:Examveda.com https://www.examveda.com/data-structure/practice-mcq-question-on-heaps/?page=10,
Data Structures,heaps,"What does this pseudo_code return? 
int myfun(heap_arr[])
{
 int mini=INF;
 for(int i=0;i<tot_node;i++)
 mini=min(mini,heap_arr)
 return mini;
}",Last added element to heap,First element added to heap,Root of the heap,Leftmost node of the heap,C,,medium,web:Examveda.com https://www.examveda.com/data-structure/practice-mcq-question-on-heaps/?page=10,
Data Structures,heaps,"For construction of a binary heap with property that parent node has value less than child node. In reference to that which line is incorrect. Line indexed from 1. 
1. add(int k)
2. {
3. heap_size++; 
4. int i = heap_size - 1;
5. harr[i] = k;
6. while (i != 0 && harr[parent(i)] < harr[i])
7. {
8. swap(&harr[i], &harr[parent(i)]);
9. i = parent(i);
10. }
11. }",Line - 3,Line - 5,Line - 6,Line - 7,C,,medium,web:Examveda.com https://www.examveda.com/data-structure/practice-mcq-question-on-heaps/?page=10,
Data Structures,heaps,Descending priority queue can be implemented using . . . . . . . .,max heap,min heap,min-max heap,trie,A,,medium,web:Examveda.com https://www.examveda.com/data-structure/practice-mcq-question-on-heaps/?page=10,
Data Structures,heaps,"What is wrong with the following code of insertion in fibonacci heap. 
Choose the correct option 
FIB-INSERT(H, x)
degree[x]= 0
p[x]= NIL
child[x] =NIL
left[x] =x
right[x] =x
mark[x] =FALSE
concatenate the root list containing x with root list H 
if min[H] = NIL or key[x] > key[min[H]]
then min[H]= x
n[H]= n[H] + 1",Line -11,Line -3,Line 9,Line 7,C,,medium,web:Examveda.com https://www.examveda.com/data-structure/practice-mcq-question-on-heaps/?page=10,
Data Structures,heaps,"What is the complexity of given function of insertion. 
insert(int n)
{
 if(buffer_size()< maxi_biffer_size())
 buffer_aar[ind]==n;
 else
 move_to_heap(buffer,buffer+maxi_buffer_size())
}",O(logn),amortized O(1),O(n),O (n*logn),B,,medium,web:Examveda.com https://www.examveda.com/data-structure/practice-mcq-question-on-heaps/?page=10,
Data Structures,hashing,What is the primary purpose of hashing in data structures?,To provide constant time complexity for searches.,To sort elements in ascending order.,To balance binary search trees.,To implement priority queues.,A,,medium,web:Examveda.com https://www.examveda.com/data-structure/practice-mcq-question-on-hashing/,
Data Structures,hashing,"In hashing, what is a ""collision""?",When two elements are stored in the same slot.,When a hash table exceeds its capacity.,When a hash function fails to produce a unique index.,When two keys hash to the same index.,D,,medium,web:Examveda.com https://www.examveda.com/data-structure/practice-mcq-question-on-hashing/,
Data Structures,hashing,Which of the following is a common method to handle collisions in hashing?,Inorder traversal,Depth-first search,Linear probing,Binary search,C,,medium,web:Examveda.com https://www.examveda.com/data-structure/practice-mcq-question-on-hashing/,
Data Structures,hashing,Which collision resolution technique involves using a secondary hash function?,Rehashing,Chaining,Double hashing,Linear probing,C,,medium,web:Examveda.com https://www.examveda.com/data-structure/practice-mcq-question-on-hashing/,
Data Structures,hashing,What is the time complexity of searching for an element in a well-distributed hash table using chaining?,O(log n),O(n),O(n log n),O(1),D,,medium,web:Examveda.com https://www.examveda.com/data-structure/practice-mcq-question-on-hashing/,
Data Structures,hashing,"What does ""load factor"" represent in hashing?",The ratio of the number of elements to the number of slots.,The time complexity of hash functions.,The number of collisions in the hash table.,The capacity of the hash table.,A,,medium,web:Examveda.com https://www.examveda.com/data-structure/practice-mcq-question-on-hashing/,
Data Structures,hashing,Which of the following is NOT a typical property of a good hash function?,Easy to compute.,Distributes keys uniformly across the hash table.,Minimizes collisions.,Produces random and unpredictable results.,D,,medium,web:Examveda.com https://www.examveda.com/data-structure/practice-mcq-question-on-hashing/,
Data Structures,hashing,What is the primary advantage of open addressing over chaining in hash tables?,Better handling of collisions.,Faster search times in all cases.,Reduced memory usage.,Simpler implementation.,C,,medium,web:Examveda.com https://www.examveda.com/data-structure/practice-mcq-question-on-hashing/,
Data Structures,hashing,"What is ""rehashing"" in the context of hash tables?",The process of chaining elements together.,The process of hashing elements for the first time.,The process of resizing and rehashing all elements when the table is full.,The process of finding an element in the hash table.,C,,medium,web:Examveda.com https://www.examveda.com/data-structure/practice-mcq-question-on-hashing/?page=2,
Data Structures,hashing,What type of hash table collision resolution involves storing a list of all elements that hash to the same index?,Open addressing,Linear probing,Double hashing,Chaining,D,,medium,web:Examveda.com https://www.examveda.com/data-structure/practice-mcq-question-on-hashing/?page=2,
Data Structures,hashing,Which of the following hash functions provides the best performance for a hash table?,Universal hashing,Division method,Multiplicative method,Randomized hashing,A,,medium,web:Examveda.com https://www.examveda.com/data-structure/practice-mcq-question-on-hashing/?page=2,
Data Structures,hashing,How can you improve the performance of a hash table?,By avoiding the use of chaining.,By using a less complex hash function.,By decreasing the size of the hash table.,By increasing the size of the hash table and using a good hash function.,D,,medium,web:Examveda.com https://www.examveda.com/data-structure/practice-mcq-question-on-hashing/?page=2,
Data Structures,hashing,What is the main drawback of using linear probing in hash tables?,Increased memory usage.,Decreased speed of hash functions.,Clustering of elements can occur.,Difficulty in implementing the hash function.,C,,medium,web:Examveda.com https://www.examveda.com/data-structure/practice-mcq-question-on-hashing/?page=2,
Data Structures,hashing,What is the main goal of a good hash function?,To minimize memory usage.,To sort keys in ascending order.,To uniformly distribute keys across the hash table.,To generate the maximum number of collisions.,C,,medium,web:Examveda.com https://www.examveda.com/data-structure/practice-mcq-question-on-hashing/?page=2,
Data Structures,hashing,How is a hash table implemented in the case of open addressing?,Using a linked list at each slot.,Using multiple hash functions.,Using a secondary hash table.,Using probing techniques to find an open slot.,D,,medium,web:Examveda.com https://www.examveda.com/data-structure/practice-mcq-question-on-hashing/?page=2,
Data Structures,hashing,Which probing technique uses a quadratic function to resolve collisions?,Quadratic probing,Linear probing,Double hashing,Chaining,A,,medium,web:Examveda.com https://www.examveda.com/data-structure/practice-mcq-question-on-hashing/?page=2,
Data Structures,hashing,What happens if a hash function returns an index that is already occupied in a hash table using open addressing?,The entry is added to a linked list.,A new hash function is applied.,The table is resized.,The next available slot is searched.,D,,medium,web:Examveda.com https://www.examveda.com/data-structure/practice-mcq-question-on-hashing/?page=2,
Data Structures,hashing,What is the main advantage of using double hashing over linear probing?,Simplifies the hash function.,Increases the load factor of the hash table.,Reduces clustering of elements.,Reduces the memory usage.,C,,medium,web:Examveda.com https://www.examveda.com/data-structure/practice-mcq-question-on-hashing/?page=3,
Data Structures,hashing,In which scenario would you prefer chaining over open addressing for collision resolution?,When insertions and deletions are infrequent.,When memory usage is a primary concern.,When the hash table is highly dynamic and frequently grows.,When the hash table is mostly static and does not grow.,C,,medium,web:Examveda.com https://www.examveda.com/data-structure/practice-mcq-question-on-hashing/?page=3,
Data Structures,hashing,What is the effect of a high load factor on the performance of a hash table?,Decreased time complexity for lookups.,Improved distribution of keys.,Decreased time complexity for insertions.,Increased number of collisions.,D,,medium,web:Examveda.com https://www.examveda.com/data-structure/practice-mcq-question-on-hashing/?page=3,
Data Structures,hashing,Which of the following hash functions is used to reduce the possibility of clustering?,Universal hashing,Simple modulo operation,Multiplicative hashing,Division method,A,,medium,web:Examveda.com https://www.examveda.com/data-structure/practice-mcq-question-on-hashing/?page=3,
Data Structures,hashing,What technique is used to convert a hash table from an array-based to a linked-list-based implementation?,Quadratic probing,Linear probing,Open addressing,Chaining,D,,medium,web:Examveda.com https://www.examveda.com/data-structure/practice-mcq-question-on-hashing/?page=3,
Data Structures,hashing,What is the primary disadvantage of using a hash function with poor randomness?,Increased memory usage.,Faster computation of hash values.,Increased number of collisions and poor distribution of keys.,Better performance in load-balanced tables.,C,,medium,web:Examveda.com https://www.examveda.com/data-structure/practice-mcq-question-on-hashing/?page=3,
Data Structures,hashing,In which case is the division method hash function less effective?,When using quadratic probing.,When the hash function is very complex.,When the table size is not a prime number.,When the table size is a prime number.,C,,medium,web:Examveda.com https://www.examveda.com/data-structure/practice-mcq-question-on-hashing/?page=3,
Data Structures,hashing,Which hash table technique requires additional space for linked lists at each index?,Linear probing,Quadratic probing,Double hashing,Chaining,D,,medium,web:Examveda.com https://www.examveda.com/data-structure/practice-mcq-question-on-hashing/?page=3,
Data Structures,hashing,"What is the purpose of a ""hash collision resolution"" technique?",To balance a binary search tree.,To sort elements in a hash table.,To handle cases where multiple keys hash to the same index.,To improve the speed of hash function computation.,C,,medium,web:Examveda.com https://www.examveda.com/data-structure/practice-mcq-question-on-hashing/?page=4,
Data Structures,hashing,Which of the following hash functions provides a uniform distribution of hash values?,Division method,Multiplicative hashing,Modulo operation,Universal hashing,D,,medium,web:Examveda.com https://www.examveda.com/data-structure/practice-mcq-question-on-hashing/?page=4,
Data Structures,hashing,What is the result of a poor choice of hash function on a hash table's performance?,Increased number of collisions and reduced efficiency.,Decreased memory usage.,Improved search times.,Decreased need for resizing.,A,,medium,web:Examveda.com https://www.examveda.com/data-structure/practice-mcq-question-on-hashing/?page=4,
Data Structures,hashing,"What does the term ""bucket"" refer to in the context of hashing with chaining?",A technique for collision resolution.,A function used to compute hash values.,A method of resizing the hash table.,A slot in the hash table where elements are stored.,D,,medium,web:Examveda.com https://www.examveda.com/data-structure/practice-mcq-question-on-hashing/?page=4,
Data Structures,hashing,"What happens during ""rehashing"" in a hash table?",The hash table elements are sorted.,The hash function is changed.,The hash table is resized and all elements are rehashed to new indices.,The hash table is cleared.,C,,medium,web:Examveda.com https://www.examveda.com/data-structure/practice-mcq-question-on-hashing/?page=4,
Data Structures,hashing,What is a common drawback of quadratic probing in hash tables?,It is less efficient than linear probing.,It has slower insertion times.,It may lead to secondary clustering.,It requires more memory than chaining.,C,,medium,web:Examveda.com https://www.examveda.com/data-structure/practice-mcq-question-on-hashing/?page=4,
Data Structures,hashing,Which of the following operations is not commonly used in hash table implementations?,Inserting elements,Searching for elements,Deleting elements,Sorting elements,D,,medium,web:Examveda.com https://www.examveda.com/data-structure/practice-mcq-question-on-hashing/?page=4,
Data Structures,hashing,What is the effect of increasing the size of a hash table on performance?,It generally reduces the load factor and collisions.,It increases the load factor and collisions.,It decreases memory usage.,It does not affect performance.,A,,medium,web:Examveda.com https://www.examveda.com/data-structure/practice-mcq-question-on-hashing/?page=4,
Data Structures,hashing,Which probing method is best suited for reducing clustering in a hash table?,Chaining,Double hashing,Linear probing,Quadratic probing,D,,medium,web:Examveda.com https://www.examveda.com/data-structure/practice-mcq-question-on-hashing/?page=4,
Data Structures,hashing,What is the main advantage of using a hash function that distributes values uniformly across the hash table?,Increased complexity of the hash function.,Faster computation of hash values.,Reduced likelihood of collisions.,Decreased memory usage.,C,,medium,web:Examveda.com https://www.examveda.com/data-structure/practice-mcq-question-on-hashing/?page=5,
Data Structures,hashing,In which case is a hash function with a high number of possible output values less effective?,When the hash table size is small.,When the hash table size is large.,When the hash table has a high load factor.,When collisions are rare.,A,,medium,web:Examveda.com https://www.examveda.com/data-structure/practice-mcq-question-on-hashing/?page=5,
Data Structures,hashing,How does double hashing work to resolve collisions in a hash table?,By linking colliding elements in a list.,By using a quadratic function to find a new slot.,By probing linearly for the next open slot.,By using a second hash function to compute a new index.,D,,medium,web:Examveda.com https://www.examveda.com/data-structure/practice-mcq-question-on-hashing/?page=5,
Data Structures,hashing,What is a common strategy to ensure that a hash table performs optimally under varying loads?,Static resizing without rehashing.,Using a fixed hash function for all tables.,Dynamic resizing and rehashing.,Reducing the hash table size periodically.,C,,medium,web:Examveda.com https://www.examveda.com/data-structure/practice-mcq-question-on-hashing/?page=5,
Data Structures,hashing,"In simple chaining, what data structure is appropriate?",Singly linked list,Doubly linked list,Circular linked list,Binary trees,B,,medium,web:Examveda.com https://www.examveda.com/data-structure/practice-mcq-question-on-hashing/?page=5,
Data Structures,hashing,Which of the following operations are done in a hash table?,Insert only,Search only,Insert and search,Replace,C,,medium,web:Examveda.com https://www.examveda.com/data-structure/practice-mcq-question-on-hashing/?page=5,
Data Structures,hashing,"Interpret the given character string as an integer expressed in suitable radix notation. 
Character string = pt",14963,14392,12784,14452,D,,medium,web:Examveda.com https://www.examveda.com/data-structure/practice-mcq-question-on-hashing/?page=5,
Data Structures,hashing,Which of the following problems occur due to linear probing?,Primary collision,Secondary collision,Separate chaining,Extendible hashing,A,,medium,web:Examveda.com https://www.examveda.com/data-structure/practice-mcq-question-on-hashing/?page=5,
Data Structures,hashing,Which indicator is used for similarity between two sets?,Rope Tree,Jaccard Coefficient,Tango Tree,MinHash Coefficient,B,,medium,web:Examveda.com https://www.examveda.com/data-structure/practice-mcq-question-on-hashing/?page=6,
Data Structures,hashing,How many probes are required on average for insertion and successful search?,4 and 10,2 and 6,2.5 and 1.5,3.5 and 1.5,C,,medium,web:Examveda.com https://www.examveda.com/data-structure/practice-mcq-question-on-hashing/?page=6,
Data Structures,hashing,Which of the following is identical to that of a separate chaining hash node?,Linked list,Array,Stack,Queue,A,,medium,web:Examveda.com https://www.examveda.com/data-structure/practice-mcq-question-on-hashing/?page=6,
Data Structures,hashing,What is a hash function?,A function has allocated memory to keys,A function that computes the location of the key in the array,A function that creates an array,A function that computes the location of the values in the array,B,,medium,web:Examveda.com https://www.examveda.com/data-structure/practice-mcq-question-on-hashing/?page=6,
Data Structures,hashing,On what value does the probe sequence depend on?,c1,k,c2,m,B,,medium,web:Examveda.com https://www.examveda.com/data-structure/practice-mcq-question-on-hashing/?page=6,
Data Structures,hashing,Which technique was firstly used clustering documents using the similarity of two words or strings?,MinHash,Stack,Priority Queue,PAT Tree,A,,medium,web:Examveda.com https://www.examveda.com/data-structure/practice-mcq-question-on-hashing/?page=6,
Data Structures,hashing,What is the value of the Jaccard index when the two sets are disjoint?,1,2,3,0,D,,medium,web:Examveda.com https://www.examveda.com/data-structure/practice-mcq-question-on-hashing/?page=6,
Data Structures,hashing,How many hashes will be needed for calculating Jaccard index with an expected error less than or equal to 0.05?,100,200,300,400,D,,medium,web:Examveda.com https://www.examveda.com/data-structure/practice-mcq-question-on-hashing/?page=7,
Data Structures,hashing,What is simple uniform hashing?,Every element has equal probability of hashing into any of the slots,A weighted probabilistic method is used to hash elements into the slots,Elements has Random probability of hashing into array slots,Elements are hashed based on priority,A,,medium,web:Examveda.com https://www.examveda.com/data-structure/practice-mcq-question-on-hashing/?page=7,
Data Structures,hashing,What is the search complexity in direct addressing?,O(n),O(logn),O(nlogn),O(1),D,,medium,web:Examveda.com https://www.examveda.com/data-structure/practice-mcq-question-on-hashing/?page=7,
Data Structures,hashing,What is direct addressing?,Distinct array position for every possible key,Fewer array positions than keys,Fewer keys than array positions,Same array position for all keys,A,,medium,web:Examveda.com https://www.examveda.com/data-structure/practice-mcq-question-on-hashing/?page=7,
Data Structures,hashing,Which of the following variant of a hash table has the best cache performance?,hash table using a linked list for separate chaining,hash table using binary search tree for separate chaining,hash table using open addressing,hash table using a doubly linked list for separate chaining,C,,medium,web:Examveda.com https://www.examveda.com/data-structure/practice-mcq-question-on-hashing/?page=7,
Data Structures,hashing,Which of the following technique stores data separately in case of a collision?,Open addressing,Double hashing,Quadratic probing,Chaining using a binary tree,D,,medium,web:Examveda.com https://www.examveda.com/data-structure/practice-mcq-question-on-hashing/?page=7,
Data Structures,hashing,What is the time complexity of search function in a hash table using a doubly linked list?,O(1),O(n),O(log n),O(n log n),A,,medium,web:Examveda.com https://www.examveda.com/data-structure/practice-mcq-question-on-hashing/?page=7,
Data Structures,hashing,Which technique has the greatest number of probe sequences?,Linear probing,Quadratic probing,Double hashing,Closed hashing,C,,medium,web:Examveda.com https://www.examveda.com/data-structure/practice-mcq-question-on-hashing/?page=8,
Data Structures,hashing,What is the time complexity of the search function in a hash table using a binary tree?,O(1),O(n),O(log n),O(n log n),A,,medium,web:Examveda.com https://www.examveda.com/data-structure/practice-mcq-question-on-hashing/?page=8,
Data Structures,hashing,The case in which a key other than the desired one is kept at the identified location is called?,Hashing,Collision,Chaining,Open addressing,B,,medium,web:Examveda.com https://www.examveda.com/data-structure/practice-mcq-question-on-hashing/?page=8,
Data Structures,hashing,Which of the following is used in hash tables to determine the index of any input record?,hash function,hash linked list,hash tree,hash chaining,A,,medium,web:Examveda.com https://www.examveda.com/data-structure/practice-mcq-question-on-hashing/?page=8,
Data Structures,hashing,How is a bit vector better compared to a normal array for implementing the hash table?,It saves time,It saves space,It saves both time and space,It reduces code complexity,B,,medium,web:Examveda.com https://www.examveda.com/data-structure/practice-mcq-question-on-hashing/?page=8,
Data Structures,hashing,How many bits are needed to specify the single permutation by min-wise independent family?,O (log n!),O (n!),Ω (n2),Ω (n),D,,medium,web:Examveda.com https://www.examveda.com/data-structure/practice-mcq-question-on-hashing/?page=8,
Data Structures,hashing,What is a hash table?,A structure that maps values to keys,A structure that maps keys to values,A structure used for storage,A structure used to implement stack and queue,B,,medium,web:Examveda.com https://www.examveda.com/data-structure/practice-mcq-question-on-hashing/?page=8,
Data Structures,hashing,What is the expected error by the estimator Chernoff bound on the samples performed without replacement?,O (log k!),O (k!),O (k2),O (1/k1/2),D,,medium,web:Examveda.com https://www.examveda.com/data-structure/practice-mcq-question-on-hashing/?page=8,
Data Structures,hashing,What is the time complexity of delete function in the hash table using list head?,O(1),O(n),O(log n),O(n log n),A,,medium,web:Examveda.com https://www.examveda.com/data-structure/practice-mcq-question-on-hashing/?page=8,
Data Structures,hashing,"What is the value of h(k) for the key 123456? 
Given: p=14, s=2654435769, w=32",123,456,70,67,D,,medium,web:Examveda.com https://www.examveda.com/data-structure/practice-mcq-question-on-hashing/?page=8,
Data Structures,hashing,Which of the following schemes does quadratic probing come under?,rehashing,extended hashing,separate chaining,open addressing,D,,medium,web:Examveda.com https://www.examveda.com/data-structure/practice-mcq-question-on-hashing/?page=9,
Data Structures,hashing,What is the time complexity of delete function in the hash table using a doubly linked list?,O(1),O(n),O(log n),O(n log n),A,,medium,web:Examveda.com https://www.examveda.com/data-structure/practice-mcq-question-on-hashing/?page=9,
Data Structures,hashing,When are the members of two sets more common relatively?,Jaccard Index is Closer to 1,Jaccard Index is Closer to 0,Jaccard Index is Closer to -1,Jaccard Index is Farther to 1,A,,medium,web:Examveda.com https://www.examveda.com/data-structure/practice-mcq-question-on-hashing/?page=9,
Data Structures,hashing,What is the time complexity of search function in a hash table using list head?,O(1),O(n),O(log n),O(n log n),A,,medium,web:Examveda.com https://www.examveda.com/data-structure/practice-mcq-question-on-hashing/?page=9,
Data Structures,hashing,What are the values of h1(k) and h2(k) in the hash function?,"h1(k) = m mod k
 h2(k) = 1+ (m’ mod k)","h1(k) = 1 + (m mod k)
 h2(k) = m’ mod k","h1(k) = 1+ (k mod m)
 h2(k) = k mod m","h1(k) = k mod m
 h2(k) = 1+ (k mod m’)",D,,medium,web:Examveda.com https://www.examveda.com/data-structure/practice-mcq-question-on-hashing/?page=9,
Data Structures,hashing,What is the hash function used in the division method?,h(k) = k/m,h(k) = k mod m,h(k) = m/k,h(k) = m mod k,B,,medium,web:Examveda.com https://www.examveda.com/data-structure/practice-mcq-question-on-hashing/?page=9,
Data Structures,hashing,Which of the following is a disadvantage of using separate chaining using linked lists?,It requires many pointers,It requires linked lists,It uses array,It does not resolve collision,A,,medium,web:Examveda.com https://www.examveda.com/data-structure/practice-mcq-question-on-hashing/?page=9,
Data Structures,hashing,Which of the following helps keys to be mapped into addresses?,hash function,separate chaining,open addressing,chaining using a linked list,A,,medium,web:Examveda.com https://www.examveda.com/data-structure/practice-mcq-question-on-hashing/?page=9,
Data Structures,hashing,Which of the following is true for a Hash tree?,Hashing is used for sequential access,Indexing is used for direct access,Hash tree allows only sequential access,Hashing is used for direct access,D,,medium,web:Examveda.com https://www.examveda.com/data-structure/practice-mcq-question-on-hashing/?page=10,
Data Structures,hashing,What is the value of 'm' if the value of m is 19?,11,18,17,15,C,,medium,web:Examveda.com https://www.examveda.com/data-structure/practice-mcq-question-on-hashing/?page=10,
Data Structures,hashing,What is the load factor?,Average array size,Average key size,Average chain length,Average hash table length,C,,medium,web:Examveda.com https://www.examveda.com/data-structure/practice-mcq-question-on-hashing/?page=10,
Data Structures,hashing,What is the time complexity of insert function in a hash table using list head?,O(1),O(n),O(log n),O(n log n),A,,medium,web:Examveda.com https://www.examveda.com/data-structure/practice-mcq-question-on-hashing/?page=10,
Data Structures,hashing,What is the worst case search time of a hashing using separate chaining algorithm?,O(N log N),O(N),O(N2),O(N3),B,,medium,web:Examveda.com https://www.examveda.com/data-structure/practice-mcq-question-on-hashing/?page=10,
Data Structures,hashing,Which scheme uses a randomization approach?,hashing by division,hashing by multiplication,universal hashing,open addressing,C,,medium,web:Examveda.com https://www.examveda.com/data-structure/practice-mcq-question-on-hashing/?page=10,
Data Structures,hashing,Which of the following technique stores data in a separate entity in case of a collision?,Open addressing,Chaining using doubly linked list,Linear probing,Double hashing,B,,medium,web:Examveda.com https://www.examveda.com/data-structure/practice-mcq-question-on-hashing/?page=10,
Data Structures,hashing,Which technique was firstly used to remove duplicate web pages from search results in AltaVista search engine?,MinHash,Stack,Priority Queue,PAT Tree,A,,medium,web:Examveda.com https://www.examveda.com/data-structure/practice-mcq-question-on-hashing/?page=10,
Data Structures,hashing,What is the advantage of hashing with chaining?,cache performance is good,uses less space,less sensitive to hash function,has a time complexity of O(n) in the worst case,C,,medium,web:Examveda.com https://www.examveda.com/data-structure/practice-mcq-question-on-hashing/?page=10,
Data Structures,hashing,Hash tree is used in data synchronisation. In the worst case the data synchronisation takes . . . . . . . . time.,O(logn),O(n2),O(nlogn),O(n),D,,medium,web:Examveda.com https://www.examveda.com/data-structure/practice-mcq-question-on-hashing/?page=10,
Data Structures,graphs,What is the time complexity of performing a depth-first search (DFS) on a graph using an adjacency matrix?,O(V log V),O(E),O(V2),O(V + E),C,,medium,web:Examveda.com https://www.examveda.com/data-structure/practice-mcq-question-on-graphs/,
Data Structures,graphs,Which of the following is true about a bipartite graph?,It contains a cycle of odd length.,It can be represented using only one adjacency list.,It has no edges.,It can be colored using two colors such that no two adjacent vertices share the same color.,D,,medium,web:Examveda.com https://www.examveda.com/data-structure/practice-mcq-question-on-graphs/,
Data Structures,graphs,What is a cycle in a graph?,A path that starts and ends at the same vertex with no other repetitions.,A path that includes all vertices exactly once.,A path with no edges.,A complete traversal of all vertices.,A,,medium,web:Examveda.com https://www.examveda.com/data-structure/practice-mcq-question-on-graphs/,
Data Structures,graphs,What is the purpose of the adjacency matrix in graph representation?,To store the depth-first search order.,To list the neighbors of each vertex.,To store only the vertices of the graph.,To store the edges and their weights between all pairs of vertices.,D,,medium,web:Examveda.com https://www.examveda.com/data-structure/practice-mcq-question-on-graphs/,
Data Structures,graphs,Which traversal algorithm would you use to find the shortest path in an unweighted graph?,Depth-First Search (DFS),Dijkstra's Algorithm,Breadth-First Search (BFS),Floyd-Warshall Algorithm,C,,medium,web:Examveda.com https://www.examveda.com/data-structure/practice-mcq-question-on-graphs/,
Data Structures,graphs,What is the main characteristic of a complete graph?,It has exactly one path between any pair of vertices.,It is a bipartite graph.,Every pair of vertices is connected by a unique edge.,It contains no cycles.,C,,medium,web:Examveda.com https://www.examveda.com/data-structure/practice-mcq-question-on-graphs/,
Data Structures,graphs,What is a spanning tree of a graph?,A subgraph that includes only leaf nodes.,A subset of edges that forms a cycle.,A tree where all nodes are leaves.,A subgraph that includes all vertices and is connected without any cycles.,D,,medium,web:Examveda.com https://www.examveda.com/data-structure/practice-mcq-question-on-graphs/,
Data Structures,graphs,How can you determine if a graph contains a cycle using DFS?,By checking if there is a back edge during traversal.,By counting the number of vertices.,By counting the number of edges.,By checking if the graph is disconnected.,A,,medium,web:Examveda.com https://www.examveda.com/data-structure/practice-mcq-question-on-graphs/,
Data Structures,graphs,Which algorithm is used to find the minimum spanning tree in a graph?,Prim's Algorithm,Floyd-Warshall Algorithm,Bellman-Ford Algorithm,Kruskal's Algorithm,D,,medium,web:Examveda.com https://www.examveda.com/data-structure/practice-mcq-question-on-graphs/?page=2,
Data Structures,graphs,"In a weighted graph, what does a negative weight cycle indicate for shortest path algorithms?",The graph is bipartite.,The graph contains multiple cycles.,The shortest path cannot be computed reliably.,The graph is a complete graph.,C,,medium,web:Examveda.com https://www.examveda.com/data-structure/practice-mcq-question-on-graphs/?page=2,
Data Structures,graphs,How does the Floyd-Warshall algorithm compute shortest paths in a graph?,By applying dynamic programming only once.,By performing DFS from each vertex.,By considering all pairs of vertices and iteratively updating shortest paths.,By using a priority queue for edge relaxation.,C,,medium,web:Examveda.com https://www.examveda.com/data-structure/practice-mcq-question-on-graphs/?page=2,
Data Structures,graphs,What is the primary purpose of using a priority queue in graph algorithms like Dijkstra's?,To store all edges of the graph.,To maintain the order of vertices during BFS.,To perform depth-first search more efficiently.,To efficiently extract the vertex with the minimum distance.,D,,medium,web:Examveda.com https://www.examveda.com/data-structure/practice-mcq-question-on-graphs/?page=2,
Data Structures,graphs,Which of the following algorithms is used to detect cycles in a directed graph?,Tarjan's Algorithm,Kruskal's Algorithm,Prim's Algorithm,Dijkstra's Algorithm,A,,medium,web:Examveda.com https://www.examveda.com/data-structure/practice-mcq-question-on-graphs/?page=2,
Data Structures,graphs,What is a topological sort in a directed graph?,A minimum spanning tree of the graph.,A breadth-first search traversal of the graph.,A depth-first search traversal of the graph.,"A linear ordering of vertices such that for every directed edge u -> v, vertex u comes before v.",D,,medium,web:Examveda.com https://www.examveda.com/data-structure/practice-mcq-question-on-graphs/?page=2,
Data Structures,graphs,Which data structure is commonly used to implement the BFS algorithm?,Stack,Priority Queue,Queue,Linked List,C,,medium,web:Examveda.com https://www.examveda.com/data-structure/practice-mcq-question-on-graphs/?page=2,
Data Structures,graphs,In which of the following scenarios is Prim's algorithm more efficient than Kruskal's algorithm?,When the graph is bipartite.,When the graph has negative weights.,When the graph is dense.,When the graph is sparse.,C,,medium,web:Examveda.com https://www.examveda.com/data-structure/practice-mcq-question-on-graphs/?page=2,
Data Structures,graphs,What type of graph can be used to model hierarchical data structures such as organizational charts?,Complete Graph,Weighted Graph,Bipartite Graph,Directed Acyclic Graph (DAG),D,,medium,web:Examveda.com https://www.examveda.com/data-structure/practice-mcq-question-on-graphs/?page=3,
Data Structures,graphs,What is the primary goal of the Bellman-Ford algorithm?,"To find the shortest path from a single source to all other vertices, even with negative weights.",To find the minimum spanning tree.,To detect cycles in a directed graph.,To sort vertices in topological order.,A,,medium,web:Examveda.com https://www.examveda.com/data-structure/practice-mcq-question-on-graphs/?page=3,
Data Structures,graphs,Which of the following algorithms can be used to find all-pairs shortest paths in a graph?,Dijkstra's Algorithm,Bellman-Ford Algorithm,Kruskal's Algorithm,Floyd-Warshall Algorithm,D,,medium,web:Examveda.com https://www.examveda.com/data-structure/practice-mcq-question-on-graphs/?page=3,
Data Structures,graphs,What is the characteristic of a strongly connected component in a directed graph?,The graph contains no cycles.,The graph is bipartite.,There is a path from every vertex to every other vertex.,The graph is acyclic.,C,,medium,web:Examveda.com https://www.examveda.com/data-structure/practice-mcq-question-on-graphs/?page=3,
Data Structures,graphs,"In a graph with weighted edges, what does the term ""relaxation"" refer to in shortest path algorithms?",Expanding the adjacency list of a vertex.,Removing edges that cause negative cycles.,Updating the shortest path estimate if a shorter path is found.,Adding a new vertex to the graph.,C,,medium,web:Examveda.com https://www.examveda.com/data-structure/practice-mcq-question-on-graphs/?page=3,
Data Structures,graphs,Which of the following methods is used to find the minimum cut in a graph?,Dijkstra's Algorithm,Prim's Algorithm,Kruskal's Algorithm,Max-Flow Min-Cut Theorem,D,,medium,web:Examveda.com https://www.examveda.com/data-structure/practice-mcq-question-on-graphs/?page=3,
Data Structures,graphs,"What is the significance of the ""cut"" in the context of the Max-Flow Min-Cut Theorem?",It is the total weight of all edges.,It represents the number of cycles in the graph.,"It represents a partition of the vertices into two sets, where the minimum cut is the smallest set of edges that, if removed, would disconnect the source from the sink.",It represents the number of vertices in the graph.,C,,medium,web:Examveda.com https://www.examveda.com/data-structure/practice-mcq-question-on-graphs/?page=3,
Data Structures,graphs,Which traversal method is best for finding connected components in an undirected graph?,Breadth-First Search (BFS),Dijkstra's Algorithm,Bellman-Ford Algorithm,Depth-First Search (DFS),D,,medium,web:Examveda.com https://www.examveda.com/data-structure/practice-mcq-question-on-graphs/?page=3,
Data Structures,graphs,What is the time complexity of performing a DFS traversal on a graph represented using an adjacency list?,O(V + E),O(V2),O(E),O(V log V),A,,medium,web:Examveda.com https://www.examveda.com/data-structure/practice-mcq-question-on-graphs/?page=3,
Data Structures,graphs,What is the space complexity of storing a graph using an adjacency matrix?,O(V log V),O(E),O(V + E),O(V2),D,,medium,web:Examveda.com https://www.examveda.com/data-structure/practice-mcq-question-on-graphs/?page=4,
Data Structures,graphs,What is the time complexity of adding an edge in an adjacency list representation of a graph?,O(V),O(E),O(1),O(V2),C,,medium,web:Examveda.com https://www.examveda.com/data-structure/practice-mcq-question-on-graphs/?page=4,
Data Structures,graphs,Which algorithm is used to find the strongly connected components of a directed graph?,Dijkstra's Algorithm,Kruskal's Algorithm,Kosaraju's Algorithm,Prim's Algorithm,C,,medium,web:Examveda.com https://www.examveda.com/data-structure/practice-mcq-question-on-graphs/?page=4,
Data Structures,graphs,What is the time complexity of performing a BFS on a graph with V vertices and E edges using an adjacency list?,O(V2),O(E),O(V log V),O(V + E),D,,medium,web:Examveda.com https://www.examveda.com/data-structure/practice-mcq-question-on-graphs/?page=4,
Data Structures,graphs,What is the characteristic of a tree that makes it a special type of graph?,It is a connected acyclic graph.,It is a directed graph with cycles.,It contains at least one cycle.,It has no edges.,A,,medium,web:Examveda.com https://www.examveda.com/data-structure/practice-mcq-question-on-graphs/?page=4,
Data Structures,graphs,Which of the following graph algorithms is used to find the shortest path between all pairs of vertices?,Depth-First Search (DFS),Bellman-Ford Algorithm,Kruskal's Algorithm,Floyd-Warshall Algorithm,D,,medium,web:Examveda.com https://www.examveda.com/data-structure/practice-mcq-question-on-graphs/?page=4,
Data Structures,graphs,How does the Bellman-Ford algorithm handle negative weight edges?,It ignores them.,It converts them into positive weights.,It can handle them but not negative weight cycles.,It requires all edges to be non-negative.,C,,medium,web:Examveda.com https://www.examveda.com/data-structure/practice-mcq-question-on-graphs/?page=4,
Data Structures,graphs,"In an undirected graph, what is the sum of the degrees of all vertices equal to?",Twice the number of edges.,The number of vertices.,The number of cycles.,The number of edges plus vertices.,A,,medium,web:Examveda.com https://www.examveda.com/data-structure/practice-mcq-question-on-graphs/?page=4,
Data Structures,graphs,Which graph traversal method can be used to check if a graph is bipartite?,Kruskal's Algorithm,Dijkstra's Algorithm,Depth-First Search (DFS),Breadth-First Search (BFS),D,,medium,web:Examveda.com https://www.examveda.com/data-structure/practice-mcq-question-on-graphs/?page=5,
Data Structures,graphs,What is the primary use of a priority queue in graph algorithms?,To store all vertices of the graph.,To keep track of the visited nodes.,To efficiently manage and retrieve the minimum or maximum element.,To represent the adjacency matrix.,C,,medium,web:Examveda.com https://www.examveda.com/data-structure/practice-mcq-question-on-graphs/?page=5,
Data Structures,graphs,Which graph representation method is more efficient for sparse graphs?,Incidence matrix,Edge list,Adjacency list,Adjacency matrix,C,,medium,web:Examveda.com https://www.examveda.com/data-structure/practice-mcq-question-on-graphs/?page=5,
Data Structures,graphs,"What is the characteristic of a graph if it is described as ""planar""?",It contains no cycles.,It is a complete graph.,It is a bipartite graph.,It can be drawn on a plane without any edges crossing.,D,,medium,web:Examveda.com https://www.examveda.com/data-structure/practice-mcq-question-on-graphs/?page=5,
Data Structures,graphs,In which of the following case does a Propositional Directed Acyclic Graph is used for?,Representation of Boolean Functions,String Matching,Searching,Sorting of number,A,,medium,web:Examveda.com https://www.examveda.com/data-structure/practice-mcq-question-on-graphs/?page=5,
Data Structures,graphs,Which of the following logical operation can't be implemented by polynomial time graph manipulation algorithms using Binary Decision Diagrams?,Conjunction,Disjunction,Negation,Tautology Checking,D,,medium,web:Examveda.com https://www.examveda.com/data-structure/practice-mcq-question-on-graphs/?page=5,
Data Structures,graphs,What is the maximum number of edges present in a simple directed graph with 7 vertices if there exists no cycles in the graph?,21,7,6,49,C,,medium,web:Examveda.com https://www.examveda.com/data-structure/practice-mcq-question-on-graphs/?page=5,
Data Structures,graphs,What is the number of words that can be formed from the given Directed Acyclic Word Graph?,2,4,12,7,B,,medium,web:Examveda.com https://www.examveda.com/data-structure/practice-mcq-question-on-graphs/?page=5,
Data Structures,graphs,"Given an adjacency matrix A = [ [0, 1, 1], [1, 0, 1], [1, 1, 0] ], The total no. of ways in which every vertex can walk to itself using 2 edges is . . . . . . . .",2,4,6,8,C,,medium,web:Examveda.com https://www.examveda.com/data-structure/practice-mcq-question-on-graphs/?page=6,
Data Structures,graphs,"For which type of graph, the given program won't run infinitely? The Input would be in the form of an adjacency Matrix and n is its dimension (1<n<10). 
#include <bits/stdc++.h> 
using namespace std; 
int G[10][10]; 
void fun(int n); 
 
int main()
{
 int num=0; 
 int n; 
 cin>>n; 
 for(int i=0;i<n;i++) 
 for(int j=0;j<n;j++) 
 cin>>G[i][j]; 
 fun(n); 
 return 0; 
} 
 
void fun(int n)
{ 
 for(int i=0;i<n;i++) 
 for(int j=0;j<n;j++) 
 if(G[i][j]==1) 
 j--; 
}",All Fully Connected Graphs,All Empty Graphs,All Bipartite Graphs,All simple graphs,B,,medium,web:Examveda.com https://www.examveda.com/data-structure/practice-mcq-question-on-graphs/?page=6,
Data Structures,graphs,"Which of the following is a HyperGraph, where V is the set of vertices, E is the set of edges?","V = {v1, v2, v3} E = {e1, e2} = {{v2, v3} {v1, v3}}","V = {v1, v2} E = {e1} = {{v1, v2}}","V = {v1, v2, v3} E = {e1, e2, e3} = {{v2, v3}{v3, v1}{v2, v1}}",All of the mentioned,D,,medium,web:Examveda.com https://www.examveda.com/data-structure/practice-mcq-question-on-graphs/?page=6,
Data Structures,graphs,What is the number of edges present in a complete graph having n vertices?,(n*(n+1))/2,(n*(n-1))/2,n,Information given is insufficient,B,,medium,web:Examveda.com https://www.examveda.com/data-structure/practice-mcq-question-on-graphs/?page=6,
Data Structures,graphs,Graph Structured Stack finds its application in . . . . . . . .,Bogo Sort,Tomita's Algorithm,Todd-Coxeter algorithm,Heap Sort,B,,medium,web:Examveda.com https://www.examveda.com/data-structure/practice-mcq-question-on-graphs/?page=6,
Data Structures,graphs,What are the dimensions of an incidence matrix?,Number of edges*number of edges,Number of edges*number of vertices,Number of vertices*number of vertices,Number of edges * (1/2 * number of vertices),B,,medium,web:Examveda.com https://www.examveda.com/data-structure/practice-mcq-question-on-graphs/?page=6,
Data Structures,graphs,What is the number of unlabeled simple directed graph that can be made with 1 or 2 vertices?,2,4,5,9,B,,medium,web:Examveda.com https://www.examveda.com/data-structure/practice-mcq-question-on-graphs/?page=6,
Data Structures,graphs,Which of the following statement is true.,There exists a Simple Graph having 10 vertices such that minimum degree of the graph is 0 and maximum degree is 9,There exists a MultiGraph having 10 vertices such that minimum degree of the graph is 0 and maximum degree is 9,There exists a MultiGraph as well as a Simple Graph having 10 vertices such that minimum degree of the graph is 0 and maximum degree is 9,None of the mentioned,B,,medium,web:Examveda.com https://www.examveda.com/data-structure/practice-mcq-question-on-graphs/?page=6,
Data Structures,graphs,In which case adjacency list is preferred in front of an adjacency matrix?,Dense graph,Sparse graph,Adjacency list is always preferred,Complete graph,B,,medium,web:Examveda.com https://www.examveda.com/data-structure/practice-mcq-question-on-graphs/?page=7,
Data Structures,graphs,In which of the following case does a Binary Decision Diagram is used for?,Representation of Boolean Functions,String Matching,Searching,Sorting of number,A,,medium,web:Examveda.com https://www.examveda.com/data-structure/practice-mcq-question-on-graphs/?page=7,
Data Structures,graphs,A Graph Structured Stack is a . . . . . . . .,Undirected Graph,Directed Graph,Directed Acyclic Graph,Regular Graph,C,,medium,web:Examveda.com https://www.examveda.com/data-structure/practice-mcq-question-on-graphs/?page=7,
Data Structures,graphs,In a Binary Decision Diagrams 0 values by a . . . . . . . . line and the 1 values are represented by a . . . . . . . . line.,"dashed, bold","bold, dashed","dotted, bold","dotted, dashed",C,,medium,web:Examveda.com https://www.examveda.com/data-structure/practice-mcq-question-on-graphs/?page=7,
Data Structures,graphs,What would be the time complexity of the BFS traversal of a graph with n vertices and n1.25 edges?,O(n),O(n1.25),O(n2.25),O(n*n),B,,medium,web:Examveda.com https://www.examveda.com/data-structure/practice-mcq-question-on-graphs/?page=7,
Data Structures,graphs,Which of the following ways can be used to represent a graph?,Adjacency List and Adjacency Matrix,Incidence Matrix,"Adjacency List, Adjacency Matrix as well as Incidence Matrix",No way to represent,C,,medium,web:Examveda.com https://www.examveda.com/data-structure/practice-mcq-question-on-graphs/?page=7,
Data Structures,graphs,Binary Decision Diagram is a type of . . . . . . . .,Multigraph,Cyclic Graph,Directed Acyclic Graph,Directed Acyclic Word Graph,C,,medium,web:Examveda.com https://www.examveda.com/data-structure/practice-mcq-question-on-graphs/?page=7,
Data Structures,graphs,A graph with all vertices having equal degree is known as a . . . . . . . .,Multi Graph,Regular Graph,Simple Graph,Complete Graph,B,,medium,web:Examveda.com https://www.examveda.com/data-structure/practice-mcq-question-on-graphs/?page=7,
Data Structures,graphs,The time complexity to calculate the number of edges in a graph whose information in stored in form of an adjacency matrix is . . . . . . . .,O(V),O(E2),O(E),O(V2),D,,medium,web:Examveda.com https://www.examveda.com/data-structure/practice-mcq-question-on-graphs/?page=8,
Data Structures,graphs,"What is the degree sequence of the given HyperGraph, in non-increasing order. 
V = {v1,v2,v3,v4,v5,v6} E = {{v1,v4,v5} {v2,v3,v4,v5} {v2} {v1} {v1,v6}}","3,2,1,1,1,1","3,2,2,2,1,1","3,2,2,2,2,1","3,2,2,1,1,1",B,,medium,web:Examveda.com https://www.examveda.com/data-structure/practice-mcq-question-on-graphs/?page=8,
Data Structures,graphs,"Given Adjacency matrices determine which of them are PseudoGraphs? 
i. {{1,0} {0,1}} 
ii. {{0,1}{1,0}} 
iii. {{0,0,1}{0,1,0}{1,0,0}}",only i,ii and iii,i and iii,"i, ii and iii",C,,medium,web:Examveda.com https://www.examveda.com/data-structure/practice-mcq-question-on-graphs/?page=8,
Data Structures,graphs,Time complexity to find if there is an edge between 2 particular vertices is . . . . . . . .,O(V),O(E),O(1),O(V+E),A,,medium,web:Examveda.com https://www.examveda.com/data-structure/practice-mcq-question-on-graphs/?page=8,
Data Structures,graphs,"What is the number of vertices of degree 2 in a path graph having n vertices,here n>2.",n-2,n,2,0,A,,medium,web:Examveda.com https://www.examveda.com/data-structure/practice-mcq-question-on-graphs/?page=8,
Data Structures,graphs,What would be the number of zeros in the adjacency matrix of the given graph?,10,6,16,0,A,,medium,web:Examveda.com https://www.examveda.com/data-structure/practice-mcq-question-on-graphs/?page=8,
Data Structures,graphs,For which of the following combinations of the degrees of vertices would the connected graph be eulerian?,"1,2,3","2,3,4","2,4,5","1,3,5",A,,medium,web:Examveda.com https://www.examveda.com/data-structure/practice-mcq-question-on-graphs/?page=8,
Data Structures,graphs,What would be the DFS traversal of the given Graph?,ABCED,AEDCB,EDCBA,ADECB,A,,medium,web:Examveda.com https://www.examveda.com/data-structure/practice-mcq-question-on-graphs/?page=8,
Data Structures,graphs,Which of the given statement is true?,All the Cyclic Directed Graphs have topological sortings,All the Acyclic Directed Graphs have topological sortings,All Directed Graphs have topological sortings,All the cyclic directed graphs hace non topological sortings,D,,medium,web:Examveda.com https://www.examveda.com/data-structure/practice-mcq-question-on-graphs/?page=8,
Data Structures,graphs,In which of the following does a Directed Acyclic Word Graph finds its application in?,String Matching,Number Sorting,Manipulations on numbers,Pattern Printing,A,,medium,web:Examveda.com https://www.examveda.com/data-structure/practice-mcq-question-on-graphs/?page=8,
Data Structures,graphs,"Which of the following symbols represent leaf nodes? 
i. Δ
ii. ◊ 
iii. ∇ 
iv. T 
v. ⊥",iv and v,v,i and iii,ii,A,,medium,web:Examveda.com https://www.examveda.com/data-structure/practice-mcq-question-on-graphs/?page=9,
Data Structures,graphs,"Assuming value of every weight to be greater than 10, in which of the following cases the shortest path of a directed weighted graph from 2 vertices u and v will never change?",add all values by 10,subtract 10 from all the values,multiply all values by 10,in both the cases of multiplying and adding by 10,C,,medium,web:Examveda.com https://www.examveda.com/data-structure/practice-mcq-question-on-graphs/?page=9,
Data Structures,graphs,"Consider the following symbols and choose which of the symbols represent nodes having atleast one child? 
i. Δ 
ii. ◊ 
iii. ∇ 
iv. T 
v. ⊥",iv and v,"iii, iv and v",i and ii,i and iii,C,,medium,web:Examveda.com https://www.examveda.com/data-structure/practice-mcq-question-on-graphs/?page=9,
Data Structures,graphs,For the adjacency matrix of a directed graph the row sum is the . . . . . . . . degree and the column sum is the . . . . . . . . degree.,"in, out","out, in","in, total","total, out",B,,medium,web:Examveda.com https://www.examveda.com/data-structure/practice-mcq-question-on-graphs/?page=9,
Data Structures,graphs,In the given graph which edge should be removed to make it a Bipartite Graph?,A-C,B-E,C-D,D-E,A,,medium,web:Examveda.com https://www.examveda.com/data-structure/practice-mcq-question-on-graphs/?page=9,
Data Structures,graphs,Space complexity for an adjacency list of an undirected graph having large values of V (vertices) and E (edges) is . . . . . . . .,O(E),O(V*V),O(E+V),O(V),C,,medium,web:Examveda.com https://www.examveda.com/data-structure/practice-mcq-question-on-graphs/?page=10,
Data Structures,graphs,"What is time complexity to check if a string(length S1) is a substring of another string(length S2) stored in a Directed Acyclic Word Graph, given S2 is greater than S1?",O(S1),O(S2),O(S1+S2),O(1),A,,medium,web:Examveda.com https://www.examveda.com/data-structure/practice-mcq-question-on-graphs/?page=10,
Data Structures,graphs,"Determine the number of vertices for the given Graph or Multigraph? 
G is a 4-regular Graph having 12 edges.",3,6,4,Information given is insufficient,B,,medium,web:Examveda.com https://www.examveda.com/data-structure/practice-mcq-question-on-graphs/?page=10,
Data Structures,graphs,Floyd Warshall Algorithm used to solve the shortest path problem has a time complexity of . . . . . . . .,O(V*V),O(V*V*V),O(E*V),O(E*E),B,,medium,web:Examveda.com https://www.examveda.com/data-structure/practice-mcq-question-on-graphs/?page=10,
Data Structures,graphs,Time complexity to check if an edge exists between two vertices would be . . . . . . . .,O(V*V),O(V+E),O(1),O(E),D,,medium,web:Examveda.com https://www.examveda.com/data-structure/practice-mcq-question-on-graphs/?page=10,
Data Structures,graphs,"For a given graph G having v vertices and e edges which is connected and has no cycles, which of the following statements is true?",v=e,v = e+1,v + 1 = e,v = e-1,B,,medium,web:Examveda.com https://www.examveda.com/data-structure/practice-mcq-question-on-graphs/?page=10,
Data Structures,graphs,"In the given connected graph G, what is the value of rad(G) and diam(G)?","2, 3","3, 2","2, 2","3, 3",A,,medium,web:Examveda.com https://www.examveda.com/data-structure/practice-mcq-question-on-graphs/?page=10,
Data Structures,graphs,"What would be the output of the following C++ program if the given input is 
0 0 0 1 1
0 0 0 0 1
0 0 0 1 0
1 0 1 0 0
1 1 0 0 0
 
#include <bits/stdc++.h>
using namespace std;
bool visited[5];
int G[5][5];
 
void fun(int i)
{
 cout<<i<<"" "";
 visited[i]=true;
 for(int j=0;j<5;j++)
 if(!visited[j]&&G[i][j]==1)
 fun(j);
}
 
int main()
{ 
 for(int i=0;i<5;i++)
 for(int j=0;j<5;j++)
 cin>>G[i][j];
 
 for(int i=0;i<5;i++)
 visited[i]=0;
 
 fun(0);
 return 0;
}",0 2 3 1 4,0 3 2 4 1,0 2 3 4 1,0 3 2 1 4,B,,medium,web:Examveda.com https://www.examveda.com/data-structure/practice-mcq-question-on-graphs/?page=10,
Data Structures,graphs,What is the maximum number of edges in a bipartite graph having 10 vertices?,24,21,25,16,C,,medium,web:Examveda.com https://www.examveda.com/data-structure/practice-mcq-question-on-graphs/?page=10,
Data Structures,sorting algorithms,What is the time complexity of Bubble Sort in the average case?,O(n log n),O(n),O(n2),O(n3),C,,medium,web:Examveda.com https://www.examveda.com/data-structure/practice-mcq-question-on-sorting-algorithms/,
Data Structures,sorting algorithms,"Which sorting algorithm uses a ""pivot"" element to partition the array into sub-arrays?",Merge Sort,Heap Sort,Counting Sort,Quick Sort,D,,medium,web:Examveda.com https://www.examveda.com/data-structure/practice-mcq-question-on-sorting-algorithms/,
Data Structures,sorting algorithms,What is the primary advantage of Heap Sort over Quick Sort?,It has a guaranteed time complexity of O(n log n) in the worst case.,It is stable.,It sorts the data in place.,It uses less memory than Merge Sort.,A,,medium,web:Examveda.com https://www.examveda.com/data-structure/practice-mcq-question-on-sorting-algorithms/,
Data Structures,sorting algorithms,Which sorting algorithm is considered stable?,Selection Sort,Quick Sort,Heap Sort,Merge Sort,D,,medium,web:Examveda.com https://www.examveda.com/data-structure/practice-mcq-question-on-sorting-algorithms/,
Data Structures,sorting algorithms,In which scenario does Insertion Sort perform best?,When the array is in random order.,When the array is sorted in reverse order.,When the array is already sorted or nearly sorted.,When the array has duplicate elements.,C,,medium,web:Examveda.com https://www.examveda.com/data-structure/practice-mcq-question-on-sorting-algorithms/,
Data Structures,sorting algorithms,Which sorting algorithm is most efficient for sorting small arrays?,Counting Sort,Heap Sort,Insertion Sort,Merge Sort,C,,medium,web:Examveda.com https://www.examveda.com/data-structure/practice-mcq-question-on-sorting-algorithms/,
Data Structures,sorting algorithms,What is the primary disadvantage of using Counting Sort?,It is slower than other sorting algorithms.,It is not a stable sort.,It does not work with negative numbers.,It requires a large amount of memory for large range of input values.,D,,medium,web:Examveda.com https://www.examveda.com/data-structure/practice-mcq-question-on-sorting-algorithms/,
Data Structures,sorting algorithms,Which of the following sorting algorithms has a worst-case time complexity of O(n log n) and is also stable?,Merge Sort,Quick Sort,Heap Sort,Selection Sort,A,,medium,web:Examveda.com https://www.examveda.com/data-structure/practice-mcq-question-on-sorting-algorithms/?page=2,
Data Structures,sorting algorithms,How does Radix Sort handle sorting of large numbers efficiently?,By directly sorting large numbers.,By using a comparison-based approach.,By dividing numbers into smaller groups.,By sorting numbers digit by digit using a stable sort algorithm.,D,,medium,web:Examveda.com https://www.examveda.com/data-structure/practice-mcq-question-on-sorting-algorithms/?page=2,
Data Structures,sorting algorithms,What is the time complexity of Selection Sort in the average case?,O(n log n),O(n),O(n2),O(log n),C,,medium,web:Examveda.com https://www.examveda.com/data-structure/practice-mcq-question-on-sorting-algorithms/?page=2,
Data Structures,sorting algorithms,What is the key difference between Merge Sort and Quick Sort?,Merge Sort uses less space than Quick Sort.,"Quick Sort is stable, while Merge Sort is not.","Merge Sort is stable and uses additional space, while Quick Sort is not stable and uses in-place sorting.",Merge Sort is faster than Quick Sort.,C,,medium,web:Examveda.com https://www.examveda.com/data-structure/practice-mcq-question-on-sorting-algorithms/?page=2,
Data Structures,sorting algorithms,Which sorting algorithm is known for its worst-case time complexity being better than O(n2)?,Bubble Sort,Quick Sort,Selection Sort,Merge Sort,D,,medium,web:Examveda.com https://www.examveda.com/data-structure/practice-mcq-question-on-sorting-algorithms/?page=2,
Data Structures,sorting algorithms,What is the time complexity of Counting Sort when the range of input values is very large?,O(n + k),O(n log n),O(k),O(n2),A,,medium,web:Examveda.com https://www.examveda.com/data-structure/practice-mcq-question-on-sorting-algorithms/?page=2,
Data Structures,sorting algorithms,Which sorting algorithm works by dividing the array into smaller parts and sorting those parts using recursion?,Counting Sort,Insertion Sort,Heap Sort,Merge Sort,D,,medium,web:Examveda.com https://www.examveda.com/data-structure/practice-mcq-question-on-sorting-algorithms/?page=2,
Data Structures,sorting algorithms,What type of data structure is used in the implementation of Heap Sort?,Binary Search Tree,AVL Tree,Binary Heap,Hash Table,C,,medium,web:Examveda.com https://www.examveda.com/data-structure/practice-mcq-question-on-sorting-algorithms/?page=2,
Data Structures,sorting algorithms,What is the key idea behind the Bucket Sort algorithm?,Sorting elements based on their frequency.,Sorting elements by swapping.,Distributing elements into buckets and sorting each bucket individually.,Sorting elements by comparing them.,C,,medium,web:Examveda.com https://www.examveda.com/data-structure/practice-mcq-question-on-sorting-algorithms/?page=3,
Data Structures,sorting algorithms,Which sorting algorithm is the best choice for sorting a small number of elements with a known range?,Merge Sort,Quick Sort,Heap Sort,Counting Sort,D,,medium,web:Examveda.com https://www.examveda.com/data-structure/practice-mcq-question-on-sorting-algorithms/?page=3,
Data Structures,sorting algorithms,What is the average-case time complexity of Merge Sort?,O(n log n),O(n2),O(n),O(log n),A,,medium,web:Examveda.com https://www.examveda.com/data-structure/practice-mcq-question-on-sorting-algorithms/?page=3,
Data Structures,sorting algorithms,Which sorting algorithm is described as an in-place algorithm but not stable?,Radix Sort,Counting Sort,Merge Sort,Quick Sort,D,,medium,web:Examveda.com https://www.examveda.com/data-structure/practice-mcq-question-on-sorting-algorithms/?page=3,
Data Structures,sorting algorithms,Which sorting algorithm requires a specific implementation for handling large integer values?,Bubble Sort,Selection Sort,Radix Sort,Insertion Sort,C,,medium,web:Examveda.com https://www.examveda.com/data-structure/practice-mcq-question-on-sorting-algorithms/?page=3,
Data Structures,sorting algorithms,In which scenario would you prefer to use Shell Sort?,When you need a stable sort.,When the array is very small.,When the array is large and unsorted.,When the array is nearly sorted.,C,,medium,web:Examveda.com https://www.examveda.com/data-structure/practice-mcq-question-on-sorting-algorithms/?page=3,
Data Structures,sorting algorithms,What is the time complexity of Heap Sort in the best case scenario?,O(n),O(n2),O(log n),O(n log n),D,,medium,web:Examveda.com https://www.examveda.com/data-structure/practice-mcq-question-on-sorting-algorithms/?page=3,
Data Structures,sorting algorithms,Which sorting algorithm uses a divide-and-conquer approach but is not comparison-based?,Heap Sort,Merge Sort,Radix Sort,Quick Sort,C,,medium,web:Examveda.com https://www.examveda.com/data-structure/practice-mcq-question-on-sorting-algorithms/?page=3,
Data Structures,sorting algorithms,What is the primary disadvantage of using Quick Sort?,It requires additional space.,It is not efficient for small arrays.,It is not stable.,It has a worst-case time complexity of O(n2).,D,,medium,web:Examveda.com https://www.examveda.com/data-structure/practice-mcq-question-on-sorting-algorithms/?page=3,
Data Structures,sorting algorithms,Which sorting algorithm is most appropriate for sorting linked lists?,Merge Sort,Quick Sort,Insertion Sort,Heap Sort,A,,medium,web:Examveda.com https://www.examveda.com/data-structure/practice-mcq-question-on-sorting-algorithms/?page=4,
Data Structures,sorting algorithms,Which sorting algorithm can be used to sort a large number of floating-point numbers efficiently?,Selection Sort,Bubble Sort,Counting Sort,Radix Sort,D,,medium,web:Examveda.com https://www.examveda.com/data-structure/practice-mcq-question-on-sorting-algorithms/?page=4,
Data Structures,sorting algorithms,Which sorting algorithm is known for its efficiency with partially sorted data?,Quick Sort,Merge Sort,Insertion Sort,Heap Sort,C,,medium,web:Examveda.com https://www.examveda.com/data-structure/practice-mcq-question-on-sorting-algorithms/?page=4,
Data Structures,sorting algorithms,Which sorting algorithm works by repeatedly finding the minimum element from the unsorted portion?,Merge Sort,Insertion Sort,Selection Sort,Bubble Sort,C,,medium,web:Examveda.com https://www.examveda.com/data-structure/practice-mcq-question-on-sorting-algorithms/?page=4,
Data Structures,sorting algorithms,What is the space complexity of Radix Sort?,O(n),O(k),O(1),O(n + k),D,,medium,web:Examveda.com https://www.examveda.com/data-structure/practice-mcq-question-on-sorting-algorithms/?page=4,
Data Structures,sorting algorithms,In which situation is Merge Sort particularly useful?,When stable sorting is required and the data is large.,When space is limited.,When the data is almost sorted.,When the data set is very small.,A,,medium,web:Examveda.com https://www.examveda.com/data-structure/practice-mcq-question-on-sorting-algorithms/?page=4,
Data Structures,sorting algorithms,Which sorting algorithm has a time complexity of O(n log n) in the worst case and is not stable?,Counting Sort,Heap Sort,Merge Sort,Quick Sort,B,"Heap Sort is a sorting algorithm with a worst-case time complexity of O(n log n). It is not stable because the relative order of equal elements may not be preserved during the sorting process. 
Option A: Counting Sort is not correct because it has a time complexity of O(n + k), where k is the range of the input, and it is stable. 
Option C: Merge Sort has a worst-case time complexity of O(n log n), but it is a stable sorting algorithm. 
Option D: Quick Sort has an average-case time complexity of O(n log n), but its worst-case time complexity is O(n²). It is also not stable. 
Therefore, the correct answer is Option B: Heap Sort, as it meets the criteria of O(n log n) in the worst case and is not stable.",medium,web:Examveda.com https://www.examveda.com/data-structure/practice-mcq-question-on-sorting-algorithms/?page=4,
Data Structures,sorting algorithms,What is the main drawback of Bubble Sort?,It is not a stable sort.,It requires additional memory.,It is inefficient for large datasets.,It cannot sort linked lists.,C,,medium,web:Examveda.com https://www.examveda.com/data-structure/practice-mcq-question-on-sorting-algorithms/?page=4,
Data Structures,sorting algorithms,What characteristic of TimSort helps it perform well on real-world data?,It is a hybrid sorting algorithm combining Merge Sort and Insertion Sort.,It is a stable sort.,It uses less memory.,It is efficient for small arrays.,A,,medium,web:Examveda.com https://www.examveda.com/data-structure/practice-mcq-question-on-sorting-algorithms/?page=5,
Data Structures,sorting algorithms,Which sorting algorithm performs the fewest number of swaps on average?,Heap Sort,Quick Sort,Selection Sort,Insertion Sort,D,,medium,web:Examveda.com https://www.examveda.com/data-structure/practice-mcq-question-on-sorting-algorithms/?page=5,
Data Structures,sorting algorithms,In which scenario does the Heap Sort algorithm perform best?,When the data is partially sorted.,When the data is sorted in reverse.,When the data is unsorted.,When the data is very small.,C,,medium,web:Examveda.com https://www.examveda.com/data-structure/practice-mcq-question-on-sorting-algorithms/?page=5,
Data Structures,sorting algorithms,Which sorting algorithm does not work efficiently for arrays with large ranges of integer keys?,Quick Sort,Merge Sort,Counting Sort,Radix Sort,C,,medium,web:Examveda.com https://www.examveda.com/data-structure/practice-mcq-question-on-sorting-algorithms/?page=5,
Data Structures,sorting algorithms,"The given array is arr={7, 4, 5, 8, 1, 2}. The number of iterations required to sort the array using comb sort and bubble sort respectively will be . . . . . . . .",7 and 8,5 and 6,5 and 5,4 and 5,D,,medium,web:Examveda.com https://www.examveda.com/data-structure/practice-mcq-question-on-sorting-algorithms/?page=5,
Data Structures,sorting algorithms,What is the auxiliary space complexity of merge sort?,O(1),O(log n),O(n),O(n log n),C,,medium,web:Examveda.com https://www.examveda.com/data-structure/practice-mcq-question-on-sorting-algorithms/?page=5,
Data Structures,sorting algorithms,What is the auxiliary space requirement of permutation sort?,O(n),O(1),O(log n),O(n log n),B,,medium,web:Examveda.com https://www.examveda.com/data-structure/practice-mcq-question-on-sorting-algorithms/?page=5,
Data Structures,sorting algorithms,Which of the following is an example of parallel sorting technique?,bogo sort,sleep sort,cube sort,merge sort,C,,medium,web:Examveda.com https://www.examveda.com/data-structure/practice-mcq-question-on-sorting-algorithms/?page=5,
Data Structures,sorting algorithms,Bead sort is also known as . . . . . . . .,gravity sort,strand sort,abacus sort,counting sort,A,,medium,web:Examveda.com https://www.examveda.com/data-structure/practice-mcq-question-on-sorting-algorithms/?page=6,
Data Structures,sorting algorithms,What is the average case complexity of selection sort?,O(nlogn),O(logn),O(n),O(n2),D,,medium,web:Examveda.com https://www.examveda.com/data-structure/practice-mcq-question-on-sorting-algorithms/?page=6,
Data Structures,sorting algorithms,Which of the following is not an example of non comparison sort?,bubble sort,counting sort,radix sort,bucket sort,A,,medium,web:Examveda.com https://www.examveda.com/data-structure/practice-mcq-question-on-sorting-algorithms/?page=6,
Data Structures,sorting algorithms,Which of the following sorting algorithm is not in place?,insertion sort,quick sort,tree sort,gnome sort,C,,medium,web:Examveda.com https://www.examveda.com/data-structure/practice-mcq-question-on-sorting-algorithms/?page=6,
Data Structures,sorting algorithms,Which of the following algorithm implementations is similar to that of an insertion sort?,Binary heap,Quick sort,Merge sort,Radix sort,A,,medium,web:Examveda.com https://www.examveda.com/data-structure/practice-mcq-question-on-sorting-algorithms/?page=6,
Data Structures,sorting algorithms,Which of the following is not a stable sorting algorithm?,Quick sort,Cocktail sort,Bubble sort,Merge sort,A,,medium,web:Examveda.com https://www.examveda.com/data-structure/practice-mcq-question-on-sorting-algorithms/?page=6,
Data Structures,sorting algorithms,Which of the following sorting algorithm is only applicable to positive integers?,quick sort,heap sort,bead sort,strand sort,C,,medium,web:Examveda.com https://www.examveda.com/data-structure/practice-mcq-question-on-sorting-algorithms/?page=6,
Data Structures,sorting algorithms,In which case will tim sort will work as an insertion sort?,when no. of elements are less than 64,when no. of elements are greater than 64,when no. of elements are less than size of run,when no. of elements are less than 32,C,,medium,web:Examveda.com https://www.examveda.com/data-structure/practice-mcq-question-on-sorting-algorithms/?page=6,
Data Structures,sorting algorithms,"In a computational complexity theory, a problem with decision making is said to be NP-complete when it is both in NP and NP-hard. What does NP mean?",Non Polynomial time,Non-deterministic Probabilistic,Non-deterministic Polynomial time,Non Probabilistic time,C,,medium,web:Examveda.com https://www.examveda.com/data-structure/practice-mcq-question-on-sorting-algorithms/?page=6,
Data Structures,sorting algorithms,"The complexity of which of the following sorting algorithms remains to be the same in its best, average and worst case?",quick sort,insertion sort,counting sort,gnome sort,C,,medium,web:Examveda.com https://www.examveda.com/data-structure/practice-mcq-question-on-sorting-algorithms/?page=6,
Data Structures,sorting algorithms,Which of the following is an advantage of cycle sort?,it can sort large arrays efficiently,it has a low time complexity,it requires minimal write operations,it is an adaptive sorting algorithm,C,,medium,web:Examveda.com https://www.examveda.com/data-structure/practice-mcq-question-on-sorting-algorithms/?page=7,
Data Structures,sorting algorithms,Consider the Quick sort algorithm which sorts elements in ascending order using the first element as pivot. Then which of the following input sequence will require a maximum number of comparisons when this algorithm is applied on it?,22 25 56 67 89,52 25 76 67 89,22 25 76 67 50,52 25 89 67 76,A,,medium,web:Examveda.com https://www.examveda.com/data-structure/practice-mcq-question-on-sorting-algorithms/?page=7,
Data Structures,sorting algorithms,Which of the following sorting techniques is stable?,quick sort,counting sort,heap sort,selection sort,B,,medium,web:Examveda.com https://www.examveda.com/data-structure/practice-mcq-question-on-sorting-algorithms/?page=7,
Data Structures,sorting algorithms,Which of the following sorting algorithm makes use of merge sort?,tim sort,intro sort,bogo sort,quick sort,A,,medium,web:Examveda.com https://www.examveda.com/data-structure/practice-mcq-question-on-sorting-algorithms/?page=7,
Data Structures,sorting algorithms,Merge sort uses which of the following algorithm to implement sorting?,backtracking,greedy algorithm,divide and conquer,dynamic programming,C,,medium,web:Examveda.com https://www.examveda.com/data-structure/practice-mcq-question-on-sorting-algorithms/?page=7,
Data Structures,sorting algorithms,What is the average time complexity of bottom up merge sort?,O(n log n),O(n2),O(n2 log n),O(n log n2),A,,medium,web:Examveda.com https://www.examveda.com/data-structure/practice-mcq-question-on-sorting-algorithms/?page=7,
Data Structures,sorting algorithms,Which of the following is a combination of LSD and MSD radix sorts?,Forward radix sort,3-way radix quick sort,Trie base radix sort,Flash sort,A,,medium,web:Examveda.com https://www.examveda.com/data-structure/practice-mcq-question-on-sorting-algorithms/?page=7,
Data Structures,sorting algorithms,"How many comparisons will be made to sort the array arr={1, 5, 3, 8, 2} using counting sort?",5,7,9,0,D,,medium,web:Examveda.com https://www.examveda.com/data-structure/practice-mcq-question-on-sorting-algorithms/?page=7,
Data Structures,sorting algorithms,Odd-even sort is also known as . . . . . . . .,stupid sort,smart sort,brick sort,bogo sort,C,,medium,web:Examveda.com https://www.examveda.com/data-structure/practice-mcq-question-on-sorting-algorithms/?page=8,
Data Structures,sorting algorithms,In what position does the array for heap sort contains data?,0,1,-1,anywhere in the array,A,,medium,web:Examveda.com https://www.examveda.com/data-structure/practice-mcq-question-on-sorting-algorithms/?page=8,
Data Structures,sorting algorithms,Strand sort is most efficient for data stored in?,linked list,arrays,trees,graphs,A,,medium,web:Examveda.com https://www.examveda.com/data-structure/practice-mcq-question-on-sorting-algorithms/?page=8,
Data Structures,sorting algorithms,What is the average time complexity of strand sort?,O(n),O(n log n),O(n2),O(n2 log n),C,,medium,web:Examveda.com https://www.examveda.com/data-structure/practice-mcq-question-on-sorting-algorithms/?page=8,
Data Structures,sorting algorithms,What is the auxiliary space complexity of binary insertion sort?,O(n),O(1),O(n log n),O(n2),B,,medium,web:Examveda.com https://www.examveda.com/data-structure/practice-mcq-question-on-sorting-algorithms/?page=8,
Data Structures,sorting algorithms,"How many comparisons will be made to sort the array arr={1, 5, 3, 8, 2} using pigeonhole sort?",5,7,9,0,D,,medium,web:Examveda.com https://www.examveda.com/data-structure/practice-mcq-question-on-sorting-algorithms/?page=8,
Data Structures,sorting algorithms,The auxiliary array used in pigeonhole sorting is called . . . . . . . .,bucket,pigeon,hole,pigeonhole,D,,medium,web:Examveda.com https://www.examveda.com/data-structure/practice-mcq-question-on-sorting-algorithms/?page=8,
Data Structures,sorting algorithms,Odd-even sort is a variation of . . . . . . . .,Bubble sort,Selection sort,Insertion sort,Gnome sort,A,,medium,web:Examveda.com https://www.examveda.com/data-structure/practice-mcq-question-on-sorting-algorithms/?page=8,
Data Structures,sorting algorithms,Which of the following real time examples is based on insertion sort?,arranging a pack of playing cards,database scenarios and distributes scenarios,arranging books on a library shelf,real-time systems,A,,medium,web:Examveda.com https://www.examveda.com/data-structure/practice-mcq-question-on-sorting-algorithms/?page=9,
Data Structures,sorting algorithms,Consider the following heap after buildheap phase. What will be its corresponding array?,"26,53,41,97,58,59,31","26,31,41,53,58,59,97","26,41,53,97,31,58,59","97,53,59,26,41,58,31",D,,medium,web:Examveda.com https://www.examveda.com/data-structure/practice-mcq-question-on-sorting-algorithms/?page=9,
Data Structures,sorting algorithms,Cocktail sort is also known as . . . . . . . .,bidirectional sort,bubble sort,brick sort,ripple sort,D,,medium,web:Examveda.com https://www.examveda.com/data-structure/practice-mcq-question-on-sorting-algorithms/?page=9,
Data Structures,sorting algorithms,What is the average running time of a quick sort algorithm?,O(N2),O(N),O(N log N),O(log N),C,,medium,web:Examveda.com https://www.examveda.com/data-structure/practice-mcq-question-on-sorting-algorithms/?page=9,
Data Structures,sorting algorithms,Sleep sort code cannot compile online because . . . . . . . .,it has very high time complexity,it has very high space complexity,it requires multithreading process,online compilers are not efficient,C,,medium,web:Examveda.com https://www.examveda.com/data-structure/practice-mcq-question-on-sorting-algorithms/?page=9,
Data Structures,sorting algorithms,Which of the following sorting algorithm uses a binary search tree?,radix sort,tree sort,odd-even sort,bead sort,B,,medium,web:Examveda.com https://www.examveda.com/data-structure/practice-mcq-question-on-sorting-algorithms/?page=9,
Data Structures,sorting algorithms,What is the worst case time complexity of a quick sort algorithm?,O(N),O(N log N),O(N2),O(log N),C,,medium,web:Examveda.com https://www.examveda.com/data-structure/practice-mcq-question-on-sorting-algorithms/?page=9,
Data Structures,sorting algorithms,What is the auxiliary space complexity of recursive bubble sort?,O(n),O(1),O(n log n),O(n2),B,,medium,web:Examveda.com https://www.examveda.com/data-structure/practice-mcq-question-on-sorting-algorithms/?page=9,
Data Structures,sorting algorithms,What is the auxiliary space complexity of library sort?,O(n),O(1),O(n log n),O(n2),A,,medium,web:Examveda.com https://www.examveda.com/data-structure/practice-mcq-question-on-sorting-algorithms/?page=10,
Data Structures,sorting algorithms,Choose the correct statement from the following.,pigeonhole sort is a comparison based sort,any comparison based sorting can be made stable,quick sort is not a comparison based sort,any comparison based sort requires at least O(n2) time,B,,medium,web:Examveda.com https://www.examveda.com/data-structure/practice-mcq-question-on-sorting-algorithms/?page=10,
Data Structures,sorting algorithms,What is the average time complexity of the median of three quick sort?,O(n log n),O(n2),O(n2 log n),O(n log n2),A,,medium,web:Examveda.com https://www.examveda.com/data-structure/practice-mcq-question-on-sorting-algorithms/?page=10,
Data Structures,sorting algorithms,Which of the following is not in place sorting algorithm by default?,merge sort,quick sort,heap sort,insertion sort,A,,medium,web:Examveda.com https://www.examveda.com/data-structure/practice-mcq-question-on-sorting-algorithms/?page=10,
Data Structures,sorting algorithms,What is the auxiliary space requirement of cube sort?,O(n),O(1),O(log n),O(n log n),A,,medium,web:Examveda.com https://www.examveda.com/data-structure/practice-mcq-question-on-sorting-algorithms/?page=10,
Data Structures,sorting algorithms,Auxiliary space requirement of cocktail sort is . . . . . . . .,O(n),O(log n),O(1),O(n2),C,,medium,web:Examveda.com https://www.examveda.com/data-structure/practice-mcq-question-on-sorting-algorithms/?page=10,
Data Structures,sorting algorithms,What is the best case time complexity of library sort?,O(n),O(n log n),O(n2),O(log n),A,,medium,web:Examveda.com https://www.examveda.com/data-structure/practice-mcq-question-on-sorting-algorithms/?page=10,
Data Structures,sorting algorithms,Choose the incorrect statement about merge sort from the following?,it is a comparison based sort,it is an adaptive algorithm,it is not an in place algorithm,it is stable algorithm,B,,medium,web:Examveda.com https://www.examveda.com/data-structure/practice-mcq-question-on-sorting-algorithms/?page=10,
Data Structures,sorting algorithms,What is the worst case complexity of selection sort?,O(nlogn),O(logn),O(n),O(n2),D,,medium,web:Examveda.com https://www.examveda.com/data-structure/practice-mcq-question-on-sorting-algorithms/?page=10,
Data Structures,searching algorithms,What type of search algorithm is most appropriate for an ordered array where each element has an index?,Jump Search,Linear Search,Interpolation Search,Binary Search,C,,medium,web:Examveda.com https://www.examveda.com/data-structure/practice-mcq-question-on-searching-algorithms/,
Data Structures,searching algorithms,What is the time complexity of binary search on a sorted array?,O(n log n),O(n),O(n2),O(log n),D,,medium,web:Examveda.com https://www.examveda.com/data-structure/practice-mcq-question-on-searching-algorithms/,
Data Structures,searching algorithms,What is the time complexity of binary search in a balanced binary search tree (BST)?,O(log n),O(n),O(n log n),O(1),A,,medium,web:Examveda.com https://www.examveda.com/data-structure/practice-mcq-question-on-searching-algorithms/,
Data Structures,searching algorithms,Which searching algorithm is most efficient for large datasets that are sorted?,Jump Search,Interpolation Search,Linear Search,Binary Search,D,,medium,web:Examveda.com https://www.examveda.com/data-structure/practice-mcq-question-on-searching-algorithms/,
Data Structures,searching algorithms,Which search algorithm is efficient for searching in a sorted array where values are uniformly distributed?,Binary Search,Linear Search,Interpolation Search,Jump Search,C,,medium,web:Examveda.com https://www.examveda.com/data-structure/practice-mcq-question-on-searching-algorithms/,
Data Structures,searching algorithms,What is the primary disadvantage of binary search?,It requires additional memory.,It is not suitable for large arrays.,It requires the array to be sorted.,It is less efficient for small arrays.,C,,medium,web:Examveda.com https://www.examveda.com/data-structure/practice-mcq-question-on-searching-algorithms/,
Data Structures,searching algorithms,What is the primary advantage of using exponential search over binary search?,It works with unsorted arrays.,It can handle non-uniform data distributions.,It is easier to implement.,It is more efficient for very large datasets.,D,,medium,web:Examveda.com https://www.examveda.com/data-structure/practice-mcq-question-on-searching-algorithms/,
Data Structures,searching algorithms,What is the time complexity of exponential search for a large dataset?,O(log n),O(√n),O(n),O(n log n),A,,medium,web:Examveda.com https://www.examveda.com/data-structure/practice-mcq-question-on-searching-algorithms/,
Data Structures,searching algorithms,Which searching algorithm is best suited for finding an item in an array with a uniform distribution of values?,Jump Search,Binary Search,Linear Search,Interpolation Search,D,,medium,web:Examveda.com https://www.examveda.com/data-structure/practice-mcq-question-on-searching-algorithms/,
Data Structures,searching algorithms,Which searching technique is most suitable for hash tables?,Linear Search,Binary Search,Hash Search,Interpolation Search,C,,medium,web:Examveda.com https://www.examveda.com/data-structure/practice-mcq-question-on-searching-algorithms/?page=2,
Data Structures,searching algorithms,What is the time complexity of linear search in the worst case?,O(n2),O(n log n),O(n),O(log n),C,,medium,web:Examveda.com https://www.examveda.com/data-structure/practice-mcq-question-on-searching-algorithms/?page=2,
Data Structures,searching algorithms,What is the time complexity of a failed search using binary search?,O(n),O(n log n),O(n2),O(log n),D,,medium,web:Examveda.com https://www.examveda.com/data-structure/practice-mcq-question-on-searching-algorithms/?page=2,
Data Structures,searching algorithms,Which search algorithm is most appropriate for searching a single element in a sorted array?,Binary Search,Linear Search,Interpolation Search,Hash Search,A,,medium,web:Examveda.com https://www.examveda.com/data-structure/practice-mcq-question-on-searching-algorithms/?page=2,
Data Structures,searching algorithms,What is the average-case time complexity of interpolation search when the data is uniformly distributed?,O(n log n),O(n),O(log log n),O(log n),D,,medium,web:Examveda.com https://www.examveda.com/data-structure/practice-mcq-question-on-searching-algorithms/?page=2,
Data Structures,searching algorithms,What is the average time complexity of a successful search using binary search?,O(n),O(n log n),O(log n),O(n2),C,,medium,web:Examveda.com https://www.examveda.com/data-structure/practice-mcq-question-on-searching-algorithms/?page=2,
Data Structures,searching algorithms,In which scenario is jump search preferred over binary search?,When using a linked list.,When searching a small array.,When the data is sorted and uniformly distributed.,When the array is unsorted.,C,,medium,web:Examveda.com https://www.examveda.com/data-structure/practice-mcq-question-on-searching-algorithms/?page=2,
Data Structures,searching algorithms,Which searching algorithm can be used to find an item in a sorted array with an index-based approach?,Linear Search,Interpolation Search,Exponential Search,Binary Search,D,,medium,web:Examveda.com https://www.examveda.com/data-structure/practice-mcq-question-on-searching-algorithms/?page=2,
Data Structures,searching algorithms,What is the average-case time complexity of Jump Search?,O(√n),O(log n),O(n),O(n log n),A,,medium,web:Examveda.com https://www.examveda.com/data-structure/practice-mcq-question-on-searching-algorithms/?page=3,
Data Structures,searching algorithms,What is the key difference between binary search and interpolation search?,Interpolation search requires a sorted array.,Binary search can handle unsorted arrays.,Interpolation search is always faster.,"Binary search is based on divide-and-conquer, while interpolation search estimates positions.",D,,medium,web:Examveda.com https://www.examveda.com/data-structure/practice-mcq-question-on-searching-algorithms/?page=3,
Data Structures,searching algorithms,What is a common application of hash-based searching algorithms?,Sorting arrays,Graph traversal,Implementing hash tables,Dynamic programming,C,,medium,web:Examveda.com https://www.examveda.com/data-structure/practice-mcq-question-on-searching-algorithms/?page=3,
Data Structures,searching algorithms,Which algorithm is used for searching in an unordered linked list?,Jump Search,Interpolation Search,Linear Search,Binary Search,C,,medium,web:Examveda.com https://www.examveda.com/data-structure/practice-mcq-question-on-searching-algorithms/?page=3,
Data Structures,searching algorithms,"Which searching algorithm is least efficient for finding an item in a large, sorted array?",Binary Search,Interpolation Search,Jump Search,Linear Search,D,,medium,web:Examveda.com https://www.examveda.com/data-structure/practice-mcq-question-on-searching-algorithms/?page=3,
Data Structures,searching algorithms,What is the key disadvantage of linear search compared to binary search?,It requires additional memory.,It is not efficient for small arrays.,It has higher time complexity.,It requires sorted data.,C,,medium,web:Examveda.com https://www.examveda.com/data-structure/practice-mcq-question-on-searching-algorithms/?page=3,
Data Structures,searching algorithms,What is the worst-case time complexity of Jump Search?,O(log n),O(n),O(n log n),O(√n),D,,medium,web:Examveda.com https://www.examveda.com/data-structure/practice-mcq-question-on-searching-algorithms/?page=3,
Data Structures,searching algorithms,What is the typical use case for interpolation search?,When data is uniformly distributed,When data is highly clustered.,When data is unsorted.,When data is sparse.,A,,medium,web:Examveda.com https://www.examveda.com/data-structure/practice-mcq-question-on-searching-algorithms/?page=3,
Data Structures,searching algorithms,What is the time complexity of successful linear search?,O(n log n),O(1),O(log n),O(n),D,,medium,web:Examveda.com https://www.examveda.com/data-structure/practice-mcq-question-on-searching-algorithms/?page=3,
Data Structures,searching algorithms,Which searching algorithm can handle arrays with very large ranges of values efficiently?,Radix Sort,Binary Search,Interpolation Search,Quick Sort,C,,medium,web:Examveda.com https://www.examveda.com/data-structure/practice-mcq-question-on-searching-algorithms/?page=4,
Data Structures,searching algorithms,Which searching algorithm is best for real-time systems where data changes frequently?,Jump Search,Linear Search,Hash Search,Binary Search,C,,medium,web:Examveda.com https://www.examveda.com/data-structure/practice-mcq-question-on-searching-algorithms/?page=4,
Data Structures,searching algorithms,What is the main advantage of using ternary search over binary search?,It works on unsorted arrays.,It uses less memory.,It is easier to implement.,"It divides the array into three parts, potentially reducing the search time.",D,,medium,web:Examveda.com https://www.examveda.com/data-structure/practice-mcq-question-on-searching-algorithms/?page=4,
Data Structures,searching algorithms,In which scenario does linear search outperform binary search?,When the array is unsorted.,When the array is very large.,When the array is sorted.,When duplicates are allowed.,A,,medium,web:Examveda.com https://www.examveda.com/data-structure/practice-mcq-question-on-searching-algorithms/?page=4,
Data Structures,searching algorithms,What is the primary use of exponential search?,Searching in a linked list.,Sorting data elements.,Searching for elements in unsorted data.,Finding the position of an element in a sorted array.,D,,medium,web:Examveda.com https://www.examveda.com/data-structure/practice-mcq-question-on-searching-algorithms/?page=4,
Data Structures,searching algorithms,Which searching algorithm has a time complexity of O(log n) in the worst case?,Linear Search,Jump Search,Binary Search,Interpolation Search,C,,medium,web:Examveda.com https://www.examveda.com/data-structure/practice-mcq-question-on-searching-algorithms/?page=4,
Data Structures,searching algorithms,Which search algorithm is most efficient for a dataset that is already sorted and does not require a sorted array?,Binary Search,Linear Search,Hash Search,Interpolation Search,A,,medium,web:Examveda.com https://www.examveda.com/data-structure/practice-mcq-question-on-searching-algorithms/?page=4,
Data Structures,searching algorithms,What is the primary limitation of binary search in terms of the input data structure?,It does not handle duplicate values.,It requires additional memory.,It is not efficient for small datasets.,The input array must be sorted.,D,,medium,web:Examveda.com https://www.examveda.com/data-structure/practice-mcq-question-on-searching-algorithms/?page=4,
Data Structures,searching algorithms,Which algorithm is best suited for searching in a sorted linked list?,Binary Search,Interpolation Search,Linear Search,Jump Search,C,,medium,web:Examveda.com https://www.examveda.com/data-structure/practice-mcq-question-on-searching-algorithms/?page=5,
Data Structures,searching algorithms,What is the best case time complexity of linear search?,O(n log n),O(log n),O(1),O(n),C,,medium,web:Examveda.com https://www.examveda.com/data-structure/practice-mcq-question-on-searching-algorithms/?page=5,
Data Structures,searching algorithms,What type of data structure is best for implementing binary search?,Linked List,Hash Table,Tree,Array,D,,medium,web:Examveda.com https://www.examveda.com/data-structure/practice-mcq-question-on-searching-algorithms/?page=5,
Data Structures,searching algorithms,What is the time complexity of hash search in the worst case?,O(n),O(log n),O(1),O(n log n),A,,medium,web:Examveda.com https://www.examveda.com/data-structure/practice-mcq-question-on-searching-algorithms/?page=5,
Data Structures,searching algorithms,"Which of the following is a sub string of ""HELLOINDIA""?",HELL,LOIND,HELD,LOND,B,,medium,web:Examveda.com https://www.examveda.com/data-structure/practice-mcq-question-on-searching-algorithms/?page=5,
Data Structures,searching algorithms,How many jumps will be made in the worst case of jump search(let block jumped =k)?,n*k,n/k,k/n,n+k,B,,medium,web:Examveda.com https://www.examveda.com/data-structure/practice-mcq-question-on-searching-algorithms/?page=5,
Data Structures,searching algorithms,Which of the following is not an advantage of Fibonacci Search?,When the element being searched for has a non uniform access storage,It can be applied efficiently on unsorted arrays,Can be used for large arrays which do not fit in the CPU cache or in the RAM,Can be used in magnetic tapes,B,,medium,web:Examveda.com https://www.examveda.com/data-structure/practice-mcq-question-on-searching-algorithms/?page=5,
Data Structures,searching algorithms,How can Jump Search be improved?,Step size should be other than sqrt(n),Cannot be improved,"Begin from the kth item, where k is the step size",Start searching from the end,C,,medium,web:Examveda.com https://www.examveda.com/data-structure/practice-mcq-question-on-searching-algorithms/?page=5,
Data Structures,searching algorithms,What is the time complexity of Jump Search?,O(logn),O(n),O(sqrt(n)),O(nlogn),C,,medium,web:Examveda.com https://www.examveda.com/data-structure/practice-mcq-question-on-searching-algorithms/?page=5,
Data Structures,searching algorithms,What is the worst case runtime of linear search(recursive) algorithm?,O(n),O(logn),O(n2),O(nx),A,,medium,web:Examveda.com https://www.examveda.com/data-structure/practice-mcq-question-on-searching-algorithms/?page=6,
Data Structures,searching algorithms,"Given an array arr = {5, 6, 77, 88, 99} and key = 88; How many iterations are done until the element is found?",1,3,4,2,D,,medium,web:Examveda.com https://www.examveda.com/data-structure/practice-mcq-question-on-searching-algorithms/?page=6,
Data Structures,searching algorithms,What is the length of the step in jump search?,n,n/2,sqrt(n),1,C,,medium,web:Examveda.com https://www.examveda.com/data-structure/practice-mcq-question-on-searching-algorithms/?page=6,
Data Structures,searching algorithms,"Given an array arr = {45, 77, 89, 90, 94, 99, 100} and key = 100; What are the mid values(corresponding array elements) generated in the first and second iterations?",90 and 99,90 and 100,89 and 94,94 and 99,A,,medium,web:Examveda.com https://www.examveda.com/data-structure/practice-mcq-question-on-searching-algorithms/?page=6,
Data Structures,searching algorithms,What is the time complexity of exponential search when the input array is sorted but the values are not uniformly distributed?,O(n1/2),O(log log n),O(n),O(log n),C,,medium,web:Examveda.com https://www.examveda.com/data-structure/practice-mcq-question-on-searching-algorithms/?page=6,
Data Structures,searching algorithms,What is the value of jump taken for maximum efficiency while implementing jump search?,n/2,n2,n1/2,log n,C,,medium,web:Examveda.com https://www.examveda.com/data-structure/practice-mcq-question-on-searching-algorithms/?page=6,
Data Structures,searching algorithms,Which of the following step is taken after finding an element having value greater than the element being searched?,binary search takes place in the forward direction,binary search takes place in a backward direction,linear search takes place in the forward direction,linear search takes place in the backward direction,D,,medium,web:Examveda.com https://www.examveda.com/data-structure/practice-mcq-question-on-searching-algorithms/?page=6,
Data Structures,searching algorithms,"Given, arr = {1, 3, 5, 6, 7, 9, 14, 15, 17, 19} key = 17 and delta = {5, 3, 1, 0} 
How many key comparisons are made?(exclude the comparison used to decide the left or right sub array)",4,3,5,6,B,,medium,web:Examveda.com https://www.examveda.com/data-structure/practice-mcq-question-on-searching-algorithms/?page=6,
Data Structures,searching algorithms,Binary Search can be categorized into which of the following?,Brute Force technique,Divide and conquer,Greedy algorithm,Dynamic programming,B,,medium,web:Examveda.com https://www.examveda.com/data-structure/practice-mcq-question-on-searching-algorithms/?page=6,
Data Structures,searching algorithms,What is the auxiliary space requirement of interpolation search?,O(n),O(2n),O(1),O(log n),C,,medium,web:Examveda.com https://www.examveda.com/data-structure/practice-mcq-question-on-searching-algorithms/?page=6,
Data Structures,searching algorithms,What is the time complexity of Fibonacci Search?,O(logn),O(n),O(n2),O(nlogn),A,,medium,web:Examveda.com https://www.examveda.com/data-structure/practice-mcq-question-on-searching-algorithms/?page=7,
Data Structures,searching algorithms,Is there any difference in the speed of execution between linear serach(recursive) vs linear search(lterative)?,Both execute at same speed,Linear search(recursive) is faster,Linear search(Iterative) is faster,Cant be said,C,,medium,web:Examveda.com https://www.examveda.com/data-structure/practice-mcq-question-on-searching-algorithms/?page=7,
Data Structures,searching algorithms,What is the average case time complexity of binary search using recursion?,O(nlogn),O(logn),O(n),O(n2),B,,medium,web:Examveda.com https://www.examveda.com/data-structure/practice-mcq-question-on-searching-algorithms/?page=7,
Data Structures,searching algorithms,Choose the correct while loop statement from the following that finds the range where are the element being search is present (x is the element being searched in an array arr of size n)?,"while (i < n && arr[i] <= x) 
 i = i*2;","while (i < n && arr[i] <= x) 
 i = i/2;","while (arr[i] <= x) 
 i = i/2;","while (i < n) 
 i = i*2;",A,,medium,web:Examveda.com https://www.examveda.com/data-structure/practice-mcq-question-on-searching-algorithms/?page=7,
Data Structures,searching algorithms,Can linear search recursive algorithm and binary search recursive algorithm be performed on an unordered list?,Binary search can't be used,Linear search can't be used,Both cannot be used,Both can be used,A,,medium,web:Examveda.com https://www.examveda.com/data-structure/practice-mcq-question-on-searching-algorithms/?page=7,
Data Structures,searching algorithms,"What is the auxiliary space complexity of Z algorithm for pattern searching (m = length of text, n = length of pattern)?",O(n + m),O(m),O(n),O(m * n),B,,medium,web:Examveda.com https://www.examveda.com/data-structure/practice-mcq-question-on-searching-algorithms/?page=7,
Data Structures,searching algorithms,What are the updated values of high and low in the array if the element being searched is lower than the value at calculated index in interpolation search? (pos = current position),"low = pos + 1, high remains unchanged","high = pos - 1, low remains unchanged","low = low +1, high = high - 1","low = pos +1, high = pos - 1",B,,medium,web:Examveda.com https://www.examveda.com/data-structure/practice-mcq-question-on-searching-algorithms/?page=7,
Data Structures,searching algorithms,What is the worst case for linear search?,O(nlogn),O(logn),O(n),O(1),C,,medium,web:Examveda.com https://www.examveda.com/data-structure/practice-mcq-question-on-searching-algorithms/?page=7,
Data Structures,searching algorithms,"What is the time complexity of Z algorithm for pattern searching (m = length of text, n = length of pattern)?",O(n),O(m),O(n + m),O(m * n),C,,medium,web:Examveda.com https://www.examveda.com/data-structure/practice-mcq-question-on-searching-algorithms/?page=7,
Data Structures,searching algorithms,What is the auxiliary space requirement of the jump search?,O(n),O(log n),O(n1/2),O(1),D,,medium,web:Examveda.com https://www.examveda.com/data-structure/practice-mcq-question-on-searching-algorithms/?page=8,
Data Structures,searching algorithms,What is the best case and worst case complexity of ordered linear search?,"O(nlogn), O(logn)","O(logn), O(nlogn)","O(n), O(1)","O(1), O(n)",D,,medium,web:Examveda.com https://www.examveda.com/data-structure/practice-mcq-question-on-searching-algorithms/?page=8,
Data Structures,searching algorithms,What is the time complexity of binary search with iteration?,O(nlogn),O(logn),O(n),O(n2),B,,medium,web:Examveda.com https://www.examveda.com/data-structure/practice-mcq-question-on-searching-algorithms/?page=8,
Data Structures,searching algorithms,Is the space consumed by the linear search(recursive) and linear search(iterative) same?,"No, recursive algorithm consumes more space","No, recursive algorithm consumes less space",Yes,Nothing can be said,A,,medium,web:Examveda.com https://www.examveda.com/data-structure/practice-mcq-question-on-searching-algorithms/?page=8,
Data Structures,searching algorithms,Which of the following searching algorithm is fastest when the input array is sorted but has non uniformly distributed values?,jump search,linear search,binary search,interpolation search,C,,medium,web:Examveda.com https://www.examveda.com/data-structure/practice-mcq-question-on-searching-algorithms/?page=8,
Data Structures,searching algorithms,"What is the worst case time complexity of KMP algorithm for pattern searching (m = length of text, n = length of pattern)?",O(n),O(n*m),O(m),O(log n),C,,medium,web:Examveda.com https://www.examveda.com/data-structure/practice-mcq-question-on-searching-algorithms/?page=8,
Data Structures,searching algorithms,What is the auxiliary space requirement of the exponential sort when used with recursive binary search?,O(n),O(2n),O(1),O(log n),D,,medium,web:Examveda.com https://www.examveda.com/data-structure/practice-mcq-question-on-searching-algorithms/?page=8,
Data Structures,searching algorithms,"Given an input arr = {2, 5, 7, 99, 899}; key = 899; What is the level of recursion?",5,2,3,4,C,,medium,web:Examveda.com https://www.examveda.com/data-structure/practice-mcq-question-on-searching-algorithms/?page=9,
Data Structures,searching algorithms,What is the best case runtime of linear search(recursive) algorithm on an ordered set of elements?,O(1),O(n),O(logn),O(nx),A,,medium,web:Examveda.com https://www.examveda.com/data-structure/practice-mcq-question-on-searching-algorithms/?page=9,
Data Structures,searching algorithms,"What does the following piece of code do? 
for (int i = 0; i < arr.length-1; i++)
{
 for (int j = i+1; j < arr.length; j++)
 {
 if( (arr[i].equals(arr[j])) && (i != j) )
 {
 System.out.println(arr[i]);
 }
 }
}",Print the duplicate elements in the array,Print the element with maximum frequency,Print the unique elements in the array,Prints the element with minimum frequnecy,A,,medium,web:Examveda.com https://www.examveda.com/data-structure/practice-mcq-question-on-searching-algorithms/?page=9,
Data Structures,searching algorithms,In which of the cases uniform binary search fails compared to binary search?,Complexity of code,Many searches will be performed on several arrays of the same length,Many searches will be performed on the same array,A table lookup is generally faster than an addition and a shift,A,,medium,web:Examveda.com https://www.examveda.com/data-structure/practice-mcq-question-on-searching-algorithms/?page=9,
Data Structures,searching algorithms,What is the time complexity of uniform binary search?,O(nlogn),O(logn),O(n),O(n2),B,,medium,web:Examveda.com https://www.examveda.com/data-structure/practice-mcq-question-on-searching-algorithms/?page=9,
Data Structures,searching algorithms,What is the worst case complexity of binary search using recursion?,O(nlogn),O(logn),O(n),O(n2),B,,medium,web:Examveda.com https://www.examveda.com/data-structure/practice-mcq-question-on-searching-algorithms/?page=9,
Data Structures,searching algorithms,Which of the following searching algorithm is fastest when the input array is sorted and has uniformly distributed values?,jump search,exponential search,binary search,interpolation search,D,,medium,web:Examveda.com https://www.examveda.com/data-structure/practice-mcq-question-on-searching-algorithms/?page=9,
Data Structures,searching algorithms,Best case of the exponential search will have time complexity of?,O(1),O(n),O(log n),O(n log n),A,,medium,web:Examveda.com https://www.examveda.com/data-structure/practice-mcq-question-on-searching-algorithms/?page=9,
Data Structures,searching algorithms,Exponential search has . . . . . . . .,neither an exponential space complexity nor exponential time complexity,exponential time complexity but a linear space complexity,exponential space complexity but a linear time complexity,both exponential time and space complexity,A,,medium,web:Examveda.com https://www.examveda.com/data-structure/practice-mcq-question-on-searching-algorithms/?page=9,
Data Structures,searching algorithms,Which of the following is a disadvantage of linear search?,Requires more space,Greater time complexities compared to other searching algorithms,Not easy to understand,Not easy to implement,B,,medium,web:Examveda.com https://www.examveda.com/data-structure/practice-mcq-question-on-searching-algorithms/?page=10,
Data Structures,searching algorithms,What is the advantage of recursive approach than an iterative approach?,Consumes less memory,Less code and easy to implement,Consumes more memory,More code has to be written,B,,medium,web:Examveda.com https://www.examveda.com/data-structure/practice-mcq-question-on-searching-algorithms/?page=10,
Data Structures,searching algorithms,Which of the following is the most desirable condition for interpolation search?,array should be sorted,array should not be sorted but the values should be uniformly distributed,array should have a less than 64 elements,array should be sorted and the values should be uniformly distributed,D,,medium,web:Examveda.com https://www.examveda.com/data-structure/practice-mcq-question-on-searching-algorithms/?page=10,
Data Structures,searching algorithms,"Given delta[4] is a global array and number of elements in the sorted array is 10, what are the values in the delta array?","4, 3, 1, 0","5, 3, 1, 0","4, 2, 1, 1","5, 2, 1, 1",B,,medium,web:Examveda.com https://www.examveda.com/data-structure/practice-mcq-question-on-searching-algorithms/?page=10,
Data Structures,searching algorithms,Which of the following false about Jump Search?,Jump Search is better than Linear Search,Useful when jumping back is more costly than jumping forward,Jump Search is worse than Binary Search,Jump search starts from the index 0 even though specified index is k,D,,medium,web:Examveda.com https://www.examveda.com/data-structure/practice-mcq-question-on-searching-algorithms/?page=10,
Data Structures,searching algorithms,Which of the following is not an application of binary search?,To search in unordered list,Debugging,Union of intervals,To find the lower/upper bound in an ordered sequence,A,,medium,web:Examveda.com https://www.examveda.com/data-structure/practice-mcq-question-on-searching-algorithms/?page=10,
Data Structures,searching algorithms,In which of the following case jump search will be preferred over binary search?,jumping backwards takes significantly more time than jumping forward,jumping forward takes significantly more time than jumping backwards,when the given array is very large in size,when the given array is very small in size,A,,medium,web:Examveda.com https://www.examveda.com/data-structure/practice-mcq-question-on-searching-algorithms/?page=10,
Data Structures,searching algorithms,"The array is as follows: 1, 2, 3, 6, 8, 10. Given that the number 17 is to be searched. At which call it tells that there's no such element? (By using linear search(recursive) algorithm)",7th call,9th call,17th call,The function calls itself infinite number of times,A,,medium,web:Examveda.com https://www.examveda.com/data-structure/practice-mcq-question-on-searching-algorithms/?page=10,
Data Structures,searching algorithms,"What will be the worst case time complexity of the following code? 
#include<bits/stdc++.h> 
using namespace std; 
 
void func(char* str2, char* str1) 
{ 
 int m = strlen(str2); 
 int n = strlen(str1); 
 for (int i = 0; i <= n - m; i++) 
 { 
 int j; 
 
 
 for (j = 0; j < m; j++) 
 if (str1[i + j] != str2[j]) 
 break; 
 
 if (j == m) 
 cout << i << endl; 
 } 
} 
 
int main() 
{ 
 char str1[] = ""1253234""; 
 char str2[] = ""323""; 
 func(str2, str1); 
 return 0; 
}",O(n),O(m),O(m * n),O(m + n),C,,medium,web:Examveda.com https://www.examveda.com/data-structure/practice-mcq-question-on-searching-algorithms/?page=10,
Data Structures,searching algorithms,"What will be the best case time complexity of the following code? 
#include<bits/stdc++.h> 
using namespace std; 
void func(char* str2, char* str1) 
{ 
 int m = strlen(str2); 
 int n = strlen(str1); 
 
 for (int i = 0; i <= n - m; i++) 
 { 
 int j; 
 
 
 for (j = 0; j < m; j++) 
 if (str1[i + j] != str2[j]) 
 break; 
 
 if (j == m) 
 cout << i << endl; 
 } 
} 
 
int main() 
{ 
 char str1[] = ""1253234""; 
 char str2[] = ""323""; 
 func(str2, str1); 
 return 0; 
}",O(n),O(m),O(m * n),O(m + n),B,,medium,web:Examveda.com https://www.examveda.com/data-structure/practice-mcq-question-on-searching-algorithms/?page=10,
Data Structures,string matching,Which string matching algorithm is known for its preprocessing phase to create a partial match table?,Naive Search,Rabin-Karp,Boyer-Moore,Knuth-Morris-Pratt (KMP),D,,medium,web:Examveda.com https://www.examveda.com/data-structure/practice-mcq-question-on-string-matching/,
Data Structures,string matching,What is the time complexity of the Boyer-Moore string matching algorithm in the best case?,O(m + n),O(n),O(m/n),O(m log n),C,,medium,web:Examveda.com https://www.examveda.com/data-structure/practice-mcq-question-on-string-matching/,
Data Structures,string matching,In which scenario does the Naive string matching algorithm perform well?,When using a large alphabet.,When there are many potential matches.,When both the pattern and text are very short.,When the pattern is long and the text is large.,C,,medium,web:Examveda.com https://www.examveda.com/data-structure/practice-mcq-question-on-string-matching/,
Data Structures,string matching,What is the main advantage of the Boyer-Moore algorithm over others?,It skips sections of the text that cannot match.,It requires less preprocessing time.,It uses less memory.,It can handle multiple patterns efficiently.,A,,medium,web:Examveda.com https://www.examveda.com/data-structure/practice-mcq-question-on-string-matching/,
Data Structures,string matching,Which string matching algorithm is typically used in text editors for search functionality?,Naive Search,Rabin-Karp,Knuth-Morris-Pratt (KMP),Boyer-Moore,D,,medium,web:Examveda.com https://www.examveda.com/data-structure/practice-mcq-question-on-string-matching/,
Data Structures,string matching,What is the space complexity of the Knuth-Morris-Pratt (KMP) algorithm?,O(n),O(m + n),O(m),O(m*n),C,,medium,web:Examveda.com https://www.examveda.com/data-structure/practice-mcq-question-on-string-matching/,
Data Structures,string matching,What is the average-case time complexity of the Boyer-Moore algorithm?,O(m*n),O(m),O(m + n),O(n),C,,medium,web:Examveda.com https://www.examveda.com/data-structure/practice-mcq-question-on-string-matching/,
Data Structures,string matching,What is the key data structure used in the Knuth-Morris-Pratt (KMP) algorithm for pattern matching?,Hash Table,Suffix Tree,Failure Function,Partial Match Table,D,,medium,web:Examveda.com https://www.examveda.com/data-structure/practice-mcq-question-on-string-matching/?page=2,
Data Structures,string matching,What does the Rabin-Karp algorithm use to avoid unnecessary comparisons?,Rolling Hash,Partial Match Table,Failure Function,Boyer-Moore Heuristic,A,,medium,web:Examveda.com https://www.examveda.com/data-structure/practice-mcq-question-on-string-matching/?page=2,
Data Structures,string matching,In which situation does the Knuth-Morris-Pratt (KMP) algorithm perform particularly well?,When the pattern is very short.,When the text is randomly structured.,When the text contains many repetitions.,When the pattern is long and the text is large.,D,,medium,web:Examveda.com https://www.examveda.com/data-structure/practice-mcq-question-on-string-matching/?page=2,
Data Structures,string matching,Which string matching algorithm uses a heuristic to improve efficiency by skipping sections of the text?,Rabin-Karp,Knuth-Morris-Pratt (KMP),Boyer-Moore,Naive Search,C,,medium,web:Examveda.com https://www.examveda.com/data-structure/practice-mcq-question-on-string-matching/?page=2,
Data Structures,string matching,What is the preprocessing phase in the Knuth-Morris-Pratt (KMP) algorithm used for?,To find all possible matches.,To sort the text.,To create a partial match table.,To compute hash values for patterns.,C,,medium,web:Examveda.com https://www.examveda.com/data-structure/practice-mcq-question-on-string-matching/?page=2,
Data Structures,string matching,"Which algorithm is considered to be the fastest for string matching in practice, especially for large texts?",Rabin-Karp,Knuth-Morris-Pratt (KMP),Naive Search,Boyer-Moore,D,,medium,web:Examveda.com https://www.examveda.com/data-structure/practice-mcq-question-on-string-matching/?page=2,
Data Structures,string matching,How does the Rabin-Karp algorithm handle collisions in hashing?,By using a rolling hash.,By using a secondary hash function.,By rehashing the entire pattern.,By using a separate data structure.,A,,medium,web:Examveda.com https://www.examveda.com/data-structure/practice-mcq-question-on-string-matching/?page=2,
Data Structures,string matching,"In the Boyer-Moore algorithm, what is the purpose of the bad character rule?",To preprocess the text.,To sort characters of the pattern.,To check for hash collisions.,To skip portions of the text that cannot match.,D,,medium,web:Examveda.com https://www.examveda.com/data-structure/practice-mcq-question-on-string-matching/?page=2,
Data Structures,string matching,What is the time complexity of the Knuth-Morris-Pratt (KMP) algorithm for pattern matching?,O(m*n),O(m log n),O(m + n),O(n),C,,medium,web:Examveda.com https://www.examveda.com/data-structure/practice-mcq-question-on-string-matching/?page=2,
Data Structures,string matching,What does the failure function in the Knuth-Morris-Pratt (KMP) algorithm help with?,Preprocessing the text.,Sorting the pattern.,Determining the next position to match after a mismatch.,Hashing the pattern.,C,,medium,web:Examveda.com https://www.examveda.com/data-structure/practice-mcq-question-on-string-matching/?page=3,
Data Structures,string matching,What is the best-case time complexity of the Rabin-Karp algorithm?,O(n),O(m),O(m*n),O(m + n),D,,medium,web:Examveda.com https://www.examveda.com/data-structure/practice-mcq-question-on-string-matching/?page=3,
Data Structures,string matching,Which algorithm is particularly well-suited for string matching when the pattern is very short?,Knuth-Morris-Pratt (KMP),Rabin-Karp,Naive Search,Boyer-Moore,C,,medium,web:Examveda.com https://www.examveda.com/data-structure/practice-mcq-question-on-string-matching/?page=3,
Data Structures,string matching,Which string matching algorithm performs well with patterns that have repeating substrings?,Boyer-Moore,Rabin-Karp,Naive Search,Knuth-Morris-Pratt (KMP),D,,medium,web:Examveda.com https://www.examveda.com/data-structure/practice-mcq-question-on-string-matching/?page=3,
Data Structures,string matching,In which scenario is the Naive string matching algorithm the least efficient?,When the pattern and text are very long.,When the pattern is very short.,When the text is sorted.,When there are many matches in the text.,A,,medium,web:Examveda.com https://www.examveda.com/data-structure/practice-mcq-question-on-string-matching/?page=3,
Data Structures,string matching,Which string matching algorithm is based on the concept of skipping over parts of the text that cannot possibly match?,Naive Search,Rabin-Karp,Knuth-Morris-Pratt (KMP),Boyer-Moore,D,,medium,web:Examveda.com https://www.examveda.com/data-structure/practice-mcq-question-on-string-matching/?page=3,
Data Structures,string matching,"What is the role of the ""good suffix"" rule in the Boyer-Moore algorithm?",To calculate hash values.,To match patterns with multiple lengths.,To optimize the search by skipping unnecessary comparisons.,To preprocess the pattern.,C,,medium,web:Examveda.com https://www.examveda.com/data-structure/practice-mcq-question-on-string-matching/?page=3,
Data Structures,string matching,What is the primary advantage of the Boyer-Moore algorithm compared to the Naive Search algorithm?,It always performs well regardless of pattern length.,It works well for very short patterns.,"It skips large portions of the text, making it faster for large datasets.",It uses less memory.,C,,medium,web:Examveda.com https://www.examveda.com/data-structure/practice-mcq-question-on-string-matching/?page=3,
Data Structures,string matching,What is the worst-case time complexity of the Boyer-Moore algorithm?,O(m + n),O(m log n),O(n),O(m*n),D,,medium,web:Examveda.com https://www.examveda.com/data-structure/practice-mcq-question-on-string-matching/?page=4,
Data Structures,string matching,"In the Rabin-Karp algorithm, which operation is used to compute hash values?",Rolling Hash,Modulo Operation,Multiplication,Addition,A,,medium,web:Examveda.com https://www.examveda.com/data-structure/practice-mcq-question-on-string-matching/?page=4,
Data Structures,string matching,What is the main disadvantage of the Naive string matching algorithm?,It is complex to implement.,It requires the text to be sorted.,It cannot handle patterns with special characters.,It can be slow for large texts.,D,,medium,web:Examveda.com https://www.examveda.com/data-structure/practice-mcq-question-on-string-matching/?page=4,
Data Structures,string matching,"Which of the following string matching algorithms uses a ""shift"" table to skip unnecessary comparisons?",Knuth-Morris-Pratt (KMP),Rabin-Karp,Boyer-Moore,Naive Search,C,,medium,web:Examveda.com https://www.examveda.com/data-structure/practice-mcq-question-on-string-matching/?page=4,
Data Structures,string matching,"What is the primary purpose of the ""bad character rule"" in the Boyer-Moore algorithm?",To skip segments of the text based on mismatched characters.,To preprocess the pattern.,To hash the pattern.,To sort the pattern.,A,,medium,web:Examveda.com https://www.examveda.com/data-structure/practice-mcq-question-on-string-matching/?page=4,
Data Structures,string matching,Which string matching algorithm is particularly useful for finding multiple patterns in a single pass?,Naive Search,Boyer-Moore,Knuth-Morris-Pratt (KMP),Rabin-Karp,D,,medium,web:Examveda.com https://www.examveda.com/data-structure/practice-mcq-question-on-string-matching/?page=4,
Data Structures,string matching,What is the worst-case time complexity of the Rabin-Karp algorithm when dealing with multiple patterns?,O(m + n),O(m*n),O(mnk),O(n),C,,medium,web:Examveda.com https://www.examveda.com/data-structure/practice-mcq-question-on-string-matching/?page=4,
Data Structures,string matching,What is a significant advantage of the Rabin-Karp algorithm over other string matching algorithms?,It is the fastest for short texts.,It does not require preprocessing.,It allows for efficient multiple pattern matching.,It always performs in linear time.,C,,medium,web:Examveda.com https://www.examveda.com/data-structure/practice-mcq-question-on-string-matching/?page=4,
Data Structures,string matching,What is the time complexity of string matching using a suffix tree?,O(m*n),O(m log n),O(n),O(m + n),D,,medium,web:Examveda.com https://www.examveda.com/data-structure/practice-mcq-question-on-string-matching/?page=5,
Data Structures,string matching,Which algorithm is well-suited for string matching when dealing with long and complex patterns?,Boyer-Moore,Knuth-Morris-Pratt (KMP),Rabin-Karp,Naive Search,A,,medium,web:Examveda.com https://www.examveda.com/data-structure/practice-mcq-question-on-string-matching/?page=5,
Data Structures,string matching,"In the Boyer-Moore algorithm, how is the ""good suffix rule"" utilized?",It preprocesses the text.,It creates hash values for substrings.,It processes the text in reverse.,It shifts the pattern to align with previously matched suffixes.,D,,medium,web:Examveda.com https://www.examveda.com/data-structure/practice-mcq-question-on-string-matching/?page=5,
Data Structures,string matching,Which string matching algorithm is known for being efficient with very large alphabets?,Boyer-Moore,Knuth-Morris-Pratt (KMP),Rabin-Karp,Naive Search,C,,medium,web:Examveda.com https://www.examveda.com/data-structure/practice-mcq-question-on-string-matching/?page=5,
Data Structures,string matching,What is a key characteristic of the Naive string matching algorithm?,It uses advanced hashing techniques.,It requires sorting the pattern.,It is simple to implement.,It has a high worst-case time complexity.,C,,medium,web:Examveda.com https://www.examveda.com/data-structure/practice-mcq-question-on-string-matching/?page=5,
Data Structures,string matching,What is the pre-processing time of Rabin and Karp Algorithm?,Theta(m2),Theta(mlogn),Theta(m),Big-Oh(n),C,,medium,web:Examveda.com https://www.examveda.com/data-structure/practice-mcq-question-on-string-matching/?page=5,
Data Structures,string matching,"Given a pattern of length-5 window, find the suitable modulo value. 
 4 3 2 5 0",13,14,12,11,A,,medium,web:Examveda.com https://www.examveda.com/data-structure/practice-mcq-question-on-string-matching/?page=5,
Data Structures,string matching,What is the basic principle in Rabin Karp algorithm?,Hashing,Sorting,Augmenting,Dynamic Programming,A,,medium,web:Examveda.com https://www.examveda.com/data-structure/practice-mcq-question-on-string-matching/?page=5,
Data Structures,string matching,What is the space complexity of quick search algorithm?,O(n),O(log n),O(m+n),O(mn),A,,medium,web:Examveda.com https://www.examveda.com/data-structure/practice-mcq-question-on-string-matching/?page=5,
Data Structures,string matching,If n is the length of text(T) and m is the length of the pattern(P) identify the correct matching algorithm.,"for s=0 to n
 do if p=t0 
 then if P[1..m]=T[s+1..s+m]
 then print “Pattern occurs with shift” s","for s=0 to n-m
 do if p=ts 
 then if P[1..m]=T[s+1..s+m]
 then print “Pattern occurs with shift” s","for s=0 to m
 do if p=ts 
 then if P[1..m]=T[s+1..s+m]
 then print “Pattern occurs with shift” s","for s=0 to n-m
 do if p!=ts 
 then if P[1..m]=T[s+1..s+m]
 then print “Pattern occurs with shift” s",B,,medium,web:Examveda.com https://www.examveda.com/data-structure/practice-mcq-question-on-string-matching/?page=5,
Data Structures,string matching,"If n is the length of text(T) and m is the length of the pattern(P) identify the correct pre-processing algorithm. (where q is a suitable modulus to reduce the complexity) 
p=0; t0=0;","for i=1 to n
do t0=(dt0 + P[i])mod q 
p=(dp+T[i])mod q","for i=1 to n
do p=(dp + P[i])mod q 
t0=(dt0+T[i])mod q","for i=1 to m
do t0=(dp + P[i])mod q 
p=(dt0+T[i])mod q","for i=1 to m
do p=(dp + P[i])mod q 
t0=(dt0+T[i])mod q",D,,medium,web:Examveda.com https://www.examveda.com/data-structure/practice-mcq-question-on-string-matching/?page=6,
Data Structures,string matching,What is the worst case running time in searching phase of Boyer-Moore's algorithm?,O(n),O(log n),O(m+n),O(mn),D,,medium,web:Examveda.com https://www.examveda.com/data-structure/practice-mcq-question-on-string-matching/?page=6,
Data Structures,string matching,Which of the following is the fastest algorithm in string matching field?,Boyer-Moore's algorithm,String matching algorithm,Quick search algorithm,Linear search algorithm,C,,medium,web:Examveda.com https://www.examveda.com/data-structure/practice-mcq-question-on-string-matching/?page=6,
Data Structures,string matching,What is the worst case running time of Rabin Karp Algorithm?,Theta(n),Theta(n-m),Theta((n-m+1)m),Theta(nlogm),C,,medium,web:Examveda.com https://www.examveda.com/data-structure/practice-mcq-question-on-string-matching/?page=6,
Data Structures,string matching,What happens when the modulo value(q) is taken large?,Complexity increases,Spurious hits occur frequently,Cost of extra checking is low,Matching time increases,C,,medium,web:Examveda.com https://www.examveda.com/data-structure/practice-mcq-question-on-string-matching/?page=6,
Data Structures,string matching,If the expected number of valid shifts is small and modulus is larger than the length of pattern what is the matching time of Rabin Karp Algorithm?,Theta(m),Big-Oh(n+m),Theta(n-m),Big-Oh(n),B,,medium,web:Examveda.com https://www.examveda.com/data-structure/practice-mcq-question-on-string-matching/?page=6,
Data Structures,string matching,Which of the following algorithms formed the basis for the Quick search algorithm?,Boyer-Moore's algorithm,Parallel string matching algorithm,Binary Search algorithm,Linear Search algorithm,A,,medium,web:Examveda.com https://www.examveda.com/data-structure/practice-mcq-question-on-string-matching/?page=6,
Data Structures,string matching,"Given a pattern of length- 5 window, find the valid match in the given text. 
Pattern: 2 1 9 3 6 
Modulus: 21
Index: 0 1 2 3 4 5 6 7 8 9 10 11 12 13 14 15 16 17 18 19 20 21
Text: 9 2 7 2 1 8 3 0 5 7 1 2 1 2 1 9 3 6 2 3 9 7",11-16,3-8,13-18,15-20,C,,medium,web:Examveda.com https://www.examveda.com/data-structure/practice-mcq-question-on-string-matching/?page=6,
Data Structures,string matching,Who created the Rabin Karp Algorithm?,Joseph Rabin and Michael Karp,Michael Rabin and Joseph Karp,Richard Karp and Michael Rabin,Michael Karp and Richard Rabin,C,,medium,web:Examveda.com https://www.examveda.com/data-structure/practice-mcq-question-on-string-matching/?page=7,
Data Structures,string matching,"Given a pattern of length- 5 window, find the spurious hit in the given text string. 
Pattern: 3 1 4 1 5 
Modulus: 13
Index: 0 1 2 3 4 5 6 7 8 9 10 11 12 13 14 15 16 17 18 19 20
Text: 2 3 5 9 0 2 3 1 4 1 5 2 6 7 3 9 9 2 1 3 9",6-10,12-16,3-7,13-17,D,,medium,web:Examveda.com https://www.examveda.com/data-structure/practice-mcq-question-on-string-matching/?page=7,
Data Structures,string matching,What is the basic formula applied in Rabin Karp Algorithm to get the computation time as Theta(m)?,Halving rule,Horner's rule,Summation lemma,Cancellation lemma,B,,medium,web:Examveda.com https://www.examveda.com/data-structure/practice-mcq-question-on-string-matching/?page=7,
Data Structures,string matching,What character shift tables does Boyer-Moore's search algorithm use?,good-character shift tables,bad-character shift tables,next-character shift tables,both good and bad character shift tables,D,,medium,web:Examveda.com https://www.examveda.com/data-structure/practice-mcq-question-on-string-matching/?page=7,
Data Structures,string matching,What is a Rabin and Karp Algorithm?,String Matching Algorithm,Shortest Path Algorithm,Minimum spanning tree Algorithm,Approximation Algorithm,A,,medium,web:Examveda.com https://www.examveda.com/data-structure/practice-mcq-question-on-string-matching/?page=7,
Data Structures,string matching,"Given input string = ""ABCDABCATRYCARCABCSRT"" and pattern string = ""CAT"". Find the first index of the pattern match using quick search algorithm.",2,6,11,14,B,,medium,web:Examveda.com https://www.examveda.com/data-structure/practice-mcq-question-on-string-matching/?page=7,
Data Structures,string matching,What is the time complexity of the Quick search algorithm?,O(n),O(log n),O(m+n),O(mn),C,,medium,web:Examveda.com https://www.examveda.com/data-structure/practice-mcq-question-on-string-matching/?page=7,
Data Structures,string matching,What character shift tables does quick search algorithm use?,good-character shift tables,bad-character shift tables,next-character shift tables,both good and bad character shift tables,B,,medium,web:Examveda.com https://www.examveda.com/data-structure/practice-mcq-question-on-string-matching/?page=7,
Data Structures,"advanced trees (avl, redblack, btrees)",Which of the following operations is used to restore balance in an AVL tree after insertion?,Merging,Splaying,Rotations,Hashing,C,,medium,"web:Examveda.com https://www.examveda.com/data-structure/practice-mcq-question-on-advanced-trees-(avl,-redblack,-btrees)/",
Data Structures,"advanced trees (avl, redblack, btrees)","In a Red-Black tree, which property ensures that no two consecutive red nodes exist on any path?",Black property,Balance property,Height property,Red property,D,,medium,"web:Examveda.com https://www.examveda.com/data-structure/practice-mcq-question-on-advanced-trees-(avl,-redblack,-btrees)/",
Data Structures,"advanced trees (avl, redblack, btrees)",What is the maximum height of an AVL tree with n nodes?,log2(n + 1),log2(n),2*log2(n),log10(n),A,,medium,"web:Examveda.com https://www.examveda.com/data-structure/practice-mcq-question-on-advanced-trees-(avl,-redblack,-btrees)/",
Data Structures,"advanced trees (avl, redblack, btrees)",Which tree property is used to ensure that in a B-Tree all leaves are at the same level?,B-Tree order,Equal key distribution,Balanced height,Uniform height,D,,medium,"web:Examveda.com https://www.examveda.com/data-structure/practice-mcq-question-on-advanced-trees-(avl,-redblack,-btrees)/",
Data Structures,"advanced trees (avl, redblack, btrees)","In a Red-Black tree, what is the color of the root node?",Red,Can be either,Black,It varies based on height,C,,medium,"web:Examveda.com https://www.examveda.com/data-structure/practice-mcq-question-on-advanced-trees-(avl,-redblack,-btrees)/",
Data Structures,"advanced trees (avl, redblack, btrees)",What is the time complexity of insertion in an AVL tree?,O(1),O(log2 n),O(log n),O(n),C,,medium,"web:Examveda.com https://www.examveda.com/data-structure/practice-mcq-question-on-advanced-trees-(avl,-redblack,-btrees)/",
Data Structures,"advanced trees (avl, redblack, btrees)","In a Red-Black tree, which property helps in maintaining a balanced tree?",The AVL property,The B-Tree property,The splay property,The red-black property,D,,medium,"web:Examveda.com https://www.examveda.com/data-structure/practice-mcq-question-on-advanced-trees-(avl,-redblack,-btrees)/",
Data Structures,"advanced trees (avl, redblack, btrees)",What is the primary difference between a Red-Black tree and an AVL tree?,AVL trees are more rigidly balanced.,Red-Black trees have stricter balancing.,AVL trees use color-coding.,Red-Black trees do not require rotations.,A,,medium,"web:Examveda.com https://www.examveda.com/data-structure/practice-mcq-question-on-advanced-trees-(avl,-redblack,-btrees)/",
Data Structures,"advanced trees (avl, redblack, btrees)",What is the maximum number of children a node in a B-Tree of order m can have?,m - 1,m + 1,m/2,m,D,,medium,"web:Examveda.com https://www.examveda.com/data-structure/practice-mcq-question-on-advanced-trees-(avl,-redblack,-btrees)/?page=2",
Data Structures,"advanced trees (avl, redblack, btrees)",Which operation in a B-Tree involves redistributing keys between nodes to maintain balance?,Splitting,Rotating,Merging,Splaying,C,,medium,"web:Examveda.com https://www.examveda.com/data-structure/practice-mcq-question-on-advanced-trees-(avl,-redblack,-btrees)/?page=2",
Data Structures,"advanced trees (avl, redblack, btrees)","In a Red-Black tree, what does the black-height of a node represent?",The height of the node's subtree.,The total number of nodes in the subtree.,The number of black nodes on the path from that node to a leaf.,The number of red nodes on the path.,C,,medium,"web:Examveda.com https://www.examveda.com/data-structure/practice-mcq-question-on-advanced-trees-(avl,-redblack,-btrees)/?page=2",
Data Structures,"advanced trees (avl, redblack, btrees)",What is the time complexity of searching for an element in a B-Tree of order m?,O(log n),O(n),O(1),O(log_m n),D,,medium,"web:Examveda.com https://www.examveda.com/data-structure/practice-mcq-question-on-advanced-trees-(avl,-redblack,-btrees)/?page=2",
Data Structures,"advanced trees (avl, redblack, btrees)",Which type of rotation is performed to fix a right-right case imbalance in an AVL tree?,Left Rotation,Right Rotation,Left-Right Rotation,Right-Left Rotation,A,,medium,"web:Examveda.com https://www.examveda.com/data-structure/practice-mcq-question-on-advanced-trees-(avl,-redblack,-btrees)/?page=2",
Data Structures,"advanced trees (avl, redblack, btrees)","In a Red-Black tree, which property is used to ensure that the path from the root to the farthest leaf is no more than twice as long as the path to the nearest leaf?",Height property,Balance property,Red property,Black-height property,D,,medium,"web:Examveda.com https://www.examveda.com/data-structure/practice-mcq-question-on-advanced-trees-(avl,-redblack,-btrees)/?page=2",
Data Structures,"advanced trees (avl, redblack, btrees)",What is the maximum number of children a non-root node can have in a B-Tree of order m?,m - 1,m + 1,m,m / 2,C,,medium,"web:Examveda.com https://www.examveda.com/data-structure/practice-mcq-question-on-advanced-trees-(avl,-redblack,-btrees)/?page=2",
Data Structures,"advanced trees (avl, redblack, btrees)",How are keys stored in a B-Tree node?,Based on their insertion order,Based on their frequency of access,In a sorted order,In a random order,C,,medium,"web:Examveda.com https://www.examveda.com/data-structure/practice-mcq-question-on-advanced-trees-(avl,-redblack,-btrees)/?page=2",
Data Structures,"advanced trees (avl, redblack, btrees)",What is the primary advantage of using a Red-Black tree over an AVL tree?,AVL trees are faster for insertion.,Red-Black trees have a simpler implementation.,AVL trees use less memory.,Red-Black trees require fewer rotations.,D,,medium,"web:Examveda.com https://www.examveda.com/data-structure/practice-mcq-question-on-advanced-trees-(avl,-redblack,-btrees)/?page=3",
Data Structures,"advanced trees (avl, redblack, btrees)",What is the time complexity of deleting a node from a Red-Black tree?,O(1),O(log2 n),O(log n),O(n),C,,medium,"web:Examveda.com https://www.examveda.com/data-structure/practice-mcq-question-on-advanced-trees-(avl,-redblack,-btrees)/?page=3",
Data Structures,"advanced trees (avl, redblack, btrees)","In a B-Tree of order m, what is the minimum number of keys a non-root node must contain?",⌊m / 2⌋,m - 1,⌈m / 2⌉ - 1,⌈m / 2⌉,D,,medium,"web:Examveda.com https://www.examveda.com/data-structure/practice-mcq-question-on-advanced-trees-(avl,-redblack,-btrees)/?page=3",
Data Structures,"advanced trees (avl, redblack, btrees)",Which operation is not required to maintain balance in a B-Tree after insertion or deletion?,Rotations,Redistribution,Splitting,Merging,A,,medium,"web:Examveda.com https://www.examveda.com/data-structure/practice-mcq-question-on-advanced-trees-(avl,-redblack,-btrees)/?page=3",
Data Structures,"advanced trees (avl, redblack, btrees)","What does the term ""splaying"" refer to in the context of splay trees?",A method to sort elements in a tree.,A technique for hashing elements.,A method of balancing AVL trees.,A technique to move recently accessed nodes to the root.,D,,medium,"web:Examveda.com https://www.examveda.com/data-structure/practice-mcq-question-on-advanced-trees-(avl,-redblack,-btrees)/?page=3",
Data Structures,"advanced trees (avl, redblack, btrees)","In a Red-Black tree, which property is used to ensure that the number of black nodes on any path from the root to a leaf is the same?",Red property,Balance property,Black-height property,Node-coloring property,C,,medium,"web:Examveda.com https://www.examveda.com/data-structure/practice-mcq-question-on-advanced-trees-(avl,-redblack,-btrees)/?page=3",
Data Structures,"advanced trees (avl, redblack, btrees)","In a Red-Black tree, what is the color of the newly inserted node?",Black,Can be either red or black,It varies based on the position,Red,D,,medium,"web:Examveda.com https://www.examveda.com/data-structure/practice-mcq-question-on-advanced-trees-(avl,-redblack,-btrees)/?page=3",
Data Structures,"advanced trees (avl, redblack, btrees)",What is the primary use of a B-Tree in databases and file systems?,To maintain sorted data with efficient insertion and deletion operations.,To perform quick sorting operations.,To minimize data retrieval time.,To provide efficient key hashing.,A,,medium,"web:Examveda.com https://www.examveda.com/data-structure/practice-mcq-question-on-advanced-trees-(avl,-redblack,-btrees)/?page=3",
Data Structures,"advanced trees (avl, redblack, btrees)","In an AVL tree, what condition triggers a double rotation?",When a node's height is greater than its parent.,When a node's balance factor is -3 or +3.,When a node's balance factor is -1 or +1.,When a node's balance factor is -2 or +2.,D,,medium,"web:Examveda.com https://www.examveda.com/data-structure/practice-mcq-question-on-advanced-trees-(avl,-redblack,-btrees)/?page=3",
Data Structures,"advanced trees (avl, redblack, btrees)",What is the height of a Red-Black tree with n nodes in the worst case?,O(n),O(log2 n),O(log n),O(1),C,,medium,"web:Examveda.com https://www.examveda.com/data-structure/practice-mcq-question-on-advanced-trees-(avl,-redblack,-btrees)/?page=4",
Data Structures,"advanced trees (avl, redblack, btrees)",Which of the following is true about the root node in a B-Tree?,It can have fewer than the minimum number of children.,It must have exactly m children.,It must be a leaf.,It cannot have more than m children.,A,,medium,"web:Examveda.com https://www.examveda.com/data-structure/practice-mcq-question-on-advanced-trees-(avl,-redblack,-btrees)/?page=4",
Data Structures,"advanced trees (avl, redblack, btrees)","In a B-Tree of order 5, what is the minimum number of children a non-root node can have?",1,4,2,3,D,,medium,"web:Examveda.com https://www.examveda.com/data-structure/practice-mcq-question-on-advanced-trees-(avl,-redblack,-btrees)/?page=4",
Data Structures,"advanced trees (avl, redblack, btrees)",How does the height of a B-Tree compare to a binary search tree with the same number of nodes?,The height is larger.,The height is the same.,The height is smaller.,The height is unpredictable.,C,,medium,"web:Examveda.com https://www.examveda.com/data-structure/practice-mcq-question-on-advanced-trees-(avl,-redblack,-btrees)/?page=4",
Data Structures,"advanced trees (avl, redblack, btrees)",What is the time complexity for deleting a node in an AVL tree?,O(1),O(log2 n),O(log n),O(n),C,,medium,"web:Examveda.com https://www.examveda.com/data-structure/practice-mcq-question-on-advanced-trees-(avl,-redblack,-btrees)/?page=4",
Data Structures,"advanced trees (avl, redblack, btrees)","In an AVL tree, what happens when a node is deleted and it causes imbalance?",The node is immediately reinserted.,The tree is rebuilt from scratch.,The imbalance is ignored.,Rebalancing with rotations is performed.,D,,medium,"web:Examveda.com https://www.examveda.com/data-structure/practice-mcq-question-on-advanced-trees-(avl,-redblack,-btrees)/?page=4",
Data Structures,"advanced trees (avl, redblack, btrees)","In a Red-Black tree, what does the term ""splaying"" refer to?",Moving a node to the root to improve access times.,Rotating nodes to maintain balance.,Re-coloring nodes to restore properties.,Inserting nodes while maintaining balance.,A,,medium,"web:Examveda.com https://www.examveda.com/data-structure/practice-mcq-question-on-advanced-trees-(avl,-redblack,-btrees)/?page=4",
Data Structures,"advanced trees (avl, redblack, btrees)","In a B-Tree, which operation can cause a node to split?",Rebalancing when the height changes.,Search when a key is found.,Deletion when a node is empty.,Insertion when a node is full.,D,,medium,"web:Examveda.com https://www.examveda.com/data-structure/practice-mcq-question-on-advanced-trees-(avl,-redblack,-btrees)/?page=4",
Data Structures,"advanced trees (avl, redblack, btrees)",What is a key advantage of using a Red-Black tree over a standard Binary Search Tree?,Easier to implement.,Faster insertion and deletion.,Better worst-case time complexity for balancing.,Smaller memory footprint.,C,,medium,"web:Examveda.com https://www.examveda.com/data-structure/practice-mcq-question-on-advanced-trees-(avl,-redblack,-btrees)/?page=5",
Data Structures,"advanced trees (avl, redblack, btrees)","In an AVL tree, what happens when a node has a balance factor of 0?",It is an internal node.,It needs to be rotated.,It is balanced and requires no changes.,It is a leaf node.,C,,medium,"web:Examveda.com https://www.examveda.com/data-structure/practice-mcq-question-on-advanced-trees-(avl,-redblack,-btrees)/?page=5",
Data Structures,"advanced trees (avl, redblack, btrees)",How is a B-Tree node typically structured?,Keys are stored in random order.,Keys are stored in reverse order.,Keys are stored based on access frequency.,Keys are stored in sorted order.,D,,medium,"web:Examveda.com https://www.examveda.com/data-structure/practice-mcq-question-on-advanced-trees-(avl,-redblack,-btrees)/?page=5",
Data Structures,"advanced trees (avl, redblack, btrees)",Which of the following is true for Red-Black trees?,They guarantee balanced height but not exact height.,They guarantee exact height balancing.,They do not support deletion.,They are balanced using a different method.,A,,medium,"web:Examveda.com https://www.examveda.com/data-structure/practice-mcq-question-on-advanced-trees-(avl,-redblack,-btrees)/?page=5",
Data Structures,"advanced trees (avl, redblack, btrees)",What is the maximum number of keys that a B+ -tree of order 3 and of height 3 have?,3,80,27,26,D,,medium,"web:Examveda.com https://www.examveda.com/data-structure/practice-mcq-question-on-advanced-trees-(avl,-redblack,-btrees)/?page=5",
Data Structures,"advanced trees (avl, redblack, btrees)",Which one of the following data structures are preferred in database-system implementation?,AVL tree,B-tree,B+ -tree,Splay tree,C,,medium,"web:Examveda.com https://www.examveda.com/data-structure/practice-mcq-question-on-advanced-trees-(avl,-redblack,-btrees)/?page=5",
Data Structures,"advanced trees (avl, redblack, btrees)",What is a time complexity for x pattern occurrence of length n?,O (log n!),Ɵ (n!),O (n2),Ɵ (n + x),D,,medium,"web:Examveda.com https://www.examveda.com/data-structure/practice-mcq-question-on-advanced-trees-(avl,-redblack,-btrees)/?page=5",
Data Structures,"advanced trees (avl, redblack, btrees)",How much time does construction of suffix tree take?,O (log M),O (M!),Exponential to Length of Tree,Linear to Length of Tree,D,,medium,"web:Examveda.com https://www.examveda.com/data-structure/practice-mcq-question-on-advanced-trees-(avl,-redblack,-btrees)/?page=5",
Data Structures,"advanced trees (avl, redblack, btrees)",Which statement is correct of suffix tree with a string of length n?,The tree has n leaves.,The tree has n roots,Height of Tree is n,Depth of tree is n,A,,medium,"web:Examveda.com https://www.examveda.com/data-structure/practice-mcq-question-on-advanced-trees-(avl,-redblack,-btrees)/?page=5",
Data Structures,"advanced trees (avl, redblack, btrees)",Who among the following provided the first suffix tree contribution for all alphabet?,Weiner,Farach,Ukkonen,Alexander Morse,B,,medium,"web:Examveda.com https://www.examveda.com/data-structure/practice-mcq-question-on-advanced-trees-(avl,-redblack,-btrees)/?page=6",
Data Structures,"advanced trees (avl, redblack, btrees)",Which tree allows fast implementation of string operation?,Rope Tree,Suffix Tree,Tango Tree,Top Tree,B,,medium,"web:Examveda.com https://www.examveda.com/data-structure/practice-mcq-question-on-advanced-trees-(avl,-redblack,-btrees)/?page=6",
Data Structures,"advanced trees (avl, redblack, btrees)",Trie is also known as . . . . . . . .,Digital Tree,Treap,Binomial Tree,2-3 Tree,A,,medium,"web:Examveda.com https://www.examveda.com/data-structure/practice-mcq-question-on-advanced-trees-(avl,-redblack,-btrees)/?page=6",
Data Structures,"advanced trees (avl, redblack, btrees)",What is a time complexity for finding the longest prefix that is common between suffix in a string?,Ɵ (n),Ɵ (n!),Ɵ (1),O (log n!),C,,medium,"web:Examveda.com https://www.examveda.com/data-structure/practice-mcq-question-on-advanced-trees-(avl,-redblack,-btrees)/?page=6",
Data Structures,"advanced trees (avl, redblack, btrees)",Which of the following is true about the trie?,root is letter a,path from root to the leat yields the string,children of nodes are randomly ordered,each node stores the associated keys,B,,medium,"web:Examveda.com https://www.examveda.com/data-structure/practice-mcq-question-on-advanced-trees-(avl,-redblack,-btrees)/?page=6",
Data Structures,"advanced trees (avl, redblack, btrees)",Which of the following is the efficient data structure for searching words in dictionaries?,BST,Linked List,Balancded BST,Trie,D,,medium,"web:Examveda.com https://www.examveda.com/data-structure/practice-mcq-question-on-advanced-trees-(avl,-redblack,-btrees)/?page=6",
Data Structures,"advanced trees (avl, redblack, btrees)",A B-tree of order 4 and of height 3 will have a maximum of . . . . . . . . keys.,255,63,127,188,A,,medium,"web:Examveda.com https://www.examveda.com/data-structure/practice-mcq-question-on-advanced-trees-(avl,-redblack,-btrees)/?page=6",
Data Structures,"advanced trees (avl, redblack, btrees)",Which of the following data structure can provide efficient searching of the elements?,unordered lists,binary search tree,treap,2-3 tree,D,,medium,"web:Examveda.com https://www.examveda.com/data-structure/practice-mcq-question-on-advanced-trees-(avl,-redblack,-btrees)/?page=6",
Data Structures,"advanced trees (avl, redblack, btrees)",A program to search a contact from phone directory can be implemented efficiently using . . . . . . . .,a BST,a trie,a balanced BST,a binary tree,B,,medium,"web:Examveda.com https://www.examveda.com/data-structure/practice-mcq-question-on-advanced-trees-(avl,-redblack,-btrees)/?page=6",
Data Structures,"advanced trees (avl, redblack, btrees)",What traversal over trie gives the lexicographical sorting of the set of the strings?,postorder,preorders,inorder,level order,C,,medium,"web:Examveda.com https://www.examveda.com/data-structure/practice-mcq-question-on-advanced-trees-(avl,-redblack,-btrees)/?page=6",
Data Structures,"advanced trees (avl, redblack, btrees)",What is a time complexity for inserting an alphabet in the tree using hash maps?,O (log n!),O (n!),O (n2),O (1),D,,medium,"web:Examveda.com https://www.examveda.com/data-structure/practice-mcq-question-on-advanced-trees-(avl,-redblack,-btrees)/?page=7",
Data Structures,"advanced trees (avl, redblack, btrees)",What is the time complexity of Uttkonen's algorithm?,O (log n!),O (n!),O (n2),O (n log n),D,,medium,"web:Examveda.com https://www.examveda.com/data-structure/practice-mcq-question-on-advanced-trees-(avl,-redblack,-btrees)/?page=7",
Data Structures,"advanced trees (avl, redblack, btrees)",Which tree allows fast implementation of a set of string operation?,Rope Tree,Tango Tree,Generalized Suffix Tree,Top Tree,C,,medium,"web:Examveda.com https://www.examveda.com/data-structure/practice-mcq-question-on-advanced-trees-(avl,-redblack,-btrees)/?page=7",
Data Structures,"advanced trees (avl, redblack, btrees)",What is a time complexity for finding the total length of all string on all edges of a tree?,Ɵ (n),Ɵ (n!),Ɵ (1),O (n2),D,,medium,"web:Examveda.com https://www.examveda.com/data-structure/practice-mcq-question-on-advanced-trees-(avl,-redblack,-btrees)/?page=7",
Data Structures,"advanced trees (avl, redblack, btrees)",Who among the following algorithm is used in external memory and compression of the suffix tree?,Weiner's algorithm,Farach's algorithm,Ukkonen's algorithm,Alexander Morse,B,,medium,"web:Examveda.com https://www.examveda.com/data-structure/practice-mcq-question-on-advanced-trees-(avl,-redblack,-btrees)/?page=7",
Data Structures,"advanced trees (avl, redblack, btrees)",A B+ tree can contain a maximum of 7 pointers in a node. What is the minimum number of keys in leaves?,6,3,4,7,B,,medium,"web:Examveda.com https://www.examveda.com/data-structure/practice-mcq-question-on-advanced-trees-(avl,-redblack,-btrees)/?page=7",
Data Structures,"advanced trees (avl, redblack, btrees)",Which of the following special type of trie is used for fast searching of the full texts?,Ctrie,Hash tree,Suffix tree,T tree,C,,medium,"web:Examveda.com https://www.examveda.com/data-structure/practice-mcq-question-on-advanced-trees-(avl,-redblack,-btrees)/?page=7",
Data Structures,"advanced trees (avl, redblack, btrees)",What is a time complexity for finding the longest substring that is repeated in a string?,O (log n!),Ɵ (n!),O (n2+ n1),Ɵ (n),D,,medium,"web:Examveda.com https://www.examveda.com/data-structure/practice-mcq-question-on-advanced-trees-(avl,-redblack,-btrees)/?page=8",
Data Structures,"advanced trees (avl, redblack, btrees)","What is a time complexity for finding the longest substring that is common in string S1 and S2 (n1 and n2 are the string lengths of strings s1, s2 respectively)?",O (log n!),Ɵ (n!),O (n2+ n1),Ɵ (n1 + n2),D,,medium,"web:Examveda.com https://www.examveda.com/data-structure/practice-mcq-question-on-advanced-trees-(avl,-redblack,-btrees)/?page=8",
Data Structures,"advanced trees (avl, redblack, btrees)",What is a time complexity for finding the longest palindromic substring in a string by using the generalized suffix tree?,Linear Time,Exponential Time,Logarithmic Time,Cubic Time,A,,medium,"web:Examveda.com https://www.examveda.com/data-structure/practice-mcq-question-on-advanced-trees-(avl,-redblack,-btrees)/?page=8",
Data Structures,"advanced trees (avl, redblack, btrees)",What is the other name for Suffix Tree?,Array,Stack,Priority Queue,PAT Tree,D,,medium,"web:Examveda.com https://www.examveda.com/data-structure/practice-mcq-question-on-advanced-trees-(avl,-redblack,-btrees)/?page=8",
Data Structures,"advanced trees (avl, redblack, btrees)",Who proposed the concept of Suffix Tree?,Weiner,Samuel F. B. Morse,Friedrich Clemens Gerke,Alexander Morse,A,,medium,"web:Examveda.com https://www.examveda.com/data-structure/practice-mcq-question-on-advanced-trees-(avl,-redblack,-btrees)/?page=8",
Data Structures,"advanced trees (avl, redblack, btrees)",The height of 2-3 tree with n elements is . . . . . . . .,between (n/2) and (n/3),(n/6),between (n) and log2(n + 1),between log3(n + 1) and log2(n + 1),D,,medium,"web:Examveda.com https://www.examveda.com/data-structure/practice-mcq-question-on-advanced-trees-(avl,-redblack,-btrees)/?page=8",
Data Structures,"advanced trees (avl, redblack, btrees)",Who among the following provided the first online contribution of Suffix Tree?,Weiner,Samuel F. B. Morse,Ukkonen,Alexander Morse,C,,medium,"web:Examveda.com https://www.examveda.com/data-structure/practice-mcq-question-on-advanced-trees-(avl,-redblack,-btrees)/?page=8",
Data Structures,"advanced trees (avl, redblack, btrees)","Statement 1: When a node is split during insertion, the middle key is promoted to the parent as well as retained in right half-node. 
Statement 2: When a key is deleted from the leaf, it is also deleted from the non-leaf nodes of the tree.",Statement 1 is true but statement 2 is false,Statement 2 is true but statement 1 is false,Both the statements are true,Both the statements are false,A,,medium,"web:Examveda.com https://www.examveda.com/data-structure/practice-mcq-question-on-advanced-trees-(avl,-redblack,-btrees)/?page=8",
Data Structures,"advanced trees (avl, redblack, btrees)",Five node splitting operations occurred when an entry is inserted into a B-tree. Then how many nodes are written?,14,7,11,5,C,,medium,"web:Examveda.com https://www.examveda.com/data-structure/practice-mcq-question-on-advanced-trees-(avl,-redblack,-btrees)/?page=9",
Data Structures,"advanced trees (avl, redblack, btrees)",2-3-4 trees are B-trees of order 4. They are an isometric of . . . . . . . . trees.,AVL,AA,2-3,Red-Black,D,,medium,"web:Examveda.com https://www.examveda.com/data-structure/practice-mcq-question-on-advanced-trees-(avl,-redblack,-btrees)/?page=9",
Data Structures,"advanced trees (avl, redblack, btrees)",Which of the following data clustering algorithm uses suffix tree in search engines?,Weiner's algorithm,Farach's algorithm,Lempel - Ziv - Welch's algorithm,Suffix Tree Clustering,D,,medium,"web:Examveda.com https://www.examveda.com/data-structure/practice-mcq-question-on-advanced-trees-(avl,-redblack,-btrees)/?page=9",
Data Structures,"advanced trees (avl, redblack, btrees)",Efficiency of finding the next record in B+ tree is . . . . . . . .,O(n),O(log n),O(nlog n),O(1),D,,medium,"web:Examveda.com https://www.examveda.com/data-structure/practice-mcq-question-on-advanced-trees-(avl,-redblack,-btrees)/?page=9",
Data Structures,"advanced trees (avl, redblack, btrees)",Which of the following the BST is isometric with the 2-3 tree?,Splay tree,AA tree,Heap,Red - Black tree,B,,medium,"web:Examveda.com https://www.examveda.com/data-structure/practice-mcq-question-on-advanced-trees-(avl,-redblack,-btrees)/?page=9",
Data Structures,"advanced trees (avl, redblack, btrees)",What is a time complexity for finding all the tandem repeats?,Ɵ (n),Ɵ (n!),Ɵ (1),O (n log n + z),D,,medium,"web:Examveda.com https://www.examveda.com/data-structure/practice-mcq-question-on-advanced-trees-(avl,-redblack,-btrees)/?page=9",
Data Structures,"advanced trees (avl, redblack, btrees)",2-3 tree is a specific form of . . . . . . . .,B - tree,B+ - tree,AVL tree,Heap,A,,medium,"web:Examveda.com https://www.examveda.com/data-structure/practice-mcq-question-on-advanced-trees-(avl,-redblack,-btrees)/?page=9",
Data Structures,"advanced trees (avl, redblack, btrees)",How much space does construction of suffix tree takes?,O (log M),Exponential to Length of Tree,O (M!),Linear to Length of Tree,D,,medium,"web:Examveda.com https://www.examveda.com/data-structure/practice-mcq-question-on-advanced-trees-(avl,-redblack,-btrees)/?page=10",
Data Structures,"advanced trees (avl, redblack, btrees)",Which of the following is not true about the 2-3 tree?,all leaves are at the same level,it is perfectly balanced,postorder traversal yields elements in sorted order,it is B-tree of order 3,C,,medium,"web:Examveda.com https://www.examveda.com/data-structure/practice-mcq-question-on-advanced-trees-(avl,-redblack,-btrees)/?page=10",
Data Structures,"advanced trees (avl, redblack, btrees)",Which of the following is not true?,Trie requires less storage space than hashing,Trie allows listing of all the words with same prefix,Tries are collision free,Trie is also known as prefix tree,A,,medium,"web:Examveda.com https://www.examveda.com/data-structure/practice-mcq-question-on-advanced-trees-(avl,-redblack,-btrees)/?page=10",
Data Structures,"advanced trees (avl, redblack, btrees)",What is a time complexity for finding all the maximal palindrome in a string?,Ɵ (n),Ɵ (n!),Ɵ (1),O (log n!),A,,medium,"web:Examveda.com https://www.examveda.com/data-structure/practice-mcq-question-on-advanced-trees-(avl,-redblack,-btrees)/?page=10",
Data Structures,"advanced trees (avl, redblack, btrees)",What is a time complexity for checking a string of length n is substring or not?,O (log n!),O (n!),O (n2),O (n),D,,medium,"web:Examveda.com https://www.examveda.com/data-structure/practice-mcq-question-on-advanced-trees-(avl,-redblack,-btrees)/?page=10",
Data Structures,"graph algorithms (dfs, bfs, dijkstras, etc)",Which algorithm is used to find the shortest path from a source node to all other nodes in a graph with non-negative weights?,Breadth-First Search (BFS),Depth-First Search (DFS),Bellman-Ford Algorithm,Dijkstra's Algorithm,D,,medium,"web:Examveda.com https://www.examveda.com/data-structure/practice-mcq-question-on-graph-algorithms-(dfs,-bfs,-dijkstras,-etc)/",
Data Structures,"graph algorithms (dfs, bfs, dijkstras, etc)",What is the time complexity of Breadth-First Search (BFS) on a graph with V vertices and E edges?,O(V + E),O(V2),O(E log V),O(V log V),A,,medium,"web:Examveda.com https://www.examveda.com/data-structure/practice-mcq-question-on-graph-algorithms-(dfs,-bfs,-dijkstras,-etc)/",
Data Structures,"graph algorithms (dfs, bfs, dijkstras, etc)","In Depth-First Search (DFS), what is the order of visiting nodes?",Level order,Inorder,Postorder,Preorder,D,,medium,"web:Examveda.com https://www.examveda.com/data-structure/practice-mcq-question-on-graph-algorithms-(dfs,-bfs,-dijkstras,-etc)/",
Data Structures,"graph algorithms (dfs, bfs, dijkstras, etc)",Which algorithm can be used to detect negative weight cycles in a graph?,Dijkstra's Algorithm,Prim's Algorithm,Bellman-Ford Algorithm,Kruskal's Algorithm,C,,medium,"web:Examveda.com https://www.examveda.com/data-structure/practice-mcq-question-on-graph-algorithms-(dfs,-bfs,-dijkstras,-etc)/",
Data Structures,"graph algorithms (dfs, bfs, dijkstras, etc)",What data structure is commonly used to implement BFS?,Linked List,Priority Queue,Queue,Stack,C,,medium,"web:Examveda.com https://www.examveda.com/data-structure/practice-mcq-question-on-graph-algorithms-(dfs,-bfs,-dijkstras,-etc)/",
Data Structures,"graph algorithms (dfs, bfs, dijkstras, etc)",Which of the following is not a property of Dijkstra's algorithm?,It finds the shortest path from a single source.,It works efficiently with a priority queue.,It requires a graph to be connected.,It can handle negative weight edges.,D,,medium,"web:Examveda.com https://www.examveda.com/data-structure/practice-mcq-question-on-graph-algorithms-(dfs,-bfs,-dijkstras,-etc)/",
Data Structures,"graph algorithms (dfs, bfs, dijkstras, etc)",What type of graph traversal does Depth-First Search (DFS) utilize?,Recursive,Iterative,Level-by-level,Random,A,,medium,"web:Examveda.com https://www.examveda.com/data-structure/practice-mcq-question-on-graph-algorithms-(dfs,-bfs,-dijkstras,-etc)/",
Data Structures,"graph algorithms (dfs, bfs, dijkstras, etc)",In which of the following scenarios is the Bellman-Ford algorithm preferred over Dijkstra's algorithm?,When all edge weights are positive.,When the graph is a complete graph.,When the graph is dense.,When there are negative weight edges in the graph.,D,,medium,"web:Examveda.com https://www.examveda.com/data-structure/practice-mcq-question-on-graph-algorithms-(dfs,-bfs,-dijkstras,-etc)/",
Data Structures,"graph algorithms (dfs, bfs, dijkstras, etc)",What is the time complexity of Dijkstra's algorithm using a binary heap priority queue?,O(V2),O(V log E),O((V + E) log V),O(E log V),C,,medium,"web:Examveda.com https://www.examveda.com/data-structure/practice-mcq-question-on-graph-algorithms-(dfs,-bfs,-dijkstras,-etc)/",
Data Structures,"graph algorithms (dfs, bfs, dijkstras, etc)",Which traversal algorithm uses a stack as its primary data structure?,Bellman-Ford Algorithm,Dijkstra's Algorithm,Depth-First Search (DFS),Breadth-First Search (BFS),C,,medium,"web:Examveda.com https://www.examveda.com/data-structure/practice-mcq-question-on-graph-algorithms-(dfs,-bfs,-dijkstras,-etc)/?page=2",
Data Structures,"graph algorithms (dfs, bfs, dijkstras, etc)","In BFS, how do you keep track of the nodes to be visited?",Using a stack,Using a priority queue,Using a set,Using a queue,D,,medium,"web:Examveda.com https://www.examveda.com/data-structure/practice-mcq-question-on-graph-algorithms-(dfs,-bfs,-dijkstras,-etc)/?page=2",
Data Structures,"graph algorithms (dfs, bfs, dijkstras, etc)",What is the role of the 'parent' array in the implementation of Dijkstra's algorithm?,To store the previous node for each node.,To store the current distance from the source.,To mark visited nodes.,To track the minimum distance.,A,,medium,"web:Examveda.com https://www.examveda.com/data-structure/practice-mcq-question-on-graph-algorithms-(dfs,-bfs,-dijkstras,-etc)/?page=2",
Data Structures,"graph algorithms (dfs, bfs, dijkstras, etc)",In which case is the BFS traversal algorithm particularly useful?,Finding the maximum flow in a network.,Checking if a graph is connected.,Finding the shortest path in a weighted graph.,Finding the shortest path in an unweighted graph.,D,,medium,"web:Examveda.com https://www.examveda.com/data-structure/practice-mcq-question-on-graph-algorithms-(dfs,-bfs,-dijkstras,-etc)/?page=2",
Data Structures,"graph algorithms (dfs, bfs, dijkstras, etc)",What is the primary use of the Depth-First Search (DFS) algorithm in graph theory?,To explore all reachable vertices from a given source node.,To find the shortest path in a weighted graph.,To detect cycles in a graph.,To perform level-order traversal.,C,,medium,"web:Examveda.com https://www.examveda.com/data-structure/practice-mcq-question-on-graph-algorithms-(dfs,-bfs,-dijkstras,-etc)/?page=2",
Data Structures,"graph algorithms (dfs, bfs, dijkstras, etc)",What is the space complexity of storing an adjacency matrix for a graph with V vertices?,O(E),O(V log V),O(V2),O(V + E),C,,medium,"web:Examveda.com https://www.examveda.com/data-structure/practice-mcq-question-on-graph-algorithms-(dfs,-bfs,-dijkstras,-etc)/?page=2",
Data Structures,"graph algorithms (dfs, bfs, dijkstras, etc)",Which of the following algorithms can be used to find the Minimum Spanning Tree (MST) of a graph?,Dijkstra's Algorithm,Depth-First Search (DFS),Bellman-Ford Algorithm,Prim's Algorithm and Kruskal's Algorithm,D,,medium,"web:Examveda.com https://www.examveda.com/data-structure/practice-mcq-question-on-graph-algorithms-(dfs,-bfs,-dijkstras,-etc)/?page=2",
Data Structures,"graph algorithms (dfs, bfs, dijkstras, etc)",What is the primary characteristic of a graph traversal algorithm like BFS or DFS?,It detects cycles in a graph.,It finds the minimum spanning tree.,It visits all nodes in a specific order.,It calculates the shortest path.,C,,medium,"web:Examveda.com https://www.examveda.com/data-structure/practice-mcq-question-on-graph-algorithms-(dfs,-bfs,-dijkstras,-etc)/?page=2",
Data Structures,"graph algorithms (dfs, bfs, dijkstras, etc)",How does the time complexity of Dijkstra's algorithm change when using a Fibonacci heap?,It becomes O(V2),It becomes O(V log V),It becomes O(E log V),It becomes O(E + V log V),D,,medium,"web:Examveda.com https://www.examveda.com/data-structure/practice-mcq-question-on-graph-algorithms-(dfs,-bfs,-dijkstras,-etc)/?page=3",
Data Structures,"graph algorithms (dfs, bfs, dijkstras, etc)","In a weighted graph, which algorithm is suitable for finding the shortest path from a single source to a specific target node?",Dijkstra's Algorithm,Breadth-First Search (BFS),Bellman-Ford Algorithm,Depth-First Search (DFS),A,,medium,"web:Examveda.com https://www.examveda.com/data-structure/practice-mcq-question-on-graph-algorithms-(dfs,-bfs,-dijkstras,-etc)/?page=3",
Data Structures,"graph algorithms (dfs, bfs, dijkstras, etc)",What is a primary use case for Depth-First Search (DFS)?,To find the minimum spanning tree.,To find the shortest path in a weighted graph.,To find a path between two nodes.,To check the connectivity of a graph.,D,,medium,"web:Examveda.com https://www.examveda.com/data-structure/practice-mcq-question-on-graph-algorithms-(dfs,-bfs,-dijkstras,-etc)/?page=3",
Data Structures,"graph algorithms (dfs, bfs, dijkstras, etc)",Which of the following algorithms is best suited for finding the shortest path in a graph with negative edge weights?,Dijkstra's Algorithm,Floyd-Warshall Algorithm,Bellman-Ford Algorithm,A* Algorithm,C,,medium,"web:Examveda.com https://www.examveda.com/data-structure/practice-mcq-question-on-graph-algorithms-(dfs,-bfs,-dijkstras,-etc)/?page=3",
Data Structures,"graph algorithms (dfs, bfs, dijkstras, etc)",Which traversal algorithm is guaranteed to visit all nodes at least once?,Neither BFS nor DFS,Depth-First Search (DFS),Both BFS and DFS,Breadth-First Search (BFS),C,,medium,"web:Examveda.com https://www.examveda.com/data-structure/practice-mcq-question-on-graph-algorithms-(dfs,-bfs,-dijkstras,-etc)/?page=3",
Data Structures,"graph algorithms (dfs, bfs, dijkstras, etc)",What is the purpose of the 'distance' array in Dijkstra's algorithm?,To store the order of node visits.,To track the number of edges.,To store the parent nodes for each node.,To store the shortest distance from the source to each node.,D,,medium,"web:Examveda.com https://www.examveda.com/data-structure/practice-mcq-question-on-graph-algorithms-(dfs,-bfs,-dijkstras,-etc)/?page=3",
Data Structures,"graph algorithms (dfs, bfs, dijkstras, etc)",In which case is the Floyd-Warshall algorithm preferred?,When finding shortest paths between all pairs of nodes.,When finding the shortest path from a single source.,When the graph is sparse.,When edge weights are all positive.,A,,medium,"web:Examveda.com https://www.examveda.com/data-structure/practice-mcq-question-on-graph-algorithms-(dfs,-bfs,-dijkstras,-etc)/?page=3",
Data Structures,"graph algorithms (dfs, bfs, dijkstras, etc)",What is a common use case of the Bellman-Ford algorithm?,To detect cycles in undirected graphs.,To find the minimum spanning tree.,To find the shortest path in graphs with positive weights only.,To find the shortest path in graphs with negative weights.,D,,medium,"web:Examveda.com https://www.examveda.com/data-structure/practice-mcq-question-on-graph-algorithms-(dfs,-bfs,-dijkstras,-etc)/?page=3",
Data Structures,"graph algorithms (dfs, bfs, dijkstras, etc)",How does the BFS algorithm ensure that the shortest path is found in an unweighted graph?,By exploring nodes as deeply as possible.,By randomly visiting nodes.,By exploring all nodes at the current level before moving to the next level.,By following the shortest edge.,C,,medium,"web:Examveda.com https://www.examveda.com/data-structure/practice-mcq-question-on-graph-algorithms-(dfs,-bfs,-dijkstras,-etc)/?page=3",
Data Structures,"graph algorithms (dfs, bfs, dijkstras, etc)",What type of graph does the DFS algorithm explore in a systematic manner?,Directed and undirected graphs,Only undirected graphs,Only directed graphs,Only weighted graphs,A,,medium,"web:Examveda.com https://www.examveda.com/data-structure/practice-mcq-question-on-graph-algorithms-(dfs,-bfs,-dijkstras,-etc)/?page=4",
Data Structures,"graph algorithms (dfs, bfs, dijkstras, etc)",What is the time complexity of BFS when implemented using an adjacency list?,O(V log V),O(E log V),O(V2),O(V + E),D,,medium,"web:Examveda.com https://www.examveda.com/data-structure/practice-mcq-question-on-graph-algorithms-(dfs,-bfs,-dijkstras,-etc)/?page=4",
Data Structures,"graph algorithms (dfs, bfs, dijkstras, etc)",Which algorithm is suitable for finding the shortest path in a graph with varying weights?,Prim's Algorithm,Depth-First Search (DFS),Dijkstra's Algorithm,Kruskal's Algorithm,C,,medium,"web:Examveda.com https://www.examveda.com/data-structure/practice-mcq-question-on-graph-algorithms-(dfs,-bfs,-dijkstras,-etc)/?page=4",
Data Structures,"graph algorithms (dfs, bfs, dijkstras, etc)","What does the term ""back edge"" refer to in DFS?",An edge that causes a cycle in the graph.,An edge that connects two nodes in the same level.,An edge that connects a node to its ancestor in the DFS tree.,An edge that connects a node to a descendant in the DFS tree.,C,,medium,"web:Examveda.com https://www.examveda.com/data-structure/practice-mcq-question-on-graph-algorithms-(dfs,-bfs,-dijkstras,-etc)/?page=4",
Data Structures,"graph algorithms (dfs, bfs, dijkstras, etc)",How does the Bellman-Ford algorithm handle negative edge weights?,It ignores them.,It transforms negative weights into positive weights.,It cannot handle them.,It can handle them and detect negative weight cycles.,D,,medium,"web:Examveda.com https://www.examveda.com/data-structure/practice-mcq-question-on-graph-algorithms-(dfs,-bfs,-dijkstras,-etc)/?page=4",
Data Structures,"graph algorithms (dfs, bfs, dijkstras, etc)","In which graph representation is it more efficient to perform BFS, an adjacency matrix or an adjacency list?",Adjacency list,Adjacency matrix,Both are equally efficient.,It depends on the graph density.,A,,medium,"web:Examveda.com https://www.examveda.com/data-structure/practice-mcq-question-on-graph-algorithms-(dfs,-bfs,-dijkstras,-etc)/?page=4",
Data Structures,"graph algorithms (dfs, bfs, dijkstras, etc)",Which algorithm is used to find the longest path in a Directed Acyclic Graph (DAG)?,Depth-First Search (DFS),BFS,Dijkstra's Algorithm,Dynamic Programming,D,,medium,"web:Examveda.com https://www.examveda.com/data-structure/practice-mcq-question-on-graph-algorithms-(dfs,-bfs,-dijkstras,-etc)/?page=4",
Data Structures,"graph algorithms (dfs, bfs, dijkstras, etc)",What is the key property of a Red-Black tree that helps in balancing the tree during insertions and deletions?,All nodes are red.,The tree is always perfectly balanced.,Every path from the root to a leaf has the same number of black nodes.,Nodes can only have two children.,C,,medium,"web:Examveda.com https://www.examveda.com/data-structure/practice-mcq-question-on-graph-algorithms-(dfs,-bfs,-dijkstras,-etc)/?page=4",
Data Structures,"graph algorithms (dfs, bfs, dijkstras, etc)",How is the time complexity of BFS affected when the graph is represented using an adjacency matrix?,It becomes O(V log V).,It becomes O(E log V).,It remains O(V2).,It becomes O(V + E).,C,,medium,"web:Examveda.com https://www.examveda.com/data-structure/practice-mcq-question-on-graph-algorithms-(dfs,-bfs,-dijkstras,-etc)/?page=5",
Data Structures,"graph algorithms (dfs, bfs, dijkstras, etc)",Which of the following properties is essential for the efficient implementation of Dijkstra's algorithm?,An adjacency matrix for fast access.,A stack to keep track of visited nodes.,A hash table for node storage.,A priority queue or min-heap to extract the minimum distance.,D,,medium,"web:Examveda.com https://www.examveda.com/data-structure/practice-mcq-question-on-graph-algorithms-(dfs,-bfs,-dijkstras,-etc)/?page=5",
Data Structures,"graph algorithms (dfs, bfs, dijkstras, etc)","In a graph with weights, which algorithm helps in constructing a Minimum Spanning Tree (MST)?",Prim's Algorithm or Kruskal's Algorithm,Dijkstra's Algorithm,Bellman-Ford Algorithm,Floyd-Warshall Algorithm,A,,medium,"web:Examveda.com https://www.examveda.com/data-structure/practice-mcq-question-on-graph-algorithms-(dfs,-bfs,-dijkstras,-etc)/?page=5",
Data Structures,"graph algorithms (dfs, bfs, dijkstras, etc)",Which traversal algorithm can be used to check if a graph is bipartite?,Neither BFS nor DFS,DFS,BFS,Both BFS and DFS,D,,medium,"web:Examveda.com https://www.examveda.com/data-structure/practice-mcq-question-on-graph-algorithms-(dfs,-bfs,-dijkstras,-etc)/?page=5",
Data Structures,"graph algorithms (dfs, bfs, dijkstras, etc)",What is a characteristic feature of a Biconnected Graph?,It has exactly two connected components.,It has no cycles.,It remains connected even after removing any single vertex.,It contains multiple paths between nodes.,C,,medium,"web:Examveda.com https://www.examveda.com/data-structure/practice-mcq-question-on-graph-algorithms-(dfs,-bfs,-dijkstras,-etc)/?page=5",
Data Structures,"graph algorithms (dfs, bfs, dijkstras, etc)",Prim's algorithm can be efficiently implemented using . . . . . . . . for graphs with greater density.,d-ary heap,linear search,fibonacci heap,binary search,A,,medium,"web:Examveda.com https://www.examveda.com/data-structure/practice-mcq-question-on-graph-algorithms-(dfs,-bfs,-dijkstras,-etc)/?page=5",
Data Structures,"graph algorithms (dfs, bfs, dijkstras, etc)",Which of the following is the most commonly used data structure for implementing Dijkstra's Algorithm?,Max priority queue,Stack,Circular queue,Min priority queue,D,,medium,"web:Examveda.com https://www.examveda.com/data-structure/practice-mcq-question-on-graph-algorithms-(dfs,-bfs,-dijkstras,-etc)/?page=5",
Data Structures,"graph algorithms (dfs, bfs, dijkstras, etc)","Time Complexity of DFS is? (V - number of vertices, E - number of edges)",O(V + E),O(V),O(E),O(V*E),A,,medium,"web:Examveda.com https://www.examveda.com/data-structure/practice-mcq-question-on-graph-algorithms-(dfs,-bfs,-dijkstras,-etc)/?page=5",
Data Structures,"graph algorithms (dfs, bfs, dijkstras, etc)",Who proposed the modern formulation of Floyd-Warshall Algorithm as three nested loops?,Robert Floyd,Stephen Warshall,Bernard Roy,Peter Ingerman,D,,medium,"web:Examveda.com https://www.examveda.com/data-structure/practice-mcq-question-on-graph-algorithms-(dfs,-bfs,-dijkstras,-etc)/?page=5",
Data Structures,"graph algorithms (dfs, bfs, dijkstras, etc)",Which of the following branch and bound strategy leads to breadth first search?,LIFO branch and bound,FIFO branch and bound,Lowest cost branch and bound,Highest cost branch and bound,B,,medium,"web:Examveda.com https://www.examveda.com/data-structure/practice-mcq-question-on-graph-algorithms-(dfs,-bfs,-dijkstras,-etc)/?page=5",
Data Structures,"graph algorithms (dfs, bfs, dijkstras, etc)",Which data structure is most suitable for implementing best first branch and bound strategy?,stack,queue,priority queue,linked list,C,,medium,"web:Examveda.com https://www.examveda.com/data-structure/practice-mcq-question-on-graph-algorithms-(dfs,-bfs,-dijkstras,-etc)/?page=6",
Data Structures,"graph algorithms (dfs, bfs, dijkstras, etc)","In BFS, how many times a node is visited?",Once,Twice,Equivalent to number of indegree of the node,Thrice,C,,medium,"web:Examveda.com https://www.examveda.com/data-structure/practice-mcq-question-on-graph-algorithms-(dfs,-bfs,-dijkstras,-etc)/?page=6",
Data Structures,"graph algorithms (dfs, bfs, dijkstras, etc)","Consider the graph M with 3 vertices. Its adjacency matrix is shown below. Which of the following is true? 
\[{\text{M}} = \left[ {\begin{array}{*{20}{c}}
 0&1&1 \\ 
 1&0&1 \\ 
 1&1&0 
\end{array}} \right]\]",Graph M has no minimum spanning tree,Graph M has a unique minimum spanning trees of cost 2,"Graph M has 3 distinct minimum spanning trees, each of cost 2",Graph M has 3 spanning trees of different costs,C,,medium,"web:Examveda.com https://www.examveda.com/data-structure/practice-mcq-question-on-graph-algorithms-(dfs,-bfs,-dijkstras,-etc)/?page=6",
Data Structures,"graph algorithms (dfs, bfs, dijkstras, etc)",Which of the following is not a branch and bound strategy to generate branches?,LIFO branch and bound,FIFO branch and bound,Lowest cost branch and bound,Highest cost branch and bound,D,,medium,"web:Examveda.com https://www.examveda.com/data-structure/practice-mcq-question-on-graph-algorithms-(dfs,-bfs,-dijkstras,-etc)/?page=6",
Data Structures,"graph algorithms (dfs, bfs, dijkstras, etc)","Complete the program. 
n=rows[W]
D(0)=W
for k=1 to n
 do for i=1 to n
 do for j=1 to n
 do ___________ return D(n)","dij(k)=min(dij(k-1), dik(k-1) - dkj(k-1))","dij(k)=max(dij(k-1), dik(k-1) - dkj(k-1))","dij(k)=min(dij(k-1), dik(k-1) + dkj(k-1))","dij(k)=max(dij(k-1), dik(k-1) + dkj(k-1))",C,,medium,"web:Examveda.com https://www.examveda.com/data-structure/practice-mcq-question-on-graph-algorithms-(dfs,-bfs,-dijkstras,-etc)/?page=6",
Data Structures,"graph algorithms (dfs, bfs, dijkstras, etc)",What approach is being followed in Floyd Warshall Algorithm?,Linear Programming,Backtracking,Greedy technique,Dynamic Programming,D,,medium,"web:Examveda.com https://www.examveda.com/data-structure/practice-mcq-question-on-graph-algorithms-(dfs,-bfs,-dijkstras,-etc)/?page=6",
Data Structures,"graph algorithms (dfs, bfs, dijkstras, etc)",What is the basic principle behind Bellmann Ford Algorithm?,Interpolation,Extrapolation,Regression,Relaxation,D,,medium,"web:Examveda.com https://www.examveda.com/data-structure/practice-mcq-question-on-graph-algorithms-(dfs,-bfs,-dijkstras,-etc)/?page=6",
Data Structures,"graph algorithms (dfs, bfs, dijkstras, etc)",Which of the following is not the algorithm to find the minimum spanning tree of the given graph?,Boruvka's algorithm,Prim's algorithm,Kruskal's algorithm,Bellman-Ford algorithm,D,,medium,"web:Examveda.com https://www.examveda.com/data-structure/practice-mcq-question-on-graph-algorithms-(dfs,-bfs,-dijkstras,-etc)/?page=6",
Data Structures,"graph algorithms (dfs, bfs, dijkstras, etc)",Bellmann ford algorithm provides solution for . . . . . . . . problems.,All pair shortest path,Sorting,Network flow,Single source shortest path,D,,medium,"web:Examveda.com https://www.examveda.com/data-structure/practice-mcq-question-on-graph-algorithms-(dfs,-bfs,-dijkstras,-etc)/?page=7",
Data Structures,"graph algorithms (dfs, bfs, dijkstras, etc)",Floyd Warshall's Algorithm is used for solving . . . . . . . .,All pair shortest path problems,Single Source shortest path problems,Network flow problems,Sorting problems,A,,medium,"web:Examveda.com https://www.examveda.com/data-structure/practice-mcq-question-on-graph-algorithms-(dfs,-bfs,-dijkstras,-etc)/?page=7",
Data Structures,"graph algorithms (dfs, bfs, dijkstras, etc)",Which algorithm is used to find the least cost path from source node to destination node?,A* BFS,C* BFS,D* BFS,B* BFS,D,,medium,"web:Examveda.com https://www.examveda.com/data-structure/practice-mcq-question-on-graph-algorithms-(dfs,-bfs,-dijkstras,-etc)/?page=7",
Data Structures,"graph algorithms (dfs, bfs, dijkstras, etc)",When the Breadth First Search of a graph is unique?,When the graph is a Binary Tree,When the graph is a Linked List,When the graph is a n-ary Tree,When the graph is a Ternary Tree,B,,medium,"web:Examveda.com https://www.examveda.com/data-structure/practice-mcq-question-on-graph-algorithms-(dfs,-bfs,-dijkstras,-etc)/?page=7",
Data Structures,"graph algorithms (dfs, bfs, dijkstras, etc)",Which data structure is used for implementing a FIFO branch and bound strategy?,stack,queue,array,linked list,B,,medium,"web:Examveda.com https://www.examveda.com/data-structure/practice-mcq-question-on-graph-algorithms-(dfs,-bfs,-dijkstras,-etc)/?page=7",
Data Structures,"graph algorithms (dfs, bfs, dijkstras, etc)",Bellmann Ford algorithm was first proposed by . . . . . . . .,Richard Bellmann,Alfonso Shimbe,Lester Ford Jr,Edward F. Moore,B,,medium,"web:Examveda.com https://www.examveda.com/data-structure/practice-mcq-question-on-graph-algorithms-(dfs,-bfs,-dijkstras,-etc)/?page=7",
Data Structures,"graph algorithms (dfs, bfs, dijkstras, etc)",Depth First Search is equivalent to which of the traversal in the Binary Trees?,Pre-order Traversal,Post-order Traversal,Level-order Traversal,In-order Traversal,A,,medium,"web:Examveda.com https://www.examveda.com/data-structure/practice-mcq-question-on-graph-algorithms-(dfs,-bfs,-dijkstras,-etc)/?page=7",
Data Structures,"graph algorithms (dfs, bfs, dijkstras, etc)",Choose the incorrect statement about DFS and BFS from the following?,BFS is equivalent to level order traversal in trees,DFS is equivalent to post order traversal in trees,DFS and BFS code has the same time complexity,BFS is implemented using queue,B,,medium,"web:Examveda.com https://www.examveda.com/data-structure/practice-mcq-question-on-graph-algorithms-(dfs,-bfs,-dijkstras,-etc)/?page=7",
Data Structures,"graph algorithms (dfs, bfs, dijkstras, etc)",Which of the following can traverse the state space tree only in DFS manner?,branch and bound,dynamic programming,greedy algorithm,backtracking,D,,medium,"web:Examveda.com https://www.examveda.com/data-structure/practice-mcq-question-on-graph-algorithms-(dfs,-bfs,-dijkstras,-etc)/?page=7",
Data Structures,"graph algorithms (dfs, bfs, dijkstras, etc)",What is the running time of Bellmann Ford Algorithm?,O(V),O(V2),O(ElogV),O(VE),D,,medium,"web:Examveda.com https://www.examveda.com/data-structure/practice-mcq-question-on-graph-algorithms-(dfs,-bfs,-dijkstras,-etc)/?page=8",
Data Structures,"graph algorithms (dfs, bfs, dijkstras, etc)",Dijkstra's Algorithm cannot be applied on . . . . . . . .,Directed and weighted graphs,Graphs having negative weight function,Unweighted graphs,Undirected and unweighted graphs,B,,medium,"web:Examveda.com https://www.examveda.com/data-structure/practice-mcq-question-on-graph-algorithms-(dfs,-bfs,-dijkstras,-etc)/?page=8",
Data Structures,"graph algorithms (dfs, bfs, dijkstras, etc)",The maximum number of times the decrease key operation performed in Dijkstra's algorithm will be equal to . . . . . . . .,Total number of vertices,Total number of edges,Number of vertices - 1,Number of edges - 1,B,,medium,"web:Examveda.com https://www.examveda.com/data-structure/practice-mcq-question-on-graph-algorithms-(dfs,-bfs,-dijkstras,-etc)/?page=8",
Data Structures,"graph algorithms (dfs, bfs, dijkstras, etc)",What is the formula to compute the transitive closure of a graph?,tij(k) = tij(k-1) AND (tik(k-1) OR tkj(k-1)),tij(k) = tij(k-1) OR (tik(k-1) AND tkj(k-1)),tij(k) = tij(k-1) AND (tik(k-1) AND tkj(k-1)),tij(k) = tij(k-1) OR (tik(k-1) OR tkj(k-1)),B,,medium,"web:Examveda.com https://www.examveda.com/data-structure/practice-mcq-question-on-graph-algorithms-(dfs,-bfs,-dijkstras,-etc)/?page=8",
Data Structures,"graph algorithms (dfs, bfs, dijkstras, etc)",A graph is said to have a negative weight cycle when?,The graph has 1 negative weighted edge,The graph has a cycle,The total weight of the graph is negative,The graph has 1 or more negative weighted edges,C,,medium,"web:Examveda.com https://www.examveda.com/data-structure/practice-mcq-question-on-graph-algorithms-(dfs,-bfs,-dijkstras,-etc)/?page=8",
Data Structures,"graph algorithms (dfs, bfs, dijkstras, etc)",When the Depth First Search of a graph is unique?,When the graph is a Binary Tree,When the graph is a Linked List,When the graph is a n-ary Tree,When the graph is a ternary Tree,B,,medium,"web:Examveda.com https://www.examveda.com/data-structure/practice-mcq-question-on-graph-algorithms-(dfs,-bfs,-dijkstras,-etc)/?page=8",
Data Structures,"graph algorithms (dfs, bfs, dijkstras, etc)",How many times the for loop in the Bellmann Ford Algorithm gets executed?,V times,V-1,E,E-1,B,,medium,"web:Examveda.com https://www.examveda.com/data-structure/practice-mcq-question-on-graph-algorithms-(dfs,-bfs,-dijkstras,-etc)/?page=8",
Data Structures,"graph algorithms (dfs, bfs, dijkstras, etc)",How many priority queue operations are involved in Dijkstra's Algorithm?,1,3,2,4,B,,medium,"web:Examveda.com https://www.examveda.com/data-structure/practice-mcq-question-on-graph-algorithms-(dfs,-bfs,-dijkstras,-etc)/?page=8",
Data Structures,"graph algorithms (dfs, bfs, dijkstras, etc)",The travelling salesman problem can be solved using . . . . . . . .,A spanning tree,A minimum spanning tree,Bellman - Ford algorithm,DFS traversal,B,,medium,"web:Examveda.com https://www.examveda.com/data-structure/practice-mcq-question-on-graph-algorithms-(dfs,-bfs,-dijkstras,-etc)/?page=8",
Data Structures,"graph algorithms (dfs, bfs, dijkstras, etc)",Which of the following is not an application of Breadth First Search?,Finding shortest path between two nodes,Finding bipartiteness of a graph,GPS navigation system,Path Finding,D,,medium,"web:Examveda.com https://www.examveda.com/data-structure/practice-mcq-question-on-graph-algorithms-(dfs,-bfs,-dijkstras,-etc)/?page=9",
Data Structures,"graph algorithms (dfs, bfs, dijkstras, etc)",Which is the correct technique for finding a maximum matching in a graph?,BFS traversal,DFS traversal,Shortest path traversal,Heap order traversal,A,,medium,"web:Examveda.com https://www.examveda.com/data-structure/practice-mcq-question-on-graph-algorithms-(dfs,-bfs,-dijkstras,-etc)/?page=9",
Data Structures,"graph algorithms (dfs, bfs, dijkstras, etc)",Which type of best first search algorithm was used to predict the closeness of the end of path and its solution?,Greedy BFS,Divide and Conquer,Heuristic BFS,Combinatorial,A,,medium,"web:Examveda.com https://www.examveda.com/data-structure/practice-mcq-question-on-graph-algorithms-(dfs,-bfs,-dijkstras,-etc)/?page=9",
Data Structures,"graph algorithms (dfs, bfs, dijkstras, etc)","In the given graph, identify the shortest path having minimum cost to reach vertex E if A is the source vertex.",a-b-e,a-c-e,a-c-d-e,a-c-d-b-e,B,,medium,"web:Examveda.com https://www.examveda.com/data-structure/practice-mcq-question-on-graph-algorithms-(dfs,-bfs,-dijkstras,-etc)/?page=9",
Data Structures,"graph algorithms (dfs, bfs, dijkstras, etc)",Which of the following is not an application of Depth First Search?,For generating topological sort of a graph,For generating Strongly Connected Components of a directed graph,Detecting cycles in the graph,Peer to Peer Networks,D,,medium,"web:Examveda.com https://www.examveda.com/data-structure/practice-mcq-question-on-graph-algorithms-(dfs,-bfs,-dijkstras,-etc)/?page=9",
Data Structures,"graph algorithms (dfs, bfs, dijkstras, etc)",The Data structure used in standard implementation of Breadth First Search is?,Stack,Queue,Linked List,Tree,A,,medium,"web:Examveda.com https://www.examveda.com/data-structure/practice-mcq-question-on-graph-algorithms-(dfs,-bfs,-dijkstras,-etc)/?page=9",
Data Structures,"graph algorithms (dfs, bfs, dijkstras, etc)",Floyd Warshall Algorithm can be used for finding . . . . . . . .,Transitive closure,Minimum spanning tree,Topological sort,Single source shortest path,A,,medium,"web:Examveda.com https://www.examveda.com/data-structure/practice-mcq-question-on-graph-algorithms-(dfs,-bfs,-dijkstras,-etc)/?page=9",
Data Structures,"graph algorithms (dfs, bfs, dijkstras, etc)","Consider the following graph. Using Kruskal's algorithm, which edge will be selected first?",GF,DE,BE,BG,C,,medium,"web:Examveda.com https://www.examveda.com/data-structure/practice-mcq-question-on-graph-algorithms-(dfs,-bfs,-dijkstras,-etc)/?page=9",
Data Structures,"graph algorithms (dfs, bfs, dijkstras, etc)",Dijkstra's Algorithm is used to solve . . . . . . . . problems.,Single source shortest path,All pair shortest path,Sorting,Network flow,A,,medium,"web:Examveda.com https://www.examveda.com/data-structure/practice-mcq-question-on-graph-algorithms-(dfs,-bfs,-dijkstras,-etc)/?page=10",
Data Structures,"graph algorithms (dfs, bfs, dijkstras, etc)",What will be the result of depth first traversal in the following tree?,4 2 5 1 3,1 2 4 5 3,4 5 2 3 1,1 2 3 4 5,B,,medium,"web:Examveda.com https://www.examveda.com/data-structure/practice-mcq-question-on-graph-algorithms-(dfs,-bfs,-dijkstras,-etc)/?page=10",
Data Structures,"graph algorithms (dfs, bfs, dijkstras, etc)",Which data structure is used for implementing a LIFO branch and bound strategy?,stack,queue,array,linked list,A,,medium,"web:Examveda.com https://www.examveda.com/data-structure/practice-mcq-question-on-graph-algorithms-(dfs,-bfs,-dijkstras,-etc)/?page=10",
Data Structures,"graph algorithms (dfs, bfs, dijkstras, etc)","In the given graph, what is the minimum cost to travel from vertex 1 to vertex 3?",3,2,10,-3,D,,medium,"web:Examveda.com https://www.examveda.com/data-structure/practice-mcq-question-on-graph-algorithms-(dfs,-bfs,-dijkstras,-etc)/?page=10",
Data Structures,"graph algorithms (dfs, bfs, dijkstras, etc)",What is the space complexity of standard DFS(V: no. of vertices E: no. of edges)?,O(V+E),O(V),O(E),O(V*E),B,,medium,"web:Examveda.com https://www.examveda.com/data-structure/practice-mcq-question-on-graph-algorithms-(dfs,-bfs,-dijkstras,-etc)/?page=10",
Data Structures,"graph algorithms (dfs, bfs, dijkstras, etc)",A person wants to visit some places. He starts from a vertex and then wants to visit every place connected to this vertex and so on. What algorithm he should use?,Depth First Search,Breadth First Search,Trim's algorithm,Kruskal's algorithm,B,,medium,"web:Examveda.com https://www.examveda.com/data-structure/practice-mcq-question-on-graph-algorithms-(dfs,-bfs,-dijkstras,-etc)/?page=10",
Data Structures,"graph algorithms (dfs, bfs, dijkstras, etc)",How many solution/solutions are available for a graph having negative weight cycle?,One solution,Two solutions,No solution,Infinite solutions,C,,medium,"web:Examveda.com https://www.examveda.com/data-structure/practice-mcq-question-on-graph-algorithms-(dfs,-bfs,-dijkstras,-etc)/?page=10",
Data Structures,"graph algorithms (dfs, bfs, dijkstras, etc)",Kruskal's algorithm is used to . . . . . . . .,find minimum spanning tree,find single source shortest path,find all pair shortest path algorithm,traverse the graph,A,,medium,"web:Examveda.com https://www.examveda.com/data-structure/practice-mcq-question-on-graph-algorithms-(dfs,-bfs,-dijkstras,-etc)/?page=10",
Data Structures,"graph algorithms (dfs, bfs, dijkstras, etc)",Which of the following is false about the Kruskal's algorithm?,It is a greedy algorithm,It constructs MST by selecting edges in increasing order of their weights,It can accept cycles in the MST,It uses union-find data structure,C,,medium,"web:Examveda.com https://www.examveda.com/data-structure/practice-mcq-question-on-graph-algorithms-(dfs,-bfs,-dijkstras,-etc)/?page=10",
Data Structures,dynamic programming in data structures,What is the main principle behind Dynamic Programming (DP)?,Recursion with memoization.,Greedy approach.,Divide and conquer.,Overlapping subproblems and optimal substructure.,D,,medium,web:Examveda.com https://www.examveda.com/data-structure/practice-mcq-question-on-dynamic-programming-in-data-structures/,
Data Structures,dynamic programming in data structures,Which of the following problems can be solved using Dynamic Programming?,Binary Search,Depth-First Search,Longest Common Subsequence,Quick Sort,C,,medium,web:Examveda.com https://www.examveda.com/data-structure/practice-mcq-question-on-dynamic-programming-in-data-structures/,
Data Structures,dynamic programming in data structures,"In the context of Dynamic Programming, what does the term ""memoization"" refer to?",Using a stack to manage function calls.,A method for dividing problems.,Storing intermediate results to avoid redundant calculations.,A technique to speed up sorting.,C,,medium,web:Examveda.com https://www.examveda.com/data-structure/practice-mcq-question-on-dynamic-programming-in-data-structures/,
Data Structures,dynamic programming in data structures,Which of the following is a classic example of a problem that uses Dynamic Programming for optimization?,Depth-First Search,Binary Search,Quick Sort,Knapsack Problem,D,,medium,web:Examveda.com https://www.examveda.com/data-structure/practice-mcq-question-on-dynamic-programming-in-data-structures/,
Data Structures,dynamic programming in data structures,"In Dynamic Programming, what does the term ""optimal substructure"" mean?",The solution to a problem can be constructed from the solutions to its subproblems.,The problem can be solved by dividing it into smaller problems.,The problem can be solved using greedy methods.,The problem can be solved using brute force.,A,,medium,web:Examveda.com https://www.examveda.com/data-structure/practice-mcq-question-on-dynamic-programming-in-data-structures/,
Data Structures,dynamic programming in data structures,What is the time complexity of the naive recursive solution for the Fibonacci sequence?,O(log n),O(n2),O(n),O(2n),D,,medium,web:Examveda.com https://www.examveda.com/data-structure/practice-mcq-question-on-dynamic-programming-in-data-structures/,
Data Structures,dynamic programming in data structures,How does Dynamic Programming differ from Greedy algorithms?,Greedy algorithms solve subproblems optimally.,DP is faster and uses less memory.,DP considers all possible solutions and builds up to the optimal solution.,Greedy algorithms always use recursion.,C,,medium,web:Examveda.com https://www.examveda.com/data-structure/practice-mcq-question-on-dynamic-programming-in-data-structures/,
Data Structures,dynamic programming in data structures,"In the Dynamic Programming approach, what is a ""state""?",A method for optimizing search.,A global variable used in recursion.,A representation of a subproblem solution.,A function that directly solves the problem.,C,,medium,web:Examveda.com https://www.examveda.com/data-structure/practice-mcq-question-on-dynamic-programming-in-data-structures/,
Data Structures,dynamic programming in data structures,Which of the following is not typically used in Dynamic Programming problems?,A table (array) to store subproblem results.,Recursion with memoization.,Iterative loops to build up solutions.,A stack,D,,medium,web:Examveda.com https://www.examveda.com/data-structure/practice-mcq-question-on-dynamic-programming-in-data-structures/?page=2,
Data Structures,dynamic programming in data structures,"In the context of the Knapsack problem, what does the term ""bounded knapsack"" refer to?",Each item can be included a limited number of times.,Each item can be included exactly once.,There are no restrictions on item inclusion.,The knapsack has a fixed size.,A,,medium,web:Examveda.com https://www.examveda.com/data-structure/practice-mcq-question-on-dynamic-programming-in-data-structures/?page=2,
Data Structures,dynamic programming in data structures,What is the primary benefit of using a Bottom-Up approach in Dynamic Programming?,It works only for linear problems.,It simplifies problem decomposition.,It uses more memory.,It avoids recursion and builds solutions iteratively.,D,,medium,web:Examveda.com https://www.examveda.com/data-structure/practice-mcq-question-on-dynamic-programming-in-data-structures/?page=2,
Data Structures,dynamic programming in data structures,"In the Dynamic Programming approach to the Longest Common Subsequence problem, what is typically used to store intermediate results?",A stack,A queue,A 2D array,A linked list,C,,medium,web:Examveda.com https://www.examveda.com/data-structure/practice-mcq-question-on-dynamic-programming-in-data-structures/?page=2,
Data Structures,dynamic programming in data structures,Which technique is used to solve overlapping subproblems in Dynamic Programming?,Greedy Approach,Sorting,Memoization,Binary Search,C,,medium,web:Examveda.com https://www.examveda.com/data-structure/practice-mcq-question-on-dynamic-programming-in-data-structures/?page=2,
Data Structures,dynamic programming in data structures,"In a Dynamic Programming solution, what does ""table"" refer to?",A method for sorting elements.,A technique for recursion.,A global variable for storing results.,A data structure used to store subproblem results.,D,,medium,web:Examveda.com https://www.examveda.com/data-structure/practice-mcq-question-on-dynamic-programming-in-data-structures/?page=2,
Data Structures,dynamic programming in data structures,What is the space complexity of a typical Dynamic Programming solution for the Longest Common Subsequence problem?,O(1),O(n log n),O(n2),O(n),C,,medium,web:Examveda.com https://www.examveda.com/data-structure/practice-mcq-question-on-dynamic-programming-in-data-structures/?page=2,
Data Structures,dynamic programming in data structures,In which approach does Dynamic Programming use recursion with memoization?,Bottom-Up Approach,Divide and Conquer,Greedy Approach,Top-Down Approach,D,,medium,web:Examveda.com https://www.examveda.com/data-structure/practice-mcq-question-on-dynamic-programming-in-data-structures/?page=2,
Data Structures,dynamic programming in data structures,What is the primary difference between Bottom-Up and Top-Down approaches in Dynamic Programming?,Bottom-Up builds the solution iteratively from base cases; Top-Down uses recursion with memoization.,Bottom-Up uses recursion; Top-Down builds solutions iteratively.,Bottom-Up is used for sorting; Top-Down is for searching.,There is no difference between them.,A,,medium,web:Examveda.com https://www.examveda.com/data-structure/practice-mcq-question-on-dynamic-programming-in-data-structures/?page=2,
Data Structures,dynamic programming in data structures,Which problem-solving technique is particularly effective for problems with optimal substructure?,Depth-First Search,Divide and Conquer,Greedy Algorithms,Dynamic Programming,D,,medium,web:Examveda.com https://www.examveda.com/data-structure/practice-mcq-question-on-dynamic-programming-in-data-structures/?page=3,
Data Structures,dynamic programming in data structures,"In the context of Dynamic Programming, what does ""redundant computations"" refer to?",Calculations performed once per problem.,Computations that use less memory.,Calculations of the same subproblem multiple times.,Computations that are done iteratively.,C,,medium,web:Examveda.com https://www.examveda.com/data-structure/practice-mcq-question-on-dynamic-programming-in-data-structures/?page=3,
Data Structures,dynamic programming in data structures,"What is the time complexity of the Dynamic Programming solution for the ""0/1 Knapsack Problem"" using a table?",O(n log W),O(W log W),O(nW),O(n2),C,,medium,web:Examveda.com https://www.examveda.com/data-structure/practice-mcq-question-on-dynamic-programming-in-data-structures/?page=3,
Data Structures,dynamic programming in data structures,"In the context of the Matrix Chain Multiplication problem, what is being optimized?",The number of matrices,The size of each matrix,The elements within matrices,The order of matrix multiplications,D,,medium,web:Examveda.com https://www.examveda.com/data-structure/practice-mcq-question-on-dynamic-programming-in-data-structures/?page=3,
Data Structures,dynamic programming in data structures,"How does Dynamic Programming solve problems that exhibit ""overlapping subproblems""?",By storing the results of subproblems to avoid redundant work.,By solving each subproblem independently.,By ignoring redundant subproblems.,By using a stack to manage subproblems.,A,,medium,web:Examveda.com https://www.examveda.com/data-structure/practice-mcq-question-on-dynamic-programming-in-data-structures/?page=3,
Data Structures,dynamic programming in data structures,Which Dynamic Programming problem requires constructing a solution by combining the solutions of overlapping subproblems?,Quick Sort,Depth-First Search,Binary Search,Longest Common Subsequence,D,,medium,web:Examveda.com https://www.examveda.com/data-structure/practice-mcq-question-on-dynamic-programming-in-data-structures/?page=3,
Data Structures,dynamic programming in data structures,What is a common application of the Dynamic Programming approach in algorithm design?,Simple sorting tasks.,Basic searching operations.,Optimization problems with complex constraints.,Simple arithmetic calculations.,C,,medium,web:Examveda.com https://www.examveda.com/data-structure/practice-mcq-question-on-dynamic-programming-in-data-structures/?page=3,
Data Structures,dynamic programming in data structures,Which of the following problems is not typically solved using Dynamic Programming?,Binary Search Tree Traversal,Shortest Path Problems,Longest Increasing Subsequence,Knapsack Problem,A,,medium,web:Examveda.com https://www.examveda.com/data-structure/practice-mcq-question-on-dynamic-programming-in-data-structures/?page=3,
Data Structures,dynamic programming in data structures,Which of the following is an example of a problem where Dynamic Programming is particularly useful?,Merge Sort,Heap Sort,Binary Search,Longest Increasing Subsequence,D,,medium,web:Examveda.com https://www.examveda.com/data-structure/practice-mcq-question-on-dynamic-programming-in-data-structures/?page=4,
Data Structures,dynamic programming in data structures,What is the typical space complexity of the Dynamic Programming solution for the Fibonacci sequence using a table?,O(log n),O(n2),O(n),O(1),C,,medium,web:Examveda.com https://www.examveda.com/data-structure/practice-mcq-question-on-dynamic-programming-in-data-structures/?page=4,
Data Structures,dynamic programming in data structures,"How does Dynamic Programming handle ""subproblems"" in a typical solution?",By using heuristic methods.,By applying divide and conquer directly.,"By breaking the problem into smaller, overlapping subproblems and solving them.",By solving each problem in a brute-force manner.,C,,medium,web:Examveda.com https://www.examveda.com/data-structure/practice-mcq-question-on-dynamic-programming-in-data-structures/?page=4,
Data Structures,dynamic programming in data structures,Which of the following is true about the Bottom-Up approach in Dynamic Programming?,It starts with the main problem and divides it into subproblems.,It uses recursion to solve subproblems.,It only solves the problem iteratively.,It starts with the smallest subproblems and builds up to the solution.,D,,medium,web:Examveda.com https://www.examveda.com/data-structure/practice-mcq-question-on-dynamic-programming-in-data-structures/?page=4,
Data Structures,dynamic programming in data structures,What is the main advantage of using a Top-Down approach with memoization in Dynamic Programming?,It can be more intuitive and easier to implement for certain problems.,It avoids overlapping subproblems.,It always uses less memory than Bottom-Up.,It guarantees faster execution.,A,,medium,web:Examveda.com https://www.examveda.com/data-structure/practice-mcq-question-on-dynamic-programming-in-data-structures/?page=4,
Data Structures,dynamic programming in data structures,"In the context of the ""Rod Cutting Problem,"" what does Dynamic Programming optimize?",The total weight of the rod.,The number of cuts required.,The length of the rod to be cut.,The maximum profit that can be obtained by cutting a rod into pieces.,D,,medium,web:Examveda.com https://www.examveda.com/data-structure/practice-mcq-question-on-dynamic-programming-in-data-structures/?page=4,
Data Structures,dynamic programming in data structures,What type of problems typically do not fit well with a Dynamic Programming approach?,Problems with overlapping subproblems,Problems with optimal substructure,Problems with non-overlapping subproblems,Problems with complex constraints,C,,medium,web:Examveda.com https://www.examveda.com/data-structure/practice-mcq-question-on-dynamic-programming-in-data-structures/?page=4,
Data Structures,dynamic programming in data structures,"In Dynamic Programming, what is the purpose of initializing the table or array with base cases?",To simplify the recursion.,To directly solve the problem.,To provide starting values for building up the solution.,To ensure that all entries are zero.,C,,medium,web:Examveda.com https://www.examveda.com/data-structure/practice-mcq-question-on-dynamic-programming-in-data-structures/?page=4,
Data Structures,dynamic programming in data structures,Which of the following problems involves optimizing the path through a grid with minimum cost?,Maximum Subarray Sum Problem,Longest Common Subsequence,Shortest Path Problem,Minimum Path Sum Problem,D,,medium,web:Examveda.com https://www.examveda.com/data-structure/practice-mcq-question-on-dynamic-programming-in-data-structures/?page=4,
Data Structures,dynamic programming in data structures,"In Dynamic Programming, what does the term ""subproblem"" refer to?",A smaller instance of the overall problem that contributes to the final solution.,A problem that has no relation to the main problem.,A problem that is solved by brute force.,A problem that is not solved by DP.,A,,medium,web:Examveda.com https://www.examveda.com/data-structure/practice-mcq-question-on-dynamic-programming-in-data-structures/?page=5,
Data Structures,dynamic programming in data structures,Which problem is best solved using Dynamic Programming by maintaining a 2D table to store results?,Quick Sort,Depth-First Search,Binary Search,Longest Common Subsequence,D,,medium,web:Examveda.com https://www.examveda.com/data-structure/practice-mcq-question-on-dynamic-programming-in-data-structures/?page=5,
Data Structures,dynamic programming in data structures,"What is the time complexity of the Dynamic Programming solution for the ""Longest Palindromic Substring"" problem?",O(n log n),O(n),O(n2),O(log n),C,,medium,web:Examveda.com https://www.examveda.com/data-structure/practice-mcq-question-on-dynamic-programming-in-data-structures/?page=5,
Data Structures,dynamic programming in data structures,"In the context of Dynamic Programming, what is the typical use of ""backtracking""?",To store intermediate results.,To solve the problem directly.,To reconstruct the solution from the computed results.,To avoid redundant computations.,C,,medium,web:Examveda.com https://www.examveda.com/data-structure/practice-mcq-question-on-dynamic-programming-in-data-structures/?page=5,
Data Structures,dynamic programming in data structures,"Consider the two strings """"(empty string) and ""abcd"". What is the edit distance between the two strings?",0,4,2,3,B,,medium,web:Examveda.com https://www.examveda.com/data-structure/practice-mcq-question-on-dynamic-programming-in-data-structures/?page=5,
Data Structures,dynamic programming in data structures,"What is the output of the following code? 
#include<stdio.h>
#include<string.h>
int max_num(int a, int b)
{
 if(a > b)
 return a;
 return b;
}
int lps(char *str1)
{
 int i,j,len;
 len = strlen(str1);
 char str2[len + 1];
 strcpy(str2, str1);
 strrev(str2);
 int arr[len + 1][len + 1];
 for(i = 0; i <= len; i++)
 arr[i][0] = 0;
 for(i = 0; i <= len; i++)
 arr[0][i] = 0;
 for(i = 1; i <= len; i++)
 {
 for(j = 1; j <= len; j++)
 {
 if(str1[i-1] == str2[j - 1])
 arr[i][j] = 1 + arr[i - 1][j - 1];
 else
 arr[i][j] = max_num(arr[i - 1][j], arr[i][j - 1]);
 }
 }
 return arr[len][len];
}
int main()
{
 char str1[] = ""abcd"";
 int ans = lps(str1);
 printf(""%d"",ans);
 return 0;
}",0,1,2,3,B,,medium,web:Examveda.com https://www.examveda.com/data-structure/practice-mcq-question-on-dynamic-programming-in-data-structures/?page=5,
Data Structures,dynamic programming in data structures,For which of the following pairs of strings is the edit distance maximum?,sunday & monday,monday & tuesday,tuesday & wednesday,wednesday & thursday,D,,medium,web:Examveda.com https://www.examveda.com/data-structure/practice-mcq-question-on-dynamic-programming-in-data-structures/?page=5,
Data Structures,dynamic programming in data structures,"Consider the recursive implementation to find the nth fibonacci number: 
Which line would make the implementation complete? 
int fibo(int n)
 if n <= 1
 return n
 return __________",fibo(n) + fibo(n),fibo(n) + fibo(n - 1),fibo(n - 1) + fibo(n + 1),fibo(n - 1) + fibo(n - 2),D,,medium,web:Examveda.com https://www.examveda.com/data-structure/practice-mcq-question-on-dynamic-programming-in-data-structures/?page=5,
Data Structures,dynamic programming in data structures,What is the time complexity of the brute force algorithm used to solve the balanced partition problem?,O(1),O(n),O(n2),O(2n),D,,medium,web:Examveda.com https://www.examveda.com/data-structure/practice-mcq-question-on-dynamic-programming-in-data-structures/?page=5,
Data Structures,dynamic programming in data structures,"What will be the value stored in arr[5] when the following code is executed? 
#include<stdio.h>
int cat_number(int n)
{
 int i,j,arr[n],k;
 arr[0] = 1;
 for(i = 1; i < n; i++)
 {
 arr[i] = 0;
 for(j = 0,k = i - 1; j < i; j++,k--)
 arr[i] += arr[j] * arr[k];
 }
 return arr[n-1];
}
int main()
{
 int ans, n = 10;
 ans = cat_number(n);
 printf(""%d\n"",ans);
 return 0;
}",14,42,132,429,B,,medium,web:Examveda.com https://www.examveda.com/data-structure/practice-mcq-question-on-dynamic-programming-in-data-structures/?page=6,
Data Structures,dynamic programming in data structures,"The recursive formula for Catalan number is given by Cn = ∑Ci*C(n-i). 
Consider the following dynamic programming implementation for Catalan numbers: 
#include<stdio.h>
int cat_number(int n)
{
 int i,j,arr[n],k;
 arr[0] = 1;
 for(i = 1; i < n; i++)
 {
 arr[i] = 0;
 for(j = 0,k = i - 1; j < i; j++,k--)
 ______________________;
 }
 return arr[n-1];
 
}
int main()
{
 int ans, n = 8;
 ans = cat_number(n);
 printf(""%d\n"",ans);
 return 0;
}
Which of the following lines completes the above code?",arr[i] = arr[j] * arr[k];,arr[j] += arr[i] * arr[k];,arr[i] += arr[j] * arr[k].,arr[j] = arr[i] * arr[k];,C,,medium,web:Examveda.com https://www.examveda.com/data-structure/practice-mcq-question-on-dynamic-programming-in-data-structures/?page=6,
Data Structures,dynamic programming in data structures,Wagner-Fischer is a . . . . . . . . algorithm.,Brute force,Greedy,Dynamic programming,Recursive,C,,medium,web:Examveda.com https://www.examveda.com/data-structure/practice-mcq-question-on-dynamic-programming-in-data-structures/?page=6,
Data Structures,dynamic programming in data structures,"Consider the following code snippet. Which property is shown by line 4 of the below code snippet? 
1. int sum[len], idx;
2. sum[0] = arr[0];
3. for(idx = 1; idx < len; idx++)
4. sum[idx] = max(sum[idx - 1] + arr[idx], arr[idx]);
5. int mx = sum[0];
6. for(idx = 0; idx < len; idx++)
7. if(sum[idx] > mx)
8. mx =sum[idx];
9. return mx;",Optimal substructure,Overlapping subproblems,Both overlapping subproblems and optimal substructure,Greedy substructure,A,,medium,web:Examveda.com https://www.examveda.com/data-structure/practice-mcq-question-on-dynamic-programming-in-data-structures/?page=6,
Data Structures,dynamic programming in data structures,"What is the output of the following implementation of Kadane's algorithm? 
#include<stdio.h>
int max_num(int a, int b)
{ 
 if(a > b)
 return a;
 return b;
}
int kadane_algo(int *arr, int len) 
{
 int ans, sum, idx;
 ans =0;
 sum =0;
 for(idx =0; idx < len; idx++)
 {
 sum = max_num(0,sum + arr[idx]);
 ans = max_num(sum,ans);
 }
 return ans;
}
int main()
{
 int arr[] = {-2, -3, -3, -1, -2, -1, -5, -3},len = 8;
 int ans = kadane_algo(arr,len);
 printf(""%d"",ans);
 return 0;
}",1,-1,-2,0,D,,medium,web:Examveda.com https://www.examveda.com/data-structure/practice-mcq-question-on-dynamic-programming-in-data-structures/?page=6,
Data Structures,dynamic programming in data structures,Consider the brute force implementation in which we find all the possible ways of multiplying the given set of n matrices. What is the time complexity of this implementation?,O(n!),O(n3),O(n2),Exponential,D,,medium,web:Examveda.com https://www.examveda.com/data-structure/practice-mcq-question-on-dynamic-programming-in-data-structures/?page=6,
Data Structures,dynamic programming in data structures,"What is the output of the following code? 
#include<stdio.h>
#include<limits.h>
int mat_chain_multiplication(int *mat, int n)
{
 int arr[n][n];
 int i,k,row,col,len;
 for(i=1;i<n;i++)
 arr[i][i] = 0;
 for(len = 2; len < n; len++)
 {
 for(row = 1; row <= n - len + 1; row++)
 {
 col = row + len - 1;
 arr[row][col] = INT_MAX;
 for(k = row; k <= col - 1; k++)
 {
 int tmp = arr[row][k] + arr[k + 1][col] + mat[row - 1] * mat[k] * mat[col];
 if(tmp < arr[row][col])
 arr[row][col] = tmp;
 }
 }
 }
 return arr[1][n - 1];
}
int main()
{
 int mat[6] = {20,30,40,50};
 int ans = mat_chain_multiplication(mat,4);
 printf(""%d"",ans);
 return 0;
}",64000,70000,120000,150000,A,,medium,web:Examveda.com https://www.examveda.com/data-structure/practice-mcq-question-on-dynamic-programming-in-data-structures/?page=6,
Data Structures,dynamic programming in data structures,"Consider the following assembly line problem: 
time_to_reach[2][3] = {{17, 2, 7}, {19, 4, 9}}
time_spent[2][4] = {{6, 5, 15, 7}, {5, 10, 11, 4}}
entry_time[2] = {8, 10}
exit_time[2] = {10, 7}
num_of_stations = 4
For the optimal solution, which should be the exit assembly line?",Line 1,Line 2,All of the mentioned,None of the mentioned,B,,medium,web:Examveda.com https://www.examveda.com/data-structure/practice-mcq-question-on-dynamic-programming-in-data-structures/?page=6,
Data Structures,dynamic programming in data structures,Which of the following implementations of Catalan numbers has the largest space complexity(Don't consider the stack space)?,Dynamic programming,Binomial coefficients,Recursion,All have equal space complexities,A,,medium,web:Examveda.com https://www.examveda.com/data-structure/practice-mcq-question-on-dynamic-programming-in-data-structures/?page=6,
Data Structures,dynamic programming in data structures,Which of the following methods can be used to solve the longest palindromic subsequence problem?,Dynamic programming,Recursion,Brute force,"Dynamic programming, Recursion, Brute force",D,,medium,web:Examveda.com https://www.examveda.com/data-structure/practice-mcq-question-on-dynamic-programming-in-data-structures/?page=6,
Data Structures,dynamic programming in data structures,Which of the following is the recurrence relation for the matrix chain multiplication problem where mat[i-1] * mat[i] gives the dimension of the ith matrix?,"dp[i,j] = 1 if i=j 
dp[i,j] = min{dp[i,k] + dp[k+1,j]}","dp[i,j] = 0 if i=j 
dp[i,j] = min{dp[i,k] + dp[k+1,j]}","dp[i,j] = 1 if i=j 
dp[i,j] = min{dp[i,k] + dp[k+1,j]} + mat[i-1]*mat[k]*mat[j].","dp[i,j] = 0 if i=j 
dp[i,j] = min{dp[i,k] + dp[k+1,j]} + mat[i-1]*mat[k]*mat[j].",D,,medium,web:Examveda.com https://www.examveda.com/data-structure/practice-mcq-question-on-dynamic-programming-in-data-structures/?page=7,
Data Structures,dynamic programming in data structures,"In the brute force implementation to find the longest increasing subsequence, all the subsequences of a given sequence are found. All the increasing subsequences are then selected and the length of the longest subsequence is found. What is the time complexity of this brute force implementation?",O(n),O(n2),O(n!),O(2n),D,,medium,web:Examveda.com https://www.examveda.com/data-structure/practice-mcq-question-on-dynamic-programming-in-data-structures/?page=7,
Data Structures,dynamic programming in data structures,Consider the expression T & F ∧ T. What is the number of ways in which the expression can be parenthesized so that the output is T (true)?,0,1,2,3,C,,medium,web:Examveda.com https://www.examveda.com/data-structure/practice-mcq-question-on-dynamic-programming-in-data-structures/?page=7,
Data Structures,dynamic programming in data structures,"What is the sum of each of the balanced partitions for the array {5, 6, 7, 10, 3, 1}?",16,32,0,64,A,,medium,web:Examveda.com https://www.examveda.com/data-structure/practice-mcq-question-on-dynamic-programming-in-data-structures/?page=7,
Data Structures,dynamic programming in data structures,"If an optimal solution can be created for a problem by constructing optimal solutions for its subproblems, the problem possesses . . . . . . . . property.",Overlapping subproblems,Optimal substructure,Memoization,Greedy,B,,medium,web:Examveda.com https://www.examveda.com/data-structure/practice-mcq-question-on-dynamic-programming-in-data-structures/?page=7,
Data Structures,dynamic programming in data structures,"What is the time complexity of the following naive method used to find the maximum sub-array sum in an array containing n elements? 
#include<stdio.h>
int main()
{
 int arr[1000]={2, -1, 3, -4, 1, -2, -1, 5, -4}, len=9;
 int cur_max, tmp_max, strt_idx, sub_arr_idx;
 cur_max = arr[0];
 for(strt_idx = 0; strt_idx < len; strt_idx++)
 {
 tmp_max=0;
 for(sub_arr_idx = strt_idx; sub_arr_idx < len; sub_arr_idx++)
 {
 tmp_max +=arr[sub_arr_idx];
 if(tmp_max > cur_max)
 _____________;
 }
 }
 printf(""%d"",cur_max);
 return 0;
}",O(n2),O(n),O(n3),O(1),A,,medium,web:Examveda.com https://www.examveda.com/data-structure/practice-mcq-question-on-dynamic-programming-in-data-structures/?page=7,
Data Structures,dynamic programming in data structures,"Consider the following array: 
{1, 3, 5, 8, 9, 2, 6, 7, 6} 
What is the minimum number of jumps required to reach the end of the array?",1,2,3,4,C,,medium,web:Examveda.com https://www.examveda.com/data-structure/practice-mcq-question-on-dynamic-programming-in-data-structures/?page=7,
Data Structures,dynamic programming in data structures,"You are given infinite coins of denominations v1, v2, v3, ....., vn and a sum S. The coin change problem is to find the minimum number of coins required to get the sum S. This problem can be solved using . . . . . . . .",Greedy algorithm,Dynamic programming,Divide and conquer,Backtracking,B,,medium,web:Examveda.com https://www.examveda.com/data-structure/practice-mcq-question-on-dynamic-programming-in-data-structures/?page=7,
Data Structures,dynamic programming in data structures,"What is the output of the following code? 
#include<stdio.h>
int get_min(int a, int b)
{
 if(a<b)
 return a;
 return b;
}
int minimum_time_required(int reach[][3],int spent[][4], int *entry, int *exit, int n)
{
 int t1[n], t2[n], i;
 t1[0] = entry[0] + spent[0][0];
 t2[0] = entry[1] + spent[1][0];
 for(i = 1; i < n; i++)
 {
 t1[i] = get_min(t1[i-1]+spent[0][i], t2[i-1]+reach[1][i-1]+spent[0][i]);
 t2[i] = get_min(t2[i-1]+spent[1][i], t1[i-1]+reach[0][i-1]+spent[1][i]);
 }
 return get_min(t1[n-1]+exit[0], t2[n-1]+exit[1]);
}
int main()
{
 int time_to_reach[][3] = {{6, 1, 5},
 {2, 4, 7}};
 int time_spent[][4] = {{6, 5, 4, 7},
 {5, 10, 2, 6}};
 int entry_time[2] = {5, 6};
 int exit_time[2] = {8, 9};
 int num_of_stations = 4;
 int ans = minimum_time_required(time_to_reach, time_spent, 
 entry_time, exit_time, num_of_stations);
 printf(""%d"",ans);
 return 0;
}",32,33,34,35,C,,medium,web:Examveda.com https://www.examveda.com/data-structure/practice-mcq-question-on-dynamic-programming-in-data-structures/?page=7,
Data Structures,dynamic programming in data structures,Which of the following implementations of Catalan numbers has the smallest time complexity?,Dynamic programming,Binomial coefficients,Recursion,All have equal time complexity,B,,medium,web:Examveda.com https://www.examveda.com/data-structure/practice-mcq-question-on-dynamic-programming-in-data-structures/?page=8,
Data Structures,dynamic programming in data structures,The longest increasing subsequence problem is a problem to find the length of a subsequence from a sequence of array elements such that the subsequence is sorted in increasing order and it's length is maximum. This problem can be solved using . . . . . . . .,Recursion,Dynamic programming,Brute force,"Recursion, Dynamic programming, Brute force",D,,medium,web:Examveda.com https://www.examveda.com/data-structure/practice-mcq-question-on-dynamic-programming-in-data-structures/?page=8,
Data Structures,dynamic programming in data structures,"What is the space complexity of the following for loop method used to compute the nth fibonacci term? 
int fibo(int n)
 if n == 0
 return 0 
 else
 prevFib = 0
 curFib = 1
 for i : 1 to n-1
 nextFib = prevFib + curFib
 prevFib = curFib
 curFib = nextFib
 return curFib",O(1),O(n),O(n2),Exponential,A,,medium,web:Examveda.com https://www.examveda.com/data-structure/practice-mcq-question-on-dynamic-programming-in-data-structures/?page=8,
Data Structures,dynamic programming in data structures,"Consider a variation of the balanced partition problem in which we find two subsets such that |S1 - S2| is minimum. Consider the array {1, 2, 3, 4, 5}. Which of the following pairs of subsets is an optimal solution for the above problem?","{5, 4} & {3, 2, 1}","{5} & {4, 3, 2, 1}","{4, 2} & {5, 3, 1}","{5, 3} & {4, 2, 1}",D,,medium,web:Examveda.com https://www.examveda.com/data-structure/practice-mcq-question-on-dynamic-programming-in-data-structures/?page=8,
Data Structures,dynamic programming in data structures,Consider the expression T | F ∧ T. In how many ways can the expression be parenthesized so that the output is F (false)?,0,1,2,3,B,,medium,web:Examveda.com https://www.examveda.com/data-structure/practice-mcq-question-on-dynamic-programming-in-data-structures/?page=8,
Data Structures,dynamic programming in data structures,"What is the output of the following code? 
#include<stdio.h>
#include<string.h>
int get_min(int a, int b)
{
 if(a < b)
 return a;
 return b;
}
int edit_distance(char *s1, char *s2)
{
 int len1,len2,i,j,min;
 len1 = strlen(s1);
 len2 = strlen(s2);
 int arr[len1 + 1][len2 + 1];
 for(i = 0;i <= len1; i++)
 arr[i][0] = i;
 for(i = 0; i <= len2; i++)
 arr[0][i] = i;
 for(i = 1; i <= len1; i++)
 {
 for(j = 1; j <= len2; j++)
 {
 min = get_min(arr[i-1][j],arr[i][j-1]) + 1;
 if(s1[i - 1] == s2[j - 1])
 {
 if(arr[i-1][j-1] < min)
 min = arr[i-1][j-1];
 }
 else
 {
 if(arr[i-1][j-1] + 1 < min)
 min = arr[i-1][j-1] + 1;
 }
 arr[i][j] = min;
 }
 }
 return arr[len1][len2];
}
int main()
{
 char s1[] = ""abcd"", s2[] = ""defg"";
 int ans = edit_distance(s1, s2);
 printf(""%d"",ans);
 return 0;
}",1,2,3,4,D,,medium,web:Examveda.com https://www.examveda.com/data-structure/practice-mcq-question-on-dynamic-programming-in-data-structures/?page=8,
Data Structures,dynamic programming in data structures,"Consider the string ""efge"". What is the minimum number of insertions required to make the string a palindrome?",0,1,2,3,B,,medium,web:Examveda.com https://www.examveda.com/data-structure/practice-mcq-question-on-dynamic-programming-in-data-structures/?page=8,
Data Structures,dynamic programming in data structures,"Consider the following statements and select which of the following statement are true. 
Statement 1: The maximum sum rectangle can be 1X1 matrix containing the largest element If the matrix size is 1X1 
Statement 2: The maximum sum rectangle can be 1X1 matrix containing the largest element If all the elements are zero 
Statement 3: The maximum sum rectangle can be 1X1 matrix containing the largest element If all the elements are negative",Only statement 1 is correct,Only statement 1 and Statement 2 are correct,Only statement 1 and Statement 3 are correct,"Statement 1, Statement 2 and Statement 3 are correct",D,,medium,web:Examveda.com https://www.examveda.com/data-structure/practice-mcq-question-on-dynamic-programming-in-data-structures/?page=8,
Data Structures,dynamic programming in data structures,"You are given a rod of length 10 and the following prices. 
length price
 1 2
 2 5
 3 6
 4 9
 5 9
 6 17
 7 17 
 8 18
 9 20
 10 22
Which of these pieces give the maximum price?","{1,2,7}",{10},"{2,2,6}","{1,4,5}",C,,medium,web:Examveda.com https://www.examveda.com/data-structure/practice-mcq-question-on-dynamic-programming-in-data-structures/?page=9,
Data Structures,dynamic programming in data structures,"What is the time complexity of the following dynamic programming implementation used to find the minimum number of jumps? 
#include<stdio.h>
#include<limits.h>
int min_jump(int *arr, int len)
{
 int j, idx, jumps[len];
 jumps[len - 1] = 0;
 for(idx = len - 2; idx >= 0; idx--)
 {
 int tmp_min = INT_MAX;
 for(j = 1; j <= arr[idx] && idx + j < len; j++)
 {
 if(jumps[idx + j] + 1 < tmp_min)
 tmp_min = jumps[idx + j] + 1;
 }
 jumps[idx] = tmp_min;
 }
 return jumps[0];
}
int main()
{
 int arr[] ={1, 1, 1, 1, 1, 1, 1, 1, 1},len = 9;
 int ans = min_jump(arr,len);
 printf(""%d\n"",ans);
 return 0;
}",O(1),O(n),O(n2),None of the mentioned,C,,medium,web:Examveda.com https://www.examveda.com/data-structure/practice-mcq-question-on-dynamic-programming-in-data-structures/?page=9,
Data Structures,dynamic programming in data structures,"What is the output of the following program? 
#include<stdio.h>
int main()
{
 int coins[10]={1,3,4},lookup[100];
 int i,j,tmp,num_coins = 3,sum=10;
 lookup[0]=0;
 for(i=1;i<=sum;i++)
 {
 int min_coins = i;
 for(j=0;j<num_coins;j++)
 {
 tmp=i-coins[j];
 if(tmp<0)
 continue;
 if(lookup[tmp] < min_coins)
 min_coins=lookup[tmp];
 }
 lookup[i] = min_coins + 1;
 }
 printf(""%d"",lookup[sum]);
 return 0;
}",2,3,4,5,B,,medium,web:Examveda.com https://www.examveda.com/data-structure/practice-mcq-question-on-dynamic-programming-in-data-structures/?page=9,
Data Structures,dynamic programming in data structures,"You are given infinite coins of N denominations v1, v2, v3, ....., vn and a sum S. The coin change problem is to find the minimum number of coins required to get the sum S. What is the time complexity of a dynamic programming implementation used to solve the coin change problem?",O(N),O(S),O(N2),O(S*N),D,,medium,web:Examveda.com https://www.examveda.com/data-structure/practice-mcq-question-on-dynamic-programming-in-data-structures/?page=9,
Data Structures,dynamic programming in data structures,Which of the following methods can be used to solve the assembly line scheduling problem?,Recursion,Brute force,Dynamic programming,All of the mentioned,D,,medium,web:Examveda.com https://www.examveda.com/data-structure/practice-mcq-question-on-dynamic-programming-in-data-structures/?page=9,
Data Structures,dynamic programming in data structures,What is the time complexity of the brute force algorithm used to solve the Knapsack problem?,O(n),O(n!),O(2n),O(n3),C,,medium,web:Examveda.com https://www.examveda.com/data-structure/practice-mcq-question-on-dynamic-programming-in-data-structures/?page=9,
Data Structures,dynamic programming in data structures,"What is the value stored in t1[2] when the following code is executed? 
#include<stdio.h>
int get_min(int a, int b)
{
 if(a<b)
 return a;
 return b;
}
int minimum_time_required(int reach[][3],int spent[][4], int *entry, int *exit, int n)
{
 int t1[n], t2[n],i;
 t1[0] = entry[0] + spent[0][0];
 t2[0] = entry[1] + spent[1][0];
 for(i = 1; i < n; i++)
 {
 t1[i] = get_min(t1[i-1]+spent[0][i], t2[i-1]+reach[1][i-1]+spent[0][i]);
 t2[i] = get_min(t2[i-1]+spent[1][i], t1[i-1]+reach[0][i-1]+spent[1][i]);
 }
 return get_min(t1[n-1]+exit[0], t2[n-1]+exit[1]);
}
int main()
{
 int time_to_reach[][3] = {{6, 1, 5},
 {2, 4, 7}};
 int time_spent[][4] = {{6, 5, 4, 7},
 {5, 10, 2, 6}};
 int entry_time[2] = {5, 6};
 int exit_time[2] = {8, 9};
 int num_of_stations = 4;
 int ans = minimum_time_required(time_to_reach, time_spent, 
 entry_time, exit_time, num_of_stations);
 printf(""%d"",ans);
 return 0;
}",16,18,20,22,C,,medium,web:Examveda.com https://www.examveda.com/data-structure/practice-mcq-question-on-dynamic-programming-in-data-structures/?page=9,
Data Structures,dynamic programming in data structures,Consider the brute force implementation of the rod cutting problem in which all the possible cuts are found and the maximum value is calculated. What is the time complexity of this brute force implementation?,O(n2),O(n3),O(nlogn),O(2n),D,,medium,web:Examveda.com https://www.examveda.com/data-structure/practice-mcq-question-on-dynamic-programming-in-data-structures/?page=9,
Data Structures,dynamic programming in data structures,"What is the value stored in t2[3] when the following code is executed? 
#include<stdio.h>
int get_min(int a, int b)
{
 if(a<b)
 return a;
 return b;
}
int minimum_time_required(int reach[][3],int spent[][4], int *entry, int *exit, int n)
{
 int t1[n], t2[n],i;
 t1[0] = entry[0] + spent[0][0];
 t2[0] = entry[1] + spent[1][0];
 for(i = 1; i < n; i++)
 {
 t1[i] = get_min(t1[i-1]+spent[0][i], t2[i-1]+reach[1][i-1]+spent[0][i]);
 t2[i] = get_min(t2[i-1]+spent[1][i], t1[i-1]+reach[0][i-1]+spent[1][i]);
 }
 return get_min(t1[n-1]+exit[0], t2[n-1]+exit[1]);
}
int main()
{
 int time_to_reach[][3] = {{6, 1, 5},
 {2, 4, 7}};
 int time_spent[][4] = {{6, 5, 4, 7},
 {5, 10, 2, 6}};
 int entry_time[2] = {5, 6};
 int exit_time[2] = {8, 9};
 int num_of_stations = 4;
 int ans = minimum_time_required(time_to_reach, time_spent, 
 entry_time, exit_time, num_of_stations);
 printf(""%d"",ans);
 return 0;
}",19,23,25,27,C,,medium,web:Examveda.com https://www.examveda.com/data-structure/practice-mcq-question-on-dynamic-programming-in-data-structures/?page=9,
Data Structures,dynamic programming in data structures,"What is the maximum number of ways in which a boolean expression with n + 1 terms can be parenthesized, such that the output is true?",nth catalan number,n factorial,n cube,n square,A,,medium,web:Examveda.com https://www.examveda.com/data-structure/practice-mcq-question-on-dynamic-programming-in-data-structures/?page=10,
Data Structures,dynamic programming in data structures,"What is the output of the following code? 
#include<stdio.h>
#include<string.h>
int max(int a, int b)
{
 if(a > b)
 return a;
 return b;
}
int min_ins(char *s)
{
 int len = strlen(s), i, j;
 int arr[len + 1][len + 1];
 char rev[len + 1];
 strcpy(rev, s);
 strrev(rev);
 for(i = 0;i <= len; i++)
 arr[i][0] = 0;
 for(i = 0; i <= len; i++)
 arr[0][i] = 0;
 for(i = 1; i <= len; i++)
 {
 for(j = 1; j <= len; j++)
 {
 if(s[i - 1] == rev[j - 1])
 arr[i][j] = arr[i - 1][j - 1] + 1;
 else
 arr[i][j] = max(arr[i - 1][j], arr[i][j - 1]);
 }
 }
 return len - arr[len][len];
}
int main()
{
 char s[] = ""abcda"";
 int ans = min_ins(s);
 printf(""%d"",ans);
 return 0;
}",1,2,3,4,B,,medium,web:Examveda.com https://www.examveda.com/data-structure/practice-mcq-question-on-dynamic-programming-in-data-structures/?page=10,
Data Structures,dynamic programming in data structures,"You are given infinite coins of denominations 1, 3, 4. What is the minimum number of coins required to achieve a sum of 7?",1,2,3,4,B,,medium,web:Examveda.com https://www.examveda.com/data-structure/practice-mcq-question-on-dynamic-programming-in-data-structures/?page=10,
Data Structures,dynamic programming in data structures,"What will be the output when the following code is executed? 
#include<stdio.h>
int fibo(int n)
{
 int i;
 int fibo_terms[100];
 fibo_terms[0]=0;
 fibo_terms[1]=1;
 for(i=2;i<=n;i++)
 fibo_terms[i] = fibo_terms[i-2] + fibo_terms[i-1];
 return fibo_terms[n];
}
int main()
{
 int r = fibo(8);
 printf(""%d"",r);
 return 0;
}",34,55,Compile error,21,D,,medium,web:Examveda.com https://www.examveda.com/data-structure/practice-mcq-question-on-dynamic-programming-in-data-structures/?page=10,
Data Structures,dynamic programming in data structures,"Consider the following code to find the nth fibonacci term: 
int fibo(int n)
 if n == 0
 return 0 
 else
 prevFib = 0
 curFib = 1
 for i : 1 to n-1
 nextFib = prevFib + curFib
 __________
 __________
 return curFib
Complete the above code.","prevFib = curFib
curFib = curFib","prevFib = nextFib
curFib = prevFib","prevFib = curFib
curFib = nextFib","prevFib = nextFib
nextFib = curFib",C,,medium,web:Examveda.com https://www.examveda.com/data-structure/practice-mcq-question-on-dynamic-programming-in-data-structures/?page=10,
Data Structures,dynamic programming in data structures,"Consider the following implementation of Kadane's algorithm: 
#include<stdio.h>
int max_num(int a, int b)
{
 if(a > b)
 return a;
 return b;
}
int kadane_algo(int *arr, int len) 
{
 int ans = 0, sum = 0, idx;
 for(idx =0; idx < len; idx++)
 {
 sum = max_num(0,sum + arr[idx]);
 ans = max_num(sum,ans);
 }
 return ans;
}
int main()
{
 int arr[] = {-2, -3, -3, -1, -2, -1, -5, -3},len = 8;
 int ans = kadane_algo(arr,len);
 printf(""%d"",ans);
 return 0;
}
What changes should be made to the Kadane's algorithm so that it produces the right output even when all array elements are negative? 
Change 1 = Line 10: int sum = arr[0], ans = arr[0]
Change 2 = Line 13: sum = max_num(arr[idx],sum+arr[idx])",Only Change 1 is sufficient,Only Change 2 is sufficient,Both Change 1 and Change 2 are necessary,No change is required,C,,medium,web:Examveda.com https://www.examveda.com/data-structure/practice-mcq-question-on-dynamic-programming-in-data-structures/?page=10,
Data Structures,dynamic programming in data structures,Which of the following methods can be used to solve the matrix chain multiplication problem?,Dynamic programming,Brute force,Recursion,"Dynamic Programming, Brute force, Recursion",D,,medium,web:Examveda.com https://www.examveda.com/data-structure/practice-mcq-question-on-dynamic-programming-in-data-structures/?page=10,
Data Structures,dynamic programming in data structures,"What is the output of the following code? 
#include<stdio.h>
#include<string.h>
int max_num(int a, int b)
{
 if(a > b)
 return a;
 return b;
}
int lcs(char *str1, char *str2)
{
 int i,j,len1,len2;
 len1 = strlen(str1);
 len2 = strlen(str2);
 int arr[len1 + 1][len2 + 1];
 for(i = 0; i <= len1; i++)
 arr[i][0] = 0;
 for(i = 0; i <= len2; i++)
 arr[0][i] = 0;
 for(i = 1; i <= len1; i++)
 {
 for(j = 1; j <= len2; j++)
 {
 if(str1[i-1] == str2[j - 1])
 arr[i][j] = 1 + arr[i - 1][j - 1];
 else
 arr[i][j] = max_num(arr[i - 1][j], arr[i][j - 1]);
 }
 }
 return arr[len1][len2];
}
int main()
{
 char str1[] = ""abcd"", str2[] = ""efgh"";
 int ans = lcs(str1,str2);
 printf(""%d"",ans);
 return 0;
}",3,2,1,0,D,,medium,web:Examveda.com https://www.examveda.com/data-structure/practice-mcq-question-on-dynamic-programming-in-data-structures/?page=10,
Data Structures,dynamic programming in data structures,"What is the space complexity of the following dynamic programming algorithm used to find the maximum sub-array sum? 
#include<stdio.h>
int max_num(int a,int b)
{
 if(a> b)
 return a;
 return b;
}
int maximum_subarray_sum(int *arr, int len)
{
 int sum[len], idx;
 sum[0] = arr[0];
 for(idx = 1; idx < len; idx++)
 sum[idx] = max_num(sum[idx - 1] + arr[idx], arr[idx]);
 int mx = sum[0];
 for(idx = 0; idx < len; idx++)
 if(sum[idx] > mx)
 mx =sum[idx];
 return mx;
}
int main()
{
 int arr[] = {-2, -5, 6, -2, 3, -1, 0,-5, 6}, len = 9;
 int ans = maximum_subarray_sum(arr, len);
 printf(""%d"",ans);
 return 0;
}",O(n),O(1),O(n!),O(n2),A,,medium,web:Examveda.com https://www.examveda.com/data-structure/practice-mcq-question-on-dynamic-programming-in-data-structures/?page=10,
Data Structures,standard libraries in data structures,"Which C++ standard library provides functionalities for containers like vector, list, and map?",<utility>,<iostream>,<vector>,<algorithm>,C,,medium,web:Examveda.com https://www.examveda.com/data-structure/practice-mcq-question-on-standard-libraries-in-data-structures/,
Data Structures,standard libraries in data structures,"In Python, which module provides a collection of high-performance data structures like deque and defaultdict?",itertools,numpy,math,collections,D,,medium,web:Examveda.com https://www.examveda.com/data-structure/practice-mcq-question-on-standard-libraries-in-data-structures/,
Data Structures,standard libraries in data structures,Which Java standard library class is used for implementing a resizable array?,ArrayList,HashMap,LinkedList,TreeSet,A,,medium,web:Examveda.com https://www.examveda.com/data-structure/practice-mcq-question-on-standard-libraries-in-data-structures/,
Data Structures,standard libraries in data structures,What is the purpose of the heapq module in Python?,To handle mathematical operations.,To sort data efficiently.,To manage input and output streams.,To provide heap queue algorithms.,D,,medium,web:Examveda.com https://www.examveda.com/data-structure/practice-mcq-question-on-standard-libraries-in-data-structures/,
Data Structures,standard libraries in data structures,Which C++ standard library header is used for input and output stream operations?,<vector>,<map>,<iostream>,<string>,C,,medium,web:Examveda.com https://www.examveda.com/data-structure/practice-mcq-question-on-standard-libraries-in-data-structures/,
Data Structures,standard libraries in data structures,Which module in Python is commonly used for efficient mathematical operations on large arrays?,random,math,numpy,collections,C,,medium,web:Examveda.com https://www.examveda.com/data-structure/practice-mcq-question-on-standard-libraries-in-data-structures/,
Data Structures,standard libraries in data structures,"Which C++ library provides algorithms for sorting, searching, and manipulating sequences?",<numeric>,<utility>,<thread>,<algorithm>,D,,medium,web:Examveda.com https://www.examveda.com/data-structure/practice-mcq-question-on-standard-libraries-in-data-structures/,
Data Structures,standard libraries in data structures,What does the deque class in Python's collections module provide?,A double-ended queue.,A dictionary with default values.,A list with unique elements.,An ordered set.,A,,medium,web:Examveda.com https://www.examveda.com/data-structure/practice-mcq-question-on-standard-libraries-in-data-structures/,
Data Structures,standard libraries in data structures,"In C++, which header file is used to handle mathematical functions and constants?",<cstring>,<cstdio>,<cstdlib>,<cmath>,D,,medium,web:Examveda.com https://www.examveda.com/data-structure/practice-mcq-question-on-standard-libraries-in-data-structures/,
Data Structures,standard libraries in data structures,Which Java class is used to create a thread-safe map that is part of the Java Collections Framework?,HashMap,TreeMap,ConcurrentHashMap,LinkedHashMap,C,,medium,web:Examveda.com https://www.examveda.com/data-structure/practice-mcq-question-on-standard-libraries-in-data-structures/?page=2,
Data Structures,standard libraries in data structures,Which C++ standard library class is used for managing a sequence of elements with fast insertions and deletions?,array,deque,list,vector,C,,medium,web:Examveda.com https://www.examveda.com/data-structure/practice-mcq-question-on-standard-libraries-in-data-structures/?page=2,
Data Structures,standard libraries in data structures,"In Python, which module provides a set of functions for functional programming, such as map and filter?",collections,itertools,math,functools,D,,medium,web:Examveda.com https://www.examveda.com/data-structure/practice-mcq-question-on-standard-libraries-in-data-structures/?page=2,
Data Structures,standard libraries in data structures,Which header file in C++ provides support for random number generation?,<random>,<cmath>,<string>,<algorithm>,A,,medium,web:Examveda.com https://www.examveda.com/data-structure/practice-mcq-question-on-standard-libraries-in-data-structures/?page=2,
Data Structures,standard libraries in data structures,Which C++ standard library header provides the unordered_map container?,<queue>,<set>,<map>,<unordered_map>,D,,medium,web:Examveda.com https://www.examveda.com/data-structure/practice-mcq-question-on-standard-libraries-in-data-structures/?page=2,
Data Structures,standard libraries in data structures,"In Python, which module provides a collection of mathematical functions for operations on arrays?",statistics,math,numpy,random,C,,medium,web:Examveda.com https://www.examveda.com/data-structure/practice-mcq-question-on-standard-libraries-in-data-structures/?page=2,
Data Structures,standard libraries in data structures,Which C++ standard library class provides a set of functions for input and output operations?,cstdio,sstream,iostream,fstream,C,,medium,web:Examveda.com https://www.examveda.com/data-structure/practice-mcq-question-on-standard-libraries-in-data-structures/?page=2,
Data Structures,standard libraries in data structures,What does the itertools module in Python provide?,Data structure manipulation functions.,Mathematical operations on large datasets.,Data serialization and deserialization.,Functions for creating iterators for efficient looping.,D,,medium,web:Examveda.com https://www.examveda.com/data-structure/practice-mcq-question-on-standard-libraries-in-data-structures/?page=2,
Data Structures,standard libraries in data structures,Which header file in C++ provides functionality for string manipulation?,<string>,<cstring>,<sstream>,<locale>,A,,medium,web:Examveda.com https://www.examveda.com/data-structure/practice-mcq-question-on-standard-libraries-in-data-structures/?page=3,
Data Structures,standard libraries in data structures,"In Java, which class provides the implementation of a doubly linked list?",HashSet,Vector,ArrayList,LinkedList,D,,medium,web:Examveda.com https://www.examveda.com/data-structure/practice-mcq-question-on-standard-libraries-in-data-structures/?page=3,
Data Structures,standard libraries in data structures,Which Java class is used for implementing a queue with priority order?,HashMap,ArrayList,PriorityQueue,LinkedList,C,,medium,web:Examveda.com https://www.examveda.com/data-structure/practice-mcq-question-on-standard-libraries-in-data-structures/?page=3,
Data Structures,standard libraries in data structures,"In Python, which module allows for efficient implementations of various algorithms and data structures?",math,functools,collections,heapq,D,,medium,web:Examveda.com https://www.examveda.com/data-structure/practice-mcq-question-on-standard-libraries-in-data-structures/?page=3,
Data Structures,standard libraries in data structures,Which C++ header provides functionality for managing sets and their operations?,<list>,<vector>,<set>,<unordered_map>,C,,medium,web:Examveda.com https://www.examveda.com/data-structure/practice-mcq-question-on-standard-libraries-in-data-structures/?page=3,
Data Structures,standard libraries in data structures,Which standard library class in C++ supports both ordered and unordered associative containers?,map,vector,list,unordered_map,D,,medium,web:Examveda.com https://www.examveda.com/data-structure/practice-mcq-question-on-standard-libraries-in-data-structures/?page=3,
Data Structures,standard libraries in data structures,What does the random module in Python provide?,Functions for generating random numbers.,Data structure manipulation.,Efficient sorting algorithms.,Advanced mathematical functions.,A,,medium,web:Examveda.com https://www.examveda.com/data-structure/practice-mcq-question-on-standard-libraries-in-data-structures/?page=3,
Data Structures,standard libraries in data structures,Which Java standard library provides utility functions for manipulating strings?,StringUtils,StringBuffer,String,StringBuilder,D,,medium,web:Examveda.com https://www.examveda.com/data-structure/practice-mcq-question-on-standard-libraries-in-data-structures/?page=3,
Data Structures,standard libraries in data structures,Which C++ standard library header provides functions for manipulating strings using regular expressions?,<string>,<algorithm>,<regex>,<iostream>,C,,medium,web:Examveda.com https://www.examveda.com/data-structure/practice-mcq-question-on-standard-libraries-in-data-structures/?page=4,
Data Structures,standard libraries in data structures,Which Java class provides methods for fixed-size arrays with automatic resizing?,HashSet,Vector,ArrayList,LinkedList,C,,medium,web:Examveda.com https://www.examveda.com/data-structure/practice-mcq-question-on-standard-libraries-in-data-structures/?page=4,
Data Structures,standard libraries in data structures,What functionality does the itertools module in Python offer?,Mathematical operations on arrays.,Advanced string manipulation.,File input and output operations.,Iterators for efficient looping.,D,,medium,web:Examveda.com https://www.examveda.com/data-structure/practice-mcq-question-on-standard-libraries-in-data-structures/?page=4,
Data Structures,standard libraries in data structures,Which header file in C++ provides support for atomic operations and memory models?,<atomic>,<mutex>,<thread>,<iostream>,A,,medium,web:Examveda.com https://www.examveda.com/data-structure/practice-mcq-question-on-standard-libraries-in-data-structures/?page=4,
Data Structures,standard libraries in data structures,"In Java, which class provides a collection that maintains the order of elements based on their insertion?",PriorityQueue,TreeSet,HashSet,LinkedHashSet,D,,medium,web:Examveda.com https://www.examveda.com/data-structure/practice-mcq-question-on-standard-libraries-in-data-structures/?page=4,
Data Structures,standard libraries in data structures,Which Python module is specifically designed for efficient mathematical operations on large data sets?,random,json,numpy,csv,C,,medium,web:Examveda.com https://www.examveda.com/data-structure/practice-mcq-question-on-standard-libraries-in-data-structures/?page=4,
Data Structures,standard libraries in data structures,What does the math module in Python provide?,Mathematical functions and constants.,Data structure manipulation.,String parsing functions.,File handling functions.,A,,medium,web:Examveda.com https://www.examveda.com/data-structure/practice-mcq-question-on-standard-libraries-in-data-structures/?page=4,
Data Structures,standard libraries in data structures,Which Java class is used to handle concurrent tasks in a multi-threaded environment?,StringBuilder,HashMap,ArrayList,ExecutorService,D,,medium,web:Examveda.com https://www.examveda.com/data-structure/practice-mcq-question-on-standard-libraries-in-data-structures/?page=4,
Data Structures,standard libraries in data structures,"In C++, which standard library header is used for supporting multi-threading?",<mutex>,<future>,<thread>,<atomic>,C,,medium,web:Examveda.com https://www.examveda.com/data-structure/practice-mcq-question-on-standard-libraries-in-data-structures/?page=5,
Data Structures,standard libraries in data structures,"In Java, which collection class implements the Deque interface?",Vector,PriorityQueue,ArrayDeque,LinkedList,C,,medium,web:Examveda.com https://www.examveda.com/data-structure/practice-mcq-question-on-standard-libraries-in-data-structures/?page=5,
Data Structures,standard libraries in data structures,Which C++ standard library class is designed for storing and accessing elements in a priority order?,set,map,vector,priority_queue,D,,medium,web:Examveda.com https://www.examveda.com/data-structure/practice-mcq-question-on-standard-libraries-in-data-structures/?page=5,
Data Structures,standard libraries in data structures,Which Python module is used to work with dates and times?,datetime,os,collections,random,A,,medium,web:Examveda.com https://www.examveda.com/data-structure/practice-mcq-question-on-standard-libraries-in-data-structures/?page=5,
Data Structures,applications of data structures,Which data structure is commonly used to implement a stack in function call management?,Stack,Queue,List,Tree,A,,medium,web:Examveda.com https://www.examveda.com/data-structure/practice-mcq-question-on-applications-of-data-structures/,
Data Structures,applications of data structures,In which data structure is Dijkstra's algorithm typically used?,Queue,Array,Graph,Heap,D,,medium,web:Examveda.com https://www.examveda.com/data-structure/practice-mcq-question-on-applications-of-data-structures/,
Data Structures,applications of data structures,What data structure is most appropriate for implementing a scheduling system for processes?,Stack,Hash Table,Priority Queue,Binary Search Tree,C,,medium,web:Examveda.com https://www.examveda.com/data-structure/practice-mcq-question-on-applications-of-data-structures/,
Data Structures,applications of data structures,Which data structure is ideal for implementing a navigation system or route planning?,Heap,Array,Linked List,Graph,D,,medium,web:Examveda.com https://www.examveda.com/data-structure/practice-mcq-question-on-applications-of-data-structures/,
Data Structures,applications of data structures,In which data structure would you use a binary heap?,For implementing a priority queue,For implementing a stack,For efficient searching,For storing sorted data,A,,medium,web:Examveda.com https://www.examveda.com/data-structure/practice-mcq-question-on-applications-of-data-structures/,
Data Structures,applications of data structures,What data structure is used for managing a collection of tasks with different priorities?,Array,Hash Map,Deque,Priority Queue,D,,medium,web:Examveda.com https://www.examveda.com/data-structure/practice-mcq-question-on-applications-of-data-structures/,
Data Structures,applications of data structures,Which data structure is used for efficient retrieval of unique items?,Deque,Priority Queue,Hash Set,Linked List,C,,medium,web:Examveda.com https://www.examveda.com/data-structure/practice-mcq-question-on-applications-of-data-structures/?page=2,
Data Structures,applications of data structures,Which data structure is best suited for managing a dynamically changing set of data with fast insertions and deletions?,Array,Binary Search Tree,Hash Table,Linked List,D,,medium,web:Examveda.com https://www.examveda.com/data-structure/practice-mcq-question-on-applications-of-data-structures/?page=2,
Data Structures,applications of data structures,In which data structure would you typically use depth-first search (DFS)?,Graph,Heap,Stack,Queue,A,,medium,web:Examveda.com https://www.examveda.com/data-structure/practice-mcq-question-on-applications-of-data-structures/?page=2,
Data Structures,applications of data structures,Which data structure is often used for maintaining sorted data with fast lookups?,Linked List,Array,Hash Map,Balanced Binary Search Tree,D,,medium,web:Examveda.com https://www.examveda.com/data-structure/practice-mcq-question-on-applications-of-data-structures/?page=2,
Data Structures,applications of data structures,What data structure is commonly used to implement a breadth-first search (BFS) algorithm?,Stack,Hash Table,Queue,Binary Search Tree,C,,medium,web:Examveda.com https://www.examveda.com/data-structure/practice-mcq-question-on-applications-of-data-structures/?page=2,
Data Structures,applications of data structures,What data structure is typically used to implement a network routing algorithm?,Array,Stack,Graph,Heap,C,,medium,web:Examveda.com https://www.examveda.com/data-structure/practice-mcq-question-on-applications-of-data-structures/?page=2,
Data Structures,applications of data structures,In which data structure would you use a hash table?,For sorted data storage,For maintaining hierarchical relationships,For implementing a priority queue,For fast data retrieval and storage,D,,medium,web:Examveda.com https://www.examveda.com/data-structure/practice-mcq-question-on-applications-of-data-structures/?page=2,
Data Structures,applications of data structures,Which data structure is best for managing a sequence of data where frequent insertions and deletions are needed?,Deque,Array,Hash Table,Stack,A,,medium,web:Examveda.com https://www.examveda.com/data-structure/practice-mcq-question-on-applications-of-data-structures/?page=2,
Data Structures,applications of data structures,What data structure is commonly used for implementing the undo functionality in applications?,Hash Map,Linked List,Queue,Stack,D,,medium,web:Examveda.com https://www.examveda.com/data-structure/practice-mcq-question-on-applications-of-data-structures/?page=2,
Data Structures,applications of data structures,Which data structure is best suited for efficient in-order traversal of elements?,Hash Table,Linked List,Binary Search Tree,Priority Queue,C,,medium,web:Examveda.com https://www.examveda.com/data-structure/practice-mcq-question-on-applications-of-data-structures/?page=3,
Data Structures,applications of data structures,In which data structure is an AVL tree commonly used?,For managing dynamic arrays,For implementing priority queues,For maintaining balanced binary search trees,For implementing hash tables,C,,medium,web:Examveda.com https://www.examveda.com/data-structure/practice-mcq-question-on-applications-of-data-structures/?page=3,
Data Structures,applications of data structures,Which data structure is ideal for implementing a radix sort?,Stack,Queue,Graph,Array,D,,medium,web:Examveda.com https://www.examveda.com/data-structure/practice-mcq-question-on-applications-of-data-structures/?page=3,
Data Structures,applications of data structures,What data structure is used for implementing a dynamic list with frequent additions and removals?,Stack,Hash Set,Linked List,Array,C,,medium,web:Examveda.com https://www.examveda.com/data-structure/practice-mcq-question-on-applications-of-data-structures/?page=3,
Data Structures,applications of data structures,Which data structure is used to efficiently implement LRU (Least Recently Used) caching?,Queue,Stack,Binary Search Tree,Doubly Linked List,D,,medium,web:Examveda.com https://www.examveda.com/data-structure/practice-mcq-question-on-applications-of-data-structures/?page=3,
Data Structures,applications of data structures,In which data structure would you implement a social network where users are nodes and connections are edges?,Graph,Hash Table,Array,Stack,A,,medium,web:Examveda.com https://www.examveda.com/data-structure/practice-mcq-question-on-applications-of-data-structures/?page=3,
Data Structures,applications of data structures,What data structure is commonly used for representing hierarchical structures such as organizational charts?,Hash Map,Linked List,Queue,Tree,D,,medium,web:Examveda.com https://www.examveda.com/data-structure/practice-mcq-question-on-applications-of-data-structures/?page=3,
Data Structures,applications of data structures,Which data structure would you use for implementing a round-robin scheduling algorithm?,Stack,Binary Search Tree,Queue,Heap,C,,medium,web:Examveda.com https://www.examveda.com/data-structure/practice-mcq-question-on-applications-of-data-structures/?page=3,
Data Structures,applications of data structures,Which data structure is best for implementing a system that needs to handle frequent insertions and deletions with ordered elements?,Array,Stack,Balanced Binary Search Tree,Hash Table,C,,medium,web:Examveda.com https://www.examveda.com/data-structure/practice-mcq-question-on-applications-of-data-structures/?page=4,
Data Structures,applications of data structures,What data structure is used for implementing an adjacency matrix in graph algorithms?,Linked List,Hash Map,Heap,Array,D,,medium,web:Examveda.com https://www.examveda.com/data-structure/practice-mcq-question-on-applications-of-data-structures/?page=4,
Data Structures,applications of data structures,Which data structure is ideal for implementing a system that needs to keep track of the most recent items efficiently?,Stack,Queue,Linked List,Tree,A,,medium,web:Examveda.com https://www.examveda.com/data-structure/practice-mcq-question-on-applications-of-data-structures/?page=4,
Data Structures,applications of data structures,In which data structure is a Fibonacci heap used?,Stack,Hash Table,Graph,Priority Queue,D,,medium,web:Examveda.com https://www.examveda.com/data-structure/practice-mcq-question-on-applications-of-data-structures/?page=4,
Data Structures,applications of data structures,What data structure would you use for implementing a depth-first traversal in a maze?,Queue,Hash Table,Stack,Binary Search Tree,C,,medium,web:Examveda.com https://www.examveda.com/data-structure/practice-mcq-question-on-applications-of-data-structures/?page=4,
Data Structures,applications of data structures,What data structure is used to implement a LIFO (Last In First Out) queue?,Stack,Priority Queue,Linked List,Deque,A,,medium,web:Examveda.com https://www.examveda.com/data-structure/practice-mcq-question-on-applications-of-data-structures/?page=4,
Data Structures,applications of data structures,Which data structure is optimal for implementing a least frequently used (LFU) cache?,Stack,Queue,Hash Table,Min Heap,D,,medium,web:Examveda.com https://www.examveda.com/data-structure/practice-mcq-question-on-applications-of-data-structures/?page=4,
Data Structures,applications of data structures,What data structure is best suited for implementing a dynamic priority queue with fast access to the minimum or maximum element?,Hash Table,Stack,Heap,Linked List,C,,medium,web:Examveda.com https://www.examveda.com/data-structure/practice-mcq-question-on-applications-of-data-structures/?page=4,
Data Structures,applications of data structures,What data structure is used for representing a decision tree in machine learning algorithms?,Queue,Stack,Tree,Graph,C,,medium,web:Examveda.com https://www.examveda.com/data-structure/practice-mcq-question-on-applications-of-data-structures/?page=5,
Data Structures,applications of data structures,Which data structure is most suitable for implementing an undo feature in an application?,Queue,Linked List,Hash Table,Stack,D,,medium,web:Examveda.com https://www.examveda.com/data-structure/practice-mcq-question-on-applications-of-data-structures/?page=5,
Data Structures,applications of data structures,What data structure is ideal for managing a collection of elements with unique keys for quick lookups?,Hash Set,Array,Linked List,Stack,A,,medium,web:Examveda.com https://www.examveda.com/data-structure/practice-mcq-question-on-applications-of-data-structures/?page=5,
Data Structures,applications of data structures,Which data structure is used to implement a breadth-first traversal in a maze or graph?,Heap,Priority Queue,Stack,Queue,D,,medium,web:Examveda.com https://www.examveda.com/data-structure/practice-mcq-question-on-applications-of-data-structures/?page=5,
Data Structures,applications of data structures,What data structure is commonly used for implementing a fixed-size circular buffer?,Queue,Stack,Deque,Array,C,,medium,web:Examveda.com https://www.examveda.com/data-structure/practice-mcq-question-on-applications-of-data-structures/?page=5,
Data Structures,applications of data structures,Which data structure is best for implementing a scheduling algorithm that needs to manage tasks with varying priorities?,Array,Linked List,Priority Queue,Stack,C,,medium,web:Examveda.com https://www.examveda.com/data-structure/practice-mcq-question-on-applications-of-data-structures/?page=5,
Data Structures,applications of data structures,What data structure is commonly used for implementing an auto-complete feature in search engines?,Hash Table,Binary Search Tree,Stack,Trie,D,,medium,web:Examveda.com https://www.examveda.com/data-structure/practice-mcq-question-on-applications-of-data-structures/?page=5,
Data Structures,applications of data structures,In which data structure would you use an AVL Tree to maintain balance?,Balanced Binary Search Tree,Queue,Heap,Linked List,A,,medium,web:Examveda.com https://www.examveda.com/data-structure/practice-mcq-question-on-applications-of-data-structures/?page=5,
Data Structures,applications of data structures,Which data structure is suitable for representing a social network where users are nodes and connections are edges?,Hash Table,Queue,Array,Graph,D,,medium,web:Examveda.com https://www.examveda.com/data-structure/practice-mcq-question-on-applications-of-data-structures/?page=5,
Data Structures,applications of data structures,What data structure is used for managing a collection of elements where the order of insertion is important and duplicate elements are not allowed?,Array,Linked List,Hash Set,Stack,C,,medium,web:Examveda.com https://www.examveda.com/data-structure/practice-mcq-question-on-applications-of-data-structures/?page=5,
Data Structures,applications of data structures,"What data structure is best for implementing a system that requires efficient insertion, deletion, and search operations?",Stack,Heap,Hash Table,Binary Search Tree,C,,medium,web:Examveda.com https://www.examveda.com/data-structure/practice-mcq-question-on-applications-of-data-structures/?page=6,
Data Structures,applications of data structures,In which data structure is the Floyd-Warshall algorithm typically used?,Heap,Array,Queue,Graph,D,,medium,web:Examveda.com https://www.examveda.com/data-structure/practice-mcq-question-on-applications-of-data-structures/?page=6,
Data Structures,applications of data structures,Which data structure is best for implementing a text editor's find-and-replace functionality?,Trie,Linked List,Hash Table,Stack,A,,medium,web:Examveda.com https://www.examveda.com/data-structure/practice-mcq-question-on-applications-of-data-structures/?page=6,
Data Structures,applications of data structures,What data structure is used for efficiently managing a collection of elements with unique keys where both insertions and lookups are frequent?,Stack,Linked List,Array,Hash Map,D,,medium,web:Examveda.com https://www.examveda.com/data-structure/practice-mcq-question-on-applications-of-data-structures/?page=6,
Data Structures,applications of data structures,Which data structure would you use to implement a real-time messaging system where messages are processed in the order they are received?,Stack,Linked List,Queue,Hash Set,C,,medium,web:Examveda.com https://www.examveda.com/data-structure/practice-mcq-question-on-applications-of-data-structures/?page=6,
Data Structures,applications of data structures,Which data structure is optimal for implementing a dynamic set of items with fast updates and queries?,Linked List,Queue,Balanced Binary Search Tree,Hash Table,C,,medium,web:Examveda.com https://www.examveda.com/data-structure/practice-mcq-question-on-applications-of-data-structures/?page=6,
Data Structures,applications of data structures,What data structure is used to efficiently implement a priority queue where elements are ordered based on their priority?,Stack,Linked List,Array,Heap,D,,medium,web:Examveda.com https://www.examveda.com/data-structure/practice-mcq-question-on-applications-of-data-structures/?page=6,
Data Structures,miscellaneous on data structures,Which data structure is used to implement a binary heap efficiently?,Array,Linked List,Stack,Queue,A,,medium,web:Examveda.com https://www.examveda.com/data-structure/practice-mcq-question-on-miscellaneous-on-data-structures/,
Data Structures,miscellaneous on data structures,In which scenario would you use a Bloom Filter?,For implementing a stack-based algorithm,To maintain a balanced binary tree,For efficient sorting of elements,To test membership in a large dataset,D,,medium,web:Examveda.com https://www.examveda.com/data-structure/practice-mcq-question-on-miscellaneous-on-data-structures/,
Data Structures,miscellaneous on data structures,What data structure is used for implementing an efficient priority queue with multiple priority levels?,Queue,Stack,Heap,Array,C,,medium,web:Examveda.com https://www.examveda.com/data-structure/practice-mcq-question-on-miscellaneous-on-data-structures/,
Data Structures,miscellaneous on data structures,What data structure is typically used for implementing a set with fast lookup and insertion operations?,Binary Search Tree,Queue,Hash Set,Stack,C,,medium,web:Examveda.com https://www.examveda.com/data-structure/practice-mcq-question-on-miscellaneous-on-data-structures/,
Data Structures,miscellaneous on data structures,In which data structure would you use a Cartesian Tree?,Heap,Linked List,Graph,Binary Search Tree,D,,medium,web:Examveda.com https://www.examveda.com/data-structure/practice-mcq-question-on-miscellaneous-on-data-structures/,
Data Structures,miscellaneous on data structures,Which data structure is used to efficiently implement a circular buffer?,Deque,Array,Queue,Stack,A,,medium,web:Examveda.com https://www.examveda.com/data-structure/practice-mcq-question-on-miscellaneous-on-data-structures/,
Data Structures,miscellaneous on data structures,What is the primary use of a Disjoint Set Union (DSU) data structure?,To manage key-value pairs,To implement a balanced tree,For efficient sorting of large datasets,To manage and merge disjoint sets,D,,medium,web:Examveda.com https://www.examveda.com/data-structure/practice-mcq-question-on-miscellaneous-on-data-structures/,
Data Structures,miscellaneous on data structures,In which scenario would a K-d Tree be most useful?,For implementing a priority queue,For managing a stack of elements,For multi-dimensional search queries,For maintaining a hash table,C,,medium,web:Examveda.com https://www.examveda.com/data-structure/practice-mcq-question-on-miscellaneous-on-data-structures/,
Data Structures,miscellaneous on data structures,What data structure is used for implementing a dynamic programming table to store intermediate results?,Queue,Stack,2D Array,Hash Map,C,,medium,web:Examveda.com https://www.examveda.com/data-structure/practice-mcq-question-on-miscellaneous-on-data-structures/?page=2,
Data Structures,miscellaneous on data structures,"In which data structure is the concept of a ""skip list"" commonly used?",Binary Search Tree,Graph,Linked List,Skip List,D,,medium,web:Examveda.com https://www.examveda.com/data-structure/practice-mcq-question-on-miscellaneous-on-data-structures/?page=2,
Data Structures,miscellaneous on data structures,What data structure is commonly used to implement a round-robin scheduler?,Queue,Stack,Heap,Array,A,,medium,web:Examveda.com https://www.examveda.com/data-structure/practice-mcq-question-on-miscellaneous-on-data-structures/?page=2,
Data Structures,miscellaneous on data structures,Which data structure would you use to implement a fast in-memory cache with an expiration policy?,Stack,Queue,Trie,Hash Map,D,,medium,web:Examveda.com https://www.examveda.com/data-structure/practice-mcq-question-on-miscellaneous-on-data-structures/?page=2,
Data Structures,miscellaneous on data structures,What is the primary use of a Segment Tree?,To maintain a sorted list of elements,For implementing a priority queue,To perform range queries and updates,For representing a graph,C,,medium,web:Examveda.com https://www.examveda.com/data-structure/practice-mcq-question-on-miscellaneous-on-data-structures/?page=2,
Data Structures,miscellaneous on data structures,Which data structure would you use to implement a memory-efficient list of boolean values?,Array,Linked List,Bit Array,Hash Map,C,,medium,web:Examveda.com https://www.examveda.com/data-structure/practice-mcq-question-on-miscellaneous-on-data-structures/?page=2,
Data Structures,miscellaneous on data structures,What data structure is used for efficiently managing a collection of ordered elements where insertions and deletions are frequent?,Hash Table,Array,Queue,Balanced Tree,D,,medium,web:Examveda.com https://www.examveda.com/data-structure/practice-mcq-question-on-miscellaneous-on-data-structures/?page=2,
Data Structures,miscellaneous on data structures,In which data structure would you implement a Suffix Array?,Array,Heap,Trie,Linked List,A,,medium,web:Examveda.com https://www.examveda.com/data-structure/practice-mcq-question-on-miscellaneous-on-data-structures/?page=2,
Data Structures,miscellaneous on data structures,What data structure is best suited for implementing a frequency counter for a large dataset?,Stack,Trie,Array,Hash Map,D,,medium,web:Examveda.com https://www.examveda.com/data-structure/practice-mcq-question-on-miscellaneous-on-data-structures/?page=2,
Data Structures,miscellaneous on data structures,Which data structure is used to implement a multi-dimensional data grid efficiently?,Graph,Heap,2D Array,Linked List,C,,medium,web:Examveda.com https://www.examveda.com/data-structure/practice-mcq-question-on-miscellaneous-on-data-structures/?page=3,
Data Structures,miscellaneous on data structures,Which data structure is commonly used for efficient processing of event-driven simulations?,Array,Stack,Priority Queue,Queue,C,,medium,web:Examveda.com https://www.examveda.com/data-structure/practice-mcq-question-on-miscellaneous-on-data-structures/?page=3,
Data Structures,miscellaneous on data structures,What data structure is used to manage and efficiently query a dynamic set of intervals?,Hash Map,Linked List,Stack,Segment Tree,D,,medium,web:Examveda.com https://www.examveda.com/data-structure/practice-mcq-question-on-miscellaneous-on-data-structures/?page=3,
Data Structures,miscellaneous on data structures,What data structure is used for implementing a forward and backward traversal system?,Doubly Linked List,Queue,Array,Stack,A,,medium,web:Examveda.com https://www.examveda.com/data-structure/practice-mcq-question-on-miscellaneous-on-data-structures/?page=3,
Data Structures,miscellaneous on data structures,Which data structure is used to efficiently store and query large sets of unique strings?,Stack,Linked List,Hash Table,Trie,D,,medium,web:Examveda.com https://www.examveda.com/data-structure/practice-mcq-question-on-miscellaneous-on-data-structures/?page=3,
Data Structures,miscellaneous on data structures,What is the primary use of a LRU (Least Recently Used) cache?,To maintain an ordered list of elements,To store large amounts of data,To manage a fixed-size cache with eviction,To implement a priority queue,C,,medium,web:Examveda.com https://www.examveda.com/data-structure/practice-mcq-question-on-miscellaneous-on-data-structures/?page=3,
Data Structures,miscellaneous on data structures,Which data structure is used for maintaining a time-stamped log of events for rollback operations?,Array,Queue,Log,Stack,C,,medium,web:Examveda.com https://www.examveda.com/data-structure/practice-mcq-question-on-miscellaneous-on-data-structures/?page=3,
Data Structures,miscellaneous on data structures,What data structure is most suitable for implementing a system that needs to support rolling window operations?,Queue,Stack,Array,Deque,D,,medium,web:Examveda.com https://www.examveda.com/data-structure/practice-mcq-question-on-miscellaneous-on-data-structures/?page=3,
Data Structures,miscellaneous on data structures,Which data structure is used for implementing a self-balancing tree with O(log n) operations?,Queue,Stack,Red-Black Tree,Hash Table,C,,medium,web:Examveda.com https://www.examveda.com/data-structure/practice-mcq-question-on-miscellaneous-on-data-structures/?page=4,
Data Structures,miscellaneous on data structures,What data structure would you use for efficiently managing a set of time-ordered events?,Queue,Stack,Array,Priority Queue,D,,medium,web:Examveda.com https://www.examveda.com/data-structure/practice-mcq-question-on-miscellaneous-on-data-structures/?page=4,
Data Structures,miscellaneous on data structures,"Which data structure is optimal for implementing a system where the order of processing is critical, but elements are frequently updated?",Queue,Heap,Linked List,Array,A,,medium,web:Examveda.com https://www.examveda.com/data-structure/practice-mcq-question-on-miscellaneous-on-data-structures/?page=4,
Data Structures,miscellaneous on data structures,What is the primary advantage of using a Cuckoo Hashing technique?,To allow constant-time access,To support dynamic resizing of the hash table,To maintain a sorted order of elements,To reduce collision rates and improve lookup time,D,,medium,web:Examveda.com https://www.examveda.com/data-structure/practice-mcq-question-on-miscellaneous-on-data-structures/?page=4,
Data Structures,miscellaneous on data structures,Which data structure is used for implementing an efficient dynamic array with automatic resizing?,Array,Linked List,Vector,Deque,C,,medium,web:Examveda.com https://www.examveda.com/data-structure/practice-mcq-question-on-miscellaneous-on-data-structures/?page=4,
Data Structures,miscellaneous on data structures,"In which data structure is the concept of ""weighted union"" used?",Stack,Heap,Union-Find,Binary Search Tree,C,,medium,web:Examveda.com https://www.examveda.com/data-structure/practice-mcq-question-on-miscellaneous-on-data-structures/?page=4,
Data Structures,miscellaneous on data structures,Which data structure would you use to implement a system where elements need to be both added and removed in FIFO order but with a fixed size?,Deque,Priority Queue,Stack,Circular Queue,D,,medium,web:Examveda.com https://www.examveda.com/data-structure/practice-mcq-question-on-miscellaneous-on-data-structures/?page=4,
Data Structures,miscellaneous on data structures,What is the primary use of a B Tree in file systems?,To manage large blocks of data on disk,For quick in-memory sorting,To implement a simple key-value store,For managing dynamic sets,A,,medium,web:Examveda.com https://www.examveda.com/data-structure/practice-mcq-question-on-miscellaneous-on-data-structures/?page=4,
Data Structures,miscellaneous on data structures,What data structure is used to implement a system where operations must be performed on the middle element frequently?,Stack,Linked List,Queue,Deque,D,,medium,web:Examveda.com https://www.examveda.com/data-structure/practice-mcq-question-on-miscellaneous-on-data-structures/?page=4,
Data Structures,miscellaneous on data structures,Which data structure is used for efficiently managing a list of elements with frequent insertions and deletions at both ends?,Array,Hash Table,Deque,Priority Queue,C,,medium,web:Examveda.com https://www.examveda.com/data-structure/practice-mcq-question-on-miscellaneous-on-data-structures/?page=5,
Data Structures,miscellaneous on data structures,Which data structure is best suited for implementing an undo feature in software applications?,Stack,Queue,Linked List,Array,A,,medium,web:Examveda.com https://www.examveda.com/data-structure/practice-mcq-question-on-miscellaneous-on-data-structures/?page=5,
Data Structures,miscellaneous on data structures,What is the primary use of a Fenwick Tree (Binary Indexed Tree)?,To handle dynamic sets with fast insertions,For implementing priority queues,To manage a collection of key-value pairs,To perform efficient prefix sum queries and updates,D,,medium,web:Examveda.com https://www.examveda.com/data-structure/practice-mcq-question-on-miscellaneous-on-data-structures/?page=5,
Data Structures,miscellaneous on data structures,Which data structure is used to handle a set of elements where order matters and elements are added and removed frequently?,Array,Queue,Linked List,Hash Map,C,,medium,web:Examveda.com https://www.examveda.com/data-structure/practice-mcq-question-on-miscellaneous-on-data-structures/?page=5,
Data Structures,miscellaneous on data structures,What is the primary advantage of a Treap data structure?,To ensure ordered data insertion,To support dynamic resizing efficiently,To combine properties of binary search trees and heaps,To manage large datasets with quick access,C,,medium,web:Examveda.com https://www.examveda.com/data-structure/practice-mcq-question-on-miscellaneous-on-data-structures/?page=5,
Data Structures,miscellaneous on data structures,Which data structure would you use for efficiently implementing an auto-complete feature?,Hash Map,Stack,Queue,Trie,D,,medium,web:Examveda.com https://www.examveda.com/data-structure/practice-mcq-question-on-miscellaneous-on-data-structures/?page=5,
Data Structures,miscellaneous on data structures,What data structure is typically used in an operating system to handle process scheduling?,Priority Queue,Queue,Stack,Deque,A,,medium,web:Examveda.com https://www.examveda.com/data-structure/practice-mcq-question-on-miscellaneous-on-data-structures/?page=5,
Data Structures,miscellaneous on data structures,Which data structure is best suited for implementing a system with frequent range updates and point queries?,Hash Table,Binary Search Tree,Linked List,Fenwick Tree,D,,medium,web:Examveda.com https://www.examveda.com/data-structure/practice-mcq-question-on-miscellaneous-on-data-structures/?page=5,
Data Structures,miscellaneous on data structures,What is the primary use of a Bloom Filter?,To sort large datasets efficiently,To maintain ordered data,To test membership of an element in a set with a trade-off between accuracy and space,To manage a fixed-size cache,C,,medium,web:Examveda.com https://www.examveda.com/data-structure/practice-mcq-question-on-miscellaneous-on-data-structures/?page=6,
Data Structures,miscellaneous on data structures,Which data structure is used to manage dynamic subsets with efficient merging and querying?,Array,Heap,Disjoint Set Union (DSU),Binary Search Tree,C,,medium,web:Examveda.com https://www.examveda.com/data-structure/practice-mcq-question-on-miscellaneous-on-data-structures/?page=6,
Data Structures,miscellaneous on data structures,What data structure would you use to implement a large database index efficiently?,Binary Search Tree,Stack,Queue,B+ Tree,D,,medium,web:Examveda.com https://www.examveda.com/data-structure/practice-mcq-question-on-miscellaneous-on-data-structures/?page=6,
Data Structures,miscellaneous on data structures,"In which data structure is the concept of ""path compression"" used?",Disjoint Set Union (DSU),Trie,Heap,Linked List,A,,medium,web:Examveda.com https://www.examveda.com/data-structure/practice-mcq-question-on-miscellaneous-on-data-structures/?page=6,
Data Structures,miscellaneous on data structures,What data structure is used to maintain a collection of elements that allows fast insertions and deletions but also needs to be sorted frequently?,Array,Hash Map,Heap,Sorted List,D,,medium,web:Examveda.com https://www.examveda.com/data-structure/practice-mcq-question-on-miscellaneous-on-data-structures/?page=6,
Data Structures,miscellaneous on data structures,What is the primary advantage of using a Skip List over a Binary Search Tree?,To maintain strict ordering of elements,To support efficient priority queue operations,To provide probabilistic balancing and efficient insertions,To handle large datasets with constant time access,C,,medium,web:Examveda.com https://www.examveda.com/data-structure/practice-mcq-question-on-miscellaneous-on-data-structures/?page=6,
Data Structures,miscellaneous on data structures,What data structure is best for managing a list of tasks to be executed in the order they were added?,Deque,Priority Queue,Queue,Stack,C,,medium,web:Examveda.com https://www.examveda.com/data-structure/practice-mcq-question-on-miscellaneous-on-data-structures/?page=6,
Data Structures,miscellaneous on data structures,What data structure is used for efficient search and update operations on a dynamic set of keys?,Hash Map,Trie,Queue,Binary Search Tree,D,,medium,web:Examveda.com https://www.examveda.com/data-structure/practice-mcq-question-on-miscellaneous-on-data-structures/?page=6,
Data Structures,miscellaneous on data structures,What data structure is most suitable for implementing a multi-level cache?,Deque,Stack,Priority Queue,Array,A,,medium,web:Examveda.com https://www.examveda.com/data-structure/practice-mcq-question-on-miscellaneous-on-data-structures/?page=7,
Data Structures,miscellaneous on data structures,Which data structure is best suited for a system that needs to efficiently manage and query non-overlapping intervals?,Heap,Trie,Segment Tree,Interval Tree,D,,medium,web:Examveda.com https://www.examveda.com/data-structure/practice-mcq-question-on-miscellaneous-on-data-structures/?page=7,
Data Structures,miscellaneous on data structures,"In a B+ Tree, which nodes are used to store actual data records?",Internal Nodes,Root Node,Leaf Nodes,Intermediate Nodes,C,,medium,web:Examveda.com https://www.examveda.com/data-structure/practice-mcq-question-on-miscellaneous-on-data-structures/?page=7,
Data Structures,miscellaneous on data structures,Which data structure allows for the efficient implementation of a circular buffer?,Deque,Heap,Circular Queue,Stack,C,,medium,web:Examveda.com https://www.examveda.com/data-structure/practice-mcq-question-on-miscellaneous-on-data-structures/?page=7,
Data Structures,miscellaneous on data structures,"Which data structure is commonly used to handle a sequence of operations with a last-in, first-out approach?",Stack,Queue,Deque,Priority Queue,A,,medium,web:Examveda.com https://www.examveda.com/data-structure/practice-mcq-question-on-miscellaneous-on-data-structures/?page=7,
Data Structures,miscellaneous on data structures,What data structure is typically used to implement a system for efficiently managing and updating a large set of numerical data?,Binary Search Tree,Hash Map,Trie,Segment Tree,D,,medium,web:Examveda.com https://www.examveda.com/data-structure/practice-mcq-question-on-miscellaneous-on-data-structures/?page=7,
Data Structures,miscellaneous on data structures,"In which data structure is a ""red-black tree"" used, and what is its primary benefit?",Hash Table,Heap,Red-Black Tree,Stack,C,,medium,web:Examveda.com https://www.examveda.com/data-structure/practice-mcq-question-on-miscellaneous-on-data-structures/?page=7,
Data Structures,miscellaneous on data structures,Which data structure is used for efficiently finding the k-th smallest or largest element in an unsorted array?,Heap,Quickselect,Trie,Segment Tree,A,,medium,web:Examveda.com https://www.examveda.com/data-structure/practice-mcq-question-on-miscellaneous-on-data-structures/?page=8,
Data Structures,miscellaneous on data structures,What is the primary use of a Disjoint Set Union (DSU) in algorithms?,To maintain ordered sequences,To handle large-scale sorting operations,To implement priority queues efficiently,To manage dynamic sets and perform union-find operations,D,,medium,web:Examveda.com https://www.examveda.com/data-structure/practice-mcq-question-on-miscellaneous-on-data-structures/?page=8,
Data Structures,miscellaneous on data structures,"Which data structure is most suitable for implementing a system with a fixed-size, circular buffer?",Deque,Stack,Array,Circular Queue,D,,medium,web:Examveda.com https://www.examveda.com/data-structure/practice-mcq-question-on-miscellaneous-on-data-structures/?page=8,
Data Structures,miscellaneous on data structures,What data structure is used to manage and query a large dataset with minimal memory overhead and no duplicates?,Bloom Filter,Hash Map,Heap,Trie,A,,medium,web:Examveda.com https://www.examveda.com/data-structure/practice-mcq-question-on-miscellaneous-on-data-structures/?page=8,
Data Structures,miscellaneous on data structures,What is a common application of a Deque data structure?,To manage a fixed-size cache,To support efficient prefix searches,To handle priority-based scheduling,To implement a double-ended queue with fast insertions and deletions,D,,medium,web:Examveda.com https://www.examveda.com/data-structure/practice-mcq-question-on-miscellaneous-on-data-structures/?page=8,
Data Structures,miscellaneous on data structures,Which data structure would you use for an application that needs to handle elements with a frequent change in priority?,Queue,Stack,Priority Queue,Linked List,C,,medium,web:Examveda.com https://www.examveda.com/data-structure/practice-mcq-question-on-miscellaneous-on-data-structures/?page=8,
Data Structures,miscellaneous on data structures,In which scenario is a Sparse Matrix particularly useful?,For maintaining sorted data,For managing dynamic key-value pairs,For storing matrices with a majority of zero elements,For handling fully populated matrices,C,,medium,web:Examveda.com https://www.examveda.com/data-structure/practice-mcq-question-on-miscellaneous-on-data-structures/?page=8,
Data Structures,miscellaneous on data structures,What data structure is ideal for implementing a system that requires quick lookups and frequent updates with a small range of possible keys?,Linked List,Trie,Heap,Hash Table,D,,medium,web:Examveda.com https://www.examveda.com/data-structure/practice-mcq-question-on-miscellaneous-on-data-structures/?page=8,
Data Structures,miscellaneous on data structures,Which data structure is most appropriate for a system requiring efficient access to the maximum element?,Min-Heap,Priority Queue,Max-Heap,Binary Search Tree,C,,medium,web:Examveda.com https://www.examveda.com/data-structure/practice-mcq-question-on-miscellaneous-on-data-structures/?page=8,
Data Structures,miscellaneous on data structures,Which data structure is used to manage a dynamically changing set of intervals with fast queries?,Hash Map,Binary Search Tree,Interval Tree,Segment Tree,C,,medium,web:Examveda.com https://www.examveda.com/data-structure/practice-mcq-question-on-miscellaneous-on-data-structures/?page=9,
Data Structures,miscellaneous on data structures,What is the main advantage of using a Ternary Search Tree?,To handle large datasets with quick access,To maintain a balanced binary search tree,To support fast dynamic insertions,To efficiently manage and search for key prefixes,D,,medium,web:Examveda.com https://www.examveda.com/data-structure/practice-mcq-question-on-miscellaneous-on-data-structures/?page=9,
Data Structures,miscellaneous on data structures,Which data structure is used for implementing efficient algorithms for finding the shortest path in graphs?,Deque,Heap,Priority Queue,Stack,C,,medium,web:Examveda.com https://www.examveda.com/data-structure/practice-mcq-question-on-miscellaneous-on-data-structures/?page=9,
Data Structures,miscellaneous on data structures,"What data structure is used for fast updates and queries on a fixed-size, sequential dataset?",Stack,Queue,Hash Table,Fenwick Tree,D,,medium,web:Examveda.com https://www.examveda.com/data-structure/practice-mcq-question-on-miscellaneous-on-data-structures/?page=9,
Data Structures,miscellaneous on data structures,In which scenario would a Bloom Filter be most beneficial?,When checking for membership with a trade-off between accuracy and space,When managing dynamic key-value pairs,For storing sorted data,For implementing priority queues,A,,medium,web:Examveda.com https://www.examveda.com/data-structure/practice-mcq-question-on-miscellaneous-on-data-structures/?page=9,
Data Structures,miscellaneous on data structures,What data structure is most suitable for handling a fixed-size list where elements are frequently added and removed?,Trie,Heap,Queue,Circular Buffer,D,,medium,web:Examveda.com https://www.examveda.com/data-structure/practice-mcq-question-on-miscellaneous-on-data-structures/?page=9,
Data Structures,miscellaneous on data structures,Which data structure is optimal for managing a large set of numerical ranges with efficient updates?,Heap,Linked List,Hash Table,Segment Tree,D,,medium,web:Examveda.com https://www.examveda.com/data-structure/practice-mcq-question-on-miscellaneous-on-data-structures/?page=9,
Data Structures,miscellaneous on data structures,What is the primary benefit of using a Splay Tree?,To maintain strict balancing of the tree,To support efficient priority queue operations,To provide amortized time bounds for tree operations,To handle fixed-size data efficiently,C,,medium,web:Examveda.com https://www.examveda.com/data-structure/practice-mcq-question-on-miscellaneous-on-data-structures/?page=9,
Data Structures,miscellaneous on data structures,"What will be the recurrence relation of the following code? 
Int sum(int n)
{
 If(n==1)
 return 1;
 else
 return n+sum(n-1);
}",T(n) = T(n/2) + n,T(n) = T(n-1) + n,T(n) = T(n-1) + O(1),T(n) = T(n/2) + O(1),C,,medium,web:Examveda.com https://www.examveda.com/data-structure/practice-mcq-question-on-miscellaneous-on-data-structures/?page=10,
Data Structures,miscellaneous on data structures,What is the usual size of polybius square used for encrypting English alphabets?,5 X 5,6 X 6,26 X 26,25 X 25,A,,medium,web:Examveda.com https://www.examveda.com/data-structure/practice-mcq-question-on-miscellaneous-on-data-structures/?page=10,
Data Structures,miscellaneous on data structures,What will be the chromatic number of the following graph?,2,3,4,5,B,,medium,web:Examveda.com https://www.examveda.com/data-structure/practice-mcq-question-on-miscellaneous-on-data-structures/?page=10,
Data Structures,miscellaneous on data structures,In how many ways can a Gomory-Hu tree be implemented?,1,2,3,4,B,,medium,web:Examveda.com https://www.examveda.com/data-structure/practice-mcq-question-on-miscellaneous-on-data-structures/?page=10,
Data Structures,miscellaneous on data structures,Which of the following is true about the time complexity of the recursive solution of the subset sum problem?,It has an exponential time complexity,It has a linear time complexity,It has a logarithmic time complexity,it has a time complexity of O(n2),A,,medium,web:Examveda.com https://www.examveda.com/data-structure/practice-mcq-question-on-miscellaneous-on-data-structures/?page=10,
Data Structures,miscellaneous on data structures,"Consider the following code: 
#include<stdio.h>
int recursive_sum(int n)
{
 if(n == 0)
 return 0;
 return ________;
}
int main()
{
 int n = 5;
 int ans = recursive_sum(n);
 printf(""%d"",ans);
 return 0;
}
Which of the following lines is the recurrence relation for the above code?",(n - 1) +recursive_sum(n),n + recursive_sum(n),n + recursive_sum(n - 1),(n - 1) + recursive_sum(n - 1),C,,medium,web:Examveda.com https://www.examveda.com/data-structure/practice-mcq-question-on-miscellaneous-on-data-structures/?page=10,
Data Structures,miscellaneous on data structures,In what time can the Hamiltonian path problem can be solved using dynamic programming?,O(N),O(N log N),O(N2),O(N2 2N),D,,medium,web:Examveda.com https://www.examveda.com/data-structure/practice-mcq-question-on-miscellaneous-on-data-structures/?page=10,
Data Structures,miscellaneous on data structures,"In a optimal page replacement algorithm, when a page is to be replaced, which of the following pages is chosen?",Oldest page,Newest page,Frequently occurred page in the future,Not frequently occurred page in the future,D,,medium,web:Examveda.com https://www.examveda.com/data-structure/practice-mcq-question-on-miscellaneous-on-data-structures/?page=10,
