subject,topic,question,option_a,option_b,option_c,option_d,correct_letter,explanation,difficulty,source,tags
Java,data types and variables,What is the maximum value that can be stored in a byte variable in Java?,127,255,32767,64,A,"In Java, the byte data type is a signed 8-bit integer type. Being signed means that it can represent both positive and negative values. The maximum value that can be stored in a byte variable is 127. 

The reason is that a byte variable uses 8 bits to represent numbers, and one of those bits is used to represent the sign (positive or negative). Therefore, the remaining 7 bits are available to represent the magnitude of the number.
 
In binary, with 7 bits, you can represent numbers from 0 to 127. The highest bit (leftmost bit) is used for sign, where 0 represents positive and 1 represents negative.
 
So, the maximum value for a byte variable in Java is 2^7 - 1, which equals 127.
 
Therefore, the correct answer is Option A: 127.",medium,web:Examveda.com https://www.examveda.com/java-program/practice-mcq-question-on-data-types-and-variables/,
Java,data types and variables,Which data type is used to store a single character in Java?,char,string,letter,ch,A,"The correct answer is Option A: char.
 
In Java, the char data type is used to store a single character. It can hold any single Unicode character, including letters, digits, and special symbols.
 
Using char allows you to store individual characters like 'A', '7', '$', etc., whereas String (Option B) is used to store a sequence of characters (a string of characters).
 
Options C and D are not valid data types in Java.",medium,web:Examveda.com https://www.examveda.com/java-program/practice-mcq-question-on-data-types-and-variables/,
Java,data types and variables,What is the default value of an int variable in Java if it's not explicitly initialized?,0,1,-1,Null,A,"The correct answer is Option A: 0. 
 
In Java, if an int variable is not explicitly initialized, it will be assigned the default value of 0. 
 
This default value is used when no initial value is provided for an integer variable. 
 
Option B, Option C, and Option D are not the default values for an uninitialized int variable in Java.",medium,web:Examveda.com https://www.examveda.com/java-program/practice-mcq-question-on-data-types-and-variables/,
Java,data types and variables,Which of the following is not a valid identifier for a Java variable?,my_var,_myVar,3rdVar,$var,C,"The correct answer is Option C: 3rdVar. 
 
In Java, variable identifiers (names) must follow certain rules: 
 

 They can only start with a letter (A-Z or a-z), underscore (_), or dollar sign ($). 
 The subsequent characters can be letters, digits (0-9), underscores, or dollar signs. 
 They cannot be a Java keyword (reserved word). 
 

Option A (my_var), Option B (_myVar), and Option D ($var) all follow these rules and are valid variable identifiers. 
 
Option C (3rdVar) is not valid because it starts with a digit, which is not allowed for variable names in Java.",medium,web:Examveda.com https://www.examveda.com/java-program/practice-mcq-question-on-data-types-and-variables/,
Java,data types and variables,Which data type is used to store floating-point numbers with single precision in Java?,float,double,decimal,real,A,"The correct answer is Option A: float. 
 
In Java, the float data type is used to store floating-point numbers with single precision. 
 
Here's the breakdown: 
 

 Option A: float - This is the correct data type for single-precision floating-point numbers in Java. 
 
 Option B: double - This data type is used for double-precision floating-point numbers, which can store numbers with greater precision compared to float. 
 
 Option C: decimal - There is no decimal data type in Java for floating-point numbers. 
 
 Option D: real - There is no real data type in Java for floating-point numbers. 
 

So, the correct choice for single-precision floating-point numbers in Java is float.",medium,web:Examveda.com https://www.examveda.com/java-program/practice-mcq-question-on-data-types-and-variables/,
Java,data types and variables,"In Java, which data type is used to represent true or false values?",boolean,bit,logic,binary,A,"The correct answer is Option A: boolean. 
 
In Java, the boolean data type is used to represent true or false values. 
 
Here's the breakdown: 
 

 Option A: boolean - This is the correct data type for representing true or false values in Java. 
 
 Option B: bit - While bits are used in computer systems to represent binary values (0 or 1), there is no specific bit data type in Java for representing boolean values. 
 
 Option C: logic - There is no logic data type in Java for representing boolean values. 
 
 Option D: binary - This term refers to binary values, but it is not a data type used to represent boolean values in Java. 
 

So, the correct choice for representing true or false values in Java is boolean.",medium,web:Examveda.com https://www.examveda.com/java-program/practice-mcq-question-on-data-types-and-variables/,
Java,data types and variables,What is the size of a long variable in Java?,4 bytes,8 bytes,2 bytes,16 bytes,B,"The correct answer is Option B: 8 bytes. 
 
In Java, a long variable is used to store large integer values, and it occupies 8 bytes of memory. 
 
Here's the breakdown: 
 

 Option A: 4 bytes - This size corresponds to the int data type in Java, not long. 
 
 Option B: 8 bytes - This is the correct size for a long variable in Java. 
 
 Option C: 2 bytes - This size corresponds to the short data type in Java, not long. 
 
 Option D: 16 bytes - There is no standard long data type that occupies 16 bytes in Java. 
 

So, the size of a long variable in Java is 8 bytes.",medium,web:Examveda.com https://www.examveda.com/java-program/practice-mcq-question-on-data-types-and-variables/,
Java,data types and variables,Which of the following is a valid way to declare a constant in Java?,final int PI,const float PI,static double PI,final double PI,D,"The correct answer is Option D: final double PI. 
 
In Java, you can declare a constant using the final keyword followed by the data type and the variable name. 
 
Here's the breakdown: 
 

 Option A: final int PI - This is not a valid way to declare a constant because the data type of PI should be a floating-point type (e.g., double) for representing the mathematical constant π. Additionally, there should be an initializer for the constant. 

 Option B: const float PI - In Java, the const keyword is not used to declare constants. Use final instead. Also, the data type should be double for representing π with sufficient precision. 

 Option C: static double PI - While this declaration is valid, it does not indicate that PI is a constant. It declares a static variable that can be modified. To declare a constant, you should use the final keyword. 

 Option D: final double PI - This is the ",medium,web:Examveda.com https://www.examveda.com/java-program/practice-mcq-question-on-data-types-and-variables/,
Java,data types and variables,What is the range of values that can be stored in a short variable in Java?,-128 to 127,"-32,768 to 32,767","0 to 65,535","-1,000,000 to 1,000,000",B,"The correct answer is Option B: -32,768 to 32,767. 
 
In Java, a short variable is a 16-bit signed integer type, which means it can store values in the range of -32,768 to 32,767. 
 
Here's the breakdown: 
 

 Option A: -128 to 127 - This range corresponds to a byte data type, not a short. 
 
 Option B: -32,768 to 32,767 - This is the correct range for a short variable in Java. 
 
 Option C: 0 to 65,535 - This range corresponds to an unsigned short (also known as char) in Java. A regular short is signed and can have both positive and negative values. 
 
 Option D: -1,000,000 to 1,000,000 - This range exceeds the capacity of a short variable, which can only store values up to 32,767. 
 

So, the range of values that can be stored in a short variable in Java is -32,768 to 32,767.",medium,web:Examveda.com https://www.examveda.com/java-program/practice-mcq-question-on-data-types-and-variables/,
Java,data types and variables,Which of the following is a primitive data type in Java?,String,Integer,Boolean,Char,D,"The correct answer is Option D: char. 
 
In Java, a primitive data type is a basic data type that is not an object. char is one of the primitive data types in Java, used to store a single character, such as 'A' or '5'. 
 
Here's the breakdown: 
 

 Option A: String - String is not a primitive data type in Java. It is a class for representing sequences of characters. 
 
 Option B: Integer - Integer is not a primitive data type, but int (lowercase) is a primitive data type used to store whole numbers. 
 
 Option C: Boolean - Boolean is not a primitive data type, but boolean (lowercase) is a primitive data type used to represent true or false values. 
 
 Option D: Char - This is the correct answer. char is a primitive data type in Java used to store a single character. 
 

So, the primitive data type in Java among the given options is char. 

 
 
 
 



 
 
 
 
 
 
 
 
 
 
 
 
 1
2
3
4
5
6
",medium,web:Examveda.com https://www.examveda.com/java-program/practice-mcq-question-on-data-types-and-variables/,
Java,data types and variables,Which keyword is used to declare a variable that can hold a reference to an object of any class in Java?,object,class,var,generic,C,"The correct answer is Option C: var. 
 
In Java, the var keyword is used to declare a variable that can hold a reference to an object of any class without specifying the exact data type explicitly. It was introduced in Java 10 to support local type inference. 
 
Here's the breakdown: 
 

 Option A: object - There is no object keyword for declaring variables with generic reference types in Java. 
 
 Option B: class - The class keyword is used for defining and declaring classes in Java, not for declaring variables with generic reference types. 
 
 Option C: var - This is the correct answer. The var keyword is used for declaring variables with inferred types, allowing them to hold references to objects of any class. 
 
 Option D: generic - The term generic usually refers to generic types and classes in Java, but it is not a keyword used for declaring variables. 
 

So, the keyword used to d",medium,web:Examveda.com https://www.examveda.com/java-program/practice-mcq-question-on-data-types-and-variables/?page=2,
Java,data types and variables,What is the default value of a boolean variable in Java if it's not explicitly initialized?,FALSE,TRUE,0,Null,A,"The correct answer is Option A: FALSE. 
 
In Java, the default value of a boolean variable is FALSE if it's not explicitly initialized. 
 
Here's the breakdown: 
 

 Option A: FALSE - This is the correct default value for an uninitialized boolean variable in Java. It represents a false boolean value. 
 
 Option B: TRUE - This is not the default value. The default value for a boolean is FALSE. 
 
 Option C: 0 - This is not the default value for a boolean in Java. 0 is typically used for integer values. 
 
 Option D: Null - Null is not a valid value for a boolean variable. Java boolean variables can only be true or false. 
 

So, the default value of a boolean variable in Java if it's not explicitly initialized is FALSE.",medium,web:Examveda.com https://www.examveda.com/java-program/practice-mcq-question-on-data-types-and-variables/?page=2,
Java,data types and variables,Which of the following is the correct way to declare a hexadecimal value in Java?,0x1A,#1A,1A,0b1A,A,"The correct answer is Option A: 0x1A. 
 
In Java, the correct way to declare a hexadecimal value is by using the prefix 0x followed by the hexadecimal digits. 
 
Here's the breakdown: 
 

 Option A: 0x1A - This is the correct way to declare a hexadecimal value in Java. The 0x prefix indicates that the following digits are in hexadecimal format. 
 
 Option B: #1A - This is not the correct way to declare a hexadecimal value in Java. Java uses 0x for hexadecimal notation, not #. 
 
 Option C: 1A - This is not a valid way to represent a hexadecimal value in Java. It lacks the 0x prefix. 
 
 Option D: 0b1A - This is not a valid hexadecimal representation in Java. The 0b prefix is used for binary representation, not hexadecimal. 
 

So, the correct way to declare a hexadecimal value in Java is 0x1A.",medium,web:Examveda.com https://www.examveda.com/java-program/practice-mcq-question-on-data-types-and-variables/?page=2,
Java,data types and variables,What is the minimum value that can be stored in a char variable in Java?,0,-128,-32768,'a',A,"The correct answer is Option A: 0. 
 
In Java, a char variable is a 16-bit unsigned data type that can represent Unicode characters. The minimum value that can be stored in a char variable is 0, which corresponds to the Unicode character with the code point of zero. 
 
Here's the breakdown: 
 

 Option A: 0 - This is the correct minimum value that can be stored in a char variable in Java. It represents the Unicode character with the code point of zero. 
 
 Option B: -128 - This value is not applicable to char variables in Java. It's more relevant to signed integer types. 
 
 Option C: -32768 - This value is not applicable to char variables. It's a range associated with short or int data types in Java. 
 
 Option D: 'a' - This represents the character 'a', not a numeric value, and it is not the minimum value that can be stored in a char variable. 
 

So, the correct minimum value that can",medium,web:Examveda.com https://www.examveda.com/java-program/practice-mcq-question-on-data-types-and-variables/?page=2,
Java,data types and variables,"In Java, which data type is used to store numbers with decimal points?",double,int,float,decimal,A,"The correct answer is Option A: double. 
 
In Java, the double data type is used to store numbers with decimal points, such as real numbers or floating-point numbers. 
 
Here's the breakdown: 
 

 Option A: double - This is the correct data type for storing numbers with decimal points in Java. It provides a high level of precision for floating-point calculations. 
 
 Option B: int - The int data type is used for storing whole numbers (integers) without decimal points. It does not store decimal values. 
 
 Option C: float - The float data type is also used for storing numbers with decimal points, but it provides less precision compared to double. It is a single-precision floating-point type. 
 
 Option D: decimal - There is no decimal data type in standard Java. The term ""decimal"" is often associated with other programming languages, such as C#. 
 

So, in Java, the data type used to stor",medium,web:Examveda.com https://www.examveda.com/java-program/practice-mcq-question-on-data-types-and-variables/?page=2,
Java,data types and variables,Which of the following is not a primitive data type in Java?,int,byte,char,string,D,"The correct answer is Option D: string. 
 
In Java, a primitive data type is a basic data type that represents a single value. The primitive data types in Java are int, byte, and char among the options provided. 
 
Here's the breakdown: 
 

 Option A: int - This is a primitive data type in Java used for representing whole numbers (integers). 
 
 Option B: byte - This is also a primitive data type in Java used for representing small integers. 
 
 Option C: char - This is a primitive data type in Java used for representing single characters. 
 
 Option D: string - This is not a primitive data type in Java. Instead, it is a class (String class) used to represent sequences of characters. String objects are not primitives because they are more complex and can have methods and properties. 
 

So, among the provided options, string is not a primitive data type in Java.",medium,web:Examveda.com https://www.examveda.com/java-program/practice-mcq-question-on-data-types-and-variables/?page=2,
Java,data types and variables,What is the default value of a double variable in Java if it's not explicitly initialized?,0,1,-1,Null,A,"The correct answer is Option A: 0. 
 
In Java, the default value of a double variable is 0.0 if it's not explicitly initialized. 
 
Here's the breakdown: 
 

 Option A: 0 - This is the correct default value for an uninitialized double variable in Java. It represents the numeric value zero. 
 
 Option B: 1 - This is not the default value for a double variable. The default is 0.0, not 1.0. 
 
 Option C: -1 - This is not the default value for a double variable. The default is 0.0, not -1.0. 
 
 Option D: Null - Null is not a valid value for a double variable. Java uses 0.0 as the default value for uninitialized double variables. 
 

So, the default value of a double variable in Java if it's not explicitly initialized is 0.0.",medium,web:Examveda.com https://www.examveda.com/java-program/practice-mcq-question-on-data-types-and-variables/?page=2,
Java,data types and variables,What is the keyword used to declare a constant value in Java?,constant,const,final,static,C,"The correct answer is Option C: final. 
 
In Java, the keyword used to declare a constant value is final. 
 
Here's the breakdown: 
 

 Option A: constant - There is no constant keyword for declaring constants in Java. 
 
 Option B: const - There is no const keyword for declaring constants in Java. The const keyword is not used for this purpose in Java. 
 
 Option C: final - This is the correct keyword for declaring a constant value in Java. When you declare a variable as final, it means its value cannot be changed after initialization, making it a constant. 
 
 Option D: static - The static keyword is used to declare static variables and methods but not specifically for declaring constants. 
 

So, the keyword used to declare a constant value in Java is final.",medium,web:Examveda.com https://www.examveda.com/java-program/practice-mcq-question-on-data-types-and-variables/?page=2,
Java,data types and variables,Which of the following is not a valid way to declare an integer variable in Java?,int x = 42,int y = 3.14,int z = -10,int w = 0x1A,B,"The correct answer is Option B: int y = 3.14. 
 
In Java, when declaring an integer variable, you should assign it an integer value without a decimal point. Option B attempts to assign a double value (3.14) to an int variable, which is not a valid conversion in Java without explicit type casting. 
 
Here's the breakdown: 
 

 Option A: int x = 42 - This is a valid way to declare an integer variable in Java, where x is assigned the integer value 42. 
 
 Option B: int y = 3.14 - This is not a valid way to declare an integer variable in Java because it attempts to assign a double value (3.14) to an int variable without type casting. 
 
 Option C: int z = -10 - This is a valid way to declare an integer variable in Java, where z is assigned the integer value -10. 
 
 Option D: int w = 0x1A - This is a valid way to declare an integer variable in Java using hexadecimal notation. w is assigned t",medium,web:Examveda.com https://www.examveda.com/java-program/practice-mcq-question-on-data-types-and-variables/?page=2,
Java,data types and variables,"In Java, which data type is used to store numbers with decimal points and greater precision than float?",double,float,long,decimal,A,"The correct answer is Option A: double. 
 
In Java, the double data type is used to store numbers with decimal points and provides greater precision than the float data type. 
 
Here's the breakdown: 
 

 Option A: double - This is the correct data type for storing numbers with decimal points and greater precision than float. It is a double-precision floating-point type. 
 
 Option B: float - The float data type is also used for storing numbers with decimal points but with less precision compared to double. It is a single-precision floating-point type. 
 
 Option C: long - The long data type is used for storing large whole numbers (integers) but does not handle decimal points or fractions. 
 
 Option D: decimal - There is no decimal data type in standard Java. The term ""decimal"" is often associated with other programming languages, such as C#. 
 

So, in Java, the data type used to store",medium,web:Examveda.com https://www.examveda.com/java-program/practice-mcq-question-on-data-types-and-variables/?page=2,
Java,data types and variables,What is the default value of a char variable in Java if it's not explicitly initialized?,' ','0','\u0000',Null,C,"The correct answer is Option C: '\u0000'. 
 
In Java, the default value of a char variable is '\u0000' (Unicode character with code point 0) if it's not explicitly initialized. 
 
Here's the breakdown: 
 

 Option A: ' ' - This represents a space character, but it is not the default value for an uninitialized char variable. 
 
 Option B: '0' - This represents the character '0', but it is not the default value for an uninitialized char variable. 
 
 Option C: '\u0000' - This is the correct default value for an uninitialized char variable in Java. It represents the Unicode character with the code point of zero. 
 
 Option D: Null - Null is not a valid value for a char variable. The default value is '\u0000', not Null. 
 

So, the default value of a char variable in Java if it's not explicitly initialized is '\u0000'.",medium,web:Examveda.com https://www.examveda.com/java-program/practice-mcq-question-on-data-types-and-variables/?page=3,
Java,data types and variables,Which data type is used to represent integer values in Java?,int,float,boolean,char,A,"The correct answer is Option A: int. 
 
In Java, the int data type is used to represent integer values (whole numbers) without decimal points. 
 
Here's the breakdown: 
 

 Option A: int - This is the correct data type for representing integer values in Java. 
 
 Option B: float - The float data type is used for representing numbers with decimal points, not integers. 
 
 Option C: boolean - The boolean data type is used to represent true or false values, not integers. 
 
 Option D: char - The char data type is used to represent single characters, not integers. 
 

So, in Java, the data type used to represent integer values is int.",medium,web:Examveda.com https://www.examveda.com/java-program/practice-mcq-question-on-data-types-and-variables/?page=3,
Java,data types and variables,Which of the following is the correct way to declare a boolean variable named isJavaFun and initialize it to true in Java?,boolean isJavaFun = true,bool isJavaFun = true,boolean = true,bool = true,A,"The correct answer is Option A: boolean isJavaFun = true. 
 
In Java, the correct way to declare a boolean variable named isJavaFun and initialize it to true is by using Option A. 
 
Here's the breakdown: 
 

 Option A: boolean isJavaFun = true - This is the correct way to declare a boolean variable named isJavaFun and initialize it to true in Java. 
 
 Option B: bool isJavaFun = true - This is not the correct syntax in Java. The correct keyword for declaring a boolean variable is boolean, not bool. 
 
 Option C: boolean = true - This is not a valid way to declare a boolean variable in Java. It lacks the variable name. 
 
 Option D: bool = true - This is also not a valid way to declare a boolean variable in Java. It lacks the variable name, and the keyword bool is not used in Java. 
 

So, the correct way to declare a boolean variable named isJavaFun and initialize it to true in Java is ",medium,web:Examveda.com https://www.examveda.com/java-program/practice-mcq-question-on-data-types-and-variables/?page=3,
Java,data types and variables,What is the size of a float variable in Java?,4 bytes,8 bytes,2 bytes,16 bytes,A,"The correct answer is Option A: 4 bytes. 
 
In Java, a float variable is a single-precision floating-point data type that occupies 4 bytes of memory. 
 
Here's the breakdown: 
 

 Option A: 4 bytes - This is the correct size of a float variable in Java, which is a single-precision floating-point type. 
 
 Option B: 8 bytes - This size is associated with the double data type, not float. double is a double-precision floating-point type. 
 
 Option C: 2 bytes - This size is associated with the char data type, not float. char represents Unicode characters. 
 
 Option D: 16 bytes - This size is not standard for any primitive data type in Java. 
 

So, the size of a float variable in Java is 4 bytes.",medium,web:Examveda.com https://www.examveda.com/java-program/practice-mcq-question-on-data-types-and-variables/?page=3,
Java,data types and variables,Which of the following is not a valid way to declare a long variable in Java?,long x = 123L,long y = 123,long z = 123.0,long w = 0x1L,C,"The correct answer is Option C: long z = 123.0. 
 
In Java, the correct way to declare a long variable is by using Option A, Option B, or Option D. However, Option C is not a valid way to declare a long variable because it attempts to assign a double value (123.0) to a long variable without type casting. 
 
Here's the breakdown: 
 

 Option A: long x = 123L - This is a valid way to declare a long variable in Java, where x is assigned the long value 123L (note the ""L"" suffix to indicate a long literal). 
 
 Option B: long y = 123 - This is also a valid way to declare a long variable in Java, where y is assigned the long value 123 (Java allows you to assign integer literals to long variables without requiring a suffix). 
 
 Option C: long z = 123.0 - This is not a valid way to declare a long variable because it attempts to assign a double value (123.0) to a long variable without type casti",medium,web:Examveda.com https://www.examveda.com/java-program/practice-mcq-question-on-data-types-and-variables/?page=3,
Java,data types and variables,Which of the following is the correct way to declare a byte variable named myByte and initialize it to 5 in Java?,byte myByte = 5,"byte myByte = ""5""",byte myByte = '5',byte myByte = 5.0,A,"The correct answer is Option A: byte myByte = 5. 
 
In Java, the correct way to declare a byte variable named myByte and initialize it to the integer value 5 is by using Option A. 
 
Here's the breakdown: 
 

 Option A: byte myByte = 5 - This is the correct way to declare a byte variable in Java and initialize it to the integer value 5. 
 
 Option B: byte myByte = ""5"" - This is not a valid way to declare a byte variable because it attempts to assign a String value (""5"") to a byte variable, which is not allowed without type casting. 
 
 Option C: byte myByte = '5' - This is not a valid way to declare a byte variable because it attempts to assign a character ('5') to a byte variable, which is not the same as an integer value. 
 
 Option D: byte myByte = 5.0 - This is not a valid way to declare a byte variable because it attempts to assign a double value (5.0) to a byte variable without typ",medium,web:Examveda.com https://www.examveda.com/java-program/practice-mcq-question-on-data-types-and-variables/?page=3,
Java,data types and variables,What is the range of values that can be stored in a char variable in Java?,0 to 127,-128 to 127,0 to 65535,-32768 to 32767,C,"The correct answer is Option C: 0 to 65535. 
 
In Java, a char variable is used to represent Unicode characters, and it can store values within the range of 0 to 65535 (2^16 - 1). This range covers the entire Unicode character set, which includes characters from various scripts and symbols. 
 
Here's the breakdown: 
 

 Option A: 0 to 127 - This range is not correct for a char variable. It represents a smaller range suitable for an 8-bit data type, such as byte. 
 
 Option B: -128 to 127 - This range is also not correct for a char variable. It represents a signed range, and char is an unsigned data type. 
 
 Option C: 0 to 65535 - This is the correct range for a char variable in Java, covering the entire Unicode character set. 
 
 Option D: -32768 to 32767 - This range is not applicable to a char variable. It represents a signed range suitable for a 16-bit signed data type, such as short",medium,web:Examveda.com https://www.examveda.com/java-program/practice-mcq-question-on-data-types-and-variables/?page=3,
Java,data types and variables,Which data type is used to store numbers with decimal points and less precision than double?,float,byte,short,long,A,"The correct answer is Option A: float. 
 
In Java, the float data type is used to store numbers with decimal points and provides less precision than the double data type. 
 
Here's the breakdown: 
 

 Option A: float - This is the correct data type for storing numbers with decimal points and less precision than double. It is a single-precision floating-point type. 
 
 Option B: byte - The byte data type is used to store small whole numbers (integers) without decimal points. 
 
 Option C: short - The short data type is used to store small whole numbers (integers) without decimal points. 
 
 Option D: long - The long data type is used to store large whole numbers (integers) without decimal points. 
 

So, in Java, the data type used to store numbers with decimal points and less precision than double is float.",medium,web:Examveda.com https://www.examveda.com/java-program/practice-mcq-question-on-data-types-and-variables/?page=3,
Java,data types and variables,What is the default value of a boolean array element in Java if it's not explicitly initialized?,TRUE,FALSE,0,Null,B,"The correct answer is Option B: FALSE. 
 
In Java, the default value of a boolean array element is FALSE if it's not explicitly initialized. 
 
Here's the breakdown: 
 

 Option A: TRUE - This is not the default value for a boolean array element in Java. The correct default value is FALSE. 
 
 Option B: FALSE - This is the correct default value for a boolean array element in Java if it's not explicitly initialized. 
 
 Option C: 0 - This is not the default value for a boolean array element. It may be a default value for some numeric types, but not for boolean. 
 
 Option D: Null - Null is not a valid default value for a boolean array element in Java. The default value is FALSE. 
 

So, the default value of a boolean array element in Java, if it's not explicitly initialized, is FALSE.",medium,web:Examveda.com https://www.examveda.com/java-program/practice-mcq-question-on-data-types-and-variables/?page=3,
Java,data types and variables,Which of the following is not a valid way to declare a char variable in Java?,char x = 'A',char y = 'n',char z = 65,char w = 0x0041,D,"The correct answer is Option D: char w = 0x0041. 
 
In Java, Options A, B, and C are valid ways to declare a char variable, but Option D is not. 
 
Here's the breakdown: 
 

 Option A: char x = 'A' - This is a valid way to declare a char variable in Java and initialize it with the character 'A'. 
 
 Option B: char y = 'n' - This is a valid way to declare a char variable in Java and initialize it with the character 'n'. 
 
 Option C: char z = 65 - This is a valid way to declare a char variable in Java and initialize it with the decimal value 65, which corresponds to the character 'A' in the Unicode character set. 
 
 Option D: char w = 0x0041 - This is not a valid way to declare a char variable in Java. It attempts to assign a hexadecimal value (0x0041) to a char variable, which is not allowed without type casting. 
 

So, the correct options for declaring a char variable in Java are Opti",medium,web:Examveda.com https://www.examveda.com/java-program/practice-mcq-question-on-data-types-and-variables/?page=3,
Java,data types and variables,Java is a ........... language.,weakly typed,strongly typed,moderate typed,None of these,B,"The correct answer is Option B: strongly typed 

In Java, it is recognized as a strongly typed language. A strongly typed language enforces strict type checking, meaning that the data type of a variable is checked at compile time and any type mismatches are not allowed without explicit typecasting. 

Here's an explanation of the other options: 

- Option A: weakly typed does not apply to Java. Weakly typed languages are those that allow for automatic type conversions and do not enforce strict type checking. 

- Option C: moderate typed is not a standard term in programming language classification. Java is typically classified as strongly typed. 

- Option D: None of these is not the correct choice as Java is indeed classified as a strongly typed language.",medium,web:Examveda.com https://www.examveda.com/java-program/practice-mcq-question-on-data-types-and-variables/?page=4,
Java,data types and variables,How many primitive data types are there in Java?,6,7,8,9,C,"Primitive types are the most basic data types available within the Java language. There are 8: boolean , byte , char , short , int , long , float and double .",medium,web:Examveda.com https://www.examveda.com/java-program/practice-mcq-question-on-data-types-and-variables/?page=4,
Java,data types and variables,"In Java byte, short, int and long all of these are",signed,unsigned,Both of the above,None of these,A,"In Java, byte, short, int, and long are all signed integer data types. 
 
Here's the breakdown: 
 

 Option A: signed - This option is correct. byte, short, int, and long are all signed integer data types in Java, which means they can represent both positive and negative whole numbers. 
 
 Option B: unsigned - This option is not correct. Java does not have built-in unsigned integer data types. Unlike some other programming languages, all integer data types in Java are signed by default. 
 
 Option C: Both of the above - This option is not correct because only Option A is true. Java integer data types are signed, not unsigned. 
 
 Option D: None of these - This option is not correct because Option A is the correct answer. Java's byte, short, int, and long are all signed integer data types. 
 

So, in Java, byte, short, int, and long are all signed integer data types.",medium,web:Examveda.com https://www.examveda.com/java-program/practice-mcq-question-on-data-types-and-variables/?page=4,
Java,data types and variables,Size of int in Java is,16 bit,32 bit,64 bit,Depends on execution environment,B,"The size of an int in Java is 32 bits. 
 
Here's the breakdown: 
 

 Option A: 16 bit - This is not correct. The int data type in Java is 32 bits in size, not 16 bits. 
 
 Option B: 32 bit - This is the correct size of an int in Java. An int occupies 32 bits of memory in Java, allowing it to represent a wide range of whole numbers. 
 
 Option C: 64 bit - This size is not correct for an int in Java. A 64-bit data type is larger and typically used for long integers. 
 
 Option D: Depends on execution environment - The size of an int in Java is standardized and is always 32 bits regardless of the execution environment. It is not dependent on the platform or execution environment. 
 

So, the correct size of an int in Java is 32 bits.",medium,web:Examveda.com https://www.examveda.com/java-program/practice-mcq-question-on-data-types-and-variables/?page=4,
Java,data types and variables,The smallest integer type is ......... and its size is ......... bits.,"short, 8","byte, 8","short, 16","byte, 16",B,"The smallest integer type in Java is byte, and its size is 8 bits. 
 
Here's the breakdown: 
 

 Option A: short, 8 - This option is not correct. While short is a small integer type, its size is 16 bits (2 bytes), not 8 bits. 
 
 Option B: byte, 8 - This option is correct. The byte data type is the smallest integer type in Java, and it has a size of 8 bits (1 byte). 
 
 Option C: short, 16 - This option is not correct. While short has a size of 16 bits, it is larger than the byte data type. 
 
 Option D: byte, 16 - This option is not correct. The size mentioned here, 16 bits, is incorrect for the byte data type. The correct size of byte is 8 bits. 
 

So, the correct answer is that the smallest integer type in Java is byte, and its size is 8 bits.",medium,web:Examveda.com https://www.examveda.com/java-program/practice-mcq-question-on-data-types-and-variables/?page=4,
Java,data types and variables,Size of float and double in Java is,32 and 64,64 and 64,32 and 32,64 and 32,A,"The size of float in Java is 32 bits, and the size of double in Java is 64 bits.",medium,web:Examveda.com https://www.examveda.com/java-program/practice-mcq-question-on-data-types-and-variables/?page=4,
Java,data types and variables,"Determine output: 
class A{
 public static void main(String args[]){
 int x;
 x = 10;
 if(x == 10){
 int y = 20;
 System.out.print(""x and y: ""+ x + "" "" + y);
 y = x*2;
 }
 y = 100;
 System.out.print(""x and y: "" + x + "" "" + y);
 }
}",10 20 10 100,10 20 10 20,10 20 10 10,Error,D,"The code defines a class A with a main method. 
Inside the main method: 
- An integer variable x is declared and assigned the value 10. 
- There's an if statement that checks if x is equal to 10. This condition is true. 
- Inside the if block: 
 - Another integer variable y is declared and assigned the value 20. 
 - The program prints ""x and y: 10 20"" using System.out.print. 
 - The value of y is updated to x * 2, which is 20. 
- Outside the if block: 
 - The program attempts to update the value of y to 100. However, this line causes a compilation error because the variable y was declared inside the if block and is not accessible outside of it. 
 - The program also attempts to print ""x and y: 10 100"". This line also causes a compilation error because the variable y is not in scope at this point. 

So, the correct answer is ""Error"" because the code contains compilation errors due to the v",medium,web:Examveda.com https://www.examveda.com/java-program/practice-mcq-question-on-data-types-and-variables/?page=4,
Java,data types and variables,Automatic type conversion in Java takes place when,Two type are compatible and size of destination type is shorter than source type.,Two type are compatible and size of destination type is equal of source type.,Two type are compatible and size of destination type is larger than source type.,All of the above,C,"The correct answer is C: Two types are compatible and the size of the destination type is larger than the source type. 
Automatic type conversion, also known as implicit type conversion or widening conversion, happens when Java automatically converts one data type to another. 
This occurs when two conditions are met: 
1. Compatibility: The two data types must be compatible. Java must know how to convert from the source type to the destination type. 
2. Size: The destination type must be larger than the source type so that no data is lost. 
Why other options are wrong: 
Option A: If destination is shorter than source, data loss may occur. Java does NOT allow this automatically. It needs explicit casting. 
Option B: If both types are equal in size, conversion is not needed because the source already fits. 
Example: 
int myInt = 10; 
double myDouble = myInt; // Allowed, widening conversion ",medium,web:Examveda.com https://www.examveda.com/java-program/practice-mcq-question-on-data-types-and-variables/?page=4,
Java,data types and variables,Which of the following automatic type conversion will be possible?,short to int,byte to int,int to long,All of these,D,"Option A: short to int 
Option B: byte to int 
Option C: int to long 

These conversions are possible because they involve widening conversions where the destination type can accommodate the values of the source type without loss of information.
 
So, the correct answer is: Option D: All of these",medium,web:Examveda.com https://www.examveda.com/java-program/practice-mcq-question-on-data-types-and-variables/?page=4,
Java,data types and variables,"What is the output of the following program? 
class A{
 public static void main(String args[]){
 byte b;
 int i = 258;
 double d = 325.59;

 b = (byte) i;
 System.out.print(b);

 i = (int) d;
 System.out.print(i);

 b = (byte) d;
 System.out.print(b);
 }
}",258 325 325,258 326 326,2 325 69,Error,C,"In the type cast 
b = (byte) i; 
The value of i i.e 258 is cast into a byte variable. Whenever a casting done where source value is greater than the range of the destination then the result is the remainder of the division of source by the range of the destination. In this case the result is the remainder of the division of 258 by 256(the range of a byte), which is 2. 
 
In the second type cast 
i = (int) d; 
the fractional component of d is lost and hence gives the output 325. 
 
In the third type cast 

 
 
 



 
 
 
 
 
 
 
 
 
 
 
 
 
1
2
3
4
5
6
7
8
9
10

 
 
 
 
 
 
 
 
 Read More Section(Data Types and Variables)
 Each Section contains maximum 100 MCQs question on Data Types and Variables. To get more questions visit other sections.
 
 Data Types and Variables - Section 2
 
 


 
 
 
 

 
 

 -->
 
 
 


 

-->
 
 
 Copyright © 2026 Examveda.com
 
 
 
 
 
 
 
 
 
 About Us |
 Ter",medium,web:Examveda.com https://www.examveda.com/java-program/practice-mcq-question-on-data-types-and-variables/?page=4,
Java,data types and variables,"Determine output: 
public class Test {
 static void test(float x){
 System.out.print(""float"");
 }

 static void test(double x){
 System.out.print(""double"");
 }

 public static void main(String[] args){
 test(99.9);
 }
}",float,double,Compilation Error,Exception is thrown at runtime,B,"floating-point numbers are by default of type double. 
99.9 is a double not a float. 
To print ""float"" cast 99.9 to (float)",medium,web:Examveda.com https://www.examveda.com/java-program/practice-mcq-question-on-data-types-and-variables/?page=5,
Java,data types and variables,"The following fraction of code 
double STATIC = 2.5 ;
System.out.println( STATIC );",Prints 2.5,Rraises an error as STATIC is used as a variable which is a keyword,Raises an exception,None of these,A,,medium,web:Examveda.com https://www.examveda.com/java-program/practice-mcq-question-on-data-types-and-variables/?page=5,
Java,data types and variables,"What is the output of the following program? 
public class Test{
 static int x = 10 ;
 public static void main(String[] a){
 Test test = new Test( ) ; 
 Test test1 = new Test( ) ;
 test.x += 1 ;
 System.out.println( test.x + test1.x ) ; 
 }
}",20,21,22,Compilation Error,C,"Static variable have a single copy of memory. That means all the objects will share the same memory location. So, if the object test increase the value of x by 1, then object test1 will access that incremented value of x",medium,web:Examveda.com https://www.examveda.com/java-program/practice-mcq-question-on-data-types-and-variables/?page=5,
Java,data types and variables,"What will be output of the following program code? 
public class Test{
 public static void main(String[] a){
 short x = 10;
 x = x*5;
 System.out.print(x);
 } 
}",50,10,Compilation Error,None of these,C,"lossy conversion from int to short 
x = x*5; 
 ^ 
1 error",medium,web:Examveda.com https://www.examveda.com/java-program/practice-mcq-question-on-data-types-and-variables/?page=5,
Java,data types and variables,"Determine output: 
public class Test{
 int i = 34;
 public static void main(String args[]){
 Test t1 = new Test();
 Test t2 = new Test();
 t1.i = 65;
 System.out.print(t1.i);
 System.out.print(t2.i);
 }
}",34 34,65 34,65 65,34 65,B,"Instance variable is unique for their object, that means each copy of memory for variable i will be available for each object. So, changing value of i from one object will not affect the value of i accessed by another object. 

1. Two objects of the Test class, t1 and t2, are created using the new keyword. 

 2. The default value of the instance variable i is 34 as defined in the class Test. 
 3. The instance variable i of t1 is then set to 65 using t1.i = 65; 
 4. When we print t1.i, it will output 65. 
 5. When we print t2.i, it will output 34. This is because t2 is a separate instance of the Test class, and its i remains the default value of 34. 
 Therefore, the correct output will be 6534.",medium,web:Examveda.com https://www.examveda.com/java-program/practice-mcq-question-on-data-types-and-variables/?page=5,
Java,data types and variables,"The following program: 
public class Test{ 
 static boolean isOK;
 public static void main(String args[]){
 System.out.print(isOK);
 } 
}",Prints true,Prints false,Will not compile as boolean is not initialized,Will not compile as boolean can never be static,B,"By default, a boolean variable will contain false.",medium,web:Examveda.com https://www.examveda.com/java-program/practice-mcq-question-on-data-types-and-variables/?page=5,
Java,data types and variables,"In Java, the word true is ................",A Java keyword,A Boolean literal,Same as value 1,Same as value 0,B,,medium,web:Examveda.com https://www.examveda.com/java-program/practice-mcq-question-on-data-types-and-variables/?page=5,
Java,data types and variables,"What will the output of the following program? 
public class Test{
 public static void main(String args[]){
 float f = (1 / 4) * 10;
 int i = Math.round(f);
 System.out.println(i);
 }
}",2,0,3,2.5,B,The result of 1/4 will be zero because integer division is carried out on the operands. If you need to obtain a fractional value you need to use either a float or double literal as in 1F / 4F.,medium,web:Examveda.com https://www.examveda.com/java-program/practice-mcq-question-on-data-types-and-variables/?page=5,
Java,data types and variables,"What is the output for the below code? 
class A{
 int k;
 boolean istrue;
 static int p;
 public void printValue(){
 System.out.print(k);
 System.out.print(istrue);
 System.out.print(p);
 }
}

public class Test{
 public static void main(String argv[]){
 A a = new A();
 a.printValue();
 }
}",0 false 0,0 true 0,0 0 0,Compile error - static variable must be initialized before use.,A,"Global and static variable need not be initialized before use. Default value of global and static int variable is zero. Default value of boolean variable is false. Remember local variable must be initialized before use.
 

 
 
 
 



 
 
 
 
 
 
 
 
 
 
 
 
 
1
2
3
4
5
6
7
8
9
10

 
 
 
 
 
 
 
 
 Read More Section(Data Types and Variables)
 Each Section contains maximum 100 MCQs question on Data Types and Variables. To get more questions visit other sections.
 
 Data Types and Variables - Section 2
 
 


 
 
 
 

 
 

 -->
 
 
 


 

-->
 
 
 Copyright © 2026 Examveda.com
 
 
 
 
 
 
 
 
 
 About Us |
 Terms & Condition |
 Privacy Policy |
 Contact Us",medium,web:Examveda.com https://www.examveda.com/java-program/practice-mcq-question-on-data-types-and-variables/?page=5,
Java,data types and variables,"What is the output for the below code? 
public class Test{
 int _$;
 int $7;
 int do;

 public static void main(String argv[]){
 Test test = new Test();
 test.$7=7;
 test.do=9;
 System.out.println(test.$7);
 System.out.println(test.do);
 System.out.println(test._$);
 }
}",7 9 0,7 0 0,Compile error - $7 is not valid identifier.,Compile error - do is not valid identifier.,D,"$7 is valid identifier. Identifiers must start with a letter, a currency character ($), or underscore ( _ ). Identifiers cannot start with a number. You can't use a Java keyword as an identifier. do is a Java keyword.",medium,web:Examveda.com https://www.examveda.com/java-program/practice-mcq-question-on-data-types-and-variables/?page=6,
Java,data types and variables,"What is the output for the below code? 
public class Test{
 public static void main(String[] args){
 int i = 010;
 int j = 07;
 System.out.println(i);
 System.out.println(j);
 }
}",8 7,10 7,Compilation fails with an error at line 3,Compilation fails with an error at line 5,A,By placing a zero in front of the number is an integer in octal form. 010 is in octal form so its value is 8,medium,web:Examveda.com https://www.examveda.com/java-program/practice-mcq-question-on-data-types-and-variables/?page=6,
Java,data types and variables,"What is the output for the below code? 
public class Test{
 public static void main(String[] args){
 byte b = 6;
 b+=8;
 System.out.println(b);
 b = b+7;
 System.out.println(b);
 }
}",14 21,14 13,Compilation fails with an error at line 6,Compilation fails with an error at line 4,C,"int or smaller expressions always resulting in an int. So compiler complain about Type mismatch: cannot convert from int to byte for b = b+7; But b += 7; // No problem because +=, -=, *=, and /= will all put in an implicit cast. b += 7 is same as b = (byte)b+7 so compiler not complain.",medium,web:Examveda.com https://www.examveda.com/java-program/practice-mcq-question-on-data-types-and-variables/?page=6,
Java,data types and variables,"What will be the output for the below code? 
public class Test{
 public static void main(String[] args){
 byte i = 128;
 System.out.println(i);
 }
}",128,0,Compilation fails with an error at line 3,Compilation fails with an error at line 4,C,"byte can only hold up to 127. So compiler complain about possible loss of precision. 
static byte MAX_VALUE − This is constant holding the maximum value a byte can have, 27-1. 
static byte MIN_VALUE − This is constant holding the minimum value a byte can have, -27.",medium,web:Examveda.com https://www.examveda.com/java-program/practice-mcq-question-on-data-types-and-variables/?page=6,
Java,data types and variables,"What will be the output for the below code? 
public class Test{
 int i=8;
 int j=9;
 public static void main(String[] args){
 add();
 }
 public static void add(){
 int k = i+j;
 System.out.println(k);
 }
}",17,0,Compilation fails with an error at line 5,Compilation fails with an error at line 8,D,i and j are instance variable and attempting to access an instance variable from a static method. So Compilation fails.,medium,web:Examveda.com https://www.examveda.com/java-program/practice-mcq-question-on-data-types-and-variables/?page=6,
Java,data types and variables,"What will be output of following program? 
public class Test{
 public static void main(String[] args){
 byte b=127;
 b++;
 b++;
 System.out.println(b);
 }
}",2,129,-127,Compiler error,C,Range of byte data in java is -128 to 127. But byte data type in java is cyclic in nature.,medium,web:Examveda.com https://www.examveda.com/java-program/practice-mcq-question-on-data-types-and-variables/?page=6,
Java,data types and variables,"Determine output: 
public class Test{
 int a = 10;
 
 public void method(int a){
 a += 1;
 System.out.println(++a);
 }
 public static void main(String args[]){
 Test t = new Test();
 t.method(3);
 }
}",4,5,12,11,B,"Here's an explanation of the code: 
 

 1. The class Test is defined with an instance variable a initialized to 10. 
 2. The method method is defined within the Test class, which takes an integer parameter a. 
 3. Inside the method method, the local variable a shadows the instance variable a because they have the same name. 
 4. The value of the local variable a is incremented by 1 using the += operator, making it 4. 
 5. The value of the local variable a is then incremented again using the pre-increment operator ++, making it 5. 
 6. The value of the local variable a (which is 5) is printed using System.out.println(). 
 7. In the main method, an instance of the Test class is created. 
 8. The method method is invoked on the t object with the argument 3. 
 9. This triggers the execution of the method method, which prints 5 as explained above. 
 

Therefore, the output of the code is 5. T",medium,web:Examveda.com https://www.examveda.com/java-program/practice-mcq-question-on-data-types-and-variables/?page=6,
Java,data types and variables,Which class does all the Enums extend?,Object,Enums,Enum,EnumClass,C,,medium,web:Examveda.com https://www.examveda.com/java-program/practice-mcq-question-on-data-types-and-variables/?page=6,
Java,data types and variables,Which of the following is the advantage of BigDecimal over double?,Syntax,Memory usage,Garbage creation,Precision,D,,medium,web:Examveda.com https://www.examveda.com/java-program/practice-mcq-question-on-data-types-and-variables/?page=6,
Java,data types and variables,"What will be the output of the following Java code snippet? 
double a = 0.02;
double b = 0.03;
double c = b - a;
System.out.println(c);

BigDecimal _a = new BigDecimal(""0.02"");
BigDecimal _b = new BigDecimal(""0.03"");
BigDecimal _c = b.subtract(_a);
System.out.println(_c);","0.009999999999999998 
0.01","0.01 
0.009999999999999998","0.01 
0.01","0.009999999999999998 
0.009999999999999998",A,,medium,web:Examveda.com https://www.examveda.com/java-program/practice-mcq-question-on-data-types-and-variables/?page=6,
Java,data types and variables,What is the range of short data type in Java?,-128 to 127,-32768 to 32767,-2147483648 to 2147483647,None of the mentioned,B,,medium,web:Examveda.com https://www.examveda.com/java-program/practice-mcq-question-on-data-types-and-variables/?page=7,
Java,data types and variables,Which of these can not be used for a variable name in Java?,identifier,keyword,identifier & keyword,none of the mentioned,B,,medium,web:Examveda.com https://www.examveda.com/java-program/practice-mcq-question-on-data-types-and-variables/?page=7,
Java,data types and variables,"Which of the below data type doesn't support overloaded methods for +,-,* and /?",int,float,double,BigDecimal,D,,medium,web:Examveda.com https://www.examveda.com/java-program/practice-mcq-question-on-data-types-and-variables/?page=7,
Java,data types and variables,How to convert a String to a Date object?,"SimpleDateFormat sdf = new SimpleDateFormat(""yyyy-mm-dd"");
sdf.parse(new Date());","SimpleDateFormat sdf = new SimpleDateFormat(""yyyy-mm-dd"");
sdf.format(new Date());","SimpleDateFormat sdf = new SimpleDateFormat(""yyyy-mm-dd"");
new Date().parse();","SimpleDateFormat sdf = new SimpleDateFormat(""yyyy-mm-dd"");
new Date().format();",A,,medium,web:Examveda.com https://www.examveda.com/java-program/practice-mcq-question-on-data-types-and-variables/?page=7,
Java,data types and variables,What is BigDecimal.ONE?,wrong statement,custom defined statement,static variable with value 1 on scale 10,static variable with value 1 on scale 0,D,,medium,web:Examveda.com https://www.examveda.com/java-program/practice-mcq-question-on-data-types-and-variables/?page=7,
Java,data types and variables,"What will be the error in the following Java code? 
byte b = 50;
b = b * 50;","b cannot contain value 100, limited by its range","* operator has converted b * 50 into int, which can not be converted to byte without casting",b cannot contain value 50,No error in this code,B,,medium,web:Examveda.com https://www.examveda.com/java-program/practice-mcq-question-on-data-types-and-variables/?page=7,
Java,data types and variables,Which of these values can a boolean variable contain?,True & False,0 & 1,Any integer value,true,A,,medium,web:Examveda.com https://www.examveda.com/java-program/practice-mcq-question-on-data-types-and-variables/?page=7,
Java,data types and variables,"What will be the output of the following Java code? 
class increment {
 public static void main(String args[]) 
 { 
 int g = 3;
 System.out.print(++g * 8);
 } 
}",25,24,32,33,C,"The given Java code initializes a variable g with the value 3. It then uses the pre-increment operator (++) on g before multiplying it by 8 and printing the result using System.out.print. 

The expression ++g * 8 is evaluated as follows: 

 ++g increments the value of g to 4. 
 4 * 8 is equal to 32. 

Therefore, the output of the code will be 32. 

 
 
 
 



 
 
 
 
 
 
 
 
 
 
 
 
 
1
2
3
4
5
6
7
8
9
10

 
 
 
 
 
 
 
 
 Read More Section(Data Types and Variables)
 Each Section contains maximum 100 MCQs question on Data Types and Variables. To get more questions visit other sections.
 
 Data Types and Variables - Section 2
 
 


 
 
 
 

 
 

 -->
 
 
 


 

-->
 
 
 Copyright © 2026 Examveda.com
 
 
 
 
 
 
 
 
 
 About Us |
 Terms & Condition |
 Privacy Policy |
 Contact Us",medium,web:Examveda.com https://www.examveda.com/java-program/practice-mcq-question-on-data-types-and-variables/?page=7,
Java,data types and variables,"If an expression contains double, int, float, long, then the whole expression will be promoted into which of these data types?",long,int,double,float,C,,medium,web:Examveda.com https://www.examveda.com/java-program/practice-mcq-question-on-data-types-and-variables/?page=8,
Java,data types and variables,"What will be the output of the following Java program? 
class dynamic_initialization 
{
 public static void main(String args[]) 
 {
 double a, b;
 a = 3.0;
 b = 4.0;
 double c = Math.sqrt(a * a + b * b);
 System.out.println(c);
 } 
}",5.0,25.0,7.0,Compilation Error,A,,medium,web:Examveda.com https://www.examveda.com/java-program/practice-mcq-question-on-data-types-and-variables/?page=8,
Java,data types and variables,Which of these can be returned by the operator &?,Integer,Boolean,Character,Integer or Boolean,D,,medium,web:Examveda.com https://www.examveda.com/java-program/practice-mcq-question-on-data-types-and-variables/?page=8,
Java,data types and variables,Which data type value is returned by all transcendental math functions?,int,float,double,long,C,,medium,web:Examveda.com https://www.examveda.com/java-program/practice-mcq-question-on-data-types-and-variables/?page=8,
Java,data types and variables,"What is the prototype of the default constructor of this Java class? 
public class prototype { }",prototype( ),prototype(void),public prototype(void),public prototype( ),D,,medium,web:Examveda.com https://www.examveda.com/java-program/practice-mcq-question-on-data-types-and-variables/?page=8,
Java,data types and variables,"What will be the output of the following Java program, if we run as ""java main_arguments 1 2 3""? 
class main_arguments 
{
 public static void main(String [] args) 
 {
 String [][] argument = new String[2][2];
 int x;
 argument[0] = args;
 x = argument[0].length;
 for (int y = 0; y",1 1,1 0,1 0 3,1 2 3,D,,medium,web:Examveda.com https://www.examveda.com/java-program/practice-mcq-question-on-data-types-and-variables/?page=8,
Java,data types and variables,Which of these literals can be contained in float data type variable?,-1.7e+308,-3.4e+038,+1.7e+308,-3.4e+050,B,,medium,web:Examveda.com https://www.examveda.com/java-program/practice-mcq-question-on-data-types-and-variables/?page=8,
Java,data types and variables,"What will be the output of the following Java code? 
class A 
{
 final public int calculate(int a, int b) { return 1; } 
} 
class B extends A 
{ 
 public int calculate(int a, int b) { return 2; } 
} 
 public class output 
 {
 public static void main(String args[]) 
 { 
 B object = new B(); 
 System.out.print(""b is "" + b.calculate(0, 1)); 
 } 
}",b is : 2,b is : 1,Compilation Error,An exception is thrown at runtime,C,,medium,web:Examveda.com https://www.examveda.com/java-program/practice-mcq-question-on-data-types-and-variables/?page=8,
Java,data types and variables,"What will be the output of the following Java code snippet? 
 enum Levels 
{
 private TOP,
 
 public MEDIUM,
 
 protected BOTTOM;
}",Runtime Error,EnumNotDefined Exception,It runs successfully,Compilation Error,D,,medium,web:Examveda.com https://www.examveda.com/java-program/practice-mcq-question-on-data-types-and-variables/?page=8,
Java,data types and variables,How to format date from one form to another?,SimpleDateFormat,DateFormat,SimpleFormat,DateConverter,A,,medium,web:Examveda.com https://www.examveda.com/java-program/practice-mcq-question-on-data-types-and-variables/?page=8,
Java,data types and variables,"If we try to add Enum constants to a TreeSet, what sorting order will it use?",Sorted in the order of declaration of Enums,Sorted in alphabetical order of Enums,Sorted based on order() method,Sorted in descending order of names of Enums,A,,medium,web:Examveda.com https://www.examveda.com/java-program/practice-mcq-question-on-data-types-and-variables/?page=9,
Java,data types and variables,What is the base of BigDecimal data type?,Base 2,Base 8,Base 10,Base e,C,,medium,web:Examveda.com https://www.examveda.com/java-program/practice-mcq-question-on-data-types-and-variables/?page=9,
Java,data types and variables,"What will be the output of the following Java statement? 
class output {
 public static void main(String args[]) 
 {
 double a, b,c;
 a = 3.0/0;
 b = 0/4.0;
 c=0/0.0;
 
 System.out.println(a);
 System.out.println(b);
 System.out.println(c);
 } 
 }",Infinity,0.0,NaN,all of the mentioned,D,,medium,web:Examveda.com https://www.examveda.com/java-program/practice-mcq-question-on-data-types-and-variables/?page=9,
Java,data types and variables,"What will be the output of the following Java code? 
class booloperators {
 public static void main(String args[]) 
 {
 boolean var1 = true;
 boolean var2 = false;
 System.out.println((var1 & var2));
 } 
}",0,1,true,false,D,,medium,web:Examveda.com https://www.examveda.com/java-program/practice-mcq-question-on-data-types-and-variables/?page=9,
Java,data types and variables,"What will be the output of the following Java code? 
class conversion 
{
 public static void main(String args[]) 
 {
 double a = 295.04;
 int b = 300;
 byte c = (byte) a;
 byte d = (byte) b;
 System.out.println(c + "" "" + d);
 } 
}",38 43,39 44,295 300,295.04 300,B,,medium,web:Examveda.com https://www.examveda.com/java-program/practice-mcq-question-on-data-types-and-variables/?page=9,
Java,data types and variables,"An expression involving byte, int, and literal numbers is promoted to which of these?",int,long,byte,float,A,,medium,web:Examveda.com https://www.examveda.com/java-program/practice-mcq-question-on-data-types-and-variables/?page=9,
Java,data types and variables,Literal can be of which of these data types?,integer,float,boolean,all of the mentioned,D,,medium,web:Examveda.com https://www.examveda.com/java-program/practice-mcq-question-on-data-types-and-variables/?page=9,
Java,data types and variables,What is the numerical range of a char data type in Java?,-128 to 127,0 to 256,0 to 32767,0 to 65535,D,,medium,web:Examveda.com https://www.examveda.com/java-program/practice-mcq-question-on-data-types-and-variables/?page=9,
Java,data types and variables,How is Date stored in database?,java.sql.Date,java.util.Date,java.sql.DateTime,java.util.DateTime,A,,medium,web:Examveda.com https://www.examveda.com/java-program/practice-mcq-question-on-data-types-and-variables/?page=9,
Java,data types and variables,Which method returns the elements of Enum class?,getEnums(),getEnumConstants(),getEnumList(),getEnum(),B,,medium,web:Examveda.com https://www.examveda.com/java-program/practice-mcq-question-on-data-types-and-variables/?page=9,
Java,data types and variables,"What will be the output of the following Java code? 
class char_increment 
{
 public static void main(String args[]) 
 {
 char c1 = 'D';
 char c2 = 84;
 c2++;
 c1++;
 System.out.println(c1 + "" "" + c2);
 } 
}",E U,U E,V E,U F,A,,medium,web:Examveda.com https://www.examveda.com/java-program/practice-mcq-question-on-data-types-and-variables/?page=10,
Java,data types and variables,Which one is a valid declaration of a boolean?,boolean b1 = 1;,boolean b2 = 'false';,boolean b3 = false;,boolean b4 = 'true',C,,medium,web:Examveda.com https://www.examveda.com/java-program/practice-mcq-question-on-data-types-and-variables/?page=10,
Java,data types and variables,"Which of the following are legal lines of Java code? 
1. int w = (int)888.8;
2. byte x = (byte)100L;
3. long y = (byte)100;
4. byte z = (byte)100L;",1 and 2,2 and 3,3 and 4,All statements are correct,D,,medium,web:Examveda.com https://www.examveda.com/java-program/practice-mcq-question-on-data-types-and-variables/?page=10,
Java,data types and variables,BigDecimal is a part of which package?,java.lang,java.math,java.util,java.io,B,,medium,web:Examveda.com https://www.examveda.com/java-program/practice-mcq-question-on-data-types-and-variables/?page=10,
Java,data types and variables,What is the range of byte data type in Java?,-128 to 127,-32768 to 32767,-2147483648 to 2147483647,None of the mentioned,A,,medium,web:Examveda.com https://www.examveda.com/java-program/practice-mcq-question-on-data-types-and-variables/?page=10,
Java,data types and variables,Which of these is an incorrect string literal?,"""Hello World""","""Hello\nWorld""","""\""Hello World\""""","""Hello 
world""",D,,medium,web:Examveda.com https://www.examveda.com/java-program/practice-mcq-question-on-data-types-and-variables/?page=10,
Java,data types and variables,"What will be the output of the following Java program? 
class evaluate 
{
 public static void main(String args[]) 
 {
 int a[] = {1,2,3,4,5};
 int d[] = a;
 int sum = 0;
 for (int j = 0; j",38,39,40,41,C,,medium,web:Examveda.com https://www.examveda.com/java-program/practice-mcq-question-on-data-types-and-variables/?page=10,
Java,data types and variables,"What will be the output of the following Java code? 
class area {
 public static void main(String args[]) 
 { 
 double r, pi, a;
 r = 9.8;
 pi = 3.14;
 a = pi * r * r;
 System.out.println(a);
 } 
}",301.5656,301,301.56,301.56560000,A,,medium,web:Examveda.com https://www.examveda.com/java-program/practice-mcq-question-on-data-types-and-variables/?page=10,
Java,data types and variables,What is the replacement of joda time library in java 8?,java.time (JSR-310),java.date (JSR-310),java.joda,java.jodaTime,A,,medium,web:Examveda.com https://www.examveda.com/java-program/practice-mcq-question-on-data-types-and-variables/?page=10,
Java,data types and variables,How to get difference between two dates?,"long diffInMilli = java.time.Duration.between(dateTime1, dateTime2).toMillis();","long diffInMilli = java.time.difference(dateTime1, dateTime2).toMillis();","Date diffInMilli = java.time.Duration.between(dateTime1, dateTime2).toMillis();","Time diffInMilli = java.time.Duration.between(dateTime1, dateTime2).toMillis();",A,,medium,web:Examveda.com https://www.examveda.com/java-program/practice-mcq-question-on-data-types-and-variables/?page=10,
Java,declaration and access control,What is the default access modifier for class members in Java if no access modifier is specified?,public,protected,private,package-private,D,,medium,web:Examveda.com https://www.examveda.com/java-program/practice-mcq-question-on-declaration-and-access-control/,
Java,declaration and access control,Which access modifier restricts a class member's visibility only to the same class and its subclasses?,private,public,protected,package-private,C,,medium,web:Examveda.com https://www.examveda.com/java-program/practice-mcq-question-on-declaration-and-access-control/,
Java,declaration and access control,"What keyword is used to declare a constant in Java, which is implicitly final and static?",final,const,static,constant,A,,medium,web:Examveda.com https://www.examveda.com/java-program/practice-mcq-question-on-declaration-and-access-control/,
Java,declaration and access control,Which of the following access modifiers allows access to a class member from any class in any package?,protected,private,public,default,C,,medium,web:Examveda.com https://www.examveda.com/java-program/practice-mcq-question-on-declaration-and-access-control/,
Java,declaration and access control,What is the access level of a class member with no access modifier specified in Java?,public,protected,private,package-private,D,,medium,web:Examveda.com https://www.examveda.com/java-program/practice-mcq-question-on-declaration-and-access-control/,
Java,declaration and access control,"In Java, which access modifier allows a method or variable to be accessed within the same package only?",private,public,protected,package-private,D,,medium,web:Examveda.com https://www.examveda.com/java-program/practice-mcq-question-on-declaration-and-access-control/,
Java,declaration and access control,Which keyword is used to explicitly specify that a method cannot be overridden in a subclass?,override,final,static,super,B,,medium,web:Examveda.com https://www.examveda.com/java-program/practice-mcq-question-on-declaration-and-access-control/,
Java,declaration and access control,What is the default access modifier for a class in Java if no access modifier is specified?,private,public,protected,package-private,D,,medium,web:Examveda.com https://www.examveda.com/java-program/practice-mcq-question-on-declaration-and-access-control/,
Java,declaration and access control,Which access modifier allows a class member to be accessed only within its own class and package?,public,protected,private,package-private,D,,medium,web:Examveda.com https://www.examveda.com/java-program/practice-mcq-question-on-declaration-and-access-control/,
Java,declaration and access control,"In Java, which access modifier allows a class member to be accessed from anywhere in the code?",public,protected,private,package-private,A,,medium,web:Examveda.com https://www.examveda.com/java-program/practice-mcq-question-on-declaration-and-access-control/,
Java,declaration and access control,What keyword is used to declare a method that can be called without creating an instance of the class?,static,final,public,this,A,,medium,web:Examveda.com https://www.examveda.com/java-program/practice-mcq-question-on-declaration-and-access-control/?page=2,
Java,declaration and access control,Which of the following access modifiers restricts a method or variable's access to the same package only?,public,protected,private,package-private,D,,medium,web:Examveda.com https://www.examveda.com/java-program/practice-mcq-question-on-declaration-and-access-control/?page=2,
Java,declaration and access control,"In Java, what is the purpose of the static keyword when applied to a variable?",It makes the variable non-static.,It initializes the variable.,It allows access from any class.,It makes the variable constant.,C,,medium,web:Examveda.com https://www.examveda.com/java-program/practice-mcq-question-on-declaration-and-access-control/?page=2,
Java,declaration and access control,Which keyword is used to define a superclass's method that is overridden by a subclass method?,override,extends,super,implement,C,,medium,web:Examveda.com https://www.examveda.com/java-program/practice-mcq-question-on-declaration-and-access-control/?page=2,
Java,declaration and access control,What is the access level of a class member declared as private in Java?,public,protected,private,package-private,C,,medium,web:Examveda.com https://www.examveda.com/java-program/practice-mcq-question-on-declaration-and-access-control/?page=2,
Java,declaration and access control,Which access modifier allows a class member to be accessed within the same package and its subclasses?,private,public,protected,package-private,C,,medium,web:Examveda.com https://www.examveda.com/java-program/practice-mcq-question-on-declaration-and-access-control/?page=2,
Java,declaration and access control,What is the keyword used to declare a class that cannot be instantiated and can only be extended?,final,const,static,abstract,D,,medium,web:Examveda.com https://www.examveda.com/java-program/practice-mcq-question-on-declaration-and-access-control/?page=2,
Java,declaration and access control,"In Java, what access modifier is used to specify that a class member can be accessed only within its class?",protected,private,public,package-private,B,,medium,web:Examveda.com https://www.examveda.com/java-program/practice-mcq-question-on-declaration-and-access-control/?page=2,
Java,declaration and access control,Which of the following is not an access modifier in Java?,abstract,final,transient,static,A,,medium,web:Examveda.com https://www.examveda.com/java-program/practice-mcq-question-on-declaration-and-access-control/?page=2,
Java,declaration and access control,What access modifier allows a class member to be accessed from any class in the same package or any subclass?,protected,private,public,default,C,,medium,web:Examveda.com https://www.examveda.com/java-program/practice-mcq-question-on-declaration-and-access-control/?page=2,
Java,declaration and access control,"In Java, which access modifier allows a class member to be accessed from any class, even outside the package?",public,protected,private,package-private,A,,medium,web:Examveda.com https://www.examveda.com/java-program/practice-mcq-question-on-declaration-and-access-control/?page=3,
Java,declaration and access control,What keyword is used to declare a method that is implemented in a subclass to provide a specific implementation?,abstract,override,implement,extends,A,,medium,web:Examveda.com https://www.examveda.com/java-program/practice-mcq-question-on-declaration-and-access-control/?page=3,
Java,declaration and access control,"In Java, what is the purpose of the final keyword when applied to a method?",It makes the method non-final.,It allows method overriding.,It makes the method constant.,It makes the method static.,C,,medium,web:Examveda.com https://www.examveda.com/java-program/practice-mcq-question-on-declaration-and-access-control/?page=3,
Java,declaration and access control,Which access modifier allows a class member to be accessed from any class in the same package but not from outside?,protected,private,public,default,D,,medium,web:Examveda.com https://www.examveda.com/java-program/practice-mcq-question-on-declaration-and-access-control/?page=3,
Java,declaration and access control,What keyword is used to declare a variable that can be accessed without creating an instance of the class?,static,final,public,this,A,,medium,web:Examveda.com https://www.examveda.com/java-program/practice-mcq-question-on-declaration-and-access-control/?page=3,
Java,declaration and access control,"Which access modifier restricts a class member's visibility to only the same class, its package, and subclasses?",default,private,public,protected,D,,medium,web:Examveda.com https://www.examveda.com/java-program/practice-mcq-question-on-declaration-and-access-control/?page=3,
Java,declaration and access control,"In Java, what is the purpose of the final keyword when applied to a class?",It makes the class non-final.,It prevents subclassing.,It makes the class constant.,It makes the class abstract.,B,,medium,web:Examveda.com https://www.examveda.com/java-program/practice-mcq-question-on-declaration-and-access-control/?page=3,
Java,declaration and access control,Which keyword is used to declare a method that cannot be overridden in a subclass?,final,static,super,this,A,,medium,web:Examveda.com https://www.examveda.com/java-program/practice-mcq-question-on-declaration-and-access-control/?page=3,
Java,declaration and access control,What is the access level of a class member declared as protected in Java?,public,protected,private,package-private,B,,medium,web:Examveda.com https://www.examveda.com/java-program/practice-mcq-question-on-declaration-and-access-control/?page=3,
Java,declaration and access control,Which keyword is used to explicitly specify that a method should be overridden in a subclass?,override,extends,super,implement,A,,medium,web:Examveda.com https://www.examveda.com/java-program/practice-mcq-question-on-declaration-and-access-control/?page=3,
Java,declaration and access control,Suppose a class has public visibility. In this class we define a protected method. Which of the following statements is correct?,This method is only accessible from inside the class itself and from inside all subclasses.,"In a class, you cannot declare methods with a lower visibility than the visibility of the class in which it is defined.",From within protected methods you do not have access to public methods.,This method is accessible from within the class itself and from within all classes defined in the same package as the class itself.,D,,medium,web:Examveda.com https://www.examveda.com/java-program/practice-mcq-question-on-declaration-and-access-control/?page=4,
Java,declaration and access control,"What is the result of compiling and running the following code? 
class Base{
 private Base(){
 System.out.print(""Base"");
 }
}
public class test extends Base{
 public test(){
 System.out.print(""Derived"");
 }
 public static void main(String[] args){
 new test();
 }
}",BaseDerived,Derived,Exception is thrown at runtime,Compilation Error,D,"Implicit super constructor Base is not visible, must explicitly invoke another constructor.",medium,web:Examveda.com https://www.examveda.com/java-program/practice-mcq-question-on-declaration-and-access-control/?page=4,
Java,declaration and access control,"What is the result of compiling and running the following code? 
public class Tester{
 static int x = 4;
 public Tester(){
 System.out.print(this.x); // line 1
 Tester();
 }
 public static void Tester(){ // line 2
 System.out.print(this.x); // line 3
 }
 public static void main(String... args){ // line 4
 new Tester();
 }
}",Compile error at line 1 (static x must be only accessed inside static methods),Compile error at line 2 (constructors can't be static),Compile error at line 3 (static methods can't invoke this),Compile error at line 4 (invalid argument type for method main ),C,static methods can't invoke 'this'.,medium,web:Examveda.com https://www.examveda.com/java-program/practice-mcq-question-on-declaration-and-access-control/?page=4,
Java,declaration and access control,"What is the result of compiling and running the following code? 
public class Tester{
 static int x = 4;
 int y = 9; 
 public Tester(){
 System.out.print(this.x); // line 1
 printVariables();
 }
 public static void printVariables(){
 System.out.print(x); // line 2
 System.out.print(y); // line 3
 }
 public static void main(String... args) { // line 4
 new Tester();
 }
}",Compile error at line 1 (static x must be only accessed inside static methods),Compile error at line 3 (static methods can't make reference to non-static variables),Compile error at line 4 (invalid argument type for method main),49,B,static methods cannot make references to non-static variables.,medium,web:Examveda.com https://www.examveda.com/java-program/practice-mcq-question-on-declaration-and-access-control/?page=4,
Java,declaration and access control,The object is created with new keyword,At Compile-time,At run-time,Depends on the code,None of these,B,,medium,web:Examveda.com https://www.examveda.com/java-program/practice-mcq-question-on-declaration-and-access-control/?page=4,
Java,declaration and access control,"Consider the following two classes declared and defined in two different packages, what can be added in class B to form what considered a correct access to class A from main() method of class B? 
package subPackage;
public class A { }


package anotherPackage;
// line 1
 public class B{
 public static void main(String[] args){
 // line 2
 }
} 
1. At line1 add noting; At line2 add: new A(); 
2. At line 1 add: import package.*; at line 2 add : new subPackage.A(); 
3. At line 1 add: import subPackage.*; at line 2 add : new A(); 
4. At line 1 add: import subPackage.A; at line 2 add : new A();",1 and 2,2 and 4,3 and 4,1 and 3,C,,medium,web:Examveda.com https://www.examveda.com/java-program/practice-mcq-question-on-declaration-and-access-control/?page=4,
Java,declaration and access control,"Determine output: 
public class InitDemo{
 static int i = demo();
 static{
 System.out.print(i);
 }
 InitDemo(){
 System.out.print(""hello1"");
 }
 public static void main(String... args){
 System.out.print(""Hello2"");
 }
 static int demo(){
 System.out.print(""InsideDemo"");
 return 10;
 }
}",Compilation error.,IllegalArgumentException is thrown at runtime.,InsideDemo 10 Hello2,Hello2 InsideDemo 10,C,As soon as the class are loaded static variables are initialized first. To initialize it demo must be called first then then static block executes and then main method is called.,medium,web:Examveda.com https://www.examveda.com/java-program/practice-mcq-question-on-declaration-and-access-control/?page=4,
Java,declaration and access control,"Which statements are most accurate regarding the following classes? 
class A{
 private int i;
 protected int j;
}

class B extends A{
 private int k;
 protected int m;
}","An object of B contains data fields i, j, k, m.","An object of B contains data fields j, k, m.","An object of B contains data fields j, m.","An object of B contains data fields k, m.",B,,medium,web:Examveda.com https://www.examveda.com/java-program/practice-mcq-question-on-declaration-and-access-control/?page=4,
Java,declaration and access control,A package is a collection of,Classes,Interfaces,Editing tools,Classes and Interfaces,D,"Think of a package like a folder or a directory on your computer. 
 What do you usually put in a folder? Files! 
 In Java, packages help us organize our code. 
 Classes and Interfaces are both types of ""files"" in Java. 
 So, a package can contain both. 
 Option A is partially correct (Classes), but it's not the whole story. 
 Option B is also partially correct (Interfaces), but it's also not the complete picture. 
 Option C and Option E are incorrect because ""Editing tools"" are not stored within the Java package. 
 Option D is the most accurate. 
 Therefore, the correct answer is D: Classes and Interfaces.
 

 
 
 
 



 
 
 
 
 
 
 
 
 
 
 
 
 
1
2
3
4
5
6

 
 
 
 
 
 
 
 
 
 

 
 

 -->
 
 
 


 

-->
 
 
 Copyright © 2026 Examveda.com
 
 
 
 
 
 
 
 
 
 About Us |
 Terms & Condition |
 Privacy Policy |
 Contact Us",medium,web:Examveda.com https://www.examveda.com/java-program/practice-mcq-question-on-declaration-and-access-control/?page=4,
Java,declaration and access control,A method within a class is only accessible by classes that are defined within the same package as the class of the method. Which one of the following is used to enforce such restriction?,Declare the method with the keyword public.,Declare the method with the keyword private.,Declare the method with the keyword protected.,Do not declare the method with any accessibility modifiers.,D,,medium,web:Examveda.com https://www.examveda.com/java-program/practice-mcq-question-on-declaration-and-access-control/?page=5,
Java,declaration and access control,"Choose the correct statement 
public class Circle{
 private double radius; 
 public Circle(double radius){
 radius = radius;
 }
}",The program has a compilation error because it does not have a main method.,"The program will compile, but we cannot create an object of Circle with a specified radius. The object will always have radius 0.",The program has a compilation error because we cannot assign radius to radius.,The program does not compile because Circle does not have a default constructor.,B,,medium,web:Examveda.com https://www.examveda.com/java-program/practice-mcq-question-on-declaration-and-access-control/?page=5,
Java,declaration and access control,"You have the following code in a file called Test.java 
class Base{
 public static void main(String[] args){
 System.out.println(""Hello"");
 }
}
public class Test extends Base{} 
What will happen if you try to compile and run this?",It will fail to compile.,Runtime error,Compiles and runs with no output.,Compiles and runs printing,D,"This will compile and print ""Hello"". 
The entry point for a standalone java program is the main method of the class that is being run. The java run-time system will look for that method in class Test and find that it should have such a method. It does not matter whether it is defined in the class itself or is inherited from a parent class.",medium,web:Examveda.com https://www.examveda.com/java-program/practice-mcq-question-on-declaration-and-access-control/?page=5,
Java,declaration and access control,"What will be the output? 
public class Test{
 static{
 int a = 5;
 }

 public static void main(String args[]){
 new Test().call();
 }

 void call(){
 this.a++;
 System.out.print(this.a);
 }
}",Compile with error,Runtime Exception,5,6,A,,medium,web:Examveda.com https://www.examveda.com/java-program/practice-mcq-question-on-declaration-and-access-control/?page=5,
Java,declaration and access control,"What is the output for the below code? 
public class A{
 static{
 System.out.println(""static"");
 }

 {
 System.out.println(""block"");
 }

 public A(){
 System.out.println(""A"");
 }

 public static void main(String[] args){
 A a = new A();
 }
}",A block static,static block A,static A,A,B,"First execute static block, then statement block and then constructor.",medium,web:Examveda.com https://www.examveda.com/java-program/practice-mcq-question-on-declaration-and-access-control/?page=5,
Java,declaration and access control,"What will be the output? 
public class Test{
 public static void main(String[] args){
 String value = ""abc"";
 changeValue(value);
 System.out.println(value);
 }

 public static void changeValue(String a){
 a = ""xyz"";
 }
}",abc,xyz,Compilation fails,Compilation clean but no output,A,"Java pass reference as value. passing the object reference, and not the actual object itself. Simply reassigning to the parameter used to pass the value into the method will do nothing, because the parameter is essentially a local variable.",medium,web:Examveda.com https://www.examveda.com/java-program/practice-mcq-question-on-declaration-and-access-control/?page=5,
Java,declaration and access control,"Name the keyword that makes a variable belong to a class, rather than being defined for each instance of the class.",static,final,abstract,native,A,,medium,web:Examveda.com https://www.examveda.com/java-program/practice-mcq-question-on-declaration-and-access-control/?page=5,
Java,declaration and access control,"What will be the output for the below code? 
public class Test{
 static{
 int a = 5; 
 }

 public static void main(String[] args){
 System.out.println(a);
 }
}",Compile with error,5,0,Runtime Exception,A,"A variable declared in a static initializer is not accessible outside its enclosing block.
 

 
 
 
 



 
 
 
 
 
 
 
 
 
 
 
 
 
1
2
3
4
5
6

 
 
 
 
 
 
 
 
 
 

 
 

 -->
 
 
 


 

-->
 
 
 Copyright © 2026 Examveda.com
 
 
 
 
 
 
 
 
 
 About Us |
 Terms & Condition |
 Privacy Policy |
 Contact Us",medium,web:Examveda.com https://www.examveda.com/java-program/practice-mcq-question-on-declaration-and-access-control/?page=5,
Java,declaration and access control,"Determine output: 
class A{
 {
 System.out.print(""b1 "");
 }
 public A(){
 System.out.print(""b2 "");
 }
}

class B extends A{
 static{
 System.out.print(""r1 "");
 }
 public B(){
 System.out.print(""r2 "");
 }
 {
 System.out.print(""r3 "");
 }
 static{
 System.out.print(""r4 "");
 }
}

public class Test extends B{
 public static void main(String[] args){
 System.out.print(""pre "");
 new Test();
 System.out.println(""post "");
 }
}",r1 r4 pre b1 b2 post,pre r1 r4 b1 b2 r2 r3 post,r1 r4 pre b1 b2 r3 r2 post,r1 r4 pre b1 b2 post r3 r2,C,"All static blocks execute first then blocks and constructor. 
 
Blocks and constructor executes (super class block then super class constructor, sub class block then sub class constructor). 
 
Sequence for static blocks is super class first then sub class. 
 
Sequence for blocks is super class first then sub class.",medium,web:Examveda.com https://www.examveda.com/java-program/practice-mcq-question-on-declaration-and-access-control/?page=6,
Java,declaration and access control,"What will be the output for the below code? 
static public class Test{
 public static void main(String[] args){
 char c = 'a';

 switch(c){
 case 65 : System.out.println(""one"");break;
 case 'a': System.out.println(""two"");break;
 case 3 : System.out.println(""three"");
 } 
 }
}",one,two,Compile error - char can't be permitted in switch statement.,"Compile error - Illegal modifier for the class Test; only public, abstract & final are permitted.",D,"Outer class can only declare public , abstract and final. 
Illegal modifier for the class Test; only public, abstract & final are permitted.",medium,web:Examveda.com https://www.examveda.com/java-program/practice-mcq-question-on-declaration-and-access-control/?page=6,
Java,declaration and access control,"What will be the output after compiling and running following program code? 
public class Test{
 static int a;
 public static void main(String[] args){
 System.out.println(""one"");
 call(1);
 }

 static void call(int a){
 this.a=10;
 System.out.println(""two ""+a);
 }
}",one two 1,one two 10,one two 0,Compile time error.,D,"Static members are common for all objects, where as ‘this’ refer to a particular object. so we cant use ‘this’ operator in the static methods.",medium,web:Examveda.com https://www.examveda.com/java-program/practice-mcq-question-on-declaration-and-access-control/?page=6,
Java,declaration and access control,"What will be the output after the following program is compiled and executed? 
public class Test{
 public static void main(String args[]){
 int x = 10;
 x = myMethod(x--);
 System.out.print(x);
 }

 static int myMethod(final int x){
 return x--;
 }
}",The will compile successfully and display 9 as output.,The program will lead to compilation error.,The program will lead to runtime error.,The program will compile successfully and display 10 as output.,B,"While compiling the Test class, the compilation error occurs implying that the final parameter x cannot be assigned a value. Therefore the option B is correct and remaining options are incorrect.",medium,web:Examveda.com https://www.examveda.com/java-program/practice-mcq-question-on-declaration-and-access-control/?page=6,
Java,declaration and access control,"What can directly access and change the value of the variable qusNo? 
package com.mypackage;

public class Test{
 private int qusNo = 100;
}",Only the Test class.,Any class.,Any class in com.mypackage package.,Any class that extends Test.,A,,medium,web:Examveda.com https://www.examveda.com/java-program/practice-mcq-question-on-declaration-and-access-control/?page=6,
Java,array,"In Java, arrays are objects of which class?",Array,Collection,ArrayList,None of the above,D,,medium,web:Examveda.com https://www.examveda.com/java-program/practice-mcq-question-on-array/,
Java,array,How do you declare a one-dimensional array in Java?,int[] myArray;,int myArray[];,Array myArray;,All of the above,A,"In Java, a one-dimensional array is declared by specifying the type of elements followed by square brackets and then the array name. The correct syntax is: 
type[] arrayName; 
Option A follows this syntax and is the correct way to declare a one-dimensional array in Java. 
Option B is also a valid syntax but is less commonly used. Both Option A and Option B are equivalent. 
Option C is incorrect as it attempts to use generics syntax, which is not allowed for arrays in Java. 
Option D is incorrect because Option C is not a valid way to declare an array.",medium,web:Examveda.com https://www.examveda.com/java-program/practice-mcq-question-on-array/,
Java,array,What is the default initial value of numeric elements in an array of type int in Java?,0,1,-1,Null,A,,medium,web:Examveda.com https://www.examveda.com/java-program/practice-mcq-question-on-array/,
Java,array,What is the correct way to initialize a two-dimensional array in Java?,"int[][] myArray = {{1, 2}, {3, 4}};","int[2][2] myArray = {{1, 2}, {3, 4}};",int[2][2] myArray; myArray[0][0] = 1; myArray[0][1] = 2; myArray[1][0] = 3; myArray[1][1] = 4;,None of the above,A,,medium,web:Examveda.com https://www.examveda.com/java-program/practice-mcq-question-on-array/,
Java,array,What does the length attribute of an array in Java represent?,The number of elements in the array,The maximum value of elements in the array,The length of the variable name,The number of dimensions,A,,medium,web:Examveda.com https://www.examveda.com/java-program/practice-mcq-question-on-array/,
Java,array,How do you access an element in a one-dimensional array named myArray at index 3 in Java?,myArray[3],myArray(3),myArray.get(3),myArray.getElement(3),A,,medium,web:Examveda.com https://www.examveda.com/java-program/practice-mcq-question-on-array/,
Java,array,What happens if you try to access an array element at an index that is out of bounds in Java?,It returns null.,It throws an ArrayIndexOutOfBoundsException.,It returns 0.,It returns -1.,B,,medium,web:Examveda.com https://www.examveda.com/java-program/practice-mcq-question-on-array/,
Java,array,Which method is used to find the length of an array in Java?,length(),size(),getSize(),length,D,,medium,web:Examveda.com https://www.examveda.com/java-program/practice-mcq-question-on-array/,
Java,array,What is the highest index of an array with 10 elements in Java?,9,10,0,1,A,,medium,web:Examveda.com https://www.examveda.com/java-program/practice-mcq-question-on-array/,
Java,array,Which of the following is a valid declaration and initialization of a String array in Java?,"String[] names = {""Alice"", ""Bob"", ""Charlie""};","String names[] = new String[]{""Alice"", ""Bob"", ""Charlie""};","String[3] names = {""Alice"", ""Bob"", ""Charlie""};",Both A and B,D,"Option A initializes a String array named ""names"" with three elements: ""Alice"", ""Bob"", and ""Charlie"". 
This is a valid and commonly used syntax for declaring and initializing a String array in Java. 

Option B: String names[] = new String[]{""Alice"", ""Bob"", ""Charlie""};
 
This syntax is also valid for declaring and initializing a String array in Java. However, it's less commonly used. 

Option C: String[3] names = {""Alice"", ""Bob"", ""Charlie""};
 
This syntax is invalid. In Java, when declaring an array, the size should not be specified in the square brackets. 

 
 
 
 



 
 
 
 
 
 
 
 
 
 
 
 
 1
2
3
4
5
6

 
 
 
 
 
 
 
 
 
 

 
 

 -->
 
 
 


 

-->
 
 
 Copyright © 2026 Examveda.com
 
 
 
 
 
 
 
 
 
 About Us |
 Terms & Condition |
 Privacy Policy |
 Contact Us",medium,web:Examveda.com https://www.examveda.com/java-program/practice-mcq-question-on-array/,
Java,array,How do you find the number of rows in a two-dimensional array named matrix in Java?,matrix.rows(),matrix.size(),matrix.length,matrix.length(),C,,medium,web:Examveda.com https://www.examveda.com/java-program/practice-mcq-question-on-array/?page=2,
Java,array,What is the default initial value of elements in an array of type boolean in Java?,TRUE,FALSE,1,0,B,,medium,web:Examveda.com https://www.examveda.com/java-program/practice-mcq-question-on-array/?page=2,
Java,array,Which of the following statements is true about arrays in Java?,Arrays can change in size after initialization.,Arrays can store elements of different types.,Arrays can have a negative length.,Arrays are objects of type Array.,D,"In Java, arrays are objects. They are instances of classes that extend the abstract class java.lang.Object. However, arrays in Java are implemented as objects of a specific type called ""Array"". This means that arrays in Java are indeed objects, but they are not instances of the Array class; rather, they are instances of classes that are automatically generated by the Java Virtual Machine (JVM) when arrays are created.
 
Option A: Arrays can change in size after initialization.
 
 In Java, once an array is initialized with a specific size, that size cannot be changed. Arrays have a fixed length determined at the time of creation. While you can create a new array with a different size and copy elements from the old array to the new one to achieve a similar effect, the original array itself cannot change its size.
 
Option B: Arrays can store elements of different types.
 
 In Java, arrays ",medium,web:Examveda.com https://www.examveda.com/java-program/practice-mcq-question-on-array/?page=2,
Java,array,What is the correct way to copy the elements of one array to another in Java?,Use a for loop to iterate through the elements and copy them one by one.,Use the clone() method of arrays.,Use the copy() method of arrays.,None of the above,A,,medium,web:Examveda.com https://www.examveda.com/java-program/practice-mcq-question-on-array/?page=2,
Java,array,How do you declare and initialize an array of integers with 5 elements in Java?,int[] numbers = new int[5];,"int[5] numbers; numbers = {1, 2, 3, 4, 5};","int numbers[5] = {1, 2, 3, 4, 5};",All of the above,A,,medium,web:Examveda.com https://www.examveda.com/java-program/practice-mcq-question-on-array/?page=2,
Java,array,What is the purpose of the System.arraycopy() method in Java?,To copy elements from one array to another.,To compare two arrays.,To reverse the elements of an array.,To find the length of an array.,A,,medium,web:Examveda.com https://www.examveda.com/java-program/practice-mcq-question-on-array/?page=2,
Java,array,Which of the following is true about the size of an ArrayList in Java?,The size is fixed and cannot change.,The size can only increase but not decrease.,The size can change dynamically.,The size is determined by the length of the elements.,C,,medium,web:Examveda.com https://www.examveda.com/java-program/practice-mcq-question-on-array/?page=2,
Java,array,"In Java, how do you remove an element at a specific index from an ArrayList named list?",list.remove(index);,list.delete(index);,list.pop(index);,list.splice(index);,A,,medium,web:Examveda.com https://www.examveda.com/java-program/practice-mcq-question-on-array/?page=2,
Java,array,How do you check if an element exists in an array or ArrayList in Java?,Use the find() method.,Use the search() method.,Use the contains() method.,Use the exists() method.,C,,medium,web:Examveda.com https://www.examveda.com/java-program/practice-mcq-question-on-array/?page=2,
Java,array,What is the purpose of the Arrays.sort() method in Java?,To find the maximum element in an array.,To search for an element in an array.,To sort the elements of an array.,To reverse the elements of an array.,C,,medium,web:Examveda.com https://www.examveda.com/java-program/practice-mcq-question-on-array/?page=3,
Java,array,How do you find the index of an element in an ArrayList named list in Java?,list.getIndex(element);,list.indexOf(element);,list.find(element);,list.search(element);,B,,medium,web:Examveda.com https://www.examveda.com/java-program/practice-mcq-question-on-array/?page=3,
Java,array,Which method is used to add an element to the end of an ArrayList in Java?,addElement(),insertElement(),append(),add(),D,,medium,web:Examveda.com https://www.examveda.com/java-program/practice-mcq-question-on-array/?page=3,
Java,array,What happens when you try to access an element at an index that is out of bounds in an ArrayList in Java?,It returns null.,It throws an ArrayIndexOutOfBoundsException.,It returns -1.,It throws an IndexOutOfBoundsException.,B,,medium,web:Examveda.com https://www.examveda.com/java-program/practice-mcq-question-on-array/?page=3,
Java,array,Which method is used to remove all elements from an ArrayList in Java?,removeAllElements(),clear(),remove(),deleteAll(),B,,medium,web:Examveda.com https://www.examveda.com/java-program/practice-mcq-question-on-array/?page=3,
Java,array,"In Java, how do you find the maximum element in an array?",Use a loop to compare each element with the maximum value found so far.,Use the max() method.,Use the findMax() method.,Use the maximum() method.,A,,medium,web:Examveda.com https://www.examveda.com/java-program/practice-mcq-question-on-array/?page=3,
Java,array,Which of the following statements is true about ArrayLists in Java?,ArrayLists can only store primitive data types.,ArrayLists can have duplicate elements.,ArrayLists are fixed in size.,ArrayLists can only store Strings.,B,,medium,web:Examveda.com https://www.examveda.com/java-program/practice-mcq-question-on-array/?page=3,
Java,array,How do you declare a multi-dimensional array in Java?,int[][] matrix;,int matrix[][];,int matrix[2][2];,All of the above,D,,medium,web:Examveda.com https://www.examveda.com/java-program/practice-mcq-question-on-array/?page=3,
Java,array,What is the purpose of the Arrays.fill() method in Java?,To fill an array with a specified value.,To find the number of elements in an array.,To copy elements from one array to another.,To sort the elements of an array.,A,,medium,web:Examveda.com https://www.examveda.com/java-program/practice-mcq-question-on-array/?page=3,
Java,array,"In Java, what is the purpose of the Arrays.equals() method?",To check if two arrays are equal.,To concatenate two arrays.,To find the common elements between two arrays.,To remove duplicate elements from an array.,A,,medium,web:Examveda.com https://www.examveda.com/java-program/practice-mcq-question-on-array/?page=3,
Java,array,In Java arrays are,objects,object references,primitive data type,None of the above,A,"In java an array is a container object that holds a fixed number of values of a single type. The length of an array is established when the array is created. After creation, its length is fixed.",medium,web:Examveda.com https://www.examveda.com/java-program/practice-mcq-question-on-array/?page=4,
Java,array,Which one of the following is a valid statement?,char[] c = new char();,char[] c = new char[5];,char[] c = new char(4);,char[] c = new char[];,B,"The syntax for declaring and creating an array variable in java is: 
dataType[] arrayRefVar = new dataType[arraySize]; 
 
Thus, option (A) and option (C) is syntactically wrong as parentheses( ( ) ) is used instead of square brackets( [ ] ). 
Option (D) is incorrect as the size of the array is missing.",medium,web:Examveda.com https://www.examveda.com/java-program/practice-mcq-question-on-array/?page=4,
Java,array,"What is the result of compiling and running the following code? 
public class Test{
 public static void main(String[] args){
 int[] a = new int[0];
 System.out.print(a.length);
 }
}",0,"Compilation error, arrays cannot be initialized to zero size.","Compilation error, it is a.length() not a.length",None of the above,A,"Step 1: 
Declare a public class named Test. 
 
Step 2: 
Define the main method with the public and static modifiers and a parameter of type String array named args. 
 
Step 3: 
Declare an array variable a of type int[]. 
 
Step 4: 
Initialize the array a with a size of 0 using the new keyword. 
 
Step 5: 
Print the length of the array a using the length property. 
 
Therefore, when you compile and run the code, the output will be: 
0 
 
This output corresponds to the length of the array a, which is 0.",medium,web:Examveda.com https://www.examveda.com/java-program/practice-mcq-question-on-array/?page=4,
Java,array,"What will be the output? 
public class Test{
 public static void main(String[] args){
 int[] x = new int[3];
 System.out.println(""x[0] is "" + x[0]);
 }
}",The program has a compile error because the size of the array wasn't specified when declaring the array.,The program has a runtime error because the array elements are not initialized.,The program runs fine and displays x[0] is 0.,The program has a runtime error because the array element x[0] is not defined.,C,"Program is syntactically correct, so no error. 
In java, if the array is not initialized at the time of declaration and creation then all the elements of the array are initialized to 0 by default.",medium,web:Examveda.com https://www.examveda.com/java-program/practice-mcq-question-on-array/?page=4,
Java,array,"What is the output of the following code? 
public class Test{
 public static void main(String args[]){
 double[] myList = {1, 5, 5, 5, 5, 1};
 double max = myList[0];
 int indexOfMax = 0;
 for(int i = 1; i max){
 max = myList[i];
 indexOfMax = i;
 }
 }
 System.out.println(indexOfMax);
 }
}",0,1,2,3,B,"In the given program. 
Line 7 : if(myList[i] > max) execute only on time when i =1; 
when i = 1 then myList[i] = 5 and max = 1(so the statement is true and if block will be executed). 
Then, max = myList[i] = 5 and indexOfMax = i = 1. 
After that if statement always false. so indexOfMax value remain 1. 

Therefore the value of indexOfMax is 1 at end of the for loop.",medium,web:Examveda.com https://www.examveda.com/java-program/practice-mcq-question-on-array/?page=4,
Java,array,"What is output of the following code: 
public class Test{
 public static void main(String[] args){
 int[] x = {120, 200, 016 };
 for(int i = 0; i",120 200 16,120 200 14,120 200 016,016 is a compile error. It should be written as 16.,B,016 is an octal number. The prefix 0 indicates that a number is in octal.,medium,web:Examveda.com https://www.examveda.com/java-program/practice-mcq-question-on-array/?page=4,
Java,array,"Determine output: 
public class Test{
 public static void main(String[] args){
 int[] x = {1, 2, 3, 4};
 int[] y = x;

 x = new int[2];

 for(int i = 0; i",1 2 3 4,0 0 0 0,1 2,0 0,C,,medium,web:Examveda.com https://www.examveda.com/java-program/practice-mcq-question-on-array/?page=4,
Java,array,"Analyze the following code and choose the correct answer. 
int[] arr = new int[5];
arr = new int[6];",The code has compile errors because the variable arr cannot be changed once it is assigned.,The code has runtime errors because the variable arr cannot be changed once it is assigned.,The code can compile and run fine. The second line assigns a new array to arr.,The code has compile errors because we cannot assign a different size array to arr.,C,,medium,web:Examveda.com https://www.examveda.com/java-program/practice-mcq-question-on-array/?page=4,
Java,array,"What will be the output? 
public class Test{
 public static void main(String[] args){
 int[] a = new int[4];
 a[1] = 1;
 a = new int[2];
 System.out.println(""a[1] is "" + a[1]);
 }
}",The program has a compile error because new int[2],The program has a runtime error because a[1] = null,a[1] is 0,a[1] is 1,C,"After executing the statement a = new int[2], a refers to int[2]. The default value for a[0] and a[1] is 0.",medium,web:Examveda.com https://www.examveda.com/java-program/practice-mcq-question-on-array/?page=4,
Java,array,"When you pass an array to a method, the method receives ________ .",A copy of the array.,A copy of the first element.,The reference of the array.,The length of the array.,C,,medium,web:Examveda.com https://www.examveda.com/java-program/practice-mcq-question-on-array/?page=4,
Java,array,"What would be the result of attempting to compile and run the following code? 
public class HelloWorld{
 public static void main(String[] args){
 double[] x = new double[]{1, 2, 3};
 System.out.println(""Value is "" + x[1]);
 }
}","The program has a compile error because the syntax new double[]{1, 2, 3} is wrong and it should be replaced by {1, 2, 3}.","The program has a compile error because the syntax new double[]{1, 2, 3} is wrong and it should be replaced by new double[3]{1, 2, 3};","The program has a compile error because the syntax new double[]{1, 2, 3} is wrong and it should be replaced by new double[]{1.0, 2.0, 3.0};",The program compiles and runs fine and the output,D,"new double[]{1, 2, 3} is correct. This is the syntax I have not covered in this edition, but will be covered in the future edition. In this question, double[] x = new double[]{1, 2, 3} is equivalent to double[] x = {1, 2, 3};",medium,web:Examveda.com https://www.examveda.com/java-program/practice-mcq-question-on-array/?page=5,
Java,array,"Which will legally declare, construct, and initialize an array?",int [] myList = {};,"int [] myList = (5, 8, 2);","int myList [] [] = {4,9,7,0};","int myList [] = {4, 3, 7};",D,"The only legal array declaration and assignment statement is Option D 
Option A is wrong because it initializes an int array with String literals. 
Option B is wrong because it uses something other than curly braces for the initialization. 
Option C is wrong because it provides initial values for only one dimension, although the declared array is a two-dimensional array.",medium,web:Examveda.com https://www.examveda.com/java-program/practice-mcq-question-on-array/?page=5,
Java,array,"What will be the output of the program? 
public class Test{
 public static void main(String [] args){
 String s1 = args[1];
 String s2 = args[2];
 String s3 = args[3];
 String s4 = args[4];
 System.out.print("" args[2] = "" + s2);
 }
} 
and the command-line invocation is C:Java> java Test 1 2 3 4",args[2] = 2,args[2] = 3,args[2] = null,An exception is thrown at runtime.,D,"An exception is thrown because in the code String s4 = args[4];, the array index (the fifth element) is out of the bounds. The exception thrown is the ArrayIndexOutOfBoundsException.",medium,web:Examveda.com https://www.examveda.com/java-program/practice-mcq-question-on-array/?page=5,
Java,array,"What is the value of a[1] after the following code is executed? 
int[] a = {0, 2, 4, 1, 3};
for(int i = 0; i",0,1,2,3,B,"Here's an explanation of the code: 
 

 1. The array a is initialized with values: {0, 2, 4, 1, 3}. 
 2. The for loop iterates over each element of the array using the variable i. 
 3. Inside the loop, the value of a[i] is updated using the expression a[(a[i] + 3) % a.length]. 
   (i) For i = 0, a[i] is 0. So, a[(0 + 3) % 5] becomes a[3 % 5] which is a[3] (value 1). 
  (ii) For i = 1, a[i] is 2. So, a[(2 + 3) % 5] becomes a[5 % 5] which is a[0] (value 0). 
  (iii) For i = 2, a[i] is 4. So, a[(4 + 3) % 5] becomes a[7 % 5] which is a[2] (value 4). 
  (iv) For i = 3, a[i] is 1. So, a[(1 + 3) % 5] becomes a[4 % 5] which is a[4] (value 3). 
  (v) For i = 4, a[i] is 3. So, a[(3 + 3) % 5] becomes a[6 % 5] which is a[1] (value 2). 
 4. After the loop finishes, the modified array a becomes {0, 1, 4, 3, 2}. 
 5. Finally, the code prints the value of a[1] using System.out.println(a[1]), which outpu",medium,web:Examveda.com https://www.examveda.com/java-program/practice-mcq-question-on-array/?page=5,
Java,array,"Predict the output: 
public class Test{
public static void main(String... args){
 int[] index = new int[5];
 System.out.println(index instanceof Object);
 }
}",true,false,Compilation fails with an error at line 3,Compilation fails with an error at line 4,A,An array is always an instance of Object.,medium,web:Examveda.com https://www.examveda.com/java-program/practice-mcq-question-on-array/?page=5,
Java,array,Which of these operators is used to allocate memory to array variable in Java?,malloc,alloc,new,new malloc,C,,medium,web:Examveda.com https://www.examveda.com/java-program/practice-mcq-question-on-array/?page=5,
Java,array,Which of these is an incorrect array declaration?,int arr[] = new int[5],int [] arr = new int[5],int arr[] = new int arr[5],int arr[] = int [5] new,D,,medium,web:Examveda.com https://www.examveda.com/java-program/practice-mcq-question-on-array/?page=5,
Java,array,"What will be the output of the following Java code? 
int arr[] = new int [5];
System.out.print(arr);",0,value stored in arr[0],00000,Class name@ hashcode in hexadecimal form,D,,medium,web:Examveda.com https://www.examveda.com/java-program/practice-mcq-question-on-array/?page=5,
Java,array,"What will be the output of the following Java code? 
class array_output 
{
 public static void main(String args[]) 
 {
 int array_variable [] = new int[10];
 for (int i = 0; i",0 2 4 6 8,1 3 5 7 9,0 1 2 3 4 5 6 7 8 9,1 2 3 4 5 6 7 8 9 10,A,,medium,web:Examveda.com https://www.examveda.com/java-program/practice-mcq-question-on-array/?page=5,
Java,array,"What will be the output of the following Java code? 
class evaluate 
{
 public static void main(String args[]) 
 {
 int arr[] = new int[] {0 , 1, 2, 3, 4, 5, 6, 7, 8, 9};
 int n = 6;
 n = arr[arr[n] / 2];
 System.out.println(arr[n] / 2);
 } 
}",3,0,6,1,D,,medium,web:Examveda.com https://www.examveda.com/java-program/practice-mcq-question-on-array/?page=5,
Java,array,"What will be the output of the following Java code? 
class array_output 
{
 public static void main(String args[]) 
 {
 char array_variable [] = new char[10];
 for (int i = 0; i",1 2 3 4 5 6 7 8 9 10,0 1 2 3 4 5 6 7 8 9 10,i j k l m n o p q r,i i i i i i i i i i,D,,medium,web:Examveda.com https://www.examveda.com/java-program/practice-mcq-question-on-array/?page=6,
Java,array,"What will be the output of the following Java code? 
class multidimention_array 
{
 public static void main(String args[])
 {
 int arr[][] = new int[3][];
 arr[0] = new int[1];
 arr[1] = new int[2];
 arr[2] = new int[3]; 
 int sum = 0;
 for (int i = 0; i",11,10,13,14,B,,medium,web:Examveda.com https://www.examveda.com/java-program/practice-mcq-question-on-array/?page=6,
Java,array,Which of these is necessary to specify at time of array initialization?,Row,Column,Both Row and Column,None of the mentioned,A,,medium,web:Examveda.com https://www.examveda.com/java-program/practice-mcq-question-on-array/?page=6,
Java,array,"What will be the output of the following Java code? 
class array_output 
{
 public static void main(String args[]) 
 {
 int array_variable[][] = {{ 1, 2, 3}, { 4 , 5, 6}, { 7, 8, 9}};
 int sum = 0;
 for (int i = 0; i",8,9,10,11,B,,medium,web:Examveda.com https://www.examveda.com/java-program/practice-mcq-question-on-array/?page=6,
Java,array,Which of these is an incorrect Statement?,It is necessary to use new operator to initialize an array,Array can be initialized using comma separated expressions surrounded by curly braces,Array can be initialized when they are declared,None of the mentioned,A,,medium,web:Examveda.com https://www.examveda.com/java-program/practice-mcq-question-on-array/?page=6,
Java,strings,"In Java, which class is used to represent a sequence of characters as a string?",String,StringBuilder,StringSequence,StringArray,A,,medium,web:Examveda.com https://www.examveda.com/java-program/practice-mcq-question-on-strings/,
Java,strings,"In Java, which operator is used to concatenate two strings?",+,&,",",|,A,,medium,web:Examveda.com https://www.examveda.com/java-program/practice-mcq-question-on-strings/,
Java,strings,Which of the following methods is used to compare two strings for equality in Java?,equals(),compareTo(),equalsIgnoreCase(),compare(),A,,medium,web:Examveda.com https://www.examveda.com/java-program/practice-mcq-question-on-strings/,
Java,strings,What does the length() method of a String object in Java return?,The capacity of the string,The size of the string,The length of the string,The index of the last character,C,,medium,web:Examveda.com https://www.examveda.com/java-program/practice-mcq-question-on-strings/,
Java,strings,Which of the following is true about Java strings?,Strings are mutable.,Strings can contain only letters.,Strings can have a null value.,Strings are implemented as arrays of characters.,C,"Java strings are sequences of characters used to store and manipulate text data.
 
Option A: Strings are mutable. → False. Java strings are immutable, meaning once a string is created, its value cannot be changed. If modifications are needed, a new string is created instead.
 
Option B: Strings can contain only letters. → False. Java strings can contain letters, numbers, symbols, spaces, or any other character. For example, ""Hello123!"" and ""Java@2024"" are valid strings.
 
Option C: Strings can have a null value. → True. A string variable can be assigned null, which means it does not reference any object in memory.
 
Option D: Strings are implemented as arrays of characters. → True, but incomplete. Java internally represents strings as character arrays (char[]), but they are encapsulated in the String class, and we generally use methods rather than directly accessing the array.
 
Thus, th",medium,web:Examveda.com https://www.examveda.com/java-program/practice-mcq-question-on-strings/,
Java,strings,How do you convert a string to lowercase in Java?,str.toLower(),str.toLowerCase(),str.convertToLower(),str.makeLowerCase(),B,,medium,web:Examveda.com https://www.examveda.com/java-program/practice-mcq-question-on-strings/,
Java,strings,What is the purpose of the charAt() method of a String object in Java?,To add a character to the string,To remove a character from the string,To get the character at a specific index,To get the length of the string,C,,medium,web:Examveda.com https://www.examveda.com/java-program/practice-mcq-question-on-strings/,
Java,strings,Which method is used to find the index of the first occurrence of a specified character in a string in Java?,findIndex(),indexOf(),search(),findCharacter(),B,,medium,web:Examveda.com https://www.examveda.com/java-program/practice-mcq-question-on-strings/,
Java,strings,"In Java, what is the result of the expression ""Hello"".substring(1, 4)?","""Hel""","""H""","""ell""","""llo""",C,,medium,web:Examveda.com https://www.examveda.com/java-program/practice-mcq-question-on-strings/,
Java,strings,What is the purpose of the trim() method of a String object in Java?,To remove all spaces from the string,To concatenate two strings,To extract a substring from the string,To remove leading and trailing whitespace,D,"The trim() method in Java is used to remove whitespace characters from the beginning and end of a string. 
It does not remove spaces or whitespace characters that are in the middle of the string. 
For example: 
String s = "" Hello World ""; 
System.out.println(s.trim()); // Output: ""Hello World"" 
Therefore, the correct purpose of the trim() method is to remove leading and trailing whitespace only, not all spaces, not concatenation, and not substring extraction.",medium,web:Examveda.com https://www.examveda.com/java-program/practice-mcq-question-on-strings/?page=2,
Java,strings,Which of the following methods is used to replace all occurrences of a specified character in a string in Java?,replace(),replaceAll(),replaceChar(),replaceAllOccurrences(),A,"replace() is a method in Java used to replace all occurrences of a specified character or substring in a string with another character or substring. 
It takes two parameters: the character or substring to be replaced and the new character or substring. 
replaceAll() is used for replacing all substrings that match a regular expression, which is different from replace(). 
replaceChar() and replaceAllOccurrences() are not valid methods in Java.",medium,web:Examveda.com https://www.examveda.com/java-program/practice-mcq-question-on-strings/?page=2,
Java,strings,What is the correct way to check if a string starts with a specific prefix in Java?,str.startsWith(prefix),str.beginsWith(prefix),str.starts(prefix),str.hasPrefix(prefix),A,,medium,web:Examveda.com https://www.examveda.com/java-program/practice-mcq-question-on-strings/?page=2,
Java,strings,Which method is used to split a string into an array of substrings based on a specified delimiter in Java?,split(),splitString(),divide(),separate(),A,,medium,web:Examveda.com https://www.examveda.com/java-program/practice-mcq-question-on-strings/?page=2,
Java,strings,"In Java, what is the purpose of the endsWith() method of a String object?",To check if the string ends with a specified character,To append a character to the string,To check if the string starts with a specified character,To check if the string contains a specified substring,A,,medium,web:Examveda.com https://www.examveda.com/java-program/practice-mcq-question-on-strings/?page=2,
Java,strings,What method is used to convert an integer to a string in Java?,String.valueOf(),Integer.toString(),int.toString(),parseToString(),A,,medium,web:Examveda.com https://www.examveda.com/java-program/practice-mcq-question-on-strings/?page=2,
Java,strings,Which of the following is the correct way to compare two strings in a case-insensitive manner in Java?,str1.equals(str2),str1.compareToIgnoreCase(str2),str1.equalsIgnoreCase(str2),str1.compare(str2),C,,medium,web:Examveda.com https://www.examveda.com/java-program/practice-mcq-question-on-strings/?page=2,
Java,strings,"In Java, what does the concat() method of a String object do?",Combines two strings.,Reverses a string.,Removes whitespace.,Returns the length.,A,,medium,web:Examveda.com https://www.examveda.com/java-program/practice-mcq-question-on-strings/?page=2,
Java,strings,How do you find the last index of a specified character in a string in Java?,str.lastIndexOf(char),str.indexOf(char),str.findLast(char),str.search(char),A,,medium,web:Examveda.com https://www.examveda.com/java-program/practice-mcq-question-on-strings/?page=2,
Java,strings,"What is the result of the expression ""Java"".replace(""a"", ""o"") in Java?","""Jovo""","""Java""","""Jova""",None of These,A,,medium,web:Examveda.com https://www.examveda.com/java-program/practice-mcq-question-on-strings/?page=2,
Java,strings,Which of the following is true about string concatenation in Java?,It always requires using the + operator.,It's a costly operation in terms of performance.,It can only concatenate strings with numbers.,It doesn't change the original strings.,D,,medium,web:Examveda.com https://www.examveda.com/java-program/practice-mcq-question-on-strings/?page=3,
Java,strings,How do you find the index of the last occurrence of a substring in a string in Java?,str.findLast(substring),str.lastIndexOf(substring),str.lastIndexOfChar(substring),str.indexOf(substring),B,,medium,web:Examveda.com https://www.examveda.com/java-program/practice-mcq-question-on-strings/?page=3,
Java,strings,What is the purpose of the toLowerCase() method of a String object in Java?,To convert the string to uppercase.,To convert the string to lowercase.,To check if the string is empty.,To reverse the string.,B,,medium,web:Examveda.com https://www.examveda.com/java-program/practice-mcq-question-on-strings/?page=3,
Java,strings,Which method is used to extract a substring from a string in Java?,extractSubstring(),getSubstring(),substring(),extract(),C,,medium,web:Examveda.com https://www.examveda.com/java-program/practice-mcq-question-on-strings/?page=3,
Java,strings,"In Java, what is the purpose of the isEmpty() method of a String object?",To check if the string is empty.,To remove leading and trailing whitespace.,To concatenate two strings.,To reverse the string.,A,,medium,web:Examveda.com https://www.examveda.com/java-program/practice-mcq-question-on-strings/?page=3,
Java,strings,How do you check if a string contains a specific character in Java?,str.contains(char),str.indexOf(char),str.hasChar(char),str.charExists(char),A,,medium,web:Examveda.com https://www.examveda.com/java-program/practice-mcq-question-on-strings/?page=3,
Java,strings,What is the purpose of the substring() method of a String object in Java?,To add a substring to the string,To extract a substring from the string,To check if the string contains a substring,To concatenate two substrings,B,,medium,web:Examveda.com https://www.examveda.com/java-program/practice-mcq-question-on-strings/?page=3,
Java,strings,How do you find the first index of a specified character in a string in Java?,str.getFirstIndexOf(char),str.findFirst(char),str.indexFirst(char),str.indexOf(char),D,,medium,web:Examveda.com https://www.examveda.com/java-program/practice-mcq-question-on-strings/?page=3,
Java,strings,"The output of the following fraction of code is 
public class Test{
 public static void main(String args[]){
 String s1 = new String(""Hello"");
 String s2 = new String(""Hellow"");
 System.out.println(s1 = s2);
 }
}",Hello,Hellow,Compilation error,Throws an exception,B,"The output of the given code will be: 
 
In the code, two String objects s1 and s2 are created with the values ""Hello"" and ""Hellow"" (note the typo in ""Hellow""), respectively. Then, the System.out.println() statement prints the result of the assignment s1 = s2. This assignment sets the value of s1 to the same value as s2, which is ""Hellow"". As a result, the println statement prints the value of s1, which is ""Hellow"".",medium,web:Examveda.com https://www.examveda.com/java-program/practice-mcq-question-on-strings/?page=4,
Java,strings,"What will be the output of the following program code? 
class LogicalCompare{
 public static void main(String args[]){
 String str1 = new String(""OKAY"");
 String str2 = new String(str1);
 System.out.println(str1 == str2);
 }
}",true,false,0,1,B,,medium,web:Examveda.com https://www.examveda.com/java-program/practice-mcq-question-on-strings/?page=4,
Java,strings,"What will be the output of the following program? 
public class Test{
 public static void main(String args[]){
 String s1 = ""java"";
 String s2 = ""java"";
 System.out.println(s1.equals(s2));
 System.out.println(s1 == s2); 
 }
}",false true,false false,true false,true true,D,,medium,web:Examveda.com https://www.examveda.com/java-program/practice-mcq-question-on-strings/?page=4,
Java,strings,"Determine output: 
public class Test{
 public static void main(String args[]){ 
 String s1 = ""SITHA"";
 String s2 = ""RAMA"";
 System.out.println(s1.charAt(0) > s2.charAt(0));
 }
}",true,false,0,Compilation error,A,Output will be True. Since when s1.charAt(0) ascii value is greater then s2.charAt(0). So it will return True.,medium,web:Examveda.com https://www.examveda.com/java-program/practice-mcq-question-on-strings/?page=4,
Java,strings,"What could be output of the following fragment of code? 
public class Test{
 public static void main(String args[]){ 
 String x = ""hellow"";
 int y = 9;
 System.out.println(x += y);
 } 
}",Throws an exception as string and int are not compatible for addition,hellow9,9hellow,Compilation error,B,,medium,web:Examveda.com https://www.examveda.com/java-program/practice-mcq-question-on-strings/?page=4,
Java,strings,toString() method is defined in,java.lang.String,java.lang.Object,java.lang.util,None of these,B,,medium,web:Examveda.com https://www.examveda.com/java-program/practice-mcq-question-on-strings/?page=4,
Java,strings,The String method compareTo() returns,true,false,an int value,1,C,,medium,web:Examveda.com https://www.examveda.com/java-program/practice-mcq-question-on-strings/?page=4,
Java,strings,"What will be the output? 
String str1 = ""abcde"";
System.out.println(str1.substring(1, 3));",abc,bc,bcd,abcd,B,"substring() method has two variants and returns a new string that is a substring of this string. The substring begins with the character at the specified index and extends to the end of this string or upto endIndex - 1 if second argument is given. 
Syntax: Here is the syntax of this method: 
public String substring(int beginIndex) 
or 
public String substring(int beginIndex, int endIndex) 
Parameters: Here is the detail of parameters: 
beginIndex -- the begin index, inclusive. 
endIndex -- the end index, exclus",medium,web:Examveda.com https://www.examveda.com/java-program/practice-mcq-question-on-strings/?page=4,
Java,strings,"What is the output of the following println statement? 
String str1 = ""Hellow"";
System.out.println(str1.indexOf('t'));",true,false,1,-1,D,,medium,web:Examveda.com https://www.examveda.com/java-program/practice-mcq-question-on-strings/?page=4,
Java,strings,"What will be the output of the following program? 
public class Test{
 public static void main(String args[]){
 String str1 = ""one"";
 String str2 = ""two"";
 System.out.println(str1.concat(str2));
 }
}",one,two,onetwo,twoone,C,"Concat() method appends one String to the end of another. The method returns a String with the value of the String passed into the method appended to the end of the String which is used to invoke this method.
 

 
 
 
 



 
 
 
 
 
 
 
 
 
 
 
 
 
1
2
3
4
5
6
7
8
9
10

 
 
 
 
 
 
 
 
 Read More Section(Strings)
 Each Section contains maximum 100 MCQs question on Strings. To get more questions visit other sections.
 
 Strings - Section 2
 
 


 
 
 
 

 
 

 -->
 
 
 


 

-->
 
 
 Copyright © 2026 Examveda.com
 
 
 
 
 
 
 
 
 
 About Us |
 Terms & Condition |
 Privacy Policy |
 Contact Us",medium,web:Examveda.com https://www.examveda.com/java-program/practice-mcq-question-on-strings/?page=4,
Java,strings,"String str1 = ""Kolkata"".replace('k', 'a'); 
In the above statement, the effect on string Kolkata is",The first occurrence of k is replaced by a.,All characters k are replaced by a.,All characters a are replaced by k.,Displays error message,B,"replace() method returns a new string resulting from replacing all occurrences of oldChar in this string with newChar. 
Syntax: Here is the syntax of this method: 
public String replace(char oldChar, char newChar) 
Parameters: Here is the detail of the parameters: 
oldChar -- the old character. newChar -- the new character. 
Return Value: It returns a string derived from this string by replacing every occurrence of oldChar with newChar.",medium,web:Examveda.com https://www.examveda.com/java-program/practice-mcq-question-on-strings/?page=5,
Java,strings,The class string belongs to ................. package.,java.awt,java.lang,java.applet,java.string,B,,medium,web:Examveda.com https://www.examveda.com/java-program/practice-mcq-question-on-strings/?page=5,
Java,strings,"What will be the output? 
public class Test{ 
 public static void main (String[] args){ 
 String test = ""a1b2c3""; 
 String[] tokens = test.split(""\\d""); 
 for(String s: tokens) 
 System.out.print(s); 
 } 
}",abc,123,Runtime exception thrown,Compilation error,A,,medium,web:Examveda.com https://www.examveda.com/java-program/practice-mcq-question-on-strings/?page=5,
Java,strings,"How many objects will be created? 
String a = new String(""Examveda"");
String b = new String(""Examveda"");
String c = ""Examveda"";
String d = ""Examveda"";",4,3,2,None of this,B,"Object will be created each time whenever we use new keyword. So, 2 object will be created simply for the first two line and matter is with remaining two bottom line. String c=""examveda"" creates an object and store it in String pool, next time when we are writing String d=""examveda"" it will first check in String pool whether object already exists or not. Since, it is existing, no new object will be created. Hence reference ""d"" points to existing object ""examveda"". So ultimately 3 object will be created at the end.",medium,web:Examveda.com https://www.examveda.com/java-program/practice-mcq-question-on-strings/?page=5,
Java,strings,How many Constructor String class have?,2,7,13,11,C,"The String class has over 60 methods and 13 constructors.
Source : oracle.com",medium,web:Examveda.com https://www.examveda.com/java-program/practice-mcq-question-on-strings/?page=5,
Java,strings,"What will be output? 
String S1 = ""S1 =""+ ""123""+""456"";
String S2 = ""S2 =""+(123+456);","S1=123456, S2=579","S1=123456,S2=123456","S1=579,S2=579",None of This,A,"If a number is quoted in """" then it becomes a string, not a number any more.",medium,web:Examveda.com https://www.examveda.com/java-program/practice-mcq-question-on-strings/?page=5,
Java,strings,"What will be the output of the following program code? 
public class Test{
 public static void main(String args[]){
 String s = ""what"";
 StringBuffer sb = new StringBuffer(""what"");
 System.out.print(sb.equals(s)+"",""+s.equals(sb));
 }
}","true,true","false,true","true,false","false,false",D,,medium,web:Examveda.com https://www.examveda.com/java-program/practice-mcq-question-on-strings/?page=5,
Java,strings,"What will be the output? 
public class Test{
 public static void main(String args[]){
 Object myObj = new String[]{""one"", ""two"", ""three""};
 {
 for(String s : (String[])myObj) 
 System.out.print(s + ""."");
 }
 }
}",one.two.three.,Compilation fails because of an error at line 3,Compilation fails because of an error at line 5,An exception is thrown at runtime.,A,,medium,web:Examveda.com https://www.examveda.com/java-program/practice-mcq-question-on-strings/?page=5,
Java,strings,Which of these methods is used to compare a specific region inside a string with another specific region in another string?,regionMatch(),match(),regionMatches(),None of These,C,,medium,web:Examveda.com https://www.examveda.com/java-program/practice-mcq-question-on-strings/?page=5,
Java,strings,"What will be the output of the following Java code? 
class output 
{
 public static void main(String args[])
 { 
 StringBuffer s1 = new StringBuffer(""Hello"");
 s1.insert(1,""Java"");
 System.out.println(s1);
 }
}",hello,java,Hello Java,HJavaello,D,,medium,web:Examveda.com https://www.examveda.com/java-program/practice-mcq-question-on-strings/?page=6,
Java,strings,"What will be the output of the following Java code? 
class output 
{
 public static void main(String args[])
 { 
 String c = ""Hello i love java"";
 boolean var;
 var = c.startsWith(""hello"");
 System.out.println(var);
 }
}",true,false,0,1,B,,medium,web:Examveda.com https://www.examveda.com/java-program/practice-mcq-question-on-strings/?page=6,
Java,strings,Which of these data type value is returned by equals() method of String class?,char,int,boolean,all of the mentioned,C,,medium,web:Examveda.com https://www.examveda.com/java-program/practice-mcq-question-on-strings/?page=6,
Java,strings,Which of the following are incorrect form of StringBuffer class constructor?,StringBuffer(),StringBuffer(int size),StringBuffer(String str),"StringBuffer(int size , String str)",D,,medium,web:Examveda.com https://www.examveda.com/java-program/practice-mcq-question-on-strings/?page=6,
Java,strings,"What will be the output of the following Java program? 
class output 
{
 public static void main(String args[])
 { 
 String c = "" Hello World "";
 String s = c.trim();
 System.out.println(""\""""+s+""\"""");
 }
}","""""Hello World""""","""""Hello World""","""Hello World""",Hello world,C,,medium,web:Examveda.com https://www.examveda.com/java-program/practice-mcq-question-on-strings/?page=6,
Java,strings,Which of the following statement is correct?,replace() method replaces all occurrences of one character in invoking string with another character,replace() method replaces only first occurrences of a character in invoking string with another character,replace() method replaces all the characters in invoking string with another character,replace() replace() method replaces last occurrence of a character in invoking string with another character,A,,medium,web:Examveda.com https://www.examveda.com/java-program/practice-mcq-question-on-strings/?page=6,
Java,strings,"What will be the output of the following Java program? 
class output 
{
 public static void main(String args[])
 {
 String a = ""hello i love java"";
 System.out.println(a.indexOf('e')+"" ""+a.indexOf('a')+"" ""+a.lastIndexOf('l')+"" ""+a.lastIndexOf('v'));
 }
}",6 4 6 9,5 4 5 9,7 8 8 9,1 14 8 15,D,,medium,web:Examveda.com https://www.examveda.com/java-program/practice-mcq-question-on-strings/?page=6,
Java,strings,Which of these class is used to create an object whose character sequence is mutable?,String(),StringBuffer(),String() & StringBuffer(),None of the mentioned,B,,medium,web:Examveda.com https://www.examveda.com/java-program/practice-mcq-question-on-strings/?page=6,
Java,strings,Which of these methods can be used to convert all characters in a String into a character array?,charAt(),both getChars() & charAt(),both toCharArray() & getChars(),all of the mentioned,C,,medium,web:Examveda.com https://www.examveda.com/java-program/practice-mcq-question-on-strings/?page=6,
Java,strings,"What will be the output of the following Java code? 
class output 
{
 public static void main(String args[])
 { 
 String s1 = ""Hello i love java"";
 String s2 = new String(s1);
 System.out.println((s1 == s2) + "" "" + s1.equals(s2));
 }
}",true true,false false,true false,false true,D,,medium,web:Examveda.com https://www.examveda.com/java-program/practice-mcq-question-on-strings/?page=6,
Java,strings,"What will be the output of the following Java program? 
class output 
{
 public static void main(String args[])
 { 
 String s1 = ""Hello"";
 String s2 = s1.replace('l','w');
 System.out.println(s2);
 }
}",hello,helwo,hewlo,hewwo,D,,medium,web:Examveda.com https://www.examveda.com/java-program/practice-mcq-question-on-strings/?page=7,
Java,strings,"What will be the output of the following Java code? 
class output 
{ 
 public static void main(String args[]) 
 { 
 StringBuffer sb=new StringBuffer(""Hello""); 
 sb.replace(1,3,""Java""); 
 System.out.println(sb);
 } 
}",Hello java,Hellojava,HJavalo,Hjava,C,,medium,web:Examveda.com https://www.examveda.com/java-program/practice-mcq-question-on-strings/?page=7,
Java,strings,"In the following Java code, which code fragment should be inserted at line 3 so that the output will be: ""123abc 123abc""? 
1. StringBuilder sb1 = new StringBuilder(""123"");
2. String s1 = ""123"";
3. // insert code here
4. System.out.println(sb1 + "" "" + s1);","sb1.append(""abc""); s1.append(""abc"");","sb1.append(""abc""); s1.concat(""abc"");","sb1.concat(""abc""); s1.append(""abc"");","sb1.append(""abc""); s1 = s1.concat(""abc"");",D,,medium,web:Examveda.com https://www.examveda.com/java-program/practice-mcq-question-on-strings/?page=7,
Java,strings,Which of these methods of class String is used to check whether a given object starts with a particular string literal?,startsWith(),endsWith(),Starts(),ends(),A,,medium,web:Examveda.com https://www.examveda.com/java-program/practice-mcq-question-on-strings/?page=7,
Java,strings,"What will be the output of the following Java code? 
class output 
{
 public static void main(String args[])
 { 
 String c = ""Hello i love java"";
 int start = 2;
 int end = 9;
 char s[]=new char[end-start];
 c.getChars(start,end,s,0);
 System.out.println(s);
 }
}","Hello, i love java",i love ja,lo i lo,llo i l,D,,medium,web:Examveda.com https://www.examveda.com/java-program/practice-mcq-question-on-strings/?page=7,
Java,strings,Which of these class is superclass of String and StringBuffer class?,java.util,java.lang,ArrayList,None of the mentioned,B,,medium,web:Examveda.com https://www.examveda.com/java-program/practice-mcq-question-on-strings/?page=7,
Java,strings,Which of these constructors is used to create an empty String object?,String(),String(void),String(0),None of the mentioned,A,,medium,web:Examveda.com https://www.examveda.com/java-program/practice-mcq-question-on-strings/?page=7,
Java,strings,"What will s2 contain after following lines of Java code? 
 StringBuffer s1 = ""one"";
StringBuffer s2 = s1.append(""two"")",one,two,onetwo,twoone,C,,medium,web:Examveda.com https://www.examveda.com/java-program/practice-mcq-question-on-strings/?page=8,
Java,strings,Which of this method of class StringBuffer is used to concatenate the string representation to the end of invoking string?,concat(),append(),join(),concatenate(),B,,medium,web:Examveda.com https://www.examveda.com/java-program/practice-mcq-question-on-strings/?page=8,
Java,strings,What is the value returned by function compareTo() if the invoking string is less than the string compared?,zero,value less than zero,value greater than zero,none of the mentioned,B,,medium,web:Examveda.com https://www.examveda.com/java-program/practice-mcq-question-on-strings/?page=8,
Java,strings,What is the value returned by function compareTo() if the invoking string is greater than the string compared?,zero,value less than zero,value greater than zero,none of the mentioned,C,,medium,web:Examveda.com https://www.examveda.com/java-program/practice-mcq-question-on-strings/?page=8,
Java,strings,"What will be the output of the following Java program? 
class String_demo 
{
 public static void main(String args[])
 {
 char chars[] = {'a', 'b', 'c'};
 String s = new String(chars);
 System.out.println(s);
 }
}",a,b,c,abc,D,,medium,web:Examveda.com https://www.examveda.com/java-program/practice-mcq-question-on-strings/?page=8,
Java,strings,"What will be the output of the following Java program? 
class output 
{
 public static void main(String args[])
 { 
 String s1 = ""one"";
 String s2 = s1 + "" two"";
 System.out.println(s2);
 }
}",one,two,one two,compilation error,C,,medium,web:Examveda.com https://www.examveda.com/java-program/practice-mcq-question-on-strings/?page=8,
Java,strings,"What will be the output of the following Java program? 
class output 
{
 public static void main(String args[])
 {
 String s1 = ""Hello World"";
 String s2 = s1.substring(0 , 4);
 System.out.println(s2);
 }
}",Hell,Hello,Worl,World,A,,medium,web:Examveda.com https://www.examveda.com/java-program/practice-mcq-question-on-strings/?page=9,
Java,strings,"What will be the output of the following Java code? 
class output 
{
 public static void main(String args[])
 {
 char ch;
 ch = ""hello"".charAt(1);
 System.out.println(ch);
 }
}",h,e,l,o,B,,medium,web:Examveda.com https://www.examveda.com/java-program/practice-mcq-question-on-strings/?page=9,
Java,strings,"What will be the output of the following Java program? 
class String_demo 
{
 public static void main(String args[])
 {
 int ascii[] = { 65, 66, 67, 68};
 String s = new String(ascii, 1, 3);
 System.out.println(s);
 }
}",ABC,BCD,CDA,ABCD,B,,medium,web:Examveda.com https://www.examveda.com/java-program/practice-mcq-question-on-strings/?page=9,
Java,strings,"What will be the output of the following Java program? 
class output 
{
 public static void main(String args[])
 { String s = ""Hello World"";
 int i = s.indexOf('o');
 int j = s.lastIndexOf('l');
 System.out.print(i + "" "" + j);

 }
}",4 8,5 9,4 9,5 8,C,,medium,web:Examveda.com https://www.examveda.com/java-program/practice-mcq-question-on-strings/?page=9,
Java,strings,"What is the string contained in s after following lines of Java code? 
StringBuffer s new StringBuffer(""Hello"");
s.deleteCharAt(0);",Hell,ello,Hel,llo,B,,medium,web:Examveda.com https://www.examveda.com/java-program/practice-mcq-question-on-strings/?page=9,
Java,strings,"What will be the output of the following Java program? 
class output 
{
 class output 
 {
 public static void main(String args[])
 {
 char c[]={'A', '1', 'b' ,' ' ,'a' , '0'};
 for (int i = 0; i","a is a lower case Letter 
 is White space character","b is a lower case Letter 
 is White space character","1 is a digit 
a is a lower case Letter","a is a lower case Letter 
0 is a digit",C,,medium,web:Examveda.com https://www.examveda.com/java-program/practice-mcq-question-on-strings/?page=9,
Java,strings,Which of this method of class String is used to obtain a length of String object?,get(),Sizeof(),lengthof(),length(),D,,medium,web:Examveda.com https://www.examveda.com/java-program/practice-mcq-question-on-strings/?page=9,
Java,strings,"What will be the output of the following Java code? 
class output 
{
 public static void main(String args[])
 {
 char c[]={'a', '1', 'b' ,' ' ,'A' , '0'};
 for (int i = 0; i","a is a lower case Letter 
 is White space character","b is a lower case Letter 
 is White space character","a is a lower case Letter 
A is an upper case Letter","a is a lower case Letter 
0 is a digit",C,,medium,web:Examveda.com https://www.examveda.com/java-program/practice-mcq-question-on-strings/?page=9,
Java,strings,"What will be the output of the following Java program? 
class output 
{
 public static void main(String args[])
 { 
 StringBuffer c = new StringBuffer(""Hello"");
 c.delete(0,2);
 System.out.println(c);
 }
}",He,Hel,lo,llo,D,,medium,web:Examveda.com https://www.examveda.com/java-program/practice-mcq-question-on-strings/?page=9,
Java,strings,"What will be the output of the following Java code? 
class output 
{
 public static void main(String args[])
 {
 String chars[] = {""a"", ""b"", ""c"", ""a"", ""c""};
 for (int i = 0; i",ab,bc,ca,ac,D,,medium,web:Examveda.com https://www.examveda.com/java-program/practice-mcq-question-on-strings/?page=10,
Java,strings,"In the following Java code, what can directly access and change the value of the variable name? 
package test;
class Target 
{
 public String name = ""hello"";
}",any class,only the Target class,any class in the test package,any class that extends Target,C,,medium,web:Examveda.com https://www.examveda.com/java-program/practice-mcq-question-on-strings/?page=10,
Java,strings,"What will be the output of the following Java code? 
class output 
{
 public static void main(String args[])
 {
 StringBuffer s1 = new StringBuffer(""Hello World"");
 s1.insert(6 , ""Good "");
 System.out.println(s1);
 }
}",HelloGoodWorld,HellGoodoWorld,HellGood oWorld,Hello Good World,D,,medium,web:Examveda.com https://www.examveda.com/java-program/practice-mcq-question-on-strings/?page=10,
Java,strings,"What will be the output of the following Java program? 
class output 
{
 public static void main(String args[])
 { 
 StringBuffer c = new StringBuffer(""Hello"");
 StringBuffer c1 = new StringBuffer("" World"");
 c.append(c1);
 System.out.println(c);
 }
}",Hello,World,Helloworld,Hello World,D,,medium,web:Examveda.com https://www.examveda.com/java-program/practice-mcq-question-on-strings/?page=10,
Java,strings,"What will be the output of the following Java program? 
class String_demo 
{
 public static void main(String args[])
 {
 char chars[] = {'a', 'b', 'c'};
 String s = new String(chars);
 String s1 = ""abcd"";
 int len1 = s1.length();
 int len2 = s.length();
 System.out.println(len1 + "" "" + len2);
 }
}",3 0,0 3,3 4,4 3,D,,medium,web:Examveda.com https://www.examveda.com/java-program/practice-mcq-question-on-strings/?page=10,
Java,strings,Which of these methods is an alternative to getChars() that stores the characters in an array of bytes?,getBytes(),GetByte(),giveByte(),Give Bytes(),A,,medium,web:Examveda.com https://www.examveda.com/java-program/practice-mcq-question-on-strings/?page=10,
Java,strings,"What will be the output of the following Java code? 
public class Boxer1 
{
 Integer i;
 int x;
 public Boxer1(int y) 
 {
 x = i+y;
 System.out.println(x);
 }
 public static void main(String[] args) 
 {
 new Boxer1 (new Integer(4));
 }
}","The value ""4"" is printed at the command line",Compilation fails because of an error in line,A NullPointerException occurs at runtime,An IllegalStateException occurs at runtime,D,,medium,web:Examveda.com https://www.examveda.com/java-program/practice-mcq-question-on-strings/?page=10,
Java,operators,What is the result of the expression 5 + 3 * 2 in Java?,11,16,26,23,A,,medium,web:Examveda.com https://www.examveda.com/java-program/practice-mcq-question-on-operators/,
Java,operators,Which operator is used for division in Java?,/,%,*,-,A,,medium,web:Examveda.com https://www.examveda.com/java-program/practice-mcq-question-on-operators/,
Java,operators,What is the value of the expression 7 % 3 in Java?,1,2,3,0,A,,medium,web:Examveda.com https://www.examveda.com/java-program/practice-mcq-question-on-operators/,
Java,operators,Which of the following is a unary operator in Java?,+,-,*,/,B,,medium,web:Examveda.com https://www.examveda.com/java-program/practice-mcq-question-on-operators/,
Java,operators,What is the result of the expression 10 / 3 in Java?,3.3333,3,3.1,4,B,"In Java, both 10 and 3 are integer values. 
When an arithmetic operation is performed between two integers, Java uses integer division. 
Integer division discards the fractional (decimal) part of the result instead of rounding it. 
So, the expression 10 / 3 evaluates to 3, not 3.3333 or 3.1.",medium,web:Examveda.com https://www.examveda.com/java-program/practice-mcq-question-on-operators/,
Java,operators,What is the value of the expression 5 + 2 == 7 && 4 > 3 in Java?,TRUE,FALSE,1,0,A,,medium,web:Examveda.com https://www.examveda.com/java-program/practice-mcq-question-on-operators/,
Java,operators,Which operator is used for logical NOT in Java?,!,&&,||,~,A,,medium,web:Examveda.com https://www.examveda.com/java-program/practice-mcq-question-on-operators/,
Java,operators,What is the result of the expression 5 | 3 in Java?,7,8,1,3,A,"Question: What is the result of the expression 5 | 3 in Java? 
 
This question is about the bitwise OR operator (|) in Java. The bitwise OR operator compares the corresponding bits of two numbers. If either bit is 1, the resulting bit is 1; otherwise, it's 0. 
 
Let's break it down: 
 
First, we need to convert the decimal numbers 5 and 3 into their binary representations: 
 
5 in decimal is 101 in binary 
3 in decimal is 011 in binary 
 
Now, let's perform the bitwise OR operation: 
 
101 (5) 
| 011 (3) 
------- 
111 
 
The result in binary is 111. Converting 111 from binary back to decimal gives us 7. 
 
Therefore, the expression 5 | 3 evaluates to 7. 
 
Correct Answer: A",medium,web:Examveda.com https://www.examveda.com/java-program/practice-mcq-question-on-operators/,
Java,operators,What is the value of the expression 6 > 4 ? 10 : 20 in Java?,6,4,10,20,C,"The expression is 6 > 4 ? 10 : 20 
 
Let's break it down: 
 
6 > 4 is a comparison. It checks if 6 is greater than 4. This is true. 
 
The ? and : are the ternary operator symbols. 
 
If the comparison (6 > 4) is true, the expression evaluates to the value before the colon (:), which is 10. 
 
If the comparison were false, it would evaluate to the value after the colon, which is 20. 
 
Since 6 > 4 is true, the whole expression simplifies to 10. 
 
Therefore, the correct answer is C: 10
 

 
 
 
 



 
 
 
 
 
 
 
 
 
 
 
 
 1
2
3
4
5
6
7
8
9
10

 
 
 
 
 
 
 
 
 Read More Section(Operators)
 Each Section contains maximum 100 MCQs question on Operators. To get more questions visit other sections.
 
 Operators - Section 2
 
 


 
 
 
 

 
 

 -->
 
 
 


 

-->
 
 
 Copyright © 2026 Examveda.com
 
 
 
 
 
 
 
 
 
 About Us |
 Terms & Condition |
 Privacy Policy |
 Contact Us",medium,web:Examveda.com https://www.examveda.com/java-program/practice-mcq-question-on-operators/,
Java,operators,Which operator is used to perform bitwise XOR in Java?,&,|,^,~,C,,medium,web:Examveda.com https://www.examveda.com/java-program/practice-mcq-question-on-operators/?page=2,
Java,operators,What is the result of the expression 3 << 2 in Java?,6,9,8,12,C,"Understanding the 
In Java, the 'How it works: 
The left-shift operator moves the bits of the left operand to the left by the number of positions specified by the right operand. 
Each shift to the left is equivalent to multiplying by 2. 
 
Example: 3 
Let's break down 3 Therefore: 
The result of the expression 3 12.",medium,web:Examveda.com https://www.examveda.com/java-program/practice-mcq-question-on-operators/?page=2,
Java,operators,What is the value of the expression true || false in Java?,TRUE,FALSE,1,0,A,,medium,web:Examveda.com https://www.examveda.com/java-program/practice-mcq-question-on-operators/?page=2,
Java,operators,What is the result of the expression 10 > 5 ? 2 : 1 in Java?,10,5,2,1,C,,medium,web:Examveda.com https://www.examveda.com/java-program/practice-mcq-question-on-operators/?page=2,
Java,operators,Which operator is used for string concatenation in Java?,&,&&,||,+,D,,medium,web:Examveda.com https://www.examveda.com/java-program/practice-mcq-question-on-operators/?page=2,
Java,operators,What is the result of the expression 4 * 2 + 3 in Java?,14,20,11,10,C,"Let's break down this Java expression step-by-step: 
 
The expression is: 4 * 2 + 3 
 
Java follows the order of operations (PEMDAS/BODMAS): 
 1. Parentheses / Brackets 
 2. Exponents / Orders 
 3. Multiplication and Division (from left to right) 
 4. Addition and Subtraction (from left to right) 
 
In our expression, we have multiplication and addition. Multiplication comes first: 
 4 * 2 = 8 
 
Now we have: 8 + 3 
 
Next, we do the addition: 
 8 + 3 = 11 
 
Therefore, the result of the expression 4 * 2 + 3 in Java is 11. 
 
So, the correct answer is: Option C: 11",medium,web:Examveda.com https://www.examveda.com/java-program/practice-mcq-question-on-operators/?page=2,
Java,operators,Which operator is used for exponentiation in Java?,^,**,^^,^*,A,,medium,web:Examveda.com https://www.examveda.com/java-program/practice-mcq-question-on-operators/?page=2,
Java,operators,What is the value of the expression 9 % 4 in Java?,1,2,3,0,A,,medium,web:Examveda.com https://www.examveda.com/java-program/practice-mcq-question-on-operators/?page=2,
Java,operators,Which of the following is a bitwise operator in Java?,&,&&,||,!,A,,medium,web:Examveda.com https://www.examveda.com/java-program/practice-mcq-question-on-operators/?page=2,
Java,operators,What is the result of the expression 8 / 4 in Java?,8,2,4,32,B,,medium,web:Examveda.com https://www.examveda.com/java-program/practice-mcq-question-on-operators/?page=2,
Java,operators,What is the value of the expression false || true in Java?,TRUE,FALSE,1,0,A,,medium,web:Examveda.com https://www.examveda.com/java-program/practice-mcq-question-on-operators/?page=3,
Java,operators,What is the value of the expression 8 < 6 ? 4 : 2 in Java?,8,6,4,2,D,,medium,web:Examveda.com https://www.examveda.com/java-program/practice-mcq-question-on-operators/?page=3,
Java,operators,Which operator is used for bitwise NOT in Java?,&,|,^,~,D,,medium,web:Examveda.com https://www.examveda.com/java-program/practice-mcq-question-on-operators/?page=3,
Java,operators,What is the result of the expression 5 ^ 3 in Java?,8,15,2,6,D,"Understanding the ^ Operator in Java 
In Java, the '^' symbol is not used for exponentiation (like 5 to the power of 3). Instead, it represents the bitwise XOR (exclusive OR) operator. 
How Bitwise XOR Works 
The bitwise XOR operator compares the corresponding bits of two numbers. If the bits are different, the result is 1; otherwise, it's 0. 
Let's break down 5 ^ 3: 
1. Convert 5 and 3 to their binary representations: 
 - 5 in binary is 101 
 - 3 in binary is 011 
2. Perform the XOR operation bit by bit: 
 - 1 XOR 0 = 1 
 - 0 XOR 1 = 1 
 - 1 XOR 1 = 0 
3. The resulting binary number is 110. 
4. Convert the binary 110 back to decimal: 110 = 6 
Therefore, the result of 5 ^ 3 in Java is 6. 
Correct Option: D",medium,web:Examveda.com https://www.examveda.com/java-program/practice-mcq-question-on-operators/?page=3,
Java,operators,What is the value of the expression true && true in Java?,TRUE,FALSE,1,0,A,,medium,web:Examveda.com https://www.examveda.com/java-program/practice-mcq-question-on-operators/?page=3,
Java,operators,What is the result of the expression 7 / 0 in Java?,It causes a runtime exception.,NaN (Not-a-Number),7,0,A,,medium,web:Examveda.com https://www.examveda.com/java-program/practice-mcq-question-on-operators/?page=3,
Java,operators,Which operator is used to perform logical AND in Java?,&,|,^,&&,D,,medium,web:Examveda.com https://www.examveda.com/java-program/practice-mcq-question-on-operators/?page=3,
Java,operators,What is the result of the expression 1 << 3 in Java?,8,4,2,3,A,"The << operator in Java is known as the left shift operator. 
It shifts the bits of the number on the left side of the operator to the left by the number of positions specified on the right side. 
Each left shift by one position doubles the value of the number. 

In this case, 1 << 3 shifts the bits of the number 1 to the left by 3 positions. 
The binary representation of 1 is 0001. 
After shifting left by 3 positions, it becomes 1000, which is 8 in decimal. 
Therefore, the result of 1 << 3 is 8.",medium,web:Examveda.com https://www.examveda.com/java-program/practice-mcq-question-on-operators/?page=3,
Java,operators,What is the value of the expression false && false in Java?,TRUE,FALSE,1,0,B,,medium,web:Examveda.com https://www.examveda.com/java-program/practice-mcq-question-on-operators/?page=3,
Java,operators,What is the result of the expression (6 + 3) * 2 in Java?,12,15,18,9,C,"In Java, the expression (6 + 3) * 2 follows the order of operations (parentheses, multiplication/division, and addition/subtraction). First, the addition inside the parentheses is performed, resulting in 9. Then, the multiplication is carried out, yielding a final result of 18. 
Therefore, the correct answer is Option C: 18.
 

 
 
 
 



 
 
 
 
 
 
 
 
 
 
 
 
 
1
2
3
4
5
6
7
8
9
10

 
 
 
 
 
 
 
 
 Read More Section(Operators)
 Each Section contains maximum 100 MCQs question on Operators. To get more questions visit other sections.
 
 Operators - Section 2
 
 


 
 
 
 

 
 

 -->
 
 
 


 

-->
 
 
 Copyright © 2026 Examveda.com
 
 
 
 
 
 
 
 
 
 About Us |
 Terms & Condition |
 Privacy Policy |
 Contact Us",medium,web:Examveda.com https://www.examveda.com/java-program/practice-mcq-question-on-operators/?page=3,
Java,operators,"int x = 0, y = 0 , z = 0 ;
x = (++x + y-- ) * z++; 
What will be the value of ""x"" after execution ?",-2,-1,0,1,C,,medium,web:Examveda.com https://www.examveda.com/java-program/practice-mcq-question-on-operators/?page=4,
Java,operators,"int ++a = 100 ; 
System.out.println( ++a ) ; 
What will be the output of the above fraction of code ?",100,Displays error as ++a is not enclosed in double quotes in println statement,Compiler displays error as ++a is not a valid identifier,None of these,C,,medium,web:Examveda.com https://www.examveda.com/java-program/practice-mcq-question-on-operators/?page=4,
Java,operators,"What is the output of the following program? 
class Numbers{
 public static void main(String args[]){
 int a=20, b=10;
 if((a",12,11,10,Compilation Error,C,,medium,web:Examveda.com https://www.examveda.com/java-program/practice-mcq-question-on-operators/?page=4,
Java,operators,Select from among the following character escape code which is not available in Java.,\t,\r,\a,\\,C,,medium,web:Examveda.com https://www.examveda.com/java-program/practice-mcq-question-on-operators/?page=4,
Java,operators,"What will be the output? 
if(1 + 1 + 1 + 1 + 1 == 5){
 System.out.print(""TRUE"");
}
else{
 System.out.print(""FLASE"");
}",TRUE,FALSE,Compiler Error,None of these,A,,medium,web:Examveda.com https://www.examveda.com/java-program/practice-mcq-question-on-operators/?page=4,
Java,operators,Which of the following is the correct expression that evaluates to true if the number x is between 1 and 100 or the number is negative?,1 < x < 100 || x < 0,((x 1)) || (x < 0),((x 1)) && (x < 0),(1 > x > 100) || (x < 0),B,"Let's break down this Java problem about operators! We want to find the expression that's true if 'x' is between 1 and 100 OR if 'x' is negative. 
 
Option A: 1 
This looks like it's checking if 'x' is between 1 and 100, or if 'x' is negative. 
However, in Java, you cannot chain comparison operators like this (1 Option B: ((x 1)) || (x 
Let's look at the first part: (x 1). This means 'x' must be less than 100 AND greater than 1. That's how we say ""between 1 and 100 (not including 1 and 100)"". 
The '||' means ""OR"". So, it also checks if (x This is the correct way to express the condition in Java. 
 
Option C: ((x 1)) && (x 
This option uses '&&' twice. '&&' means ""AND"". This means that 'x' must be between 1 and 100 AND also negative. A number cannot be both positive and negative, so this option will always be false. Therefore, this is not the correct option 
 
Option D: (1 > x > 100) || (",medium,web:Examveda.com https://www.examveda.com/java-program/practice-mcq-question-on-operators/?page=4,
Java,operators,"What will be the output? 
public class Test{

 public static void main(String args[]){

 System.out.print(""""=="""");

 System.out.print("" "");

 System.out.print(""A""==""A"");

 System.out.print("" "");

 System.out.print(""a==A"");

 }

}","""=="" A""==""A a==A",true true false,true true a==A,Compilation Fails,C,,medium,web:Examveda.com https://www.examveda.com/java-program/practice-mcq-question-on-operators/?page=4,
Java,operators,"What will be the output? 
public class Test{
 public static void main(String args[]){
 int a = 42;
 double b = 42.25;
 System.out.print((a%10)+"" ""+(b%10));
 }
}",42 42.5,2 2.5,4.2 4.225,2 4.225,B,"The modulus operator, % returns the remainder of a division operation. It can be applied on floating-point types as well as integer types. (This differs from C/C++, in which the % can only be applied on integer types.)",medium,web:Examveda.com https://www.examveda.com/java-program/practice-mcq-question-on-operators/?page=4,
Java,operators,"What will be the output after compiling and running following code? 
public class Test{
 public static void main(String... args){
 int x =5;
 x *= 3 + 7;
 System.out.println(x);
 }
}",22,50,10,Compilation fails with an error at line 4,B,x *= 3 + 7; is same as x = x * (3 +7) = 5 * (10) = 50 because expression on the right side is always placed inside parentheses.,medium,web:Examveda.com https://www.examveda.com/java-program/practice-mcq-question-on-operators/?page=4,
Java,operators,"Determine output: 
public class Test{
 public static void main(String... args){
 int a=5 , b=6, c=7;
 System.out.println(""Value is ""+ b + c);
 System.out.println(a + b + c);
 System.out.println(""String "" + (b+c));
 }
}",Value is 67 18 String 13,Value is 13 18 String 13,Value is 13 18 String,Compilation fails,A,"Let's break down this Java code step-by-step to understand the output: 
First, understand Operator Precedence : In Java, the ""+"" operator can mean addition (for numbers) or concatenation (joining strings). The order it's processed matters. 

Line 1: `System.out.println(""Value is ""+ b + c);` 
The Java compiler reads this expression from left to right. 
It first sees `""Value is "" + b`. Because `""Value is ""` is a String, the `+` operator acts as String concatenation. 
So, `b` (which is 6) is converted to a String and appended to `""Value is ""`, resulting in `""Value is 6""`. 
Next, it sees `""Value is 6"" + c`. Again, because `""Value is 6""` is a String, `c` (which is 7) is converted to a String and appended. 
The final result of this line is `""Value is 67""`, which is then printed to the console. 

Line 2: `System.out.println(a + b + c);` 
Here, `a`, `b`, and `c` are all integers (numbers). 
Ther",medium,web:Examveda.com https://www.examveda.com/java-program/practice-mcq-question-on-operators/?page=4,
Java,operators,"What will be the output for the below code? 
class A{
 public void printValue(){
 System.out.println(""A"");
 }
}
class B extends A{
 public void printValue(){
 System.out.println(""B"");
 }
}

public class Test{
 public static void main(String... args){
 A b = new B();
 newValue(b);
 }
 public static void newValue(A a){
 if(a instanceof B){
 ((B)a).printValue();
 }
 }
}",A,B,Compilation fails with an error at line 4,Compilation fails with an error at line 8,B,Instanceof operator is used for object reference variables to check whether an object is of a particular type. In newValue(b); b is instance of B so it works properly.,medium,web:Examveda.com https://www.examveda.com/java-program/practice-mcq-question-on-operators/?page=5,
Java,operators,"Determine output: 
public class Test{
 static int i = 5;
 public static void main(String... args){
 System.out.println(i++);
 System.out.println(i);
 System.out.println(++i);
 System.out.println(++i+i++);
 }
}",6 6 6 16,6 7 6 16,5 6 7 16,5 6 6 16,C,i++ : print value then increment (postfix - increment happens after the value of the variable is used) ++i : increment the print (prefix - increment happens before the value of the variable is used).,medium,web:Examveda.com https://www.examveda.com/java-program/practice-mcq-question-on-operators/?page=5,
Java,operators,"What will be the output of the following Java code? 
class operators 
{
 public static void main(String args[])
 {
 int var1 = 5; 
 int var2 = 6;
 int var3;
 var3 = ++ var2 * var1 / var2 + var2;
 System.out.print(var3);
 } 
}",10,11,12,56,C,,medium,web:Examveda.com https://www.examveda.com/java-program/practice-mcq-question-on-operators/?page=5,
Java,operators,Which of these are selection statements in Java?,if(),for(),continue,break,A,,medium,web:Examveda.com https://www.examveda.com/java-program/practice-mcq-question-on-operators/?page=5,
Java,operators,"On applying Left shift operator, <<, on integer bits are lost one they are shifted past which position bit?",1,32,33,31,D,,medium,web:Examveda.com https://www.examveda.com/java-program/practice-mcq-question-on-operators/?page=5,
Java,operators,"With x = 0, which of the following are legal lines of Java code for changing the value of x to 1? 
1. x++;
2. x = x + 1;
3. x += 1;
4. x =+ 1;","1, 2 & 3",1 & 4,"1, 2, 3 & 4",3 & 2,C,,medium,web:Examveda.com https://www.examveda.com/java-program/practice-mcq-question-on-operators/?page=5,
Java,operators,Which of the following can be operands of arithmetic operators?,Numeric,Boolean,Characters,Both Numeric & Characters,D,,medium,web:Examveda.com https://www.examveda.com/java-program/practice-mcq-question-on-operators/?page=5,
Java,operators,"What will be the output of the following Java program? 
class jump_statments 
{
 public static void main(String args[]) 
 { 
 int x = 2;
 int y = 0;
 for ( ; y",1 3 5 7,2 4 6 8,1 3 5 7 9,1 2 3 4 5 6 7 8 9,C,,medium,web:Examveda.com https://www.examveda.com/java-program/practice-mcq-question-on-operators/?page=5,
Java,operators,Which operator is used to invert all the digits in a binary representation of a number?,~,<<<,>>>,^,A,,medium,web:Examveda.com https://www.examveda.com/java-program/practice-mcq-question-on-operators/?page=5,
Java,operators,"What will be the output of the following Java program? 
class leftshift_operator 
{
 public static void main(String args[]) 
 { 
 byte x = 64;
 int i;
 byte y; 
 i = x",0 64,64 0,0 256,256 0,D,,medium,web:Examveda.com https://www.examveda.com/java-program/practice-mcq-question-on-operators/?page=5,
Java,operators,Which of these statements are incorrect?,Equal to operator has least precedence,Brackets () have highest precedence,"Division operator, /, has higher precedence than multiplication operator","Addition operator, +, and subtraction operator have equal precedence",C,,medium,web:Examveda.com https://www.examveda.com/java-program/practice-mcq-question-on-operators/?page=6,
Java,operators,"What will be the output of the following Java program? 
class comma_operator 
{
 public static void main(String args[]) 
 { 
 int sum = 0;
 for (int i = 0, j = 0; i",5,6,14,compilation error,B,,medium,web:Examveda.com https://www.examveda.com/java-program/practice-mcq-question-on-operators/?page=6,
Java,operators,Which of these jump statements can skip processing the remainder of the code in its body for a particular iteration?,break,return,exit,continue,D,,medium,web:Examveda.com https://www.examveda.com/java-program/practice-mcq-question-on-operators/?page=6,
Java,operators,Which of these operators can skip evaluating right hand operand?,!,|,&,&&,D,,medium,web:Examveda.com https://www.examveda.com/java-program/practice-mcq-question-on-operators/?page=6,
Java,operators,Which of the following is used with the switch statement?,Continue,Exit,break,do,C,,medium,web:Examveda.com https://www.examveda.com/java-program/practice-mcq-question-on-operators/?page=6,
Java,operators,"What will be the output of the following Java code? 
class Relational_operator 
{
 public static void main(String args[])
 {
 int var1 = 5; 
 int var2 = 6;
 System.out.print(var1 > var2);
 } 
}",1,0,true,false,D,,medium,web:Examveda.com https://www.examveda.com/java-program/practice-mcq-question-on-operators/?page=6,
Java,operators,"What will be the output of the following Java program? 
class increment 
{
 public static void main(String args[])
 {
 double var1 = 1 + 5; 
 double var2 = var1 / 4;
 int var3 = 1 + 5;
 int var4 = var3 / 4;
 System.out.print(var2 + "" "" + var4);

 } 
}",1 1,0 1,1.5 1,1.5 1.0,C,,medium,web:Examveda.com https://www.examveda.com/java-program/practice-mcq-question-on-operators/?page=6,
Java,operators,"What is the order of precedence (highest to lowest) of following operators? 
1. & 
2. ^
3. ?:",1 > 2 > 3,2 > 1 > 3,3 > 2 > 1,2 > 3 > 1,A,,medium,web:Examveda.com https://www.examveda.com/java-program/practice-mcq-question-on-operators/?page=6,
Java,operators,"What will be the output of the following Java program? 
class rightshift_operator 
{
 public static void main(String args[]) 
 { 
 int x; 
 x = 10;
 x = x >> 1;
 System.out.println(x);
 } 
}",10,5,2,20,B,,medium,web:Examveda.com https://www.examveda.com/java-program/practice-mcq-question-on-operators/?page=6,
Java,operators,"Which of these lines of Java code will give better performance? 
1. a | 4 + c >> b & 7; 
2. (a | ((( 4 * c ) >> b ) & 7 ))",1 will give better performance as it has no parentheses,2 will give better performance as it has parentheses,Both 1 & 2 will give equal performance,Dependent on the computer system,C,,medium,web:Examveda.com https://www.examveda.com/java-program/practice-mcq-question-on-operators/?page=7,
Java,operators,"What will be the output of the following Java program? 
class Output 
{
 public static void main(String args[]) 
 { 
 int a = 5;
 int b = 10;
 first: 
 {
 second: 
 {
 third: 
 { 
 if (a == b >> 1)
 break second;
 }
 System.out.println(a);
 }
 System.out.println(b);
 }
 } 
}",5 10,10 5,5,10,D,,medium,web:Examveda.com https://www.examveda.com/java-program/practice-mcq-question-on-operators/?page=7,
Java,operators,"What will be the output of the following Java code? 
class operators 
{
 public static void main(String args[]) 
 { 
 int x = 8;
 System.out.println(++x * 3 + "" "" + x);
 } 
}",24 8,24 9,27 8,27 9,D,,medium,web:Examveda.com https://www.examveda.com/java-program/practice-mcq-question-on-operators/?page=7,
Java,operators,Which right shift operator preserves the sign of the value?,<<,>>,<<=,>>=,B,,medium,web:Examveda.com https://www.examveda.com/java-program/practice-mcq-question-on-operators/?page=7,
Java,operators,What is true about do statement?,do statement executes the code of a loop at least once,do statement does not get execute if condition is not matched in the first iteration,do statement checks the condition at the beginning of the loop,do statement executes the code more than once always,A,,medium,web:Examveda.com https://www.examveda.com/java-program/practice-mcq-question-on-operators/?page=7,
Java,operators,"What will be the output of the following Java program? 
class Output 
{
 public static void main(String args[]) 
 { 
 int a = 1;
 int b = 2;
 int c = 3;
 a |= 4;
 b >>= 1;
 c",3 1 6,2 2 3,2 3 4,3 3 6,A,,medium,web:Examveda.com https://www.examveda.com/java-program/practice-mcq-question-on-operators/?page=7,
Java,operators,Which of these is not a bitwise operator?,&,&=,|=,<=,D,,medium,web:Examveda.com https://www.examveda.com/java-program/practice-mcq-question-on-operators/?page=7,
Java,operators,"What will be the output of the following Java program? 
class increment 
{
 public static void main(String args[]) 
 { 
 int g = 3;
 System.out.print(++g * 8);
 } 
}",25,24,32,33,C,,medium,web:Examveda.com https://www.examveda.com/java-program/practice-mcq-question-on-operators/?page=7,
Java,operators,"What will be the output of the following Java code? 
class Output 
{
 public static void main(String args[]) 
 { 
 int x=y=z=20;
 
 } 
}",compile and runs fine,20,run time error,compile time error,D,,medium,web:Examveda.com https://www.examveda.com/java-program/practice-mcq-question-on-operators/?page=7,
Java,operators,"What will be the output of the following Java program? 
class Output 
{
 public static void main(String args[]) 
 { 
 final int a=10,b=20;
 while(a<b)
 {
 
 System.out.println(""Hello"");
 }
 System.out.println(""World"");
 
 } 
}",Hello,run time error,Hello world,compile time error,D,,medium,web:Examveda.com https://www.examveda.com/java-program/practice-mcq-question-on-operators/?page=7,
Java,operators,Which of this statement is incorrect?,switch statement is more efficient than a set of nested ifs,two case constants in the same switch can have identical values,"switch statement can only test for equality, whereas if statement can evaluate any type of boolean expression",it is possible to create a nested switch statements,B,,medium,web:Examveda.com https://www.examveda.com/java-program/practice-mcq-question-on-operators/?page=8,
Java,operators,"What will be the output of the following Java code? 
class Output 
{
 public static void main(String args[]) 
 { 
 boolean a = true;
 boolean b = false;
 boolean c = a ^ b;
 System.out.println(!c);
 } 
}",0,1,false,true,C,,medium,web:Examveda.com https://www.examveda.com/java-program/practice-mcq-question-on-operators/?page=8,
Java,operators,"What is the value stored in x in the following lines of Java code? 
int x, y, z;
 x = 0;
 y = 1;
 x = y = z = 8;",0,1,9,8,D,,medium,web:Examveda.com https://www.examveda.com/java-program/practice-mcq-question-on-operators/?page=8,
Java,operators,"What will be the output of the following Java program? 
class Output 
{
 public static void main(String args[]) 
 { 
 int a = 1;
 int b = 2;
 int c;
 int d;
 c = ++b;
 d = a++;
 c++;
 b++;
 ++a;
 System.out.println(a + "" "" + b + "" "" + c);
 } 
}",3 2 4,3 2 3,2 3 4,3 4 4,D,,medium,web:Examveda.com https://www.examveda.com/java-program/practice-mcq-question-on-operators/?page=8,
Java,operators,"What will be the output of the following Java code? 
class Output 
{
 public static void main(String args[]) 
 { 
 int x , y = 1;
 x = 10;
 if (x != 10 && x / 0 == 0)
 System.out.println(y);
 else
 System.out.println(++y);
 } 
}",1,2,Runtime error owing to division by zero in if condition,Unpredictable behavior of program,B,,medium,web:Examveda.com https://www.examveda.com/java-program/practice-mcq-question-on-operators/?page=8,
Java,operators,Which of the following loops will execute the body of loop even when condition controlling the loop is initially false?,do-while,while,for,none of the mentioned,A,,medium,web:Examveda.com https://www.examveda.com/java-program/practice-mcq-question-on-operators/?page=8,
Java,operators,"What will be the output of the following Java program? 
class bitwise_operator 
{
 public static void main(String args[]) 
 { 
 int a = 3;
 int b = 6;
 int c = a | b;
 int d = a & b; 
 System.out.println(c + "" "" + d);
 } 
}",7 2,7 7,7 5,5 2,A,,medium,web:Examveda.com https://www.examveda.com/java-program/practice-mcq-question-on-operators/?page=8,
Java,operators,"Which of the following operators can operate on a boolean variable? 
1. &&
2. ==
3. ?:
4. +=",3 & 2,1 & 4,"1, 2 & 4","1, 2 & 3",D,,medium,web:Examveda.com https://www.examveda.com/java-program/practice-mcq-question-on-operators/?page=8,
Java,operators,"What will be the output of the following Java program? 
class Modulus 
{
 public static void main(String args[]) 
 { 
 double a = 25.64;
 int b = 25;
 a = a % 10;
 b = b % 10;
 System.out.println(a + "" "" + b);
 } 
}",5.640000000000001 5,5.640000000000001 5.0,5 5,5 5.640000000000001,A,,medium,web:Examveda.com https://www.examveda.com/java-program/practice-mcq-question-on-operators/?page=9,
Java,operators,"What should be expression1 evaluate to in using ternary operator as in this line? 
expression1 ? expression2 : expression3",Integer,Floating - point numbers,Boolean,None of the mentioned,C,,medium,web:Examveda.com https://www.examveda.com/java-program/practice-mcq-question-on-operators/?page=9,
Java,operators,"Modulus operator, %, can be applied to which of these?",Integers,Floating - point numbers,Both Integers and floating - point numbers,None of the mentioned,C,,medium,web:Examveda.com https://www.examveda.com/java-program/practice-mcq-question-on-operators/?page=9,
Java,operators,"Which of these is returned by ""greater than"", ""less than"" and ""equal to"" operators?",Integers,Floating - point numbers,Boolean,None of the mentioned,C,,medium,web:Examveda.com https://www.examveda.com/java-program/practice-mcq-question-on-operators/?page=9,
Java,operators,Which of the following is not a decision making statement?,if,if-else,switch,do-while,D,,medium,web:Examveda.com https://www.examveda.com/java-program/practice-mcq-question-on-operators/?page=9,
Java,operators,Which of the following is not a valid jump statement?,break,goto,continue,return,B,"Option A: break 
The break statement is a valid jump statement in Java. 
It is used to exit loops or switch statements prematurely, allowing the program to skip to the statement following the loop or switch block. 

Option B: goto 
goto is not a valid jump statement in Java. 
Although ""goto"" is a reserved keyword in Java, it is not implemented as a feature and cannot be used to control the flow of a program. 
Java designers omitted ""goto"" to avoid complex and unstructured code, commonly associated with its usage. 

Option C: continue 
The continue statement is a valid jump statement in Java. 
It is used within loops to skip the current iteration and move directly to the next iteration of the loop. 

Option D: return 
The return statement is a valid jump statement in Java. 
It is used to exit from a method and optionally return a value to the caller of the method. 

Conclusion: 
The corre",medium,web:Examveda.com https://www.examveda.com/java-program/practice-mcq-question-on-operators/?page=9,
Java,operators,"What would be the output of the following code snippet if variable a=10? 
if(a",1 2,2 3,1 3,3,D,,medium,web:Examveda.com https://www.examveda.com/java-program/practice-mcq-question-on-operators/?page=9,
Java,operators,"Decrement operator, - -, decreases the value of variable by what number?",1,2,3,4,A,,medium,web:Examveda.com https://www.examveda.com/java-program/practice-mcq-question-on-operators/?page=9,
Java,operators,"What will be the output of the following Java program? 
class selection_statements 
{
 public static void main(String args[])
 {
 int var1 = 5; 
 int var2 = 6;
 if ((var2 = 1) == var1)
 System.out.print(var2);
 else 
 System.out.print(++var2);
 } 
}",1,2,3,4,B,,medium,web:Examveda.com https://www.examveda.com/java-program/practice-mcq-question-on-operators/?page=9,
Java,operators,"What will be the output of the following Java program? 
class Output 
{
 public static void main(String args[]) 
 { 
 int a,b,c,d;
 a=b=c=d=20;
 a+=b-=c*=d/=20;
 System.out.println(a+"" ""+b+"" ""+c+"" ""+d);
 
 } 
}",compile time error,runtime error,a=20 b=0 c=20 d=1,none of the mentioned,C,,medium,web:Examveda.com https://www.examveda.com/java-program/practice-mcq-question-on-operators/?page=9,
Java,operators,"What will be the output of the following Java code? 
class bool_operator 
{
 public static void main(String args[]) 
 { 
 boolean a = true;
 boolean b = !true;
 boolean c = a | b;
 boolean d = a & b;
 boolean e = d ? b : c;
 System.out.println(d + "" "" + e);
 } 
}",false false,true ture,true false,false true,D,,medium,web:Examveda.com https://www.examveda.com/java-program/practice-mcq-question-on-operators/?page=10,
Java,operators,Which of these selection statements test only for equality?,if,switch,if & switch,none of the mentioned,B,,medium,web:Examveda.com https://www.examveda.com/java-program/practice-mcq-question-on-operators/?page=10,
Java,operators,Which of these statements is correct?,true and false are numeric values 1 and 0,true and false are numeric values 0 and 1,true is any non zero value and false is 0,true and false are non numeric values,D,,medium,web:Examveda.com https://www.examveda.com/java-program/practice-mcq-question-on-operators/?page=10,
Java,operators,What is the output of relational operators?,Integer,Boolean,Characters,Double,B,,medium,web:Examveda.com https://www.examveda.com/java-program/practice-mcq-question-on-operators/?page=10,
Java,operators,"What is the valid data type for variable ""a"" to print ""Hello World""? 
switch(a)
{
 System.out.println(""Hello World"");
}",int and float,byte and short,char and long,byte and char,D,,medium,web:Examveda.com https://www.examveda.com/java-program/practice-mcq-question-on-operators/?page=10,
Java,operators,Which of the following is not a valid flow control statement?,exit(),break,continue,return,A,,medium,web:Examveda.com https://www.examveda.com/java-program/practice-mcq-question-on-operators/?page=10,
Java,operators,"What will be the output of the following Java code? 
class ternary_operator 
{
 public static void main(String args[]) 
 { 
 int x = 3;
 int y = ~ x;
 int z;
 z = x > y ? x : y;
 System.out.print(z);
 } 
}",0,1,3,-4,C,,medium,web:Examveda.com https://www.examveda.com/java-program/practice-mcq-question-on-operators/?page=10,
Java,operators,What is true about a break?,Break stops the execution of entire program,Break halts the execution and forces the control out of the loop,Break forces the control out of the loop and starts the execution of next iteration,Break halts the execution of the loop for certain time frame,B,,medium,web:Examveda.com https://www.examveda.com/java-program/practice-mcq-question-on-operators/?page=10,
Java,operators,Which of these have highest precedence?,(),++,*,>>,A,,medium,web:Examveda.com https://www.examveda.com/java-program/practice-mcq-question-on-operators/?page=10,
Java,constructors and methods,What is a constructor in Java?,A special method to create instances of classes,A method used for mathematical calculations,A method to perform string manipulations,An exception handling mechanism,A,,medium,web:Examveda.com https://www.examveda.com/java-program/practice-mcq-question-on-constructors-and-methods/,
Java,constructors and methods,Which keyword is used to define a method in Java?,method,def,func,public,D,,medium,web:Examveda.com https://www.examveda.com/java-program/practice-mcq-question-on-constructors-and-methods/,
Java,constructors and methods,"In Java, which method is automatically called when an object is created?",start(),main(),init(),constructor(),D,,medium,web:Examveda.com https://www.examveda.com/java-program/practice-mcq-question-on-constructors-and-methods/,
Java,constructors and methods,What is method overloading in Java?,Defining multiple methods with the same name in the same class,Calling methods from another class,Using methods to load data from a file,Running methods in parallel threads,A,,medium,web:Examveda.com https://www.examveda.com/java-program/practice-mcq-question-on-constructors-and-methods/,
Java,constructors and methods,"What does the ""void"" keyword indicate in a method declaration?",The method does not return any value,The method is private,The method returns an integer value,The method is static,A,,medium,web:Examveda.com https://www.examveda.com/java-program/practice-mcq-question-on-constructors-and-methods/,
Java,constructors and methods,Which access modifier is used for a method that can be accessed from any class in the same package?,public,private,protected,package-private (no modifier),D,,medium,web:Examveda.com https://www.examveda.com/java-program/practice-mcq-question-on-constructors-and-methods/,
Java,constructors and methods,What is the return type of a constructor in Java?,void,int,The same as the class name,String,C,"Constructors are special methods in Java used to create objects of a class. 
They have the same name as the class itself. 
Unlike other methods, constructors don't have an explicit return type. 
Their job is to initialize the object's member variables (fields) with values. 
Therefore, they implicitly return a reference to the newly created object. 
The correct answer is option C, because it correctly states the return type is implicitly the same as the class name.",medium,web:Examveda.com https://www.examveda.com/java-program/practice-mcq-question-on-constructors-and-methods/,
Java,constructors and methods,"What is the purpose of the ""this"" keyword in Java constructors and methods?",To refer to the current instance of the class,To call another method,To declare a local variable,To indicate a static method,A,,medium,web:Examveda.com https://www.examveda.com/java-program/practice-mcq-question-on-constructors-and-methods/,
Java,constructors and methods,Which keyword is used to prevent method overriding in Java?,final,abstract,static,override,A,,medium,web:Examveda.com https://www.examveda.com/java-program/practice-mcq-question-on-constructors-and-methods/,
Java,constructors and methods,"What is the correct syntax to call a method named ""myMethod"" from an object ""myObject""?",myObject.myMethod();,myMethod.myObject();,myMethod();,myObject->myMethod();,A,,medium,web:Examveda.com https://www.examveda.com/java-program/practice-mcq-question-on-constructors-and-methods/,
Java,constructors and methods,Which method is called when an object is garbage collected in Java?,finalize(),destroy(),dispose(),clean(),A,,medium,web:Examveda.com https://www.examveda.com/java-program/practice-mcq-question-on-constructors-and-methods/?page=2,
Java,constructors and methods,"In Java, can a constructor have a return type?","No, constructors do not have a return type","Yes, it must have the same return type as the class","Yes, it can have any return type","Yes, but it must be ""void""",A,,medium,web:Examveda.com https://www.examveda.com/java-program/practice-mcq-question-on-constructors-and-methods/?page=2,
Java,constructors and methods,What is method overriding in Java?,Defining a new method with the same name in a subclass,Hiding a method in the superclass,Redefining a method in the superclass,Defining multiple methods in the same class,A,,medium,web:Examveda.com https://www.examveda.com/java-program/practice-mcq-question-on-constructors-and-methods/?page=2,
Java,constructors and methods,"In Java, what is the purpose of the ""super"" keyword in a constructor?",To call the superclass constructor,To create a new object,To access a static method,To indicate a private method,A,,medium,web:Examveda.com https://www.examveda.com/java-program/practice-mcq-question-on-constructors-and-methods/?page=2,
Java,constructors and methods,"What is a ""static"" method in Java?",A method that belongs to the class rather than an instance,A method that cannot be called from other classes,A method that cannot be overridden,A method that returns a static value,A,,medium,web:Examveda.com https://www.examveda.com/java-program/practice-mcq-question-on-constructors-and-methods/?page=2,
Java,constructors and methods,What is a parameterized constructor in Java?,A constructor with no parameters,A constructor with parameters that initialize object properties,A constructor with a return type,A constructor with static methods,B,,medium,web:Examveda.com https://www.examveda.com/java-program/practice-mcq-question-on-constructors-and-methods/?page=2,
Java,constructors and methods,Which keyword is used to call the constructor of the superclass in a subclass constructor?,super,this,extends,constructor,A,,medium,web:Examveda.com https://www.examveda.com/java-program/practice-mcq-question-on-constructors-and-methods/?page=2,
Java,constructors and methods,What is the purpose of method parameters in Java?,To pass values into a method,To define local variables,To specify the return type,To create instance variables,A,,medium,web:Examveda.com https://www.examveda.com/java-program/practice-mcq-question-on-constructors-and-methods/?page=2,
Java,constructors and methods,"In Java, which keyword is used to define an abstract method?",abstract,method,void,public,A,,medium,web:Examveda.com https://www.examveda.com/java-program/practice-mcq-question-on-constructors-and-methods/?page=2,
Java,constructors and methods,What is method chaining in Java?,Calling multiple methods on the same object in a single line,Running methods concurrently,Defining methods with the same name,Using methods to chain objects together,A,,medium,web:Examveda.com https://www.examveda.com/java-program/practice-mcq-question-on-constructors-and-methods/?page=2,
Java,constructors and methods,Which keyword is used to declare a method that cannot be overridden in Java?,final,static,abstract,private,A,,medium,web:Examveda.com https://www.examveda.com/java-program/practice-mcq-question-on-constructors-and-methods/?page=3,
Java,constructors and methods,What is method hiding in Java?,Defining a new method with the same name in a subclass,Making a method private in a subclass,Redefining a method with a different return type,Defining a method with the same name in the superclass,A,,medium,web:Examveda.com https://www.examveda.com/java-program/practice-mcq-question-on-constructors-and-methods/?page=3,
Java,constructors and methods,"What is the purpose of the ""return"" statement in a method in Java?",To specify the method's access modifier,To indicate that the method should return a value,To stop the execution of the program,To indicate the method is static,B,,medium,web:Examveda.com https://www.examveda.com/java-program/practice-mcq-question-on-constructors-and-methods/?page=3,
Java,constructors and methods,"In Java, can a method have the same name as the class?","Yes, it is a constructor","Yes, it is a static method","Yes, it is a public method","No, it is not allowed",A,,medium,web:Examveda.com https://www.examveda.com/java-program/practice-mcq-question-on-constructors-and-methods/?page=3,
Java,constructors and methods,What is method signature in Java?,The method name and its parameter types,The method's return type,The method's access modifier,The method's implementation,A,,medium,web:Examveda.com https://www.examveda.com/java-program/practice-mcq-question-on-constructors-and-methods/?page=3,
Java,constructors and methods,"In Java, which access modifier allows a method to be accessed from any class in any package?",public,private,protected,default (package-private),A,,medium,web:Examveda.com https://www.examveda.com/java-program/practice-mcq-question-on-constructors-and-methods/?page=3,
Java,constructors and methods,What is a non-static (instance) method in Java?,A method that belongs to an instance of a class,A method that cannot be called on objects,"A method that is marked as ""static""",A method that returns a static value,A,,medium,web:Examveda.com https://www.examveda.com/java-program/practice-mcq-question-on-constructors-and-methods/?page=3,
Java,constructors and methods,"In Java, what does the ""final"" keyword indicate when used with a method?",The method cannot be overridden in subclasses,The method is a static method,The method is a constructor,The method cannot be accessed from other classes,A,,medium,web:Examveda.com https://www.examveda.com/java-program/practice-mcq-question-on-constructors-and-methods/?page=3,
Java,constructors and methods,What is the difference between a method declaration and a method definition in Java?,"Declaration specifies method name, return type, and parameters; definition provides the implementation","Declaration is used for constructors, and definition is used for regular methods","Declaration is optional, and definition is mandatory",Declaration and definition are the same in Java,A,,medium,web:Examveda.com https://www.examveda.com/java-program/practice-mcq-question-on-constructors-and-methods/?page=3,
Java,constructors and methods,"In Java, what is the purpose of method overloading?",Defining multiple methods with the same name but different parameters,Hiding methods in a superclass,Redefining methods in a subclass,Calling methods from other classes,A,,medium,web:Examveda.com https://www.examveda.com/java-program/practice-mcq-question-on-constructors-and-methods/?page=3,
Java,constructors and methods,"What is the expected output? 
public class Profile {
 private Profile(int w) { // line 1
 System.out.print(w);
 }
 public static Profile() { // line 5
 System.out.print (10);
 }
 public static void main(String args[]) {
 Profile obj = new Profile(50);
 }
}","Won't compile because of line (1), constructor can't be private",10 50,50,"Won't compile because of line (5), constructor can't be static",D,"Only public, protected, private and default (no access modifier) are legal while declaring constructors.",medium,web:Examveda.com https://www.examveda.com/java-program/practice-mcq-question-on-constructors-and-methods/?page=4,
Java,constructors and methods,"The following code contains one compilation error, find it? 
public class Test {
 Test() { } // line 1
 static void Test() { this(); } // line 2 
 public static void main(String[] args) { // line 3
 Test(); // line 4
 }
}","At line 1, constructor Tester must be marked public like its class","At line 2, constructor call","At line 3, compilation error, ambiguity problem, compiler can't determine whether a constructor",At line 4,B,"a constructor call (super() or this() ) must be the first statement inside a constructor. 
No constructor calls are allowed inside a method. 
static void Tester() is a method not a constructor.",medium,web:Examveda.com https://www.examveda.com/java-program/practice-mcq-question-on-constructors-and-methods/?page=4,
Java,constructors and methods,What will be the return type of a method that not returns any value?,void,int,double,None of the above,A,,medium,web:Examveda.com https://www.examveda.com/java-program/practice-mcq-question-on-constructors-and-methods/?page=4,
Java,constructors and methods,Which of the following options is the best for generating random integer 0 or 1?,(int)Math.random(),(int)Math.random() + 1,(int)(Math.random() + 0.5),(int)(Math.random() + 0.2),C,"The correct answer is Option C: (int)(Math.random() + 0.5) 

In Java, to generate a random integer that can be either 0 or 1, you can use the `Math.random()` method, which returns a random double value between 0.0 (inclusive) and 1.0 (exclusive). To convert this into either 0 or 1, you need to add 0.5 to the result and then cast it to an integer using `(int)`. 

Here's the breakdown of the options: 
- Option A: `(int)Math.random()` would generate either 0 or a random positive integer, but not necessarily 1. 
- Option B: `(int)Math.random() + 1` would generate random positive integers starting from 1 and not 0. 
- Option C: `(int)(Math.random() + 0.5)` adds 0.5 to the random value, making it either 0.5 or 1.5, and then casts it to an integer, resulting in either 0 or 1, which is what you want. 
- Option D: `(int)(Math.random() + 0.2)` would not reliably generate only 0 or 1; it can produc",medium,web:Examveda.com https://www.examveda.com/java-program/practice-mcq-question-on-constructors-and-methods/?page=4,
Java,constructors and methods,What is Math.floor(3.6)?,3.0,3,4,4.0,A,The method floor gives the largest integer that is less than or equal to the argument.,medium,web:Examveda.com https://www.examveda.com/java-program/practice-mcq-question-on-constructors-and-methods/?page=4,
Java,constructors and methods,"In which area of memory, the system stores parameters and local variables whenever a method is invoked?",Heap,Storage Area,Stack,Array,C,,medium,web:Examveda.com https://www.examveda.com/java-program/practice-mcq-question-on-constructors-and-methods/?page=4,
Java,constructors and methods,"What is the expected output? 
public class Profile {
 private Profile(int w) { // line 1
 System.out.print(w);
 }
 public final Profile() { // line 5
 System.out.print(10);
 }
 public static void main(String args[]) {
 Profile obj = new Profile(50);
 }
}",Won't compile because of line (1); constructor can't be private,Won't compile because of line (5); constructor can't be final,50,10 50,B,"Only public, protected, private and default(no modifier) are legal when declaring constructors.",medium,web:Examveda.com https://www.examveda.com/java-program/practice-mcq-question-on-constructors-and-methods/?page=4,
Java,constructors and methods,"What is the expected output? 
class Animal {
 Animal() {
 System.out.println(""Animal"");
 }
}
class Wild extends Animal{
 Wild() {
 System.out.println(""Wild"");
 super();
 }
}
public class Test {
 public static void main(String args[]) {
 Wild wild = new Wild();
 }
}",Animal Wild,Wild Animal,Runtime Exception,Compilation Error,D,super() call must be the first statement in a constructor.,medium,web:Examveda.com https://www.examveda.com/java-program/practice-mcq-question-on-constructors-and-methods/?page=4,
Java,constructors and methods,Which of the modifier can't be used for constructors?,public,private,static,protected,C,,medium,web:Examveda.com https://www.examveda.com/java-program/practice-mcq-question-on-constructors-and-methods/?page=4,
Java,constructors and methods,The variables declared in a class for the use of all methods of the class are called,reference variables,objects,instance variables,None of these,C,,medium,web:Examveda.com https://www.examveda.com/java-program/practice-mcq-question-on-constructors-and-methods/?page=4,
Java,constructors and methods,"Determine output of the following program. 
public class Test{
 public static void main(String args[]){
 System.out.println( Math.floor( Math.random( ) ) ) ;
 }
}",1.0,10.0,0.0,0.5,C,"random() is a static method defined in Math class. 
Syntax: static double random() 
random() always return a value in the range 0.0 <= Math.random() <1.0 So, taking floor function of any number between above range always yield 0.0. 
 Ex: Math.floor(0.958127101241...) = 0.0


 Math.floor(0.05684865565...) = 0.0",medium,web:Examveda.com https://www.examveda.com/java-program/practice-mcq-question-on-constructors-and-methods/?page=5,
Java,constructors and methods,"What is the output of the above program? 
class Num {
 Num(double x ){
 System.out.println( x ) ;
 } 
}
public class Test extends Num {
 public static void main(String[] args){
 Num num = new Num( 2 ) ;
 } 
}",0,2.0,Compile time error,None of the above,C,"The given program creates a class Num that has a constructor with a double parameter. 
In the main method, an object of the Num class is created with the value 2, which is passed as a double value. 
Since 2 is treated as an integer, Java automatically converts it to a double (2.0), and the constructor prints this value. 
Thus, the output of the program is 2.0.",medium,web:Examveda.com https://www.examveda.com/java-program/practice-mcq-question-on-constructors-and-methods/?page=5,
Java,constructors and methods,"Determine Output: 
class A{
 public static void method(int i){
 System.out.print(""Method 1"");
 }

 public static int method(String str){
 System.out.print(""Method 2"");
 return 0;
 }
}

public class Test{
 
 public static void main(String args[]){
 A.method(5);
 }
}",Method 1,Method 2,Compile time error as final method can't be overloaded,None of the above,A,"Overloading depends only on the method or constructor name and its parameter list i.e.
 method(int i) and method(String str)

So, overloading does not depend on access modifiers(public, private, protected), access specifiers(static, final) and return type.",medium,web:Examveda.com https://www.examveda.com/java-program/practice-mcq-question-on-constructors-and-methods/?page=5,
Java,constructors and methods,"What is the output of the program? 
class Test{ 
 public int display(int x, int y){ 
 return (""The sum of x and y is "" + x + y); 
 } 

 public static void main(String args[]){ 
 Test test = new Test();
 System.out.println(test.display(4,5)); 
 } 
}",The sum of x and y is 9,The sum of x and y is 45,does not compile,None of the above,C,Return type of method display is int and we are trying to return string.,medium,web:Examveda.com https://www.examveda.com/java-program/practice-mcq-question-on-constructors-and-methods/?page=5,
Java,constructors and methods,The implicit return type of a constructor is,void,A class object in which it is defined.,There is no return type.,None of the above,B,"Constructors are special methods in Java used to create objects of a class. 
Unlike other methods, constructors don't have an explicit return type. 
They don't use keywords like void, int, etc. to specify what they return. 
Instead, their job is to initialize the object being created, setting initial values for its member variables. 
When a constructor is called, it automatically returns a newly created object of the class. 
Therefore, the implicit return type of a constructor is the class object itself. 
So the correct option is B.",medium,web:Examveda.com https://www.examveda.com/java-program/practice-mcq-question-on-constructors-and-methods/?page=5,
Java,constructors and methods,The finalize() method is called just prior to,"An object, variable or method goes out of scope.",An object or variable goes out of scope.,A variable goes out of scope.,Before garbage collection.,D,,medium,web:Examveda.com https://www.examveda.com/java-program/practice-mcq-question-on-constructors-and-methods/?page=5,
Java,constructors and methods,The main method should be static for the reason,It can be accessed easily by the class loader.,It can be accessed by every method or variable without any hindrance.,It can be executed without creating any instance of the class.,None of the above,C,,medium,web:Examveda.com https://www.examveda.com/java-program/practice-mcq-question-on-constructors-and-methods/?page=5,
Java,constructors and methods,"Given the following piece of code: 
class Person{
 public int number;
}
public class Test{
 public void doIt(int i , Person p){
 i = 5;
 p.number = 8;
 }
 public static void main(String args[]){
 int x = 0;
 Person p = new Person();
 new Test().doIt(x, p);
 System.out.println(x + "" "" + p.number);
 }
} 
What is the result?",0 8,5 0,0 0,5 8,A,,medium,web:Examveda.com https://www.examveda.com/java-program/practice-mcq-question-on-constructors-and-methods/?page=5,
Java,constructors and methods,"Which of the following statements regarding static methods are correct? 
1. Static methods are difficult to maintain, because you can not change their implementation. 
2. Static methods can be called using an object reference to an object of the class in which this method is defined. 
3. Static methods are always public, because they are defined at class-level. 
4. Static methods do not have direct access to non-static methods which are defined inside the same class.",1 and 2,2 and 4,3 and 4,1 and 3,B,,medium,web:Examveda.com https://www.examveda.com/java-program/practice-mcq-question-on-constructors-and-methods/?page=5,
Java,constructors and methods,"What is the prototype of the default constructor? 
public class Test { }",public Test(void),Test( ),Test(void),public Test( ),D,"Option A and B are wrong because they use the default access modifier and the access modifier for the class is public (remember, the default constructor has the same access modifier as the class). 
 
Option C is wrong. The void makes the compiler think that this is a method specification - in fact if it were a method specification the compiler would spit it out.
 

 
 
 
 



 
 
 
 
 
 
 
 
 
 
 
 
 
1
2
3
4
5
6
7
8
9
10

 
 
 
 
 
 
 
 
 Read More Section(Constructors and Methods)
 Each Section contains maximum 100 MCQs question on Constructors and Methods. To get more questions visit other sections.
 
 Constructors and Methods - Section 2
 
 


 
 
 
 

 
 

 -->
 
 
 


 

-->
 
 
 Copyright © 2026 Examveda.com
 
 
 
 
 
 
 
 
 
 About Us |
 Terms & Condition |
 Privacy Policy |
 Contact Us",medium,web:Examveda.com https://www.examveda.com/java-program/practice-mcq-question-on-constructors-and-methods/?page=5,
Java,constructors and methods,"What is the output of the program? 
class MyClass{
 MyClass(){
 System.out.print(""one"");
 }
 public void myMethod(){
 this();
 System.out.print(""two"");
 }
}
 
public class TestClass{
 public static void main(String args[]){
 MyClass obj = new MyClass();
 obj.myMethod();
 }
}",two one one,one one two,one Exception,Compilation Error,D,"The code will result in a compilation error because in the method myMethod, the use of this() is incorrect. 
In Java, this() is used to call another constructor, but it can only be used in a constructor, not in a method. 
Using this() in myMethod causes a compilation error. 
Thus, the program will not compile, and the correct answer is a Compilation Error.",medium,web:Examveda.com https://www.examveda.com/java-program/practice-mcq-question-on-constructors-and-methods/?page=6,
Java,constructors and methods,"Determine output: 
public class Test{
 public static void main(String args[]){
 MyClass obj = new MyClass();
 obj.val = 1;
 obj.call(obj);
 System.out.println(obj.val);
 }
}

class MyClass{
 public int val;
 public void call(MyClass ref){
 ref.val++;
 }
}",1,2,3,Compilation Error,B,"Step-by-step breakdown:
 
1. The main method in the Test class creates an instance of MyClass called obj.
 
2. The val field of obj is set to 1 with obj.val = 1.
 
3. The call method is invoked on obj with obj itself as the argument: obj.call(obj).
 
4. Inside the call method, the val field of the passed MyClass instance (ref) is incremented by 1 using ref.val++. Since ref refers to obj, this increments obj.val from 1 to 2.
 
5. Finally, System.out.println(obj.val) prints the value of obj.val, which is now 2.
 
Therefore, the output of the program is 2.",medium,web:Examveda.com https://www.examveda.com/java-program/practice-mcq-question-on-constructors-and-methods/?page=6,
Java,constructors and methods,"Determine output: 
class MyClass{
 int i;
 int j;

 public MyClass(int i, int j){
 this.i = i;
 this.j = j;
 }

 public void call(){
 System.out.print(""One"");
 }
}

public class Test{
 public static void main(String args[]){
 MyClass m = new MyClass(); //line 1
 m.call(); //line 2
 }
}",One,Compilation fails due to an error on line 1,Compilation fails due to an error on line 2,Compilation succeed but no output.,B,,medium,web:Examveda.com https://www.examveda.com/java-program/practice-mcq-question-on-constructors-and-methods/?page=6,
Java,constructors and methods,"What is the output for the below code? 
public class A{
 int add(int i, int j){
 return i+j;
 }
}
public class B extends A{
 public static void main(String argv[]){
 short s = 9;
 System.out.println(add(s,6));
 }
}",Compile fail due to error on line no 2,Compile fail due to error on line no 9,Compile fail due to error on line no 8,15,B,"Cannot make a static reference to the non-static method add(int, int) from the type A. The short s is autoboxed correctly, but the add() method cannot be invoked from a static method because add() method is not static.",medium,web:Examveda.com https://www.examveda.com/java-program/practice-mcq-question-on-constructors-and-methods/?page=6,
Java,constructors and methods,"What is the output for the below code? 
public class Test{
 public static void printValue(int i, int j, int k){
 System.out.println(""int"");
 }

 public static void printValue(byte...b){
 System.out.println(""long"");
 }

 public static void main(String... args){
 byte b = 9;
 printValue(b,b,b);
 }
}",long,int,Compilation fails,Compilation clean but throws RuntimeException,B,"Primitive widening uses the smallest method argument possible. (For Example if you pass short value to a method but method with short argument is not available then compiler chooses method with int argument). But in this case compiler will prefer the older style before it chooses the newer style, to keep existing code more robust. var-args method is looser than wider.",medium,web:Examveda.com https://www.examveda.com/java-program/practice-mcq-question-on-constructors-and-methods/?page=6,
Java,constructors and methods,"class A{
 A(String s){}

 A(){}
}

class B extends A{
 B(){}
 B(String s){
 super(s);
 }
 void test(){
 // insert code here
 }
} 
Which of the below code can be insert at line 7 to make clean compilation ?",A a = new B();,A a = new B(5);,A a = new A(String s);,All of the above,A,,medium,web:Examveda.com https://www.examveda.com/java-program/practice-mcq-question-on-constructors-and-methods/?page=6,
Java,constructors and methods,"What is the output for the below code? 
class A{
 public A(){
 System.out.println(""A"");
 }
 public A(int i){
 this();
 System.out.println(i);
 }
}
class B extends A{
 public B(){
 System.out.println(""B"");
 }
 public B(int i){
 this();
 System.out.println(i+3);
 }
}
public class Test{
 public static void main (String[] args){
 new B(5);
 }
}",A B 8,A 5 B 8,A B 5,B 8 A 5,A,"Constructor of class B call their superclass constructor of class A (public A()), which execute first, and that constructors can be overloaded. Then come to constructor of class B (public B (int i)).",medium,web:Examveda.com https://www.examveda.com/java-program/practice-mcq-question-on-constructors-and-methods/?page=6,
Java,constructors and methods,"Which of these is a legal definition of a method named examveda assuming it throws IOException, and returns void. Also assume that the method does not take any arguments. Select the one correct answer.",void examveda() {} throws IOException,void examveda() throws IOException{},void examveda() throw IOException{},void examveda(void) throws IOException{},B,,medium,web:Examveda.com https://www.examveda.com/java-program/practice-mcq-question-on-constructors-and-methods/?page=6,
Java,constructors and methods,"What will be the result of compiling and running the given code? 
class A{
 int b=10;
 private A(){
 this.b=7;
 }
 int f(){
 return b;
 }
}
class B extends A{
 int b;
}
public class Test{
 public static void main(String[] args){
 A a = new B();
 System.out.println(a.f());
 }
}",Compilation Fails,Prints 0,Prints 10,Prints 7,A,"Choice A is the correct answer. 
 
The code does not compile because the constructor of class A is declared as private. This creates a problem when the subclass constructor makes an implicit super() call to the parent class constructor at the time B is instantiated. 
 
Since the code does not compile, all the other choices are incorrect. If the constructor of A had not been private, the output would have been 7.",medium,web:Examveda.com https://www.examveda.com/java-program/practice-mcq-question-on-constructors-and-methods/?page=7,
Java,constructors and methods,Which component is responsible to run java program?,JVM,JDK,JIT,JRE,D,,medium,web:Examveda.com https://www.examveda.com/java-program/practice-mcq-question-on-constructors-and-methods/?page=7,
Java,constructors and methods,Which of the below is not a Java Profiler?,JVM,JConsole,JProfiler,Eclipse Profiler,A,,medium,web:Examveda.com https://www.examveda.com/java-program/practice-mcq-question-on-constructors-and-methods/?page=7,
Java,constructors and methods,What is true about constructor?,It can contain return type,It can take any number of parameters,It can have any non access modifiers,Constructor cannot throw an exception,B,,medium,web:Examveda.com https://www.examveda.com/java-program/practice-mcq-question-on-constructors-and-methods/?page=7,
Java,constructors and methods,Which statement is true about java?,Platform independent programming language,Platform dependent programming language,Code dependent programming language,Sequence dependent programming language,A,,medium,web:Examveda.com https://www.examveda.com/java-program/practice-mcq-question-on-constructors-and-methods/?page=7,
Java,constructors and methods,"What is not the use of ""this"" keyword in Java?",Passing itself to another method,Calling another constructor in constructor chaining,Referring to the instance variable when local variable has the same name,Passing itself to method of the same class,D,,medium,web:Examveda.com https://www.examveda.com/java-program/practice-mcq-question-on-constructors-and-methods/?page=7,
Java,constructors and methods,When does method overloading is determined?,At run time,At compile time,At coding time,At execution time,B,,medium,web:Examveda.com https://www.examveda.com/java-program/practice-mcq-question-on-constructors-and-methods/?page=7,
Java,constructors and methods,Which of these operators is used to allocate memory for an object?,malloc,alloc,new,give,C,,medium,web:Examveda.com https://www.examveda.com/java-program/practice-mcq-question-on-constructors-and-methods/?page=7,
Java,constructors and methods,What is true about Class.getInstance()?,Class.getInstance calls the constructor,Class.getInstance is same as new operator,Class.getInstance needs to have matching constructor,Class.getInstance creates object if class does not have any constructor,D,,medium,web:Examveda.com https://www.examveda.com/java-program/practice-mcq-question-on-constructors-and-methods/?page=7,
Java,constructors and methods,"What will be the output of the following Java program? 
class recursion 
{
 int func (int n) 
 {
 int result;
 result = func (n - 1);
 return result;
 }
} 
class Output 
{
 public static void main(String args[]) 
 {
 recursion obj = new recursion() ;
 System.out.print(obj.func(12));
 }
}",0,1,Compilation Error,Runtime Error,D,"Let's break down why the answer is a Runtime Error. 
 
The problem lies within the `func` method of the `recursion` class. 
It's trying to use recursion, which means a function calling itself. 
 
Here's the critical issue: 
The `func` method calls itself (`func(n - 1)`) without a base case. 
A base case is a condition that stops the recursive calls. 
 
Without a base case, the function keeps calling itself again and again. 
 
Imagine `func(12)` is called. It then calls `func(11)`, then `func(10)`, and so on. 
This continues indefinitely, each call placing another ""frame"" onto the call stack (memory used to track function calls). 
 
Eventually, the call stack runs out of space. This is called a StackOverflowError. 
StackOverflowError is a type of Runtime Error. 
 
Because the error happens while the program is running (not during compilation), it's a runtime error. 
 
Therefore, the corre",medium,web:Examveda.com https://www.examveda.com/java-program/practice-mcq-question-on-constructors-and-methods/?page=7,
Java,constructors and methods,Which exception is thrown when java is out of memory?,MemoryFullException,MemoryOutOfBoundsException,OutOfMemoryError,MemoryError,C,,medium,web:Examveda.com https://www.examveda.com/java-program/practice-mcq-question-on-constructors-and-methods/?page=8,
Java,constructors and methods,What is Recursion in Java?,Recursion is a class,Recursion is a process of defining a method that calls other methods repeatedly,Recursion is a process of defining a method that calls itself repeatedly,Recursion is a process of defining a method that calls other methods which in turn call again this method,C,,medium,web:Examveda.com https://www.examveda.com/java-program/practice-mcq-question-on-constructors-and-methods/?page=8,
Java,constructors and methods,Which function is used to perform some action when the object is to be destroyed?,finalize(),delete(),main(),none of the mentioned,A,,medium,web:Examveda.com https://www.examveda.com/java-program/practice-mcq-question-on-constructors-and-methods/?page=8,
Java,constructors and methods,Which of these statement is incorrect?,Every class must contain a main() method,Applets do not require a main() method at all,There can be only one main() method in a program,main() method must be made public,A,,medium,web:Examveda.com https://www.examveda.com/java-program/practice-mcq-question-on-constructors-and-methods/?page=8,
Java,constructors and methods,"What will be the output of the following Java code? 
class box 
{
 int width;
 int height;
 int length;
 int volume;
 void finalize() 
 {
 volume = width*height*length;
 System.out.println(volume);
 }
 protected void volume() 
 {
 volume = width*height*length;
 System.out.println(volume);
 } 
} 
class Output 
{ 
 public static void main(String args[])
 {
 box obj = new box();
 obj.width=5;
 obj.height=5;
 obj.length=6;
 obj.volume();
 } 
}",150,200,Run time error,Compilation error,A,,medium,web:Examveda.com https://www.examveda.com/java-program/practice-mcq-question-on-constructors-and-methods/?page=8,
Java,constructors and methods,Which of the following is a garbage collection technique?,Cleanup model,Mark and sweep model,Space management model,Sweep model,B,,medium,web:Examveda.com https://www.examveda.com/java-program/practice-mcq-question-on-constructors-and-methods/?page=8,
Java,constructors and methods,"What will be the output of the following Java program? 
class recursion 
{
 int func (int n) 
 {
 int result;
 if (n == 1)
 return 1;
 result = func (n - 1);
 return result;
 }
} 
class Output 
{
 public static void main(String args[]) 
 {
 recursion obj = new recursion() ;
 System.out.print(obj.func(5));
 }
}",0,1,120,None of the mentioned,B,,medium,web:Examveda.com https://www.examveda.com/java-program/practice-mcq-question-on-constructors-and-methods/?page=8,
Java,constructors and methods,What is true about private constructor?,Private constructor ensures only one instance of a class exist at any point of time,Private constructor ensures multiple instances of a class exist at any point of time,Private constructor eases the instantiation of a class,Private constructor allows creating objects in other classes,A,,medium,web:Examveda.com https://www.examveda.com/java-program/practice-mcq-question-on-constructors-and-methods/?page=8,
Java,constructors and methods,Where is a new object allocated memory?,Young space,Old space,Young or Old space depending on space availability,JVM,A,,medium,web:Examveda.com https://www.examveda.com/java-program/practice-mcq-question-on-constructors-and-methods/?page=8,
Java,constructors and methods,"What will be the output of the following Java program? 
class box 
{
 int width;
 int height;
 int length;
 int volume;
 void volume() 
 {
 volume = width*height*length;
 } 
} 
class Output 
{ 
 public static void main(String args[])
 {
 box obj = new box();
 obj.height = 1;
 obj.length = 5;
 obj.width = 5;
 obj.volume();
 System.out.println(obj.volume); 
 } 
}",0,1,25,26,C,,medium,web:Examveda.com https://www.examveda.com/java-program/practice-mcq-question-on-constructors-and-methods/?page=9,
Java,constructors and methods,Which of the following is a method having same name as that of it's class?,finalize,delete,class,constructor,D,,medium,web:Examveda.com https://www.examveda.com/java-program/practice-mcq-question-on-constructors-and-methods/?page=9,
Java,constructors and methods,"What is the stored in the object obj in following lines of Java code? 
box obj;",Memory address of allocated memory of object,NULL,Any arbitrary pointer,Garbage,B,,medium,web:Examveda.com https://www.examveda.com/java-program/practice-mcq-question-on-constructors-and-methods/?page=9,
Java,constructors and methods,Which concept of Java is a way of converting real world objects in terms of class?,Polymorphism,Encapsulation,Abstraction,Inheritance,C,,medium,web:Examveda.com https://www.examveda.com/java-program/practice-mcq-question-on-constructors-and-methods/?page=9,
Java,constructors and methods,Which component is responsible to optimize bytecode to machine code?,JVM,JDK,JIT,JRE,C,,medium,web:Examveda.com https://www.examveda.com/java-program/practice-mcq-question-on-constructors-and-methods/?page=9,
Java,constructors and methods,"What will be the output of the following Java code? 
class box 
{
 int width;
 int height;
 int length;
 int volume;
 box() 
 {
 width = 5;
 height = 5;
 length = 6;
 }
 void volume() 
 {
 volume = width*height*length;
 } 
} 
class constructor_output 
{
 public static void main(String args[])
 {
 box obj = new box();
 obj.volume();
 System.out.println(obj.volume);
 }
}",100,150,200,250,B,,medium,web:Examveda.com https://www.examveda.com/java-program/practice-mcq-question-on-constructors-and-methods/?page=9,
Java,constructors and methods,Which of the following is a valid declaration of an object of class Box?,Box obj = new Box();,Box obj = new Box;,obj = new Box();,new Box obj;,A,,medium,web:Examveda.com https://www.examveda.com/java-program/practice-mcq-question-on-constructors-and-methods/?page=9,
Java,constructors and methods,What is it called where child object gets killed if parent object is killed?,Aggregation,Composition,Encapsulation,Association,B,,medium,web:Examveda.com https://www.examveda.com/java-program/practice-mcq-question-on-constructors-and-methods/?page=9,
Java,constructors and methods,Which of these keywords is used to make a class?,class,struct,int,none of the mentioned,A,,medium,web:Examveda.com https://www.examveda.com/java-program/practice-mcq-question-on-constructors-and-methods/?page=9,
Java,constructors and methods,Which component is responsible for converting bytecode into machine specific code?,JVM,JDK,JIT,JRE,A,,medium,web:Examveda.com https://www.examveda.com/java-program/practice-mcq-question-on-constructors-and-methods/?page=9,
Java,constructors and methods,What is false about constructor?,Constructors cannot be synchronized in Java,Java does not provide default copy constructor,Constructor can have a return type,"""this"" and ""super"" can be used in a constructor",C,,medium,web:Examveda.com https://www.examveda.com/java-program/practice-mcq-question-on-constructors-and-methods/?page=10,
Java,constructors and methods,Which of these packages contains the exception Stack Overflow in Java?,java.lang,java.util,java.io,java.system,A,,medium,web:Examveda.com https://www.examveda.com/java-program/practice-mcq-question-on-constructors-and-methods/?page=10,
Java,constructors and methods,"What will be the output of the following Java program? 
class equality 
{
 int x;
 int y;
 boolean isequal()
 {
 return(x == y); 
 } 
} 
class Output 
{
 public static void main(String args[])
 {
 equality obj = new equality();
 obj.x = 5;
 obj.y = 5;
 System.out.println(obj.isequal());
 } 
}",false,true,0,1,B,,medium,web:Examveda.com https://www.examveda.com/java-program/practice-mcq-question-on-constructors-and-methods/?page=10,
Java,constructors and methods,"What will be the output of the following Java program? 
class box 
{
 int width;
 int height;
 int length;
} 
class mainclass 
{
 public static void main(String args[]) 
 { 
 box obj1 = new box();
 box obj2 = new box();
 obj1.height = 1;
 obj1.length = 2;
 obj1.width = 1;
 obj2 = obj1;
 System.out.println(obj2.height);
 } 
}",1,2,Runtime error,Garbage value,A,,medium,web:Examveda.com https://www.examveda.com/java-program/practice-mcq-question-on-constructors-and-methods/?page=10,
Java,constructors and methods,What is the return type of Constructors?,int,float,void,none of the mentioned,D,,medium,web:Examveda.com https://www.examveda.com/java-program/practice-mcq-question-on-constructors-and-methods/?page=10,
Java,constructors and methods,Which of the following has the highest memory requirement?,Heap,Stack,JVM,Class,C,,medium,web:Examveda.com https://www.examveda.com/java-program/practice-mcq-question-on-constructors-and-methods/?page=10,
Java,constructors and methods,"What will be the output of the following Java code? 
class A
{
 A()throws IOException
 {
 
 } 
 
}
class B extends A
{
 B()
 {
 
 }
 public static void main(String[]args)
 {
 
 }
}",compile time error,run time error,compile and runs fine,unreported exception java.io.IOException in default constructor,A,,medium,web:Examveda.com https://www.examveda.com/java-program/practice-mcq-question-on-constructors-and-methods/?page=10,
Java,constructors and methods,Which of the following is not OOPS concept in Java?,Inheritance,Encapsulation,Polymorphism,Compilation,D,,medium,web:Examveda.com https://www.examveda.com/java-program/practice-mcq-question-on-constructors-and-methods/?page=10,
Java,flow control,"What is the purpose of the ""if"" statement in Java?",To execute a block of code conditionally,To create loops,To declare variables,To define methods,A,,medium,web:Examveda.com https://www.examveda.com/java-program/practice-mcq-question-on-flow-control/,
Java,flow control,Which of the following is not a valid comparison operator in Java?,>=,==,<=,><,D,,medium,web:Examveda.com https://www.examveda.com/java-program/practice-mcq-question-on-flow-control/,
Java,flow control,"What is the output of the following code snippet? int x = 5; if (x > 3) { System.out.println(""Hello""); }",No output,Error,Hello,5,C,,medium,web:Examveda.com https://www.examveda.com/java-program/practice-mcq-question-on-flow-control/,
Java,flow control,"In Java, which statement is used to exit a loop prematurely?",return,break,exit,close,B,,medium,web:Examveda.com https://www.examveda.com/java-program/practice-mcq-question-on-flow-control/,
Java,flow control,"What is the purpose of the ""switch"" statement in Java?",To define methods,To create loops,To perform different actions based on the value of an expression,To declare variables,C,,medium,web:Examveda.com https://www.examveda.com/java-program/practice-mcq-question-on-flow-control/,
Java,flow control,"What is the default case in a ""switch"" statement used for?",Handling the case with value 0,Providing a default value for a variable,Terminating the switch statement,Handling cases where none of the specified cases match,D,,medium,web:Examveda.com https://www.examveda.com/java-program/practice-mcq-question-on-flow-control/,
Java,flow control,"In Java, which loop is suitable when you want to execute a block of code a specific number of times?",for loop,while loop,do-while loop,switch loop,A,,medium,web:Examveda.com https://www.examveda.com/java-program/practice-mcq-question-on-flow-control/,
Java,flow control,What is the result of the following code snippet? int i = 1; while (i,5 4 3 2,5 4 3 2 1,1 2 3 4,1 2 3 4 5,D,,medium,web:Examveda.com https://www.examveda.com/java-program/practice-mcq-question-on-flow-control/,
Java,flow control,"Which of the following is true about the ""do-while"" loop in Java?","It is similar to the ""while"" loop",It does not support a loop condition,The loop body is executed at least once,It can only be used for counting,C,,medium,web:Examveda.com https://www.examveda.com/java-program/practice-mcq-question-on-flow-control/,
Java,flow control,"In Java, what does the ""continue"" statement do?",Repeats the loop from the beginning,Skips the current iteration of a loop and continues to the next,Terminates the program,Return the output,B,,medium,web:Examveda.com https://www.examveda.com/java-program/practice-mcq-question-on-flow-control/,
Java,flow control,What is the output of the following code snippet? int j = 0; while (j,5 4 3 2 1,2 4 6 8 10,0 2 4,0 1 2 3 4,C,,medium,web:Examveda.com https://www.examveda.com/java-program/practice-mcq-question-on-flow-control/?page=2,
Java,flow control,"In Java, what does the ""break"" statement do in a loop?",Repeats the loop,Restarts the loop,Pauses the loop,Exits the loop prematurely,D,,medium,web:Examveda.com https://www.examveda.com/java-program/practice-mcq-question-on-flow-control/?page=2,
Java,flow control,"What is the purpose of the ""for-each"" loop in Java?",Iterates through elements of an array or collection,Performs mathematical calculations,Declares variables,Defines methods,A,,medium,web:Examveda.com https://www.examveda.com/java-program/practice-mcq-question-on-flow-control/?page=2,
Java,flow control,"In Java, what does the ""default"" keyword refer to in a ""switch"" statement?",The default loop condition,A reserved keyword with no specific meaning,The default value of a variable,The default case to execute when no other case matches,D,,medium,web:Examveda.com https://www.examveda.com/java-program/practice-mcq-question-on-flow-control/?page=2,
Java,flow control,"What is the result of the following code snippet? int k = 10; do { System.out.print(k + "" ""); k -= 2; } while (k > 0);",10 8 6 4,2 4 6 8 10,10 8 6 4 2,1 3 5 7 9,C,,medium,web:Examveda.com https://www.examveda.com/java-program/practice-mcq-question-on-flow-control/?page=2,
Java,flow control,"In Java, which loop is used when you want to execute a block of code as long as a condition is true?",for loop,while loop,switch loop,do-while loop,B,,medium,web:Examveda.com https://www.examveda.com/java-program/practice-mcq-question-on-flow-control/?page=2,
Java,flow control,What is the output of the following code snippet? for (int m = 0; m,0 2 4,2 4,0 1 3 4,0 1 2 3 4,C,,medium,web:Examveda.com https://www.examveda.com/java-program/practice-mcq-question-on-flow-control/?page=2,
Java,flow control,"In Java, what does the ""switch"" statement evaluate to determine which case to execute?",A boolean expression,A string value,A floating-point number,An expression of integral or enumerated type,D,,medium,web:Examveda.com https://www.examveda.com/java-program/practice-mcq-question-on-flow-control/?page=2,
Java,flow control,"What is the purpose of the ""if-else"" statement in Java?",To execute one block of code if a condition is true and another block if it's false,To declare variables,To create loops,To define methods,A,,medium,web:Examveda.com https://www.examveda.com/java-program/practice-mcq-question-on-flow-control/?page=2,
Java,flow control,Which of the following is a valid way to create an infinite loop in Java?,switch (1) { /* loop body */ },do { /* loop body */ } while (false);,for (int i = 0; i < 5; i--) { /* loop body */ },while (true) { /* loop body */ },D,,medium,web:Examveda.com https://www.examveda.com/java-program/practice-mcq-question-on-flow-control/?page=2,
Java,flow control,"In Java, what is the purpose of the ""if-else if-else"" statement?",To create loops,To define methods,To evaluate multiple conditions and execute the corresponding block of code,To declare variables,C,,medium,web:Examveda.com https://www.examveda.com/java-program/practice-mcq-question-on-flow-control/?page=3,
Java,flow control,What is the output of the following code snippet? int n = 5; for (int i = 0; i,5 4 3 2 1,0 1 2 3 4,1 2 3 4 5,5 4 3 2 1 0,B,,medium,web:Examveda.com https://www.examveda.com/java-program/practice-mcq-question-on-flow-control/?page=3,
Java,flow control,"In Java, which loop is used when you want to execute a block of code at least once?",switch loop,for loop,do-while loop,while loop,C,,medium,web:Examveda.com https://www.examveda.com/java-program/practice-mcq-question-on-flow-control/?page=3,
Java,flow control,"What does the ""else"" statement in an ""if-else"" statement block indicate?",A syntax error,A comment,The end of the if statement,The block of code to execute if the condition is false,D,,medium,web:Examveda.com https://www.examveda.com/java-program/practice-mcq-question-on-flow-control/?page=3,
Java,flow control,"In Java, what does the ""continue"" statement do in a loop?",Skips the current iteration of a loop and continues to the next,Exits the loop immediately,Repeats the loop from the beginning,Terminates the program,A,,medium,web:Examveda.com https://www.examveda.com/java-program/practice-mcq-question-on-flow-control/?page=3,
Java,flow control,"What is the purpose of the ""break"" statement in a ""switch"" statement?",Terminates the program,Repeats the case statements,Exits the loop containing the switch statement,Exits the switch statement prematurely,D,,medium,web:Examveda.com https://www.examveda.com/java-program/practice-mcq-question-on-flow-control/?page=3,
Java,flow control,"In Java, what does the ""default"" case in a ""switch"" statement do?",Indicates the end of the switch statement,Repeats the switch statement,Provides a block of code to execute when none of the cases match,Throws an exception,C,,medium,web:Examveda.com https://www.examveda.com/java-program/practice-mcq-question-on-flow-control/?page=3,
Java,flow control,"What is the output of the following code snippet? int p = 3; switch (p) { case 1: System.out.print(""One""); case 2: System.out.print(""Two""); default: System.out.print(""Default""); }",Default,OneTwoDefault,One,One Default,B,,medium,web:Examveda.com https://www.examveda.com/java-program/practice-mcq-question-on-flow-control/?page=3,
Java,flow control,"In Java, what is the purpose of the ""for-each"" loop?",Defining methods,Declaring variables,Iterating over elements of an array or collection,Performing mathematical calculations,C,,medium,web:Examveda.com https://www.examveda.com/java-program/practice-mcq-question-on-flow-control/?page=3,
Java,flow control,Which keyword is used to exit a loop in Java?,continue,return,exit,break,D,,medium,web:Examveda.com https://www.examveda.com/java-program/practice-mcq-question-on-flow-control/?page=3,
Java,flow control,"In java, ............ can only test for equality, where as .......... can evaluate any type of the Boolean expression.","switch, if","if, switch","if, break","continue, if",A,,medium,web:Examveda.com https://www.examveda.com/java-program/practice-mcq-question-on-flow-control/?page=4,
Java,flow control,"What will be the output of the following program? 
public class Test{
 public static void main(String args[]){
 int i = 0, j = 5 ;
 for( ; (i",0 6 1 7 2 8 3 8,0 6 1 7 2 8 3 9,0 6 1 5 2 5 3 5,Compilation Error,A,,medium,web:Examveda.com https://www.examveda.com/java-program/practice-mcq-question-on-flow-control/?page=4,
Java,flow control,"Consider the following program written in Java. 
class Test{
 public static void main(String args[]){
 int x=7; 
 if(x==2); // Note the semicolon
 System.out.println(""NumberSeven"");
 System.out.println(""NotSeven"");
 }
} 
What would the output of the program be?",NumberSeven NotSeven,NumberSeven,NotSeven,Error,A,,medium,web:Examveda.com https://www.examveda.com/java-program/practice-mcq-question-on-flow-control/?page=4,
Java,flow control,"Determine output: 
public class Test{
 public static void main(String args[]){
 int i, j;
 for(i=1, j=0;i",10,11,9,20,A,In giving a program for loop will be break when i=10. Since after for only one statement execute ( j += i;) because brace is not mentioned and after that print statement will execute and print i=10,medium,web:Examveda.com https://www.examveda.com/java-program/practice-mcq-question-on-flow-control/?page=4,
Java,flow control,"What will be the output? 
public class Test{
 public static void main(String[] args){
 int x=10, y=0;
 if(x && y){
 System.out.print(""TRUE"");
 }
 else{
 System.out.print(""FALSE"");
 }
 }
}",FALSE,TRUE,Compilation Error,Runtime Error,C,"bad operand types for binary operator '&&' 
 if(x && y)",medium,web:Examveda.com https://www.examveda.com/java-program/practice-mcq-question-on-flow-control/?page=4,
Java,flow control,"What will be the value of y after execution of switch statement? 
public class Test{
 public static void main(String[] args){
 int x = 3, y = 4;
 switch(x + 3){
 case 6: y = 0;
 case 7: y = 1;
 default: y += 1;
 }
 }
}",1,2,3,4,B,Initially 'x' = 3 and y =4 when switch statement execute switch(x + 3) case 6 will be executed and initialize y = 0 and after that case 7 will be executed (because there is no break statement so it will execute all the case) and initialize y = 1 and after that default case execute which add 1 in y and y become 2.,medium,web:Examveda.com https://www.examveda.com/java-program/practice-mcq-question-on-flow-control/?page=4,
Java,flow control,"What is the printout of the following switch statement? 
char ch = 'a'; 
switch (ch){
 case 'a':
 case 'A': System.out.print(ch); break;
 case 'b':
 case 'B': System.out.print(ch); break;
 case 'c':
 case 'C': System.out.print(ch); break;
 case 'd':
 case 'D': System.out.print(ch);
}",abcd,aa,a,ab,C,,medium,web:Examveda.com https://www.examveda.com/java-program/practice-mcq-question-on-flow-control/?page=4,
Java,flow control,"How many times will the following code print ""Welcome to Examveda""? 
int count = 0;
do {
 System.out.println(""Welcome to Examveda"");
 count++;
} while (count",8,9,10,11,C,,medium,web:Examveda.com https://www.examveda.com/java-program/practice-mcq-question-on-flow-control/?page=4,
Java,flow control,"Choose the correct statement in context of the following program code. 
public class Test{
 public static void main(String[] args){
 double sum = 0;
 for(double d = 0; d",The program has a compile error because the adjustment is missing in the for loop.,The program has a compile error because the control variable in the for loop cannot be of the double type.,The program runs in an infinite loop because d<10 would always be true.,The program compiles and runs fine.,D,,medium,web:Examveda.com https://www.examveda.com/java-program/practice-mcq-question-on-flow-control/?page=4,
Java,flow control,Which of the following for loops will be an infinite loop?,for(; ;),for(i=0 ; i<1; i--),for(i=0; ; i++),All of the above,D,,medium,web:Examveda.com https://www.examveda.com/java-program/practice-mcq-question-on-flow-control/?page=5,
Java,flow control,"What will be the result of the following code? 
public class Test{
 static public void main(String args[]){ //line 2
 int i, j;
 for(i=0; i",1 2 3 1,1 2 3 2,Repeatedly print 1 2 3 and cause infinite loop.,Compilation fails because of line 2,C,,medium,web:Examveda.com https://www.examveda.com/java-program/practice-mcq-question-on-flow-control/?page=5,
Java,flow control,"What will be the result of compiling and running the following code: 
public class Test{
 public static void main(String... args) throws Exception{
 Integer i = 34;
 int l = 34;
 if(i.equals(l)){
 System.out.println(""true"");
 }else{
 System.out.println(""false"");
 }
 }
}",true,false,Compiler error,None of these,A,Equals() method for the integer wrappers will only return true if the two primitive types and the two values are equal.,medium,web:Examveda.com https://www.examveda.com/java-program/practice-mcq-question-on-flow-control/?page=5,
Java,flow control,"What all gets printed when the following program is compiled and run? 
public class Test{
 public static void main(String args[]){
 int i=0, j=2;
 do{
 i=++i;
 j--;
 }while(j>0);
 System.out.println(i);
 }
}",0,1,2,"The program does not compile because of statement ""i=++i;""",C,,medium,web:Examveda.com https://www.examveda.com/java-program/practice-mcq-question-on-flow-control/?page=5,
Java,flow control,"What will be the output? 
public class Test{
 public static void main(String args[]){ 
 int i = 1;
 do{
 i--;
 }while(i > 2);
 System.out.println(i);
 }
}",1,2,-1,0,D,,medium,web:Examveda.com https://www.examveda.com/java-program/practice-mcq-question-on-flow-control/?page=5,
Java,flow control,"public class Test{
 public static void main(String [] args){
 int x = 0;
 // insert code here
 do{ } while(x++ 
Which option, inserted at line 4, produces the output 12?",int y = x;,int y = 10;,int y = 11;,int y = 12;,C,"x reaches the value of 11, at which point the while test fails. 
x is then incremented (after the comparison test!), and the println() method runs. 
Hence, choice A, B, D, E, and F are incorrect based on the above point.",medium,web:Examveda.com https://www.examveda.com/java-program/practice-mcq-question-on-flow-control/?page=5,
Java,flow control,"What will be the result? 
int i = 10;
while(i++",10,11,12,13,D,"Initially i=10, when it reaches to while statement i++ Therefore when print statement will execute after while loop it Print 13",medium,web:Examveda.com https://www.examveda.com/java-program/practice-mcq-question-on-flow-control/?page=5,
Java,flow control,What is the process by which we can control what parts of a program can access the members of a class?,Polymorphism,Abstraction,Encapsulation,Recursion,C,,medium,web:Examveda.com https://www.examveda.com/java-program/practice-mcq-question-on-flow-control/?page=5,
Java,flow control,Which of these access specifier must be used for class so that it can be inherited by another subclass?,public,private,protected,none of the mentioned,A,,medium,web:Examveda.com https://www.examveda.com/java-program/practice-mcq-question-on-flow-control/?page=6,
Java,flow control,Which of these is used as a default for a member of a class if no access specifier is used for it?,private,public,"public, within its own package",protected,A,,medium,web:Examveda.com https://www.examveda.com/java-program/practice-mcq-question-on-flow-control/?page=6,
Java,flow control,Which of these access specifiers must be used for main() method?,private,public,protected,none of the mentioned,B,,medium,web:Examveda.com https://www.examveda.com/java-program/practice-mcq-question-on-flow-control/?page=6,
Java,flow control,"What will be the output of the following Java code? 
class static_out 
{
 static int x;
static int y;
 void add(int a, int b)
 {
 x = a + b;
 y = x + b;
 }
} 
public class static_use 
{
 public static void main(String args[])
 {
 static_out obj1 = new static_out();
 static_out obj2 = new static_out(); 
 int a = 2;
 obj1.add(a, a + 1);
 obj2.add(5, a);
 System.out.println(obj1.x + "" "" + obj2.y); 
 }
}",7 7.4,6 6.4,7 9,9 7,C,,medium,web:Examveda.com https://www.examveda.com/java-program/practice-mcq-question-on-flow-control/?page=6,
Java,flow control,"What will be the output of the following Java code? 
class access
{
 public int x;
private int y;
 void cal(int a, int b)
 {
 x = a + 1;
 y = b;
 } 
} 
public class access_specifier 
{
 public static void main(String args[])
 {
 access obj = new access(); 
 obj.cal(2, 3);
 System.out.println(obj.x + "" "" + obj.y); 
 }
}",3 3,2 3,Runtime Error,Compilation Error,C,,medium,web:Examveda.com https://www.examveda.com/java-program/practice-mcq-question-on-flow-control/?page=6,
Java,flow control,Which of these is used to access a member of class before object of that class is created?,public,private,static,protected,C,,medium,web:Examveda.com https://www.examveda.com/java-program/practice-mcq-question-on-flow-control/?page=6,
Java,flow control,Which of the following statements are incorrect?,public members of class can be accessed by any code in the program,private members of class can only be accessed by other members of the class,"private members of class can be inherited by a subclass, and become protected members in subclass","protected members of a class can be inherited by a subclass, and become private members of the subclass",C,,medium,web:Examveda.com https://www.examveda.com/java-program/practice-mcq-question-on-flow-control/?page=6,
Java,flow control,"What will be the output of the following Java code? 
class access
{
 public int x;
private int y;
 void cal(int a, int b)
 {
 x = a + 1;
 y = b;
 } 
 void print() 
 {
 System.out.println("" "" + y); 
 } 
} 
public class access_specifier 
{
 public static void main(String args[])
 {
 access obj = new access(); 
 obj.cal(2, 3);
 System.out.println(obj.x);
 obj.print(); 
 }
}",2 3,3 3,Runtime Error,Compilation Error,B,,medium,web:Examveda.com https://www.examveda.com/java-program/practice-mcq-question-on-flow-control/?page=6,
Java,overriding and overloading,What is the purpose of method overloading in Java?,Creating static methods,Hiding methods in a superclass,Redefining methods in a subclass,Defining multiple methods with the same name but different parameters,D,,medium,web:Examveda.com https://www.examveda.com/java-program/practice-mcq-question-on-overriding-and-overloading/,
Java,overriding and overloading,"In method overriding, which keyword is used in the child class to indicate that a method is intended to override a superclass method?",@OverrideMethod,@OverrideSuper,@Override,@OverrideParent,C,,medium,web:Examveda.com https://www.examveda.com/java-program/practice-mcq-question-on-overriding-and-overloading/,
Java,overriding and overloading,What happens when a subclass tries to override a final method from the superclass in Java?,The final method is hidden,It results in a compilation error,The final method becomes static,The final method is null,B,,medium,web:Examveda.com https://www.examveda.com/java-program/practice-mcq-question-on-overriding-and-overloading/,
Java,overriding and overloading,"In method overloading, what must be different between the overloaded methods in the same class?",The method name,The return type,The access modifier,The number or type of parameters,D,,medium,web:Examveda.com https://www.examveda.com/java-program/practice-mcq-question-on-overriding-and-overloading/,
Java,overriding and overloading,"Which method is called during method overriding in Java if the superclass method is invoked using the ""super"" keyword?",The superclass method,The subclass method,Both methods are called,None of the methods are called,A,,medium,web:Examveda.com https://www.examveda.com/java-program/practice-mcq-question-on-overriding-and-overloading/,
Java,overriding and overloading,"In Java, can a subclass override a private method from its superclass?","No, private methods cannot be overridden","Yes, regardless of the access modifier","Yes, as long as it's in the same package","No, private methods are not visible to subclasses",D,"In Java, private methods of a superclass are not accessible outside that class, including its subclasses. 
Since a subclass cannot see a private method of its superclass, it cannot override it. 
Even if a subclass declares a method with the same name and signature, it is treated as a new method, not an overridden one. 
Option A states a general rule but Option D gives the precise reason for why overriding is not possible. 
Therefore, the correct answer is Option D – No, private methods are not visible to subclasses.",medium,web:Examveda.com https://www.examveda.com/java-program/practice-mcq-question-on-overriding-and-overloading/,
Java,overriding and overloading,"What is the result of the following code snippet? class Parent { void display() { System.out.println(""Parent""); } } class Child extends Parent { void display() { System.out.println(""Child""); } } public class Main { public static void main(String[] args) { Parent obj = new Child(); obj.display(); } }",Parent,Compilation error,Child,Runtime exception,C,,medium,web:Examveda.com https://www.examveda.com/java-program/practice-mcq-question-on-overriding-and-overloading/,
Java,overriding and overloading,"In Java, what is the return type of a method that does not return any value?",String,void,Object,None of These,B,,medium,web:Examveda.com https://www.examveda.com/java-program/practice-mcq-question-on-overriding-and-overloading/,
Java,overriding and overloading,What is the difference between method overloading and method overriding in Java?,"Method overloading only works with static methods, while method overriding works with instance methods","Method overloading is not allowed in Java, while method overriding is a required feature","Method overloading involves multiple methods with the same name in the same class, while method overriding involves redefining a superclass method in a subclass","Method overloading involves creating new methods in a subclass, while method overriding involves hiding superclass methods",C,,medium,web:Examveda.com https://www.examveda.com/java-program/practice-mcq-question-on-overriding-and-overloading/?page=2,
Java,overriding and overloading,"In method overriding, is it mandatory for the return type of the subclass method to be the same as the superclass method?","Yes, it must be the same","No, it can be different",It depends on the access modifier,It depends on the method name,A,,medium,web:Examveda.com https://www.examveda.com/java-program/practice-mcq-question-on-overriding-and-overloading/?page=2,
Java,overriding and overloading,"What is the purpose of the ""super"" keyword in method overriding?",To make the method static,To hide the superclass method,To create a new object,To call the superclass method,D,,medium,web:Examveda.com https://www.examveda.com/java-program/practice-mcq-question-on-overriding-and-overloading/?page=2,
Java,overriding and overloading,"What is the purpose of the ""@Override"" annotation in Java?",To make a method static,To create a new method,To indicate that a method is intended to override a superclass method,To declare a variable,C,,medium,web:Examveda.com https://www.examveda.com/java-program/practice-mcq-question-on-overriding-and-overloading/?page=2,
Java,overriding and overloading,"What is the result of the following code snippet? class Parent { void display() { System.out.println(""Parent""); } } class Child extends Parent { void display() { System.out.println(""Child""); } } public class Main { public static void main(String[] args) { Child obj = new Child(); obj.display(); } }",Compilation error,Child,Runtime exception,None of These,B,,medium,web:Examveda.com https://www.examveda.com/java-program/practice-mcq-question-on-overriding-and-overloading/?page=2,
Java,overriding and overloading,"In method overloading, can methods have the same name and the same parameter types if their return types are different?","No, the method names must be different","Yes, it is allowed","No, it is not allowed","Yes, as long as the access modifiers are different",C,,medium,web:Examveda.com https://www.examveda.com/java-program/practice-mcq-question-on-overriding-and-overloading/?page=2,
Java,overriding and overloading,Can a method be both overloaded and overridden in the same class in Java?,"Yes, as long as the method names are the same","Yes, as long as the access modifiers are the same","No, it is not allowed","No, method overloading and overriding are mutually exclusive",A,,medium,web:Examveda.com https://www.examveda.com/java-program/practice-mcq-question-on-overriding-and-overloading/?page=2,
Java,overriding and overloading,"In method overloading, can methods have the same name and the same return type if their parameter types are different?","Yes, as long as the methods are final","Yes, as long as the methods are static","No, it is not allowed","Yes, it is allowed",D,,medium,web:Examveda.com https://www.examveda.com/java-program/practice-mcq-question-on-overriding-and-overloading/?page=2,
Java,overriding and overloading,"What is the purpose of the ""super"" keyword in method overloading?",To create a new object,To make the method final,To call the superclass constructor,To hide the superclass method,C,,medium,web:Examveda.com https://www.examveda.com/java-program/practice-mcq-question-on-overriding-and-overloading/?page=3,
Java,overriding and overloading,"In Java, can a subclass overload a method from its superclass?","Yes, as long as the method is marked as ""private""","No, method overloading is not allowed in Java","No, method overloading is not supported",None of These,D,"Method overloading occurs when two or more methods in the same class (or subclass and superclass) have the same name but different parameter lists. 
In Java, a subclass can overload a method from its superclass by defining a method with the same name but a different parameter list. 
Option A is incorrect because a method marked as private in the superclass is not visible to the subclass, so it cannot be directly overloaded. 
Option B and C are incorrect because method overloading is a fundamental feature of Java and is fully supported. 
Therefore, the correct answer is Option D: None of These since none of the given options correctly describe method overloading in Java.",medium,web:Examveda.com https://www.examveda.com/java-program/practice-mcq-question-on-overriding-and-overloading/?page=3,
Java,overriding and overloading,"What is the result of the following code snippet? class Parent { void display() { System.out.println(""Parent""); } } class Child extends Parent { void display() { System.out.println(""Child""); } } public class Main { public static void main(String[] args) { Parent obj = new Parent(); obj.display(); } }",Runtime exception,Compilation error,Parent,Child,C,,medium,web:Examveda.com https://www.examveda.com/java-program/practice-mcq-question-on-overriding-and-overloading/?page=3,
Java,overriding and overloading,"In Java, can a method be overloaded by changing only the return type?","Yes, it is allowed","Yes, but only for static methods","No, methods with the same name must have the same return type","No, the return type cannot be changed",D,,medium,web:Examveda.com https://www.examveda.com/java-program/practice-mcq-question-on-overriding-and-overloading/?page=3,
Java,overriding and overloading,What is the purpose of method hiding in Java?,Creating a static method with the same name as a superclass method,Redefining a method with a different return type in a subclass,Making a method private in a subclass,Defining a new method with the same name in a subclass,A,,medium,web:Examveda.com https://www.examveda.com/java-program/practice-mcq-question-on-overriding-and-overloading/?page=3,
Java,overriding and overloading,"In method overriding, is it mandatory for the method name in the subclass to be the same as the method name in the superclass?",It depends on the access modifier,It depends on the return type,"No, it can be different","Yes, it must be the same",D,,medium,web:Examveda.com https://www.examveda.com/java-program/practice-mcq-question-on-overriding-and-overloading/?page=3,
Java,overriding and overloading,What happens when a subclass tries to override a static method from the superclass in Java?,It overrides the method successfully,The static method is hidden,It results in a compilation error,The static method becomes final,C,,medium,web:Examveda.com https://www.examveda.com/java-program/practice-mcq-question-on-overriding-and-overloading/?page=3,
Java,overriding and overloading,"In method overloading, can methods have the same name and the same parameter types if their access modifiers are different?","Yes, but only for static methods","No, it is not allowed","No, the methods must have different parameter types",None of These,B,,medium,web:Examveda.com https://www.examveda.com/java-program/practice-mcq-question-on-overriding-and-overloading/?page=3,
Java,overriding and overloading,What is the purpose of method overriding in Java?,Creating static methods,Hiding superclass methods,Redefining a superclass method in a subclass to provide a specific implementation,Defining a new method with the same name in a subclass,C,,medium,web:Examveda.com https://www.examveda.com/java-program/practice-mcq-question-on-overriding-and-overloading/?page=3,
Java,overriding and overloading,"In Java, can a subclass override a protected method from its superclass?","Yes, regardless of the package","No, protected methods cannot be overridden","No, protected methods are private","Yes, as long as it's in the same package",D,,medium,web:Examveda.com https://www.examveda.com/java-program/practice-mcq-question-on-overriding-and-overloading/?page=3,
Java,overriding and overloading,"What is output of the program? 
class Test{
 public void display(int x, double y){
 System.out.println(x+y);
 } 
 public double display(int p, double q){
 return (p+q);
 }
 public static void main(String args[]){
 Test test = new Test();
 test.display(4, 5.0);
 System.out.println(test.display(4, 5.0));
 }
}",9.0 9.0,9 9,Compilation Error,None of these,C,,medium,web:Examveda.com https://www.examveda.com/java-program/practice-mcq-question-on-overriding-and-overloading/?page=4,
Java,overriding and overloading,"what is the result of the following piece of code: 
public class Person{
 public void talk(){
 System.out.print(""I am a Person"");
 }
}

public class Student extends Person{
 public void talk(){
 System.out.print(""I am a Student"");
 }
}

public class Test{
 public static void main(String args[]){
 Person p = new Student();
 p.talk();
 }
}",I am a Person,I am a Student,I am a Person I am a Student,I am a Student I am a Person,B,,medium,web:Examveda.com https://www.examveda.com/java-program/practice-mcq-question-on-overriding-and-overloading/?page=4,
Java,overriding and overloading,"What will be the output? 
interface A{
 public void method1();
}
class One implements A{
 public void method1(){
 System.out.println(""Class One method1"");
 }
}
class Two extends One{
 public void method1(){
 System.out.println(""Class Two method1"");
 }
}
public class Test extends Two{
 public static void main(String[] args){
 A a = new Two();
 a.method1();
 }
}",Class One method1,Class Two method1,Nothing will be printed,Compilation Error,B,,medium,web:Examveda.com https://www.examveda.com/java-program/practice-mcq-question-on-overriding-and-overloading/?page=4,
Java,overriding and overloading,"What will be the output of the following program code? 
class Rectangle{
 public int area(int length, int width){
 return length*width;
 }
}
class Square extends Rectangle{
 public int area(long length, long width){
 return (int) Math.pow(length, 2);
 }
}
public class Test{
 public static void main(String args[]){
 Square r = new Square();
 System.out.println(r.area(5 , 4));
 }
}",Will not compile.,Will compile and run printing out 20,Runtime error,Will compile and run printing out 25,B,,medium,web:Examveda.com https://www.examveda.com/java-program/practice-mcq-question-on-overriding-and-overloading/?page=4,
Java,overriding and overloading,"What will be printed after executing following program code? 
class Base{
 int value = 0;
 Base(){
 addValue();
 }
 void addValue(){
 value += 10;
 }
 int getValue(){
 return value;
 }
}
class Derived extends Base{
 Derived(){
 addValue();
 }
 void addValue(){
 value += 20;
 }
}
public class Test{
 public static void main(String[] args){
 Base b = new Derived();
 System.out.println(b.getValue());
 }
}",10,20,30,40,D,,medium,web:Examveda.com https://www.examveda.com/java-program/practice-mcq-question-on-overriding-and-overloading/?page=4,
Java,overriding and overloading,"What will be the output? 
class A{
 static void method(){
 System.out.println(""Class A method"");
 }
}
class B extends A{
 static void method(){
 System.out.println(""Class B method"");
 }
}
public class Test{
 public static void main(String args[]){
 A a = new B();
 a.method();
 }
}",Class A method,Class B method,Compilation Error,Runtime Error,A,Overriding in Java simply means that the particular method would be called based on the run time type of the object and not on the compile time type. But in the above case the methods are static which means access to them is always resolved during compile time only using the compile time type information. Accessing them using object references is just an extra liberty given by the designers of Java.,medium,web:Examveda.com https://www.examveda.com/java-program/practice-mcq-question-on-overriding-and-overloading/?page=4,
Java,overriding and overloading,____________ method cannot be overridden.,super,static,final,private,C,,medium,web:Examveda.com https://www.examveda.com/java-program/practice-mcq-question-on-overriding-and-overloading/?page=4,
Java,overriding and overloading,"What will be the output? 
class A{
 int i = 10;
 public void printValue(){
 System.out.print(""Value-A"");
 }
}

class B extends A{
 int i = 12;
 public void printValue(){
 System.out.print(""Value-B"");
 }
}

public class Test{
 public static void main(String args[]){
 A a = new B();
 a.printValue();
 System.out.print(a.i);
 }
}",Value-B 11,Value-B 10,Value-A 10,Value-A 11,B,If you create object of subclass with reference of super class like ( A a = new B();) then subclass method and super class variable will be executed.,medium,web:Examveda.com https://www.examveda.com/java-program/practice-mcq-question-on-overriding-and-overloading/?page=4,
Java,overriding and overloading,"Determine output: 
class A{
 public void printValue(){
 System.out.println(""Value-A"");
 }
}
class B extends A{
 public void printNameB(){
 System.out.println(""Name-B"");
 }
}
class C extends A{
 public void printNameC(){
 System.out.println(""Name-C"");
 }
}

public class Test{
 public static void main (String[] args){
 B b = new B();
 C c = new C();
 newPrint(b);
 newPrint(c);
 }
 public static void newPrint(A a){
 a.printValue();
 }
 }",Value-A Name-B,Value-A Value-A,Value-A Name-C,Name-B Name-C,B,"Class B extended Class A therefore all methods of Class A will be available to class B except private methods. Class C extended Class A therefore all methods of Class A will be available to class C except private methods.
 

 
 
 
 



 
 
 
 
 
 
 
 
 
 
 
 
 
1
2
3
4
5
6
7

 
 
 
 
 
 
 
 
 
 

 
 

 -->
 
 
 


 

-->
 
 
 Copyright © 2026 Examveda.com
 
 
 
 
 
 
 
 
 
 About Us |
 Terms & Condition |
 Privacy Policy |
 Contact Us",medium,web:Examveda.com https://www.examveda.com/java-program/practice-mcq-question-on-overriding-and-overloading/?page=4,
Java,overriding and overloading,"What is the output for the below code? 
class A{
 private void printName(){
 System.out.println(""Value-A"");
 }
}
class B extends A{
 public void printName(){
 System.out.println(""Name-B"");
 }
}
public class Test{
 public static void main (String[] args){
 B b = new B();
 b.printName();
 }
}",Value-A,Name-B,Value-A Name-B,Compilation fails - private methods can't be override,B,"You can not override private method , private method is not availabe in subclass . In this case printName() method a class A is not overriding by printName() method of class B. printName() method of class B different method. So you can call printName() method of class B.",medium,web:Examveda.com https://www.examveda.com/java-program/practice-mcq-question-on-overriding-and-overloading/?page=5,
Java,overriding and overloading,Which of these keywords can be used to prevent Method overriding?,static,constant,protected,final,D,,medium,web:Examveda.com https://www.examveda.com/java-program/practice-mcq-question-on-overriding-and-overloading/?page=5,
Java,overriding and overloading,"What will be the output of the following Java program? 
final class A 
 {
 int i;
 } 
 class B extends A 
 {
 int j;
 System.out.println(j + "" "" + i); 
 } 
 class inheritance 
 {
 public static void main(String args[])
 {
 B obj = new B();
 obj.display(); 
 }
}",2 2,3 3,Runtime Error,Compilation Error,D,,medium,web:Examveda.com https://www.examveda.com/java-program/practice-mcq-question-on-overriding-and-overloading/?page=5,
Java,overriding and overloading,"What will be the output of the following Java program? 
class Alligator 
{
 public static void main(String[] args) 
 {
 int []x[] = {{1,2}, {3,4,5}, {6,7,8,9}};
 int [][]y = x;
 System.out.println(y[2][1]);
 }
}",2,3,7,Compilation Error,C,,medium,web:Examveda.com https://www.examveda.com/java-program/practice-mcq-question-on-overriding-and-overloading/?page=5,
Java,overriding and overloading,"What will be the output of the following Java code? 
class overload 
{
 int x;
int y;
 void add(int a)
 {
 x = a + 1;
 }
 void add(int a , int b)
 {
 x = a + 2;
 } 
} 
class Overload_methods 
{
 public static void main(String args[])
 {
 overload obj = new overload(); 
 int a = 0;
 obj.add(6, 7);
 System.out.println(obj.x); 
 }
}",6,7,8,9,C,,medium,web:Examveda.com https://www.examveda.com/java-program/practice-mcq-question-on-overriding-and-overloading/?page=5,
Java,overriding and overloading,What is the process of defining a method in a subclass having same name & type signature as a method in its superclass?,Method overloading,Method overriding,Method hiding,None of the mentioned,B,,medium,web:Examveda.com https://www.examveda.com/java-program/practice-mcq-question-on-overriding-and-overloading/?page=5,
Java,overriding and overloading,"What will be the output of the following Java code? 
class A
{
 public void m1 (int i,float f)
 {
 System.out.println("" int float method"");
 }
 
 public void m1(float f,int i);
 {
 System.out.println(""float int method"");
 }
 
 public static void main(String[]args)
 {
 A a=new A();
 a.m1(20,20);
 }
}",int float method,float int method,compile time error,run time error,C,,medium,web:Examveda.com https://www.examveda.com/java-program/practice-mcq-question-on-overriding-and-overloading/?page=5,
Java,overriding and overloading,"Which of these is correct way of calling a constructor having no parameters, of superclass A by subclass B?",super(void);,superclass.();,super.A();,super();,D,,medium,web:Examveda.com https://www.examveda.com/java-program/practice-mcq-question-on-overriding-and-overloading/?page=5,
Java,overriding and overloading,What is the process of defining two or more methods within same class that have same name but different parameters declaration?,method overloading,method overriding,method hiding,none of the mentioned,A,,medium,web:Examveda.com https://www.examveda.com/java-program/practice-mcq-question-on-overriding-and-overloading/?page=5,
Java,overriding and overloading,"What will be the output of the following Java code? 
class test 
{
 int a;
 int b;
 test(int i, int j) 
 {
 a = i;
 b = j;
 }
 void meth(test o) 
 {
 o.a *= 2;
 O.b /= 2;
 } 
} 
class Output 
{
 public static void main(String args[])
 {
 test obj = new test(10 , 20);
 obj.meth(obj);
 System.out.println(obj.a + "" "" + obj.b); 
 } 
}",10 20,20 10,20 40,40 20,B,,medium,web:Examveda.com https://www.examveda.com/java-program/practice-mcq-question-on-overriding-and-overloading/?page=6,
Java,overriding and overloading,Which of these is correct about passing an argument by call-by-value process?,Copy of argument is made into the formal parameter of the subroutine,Reference to original argument is passed to formal parameter of the subroutine,Copy of argument is made into the formal parameter of the subroutine and changes made on parameters of subroutine have effect on original argument,Reference to original argument is passed to formal parameter of the subroutine and changes made on parameters of subroutine have effect on original argument,A,,medium,web:Examveda.com https://www.examveda.com/java-program/practice-mcq-question-on-overriding-and-overloading/?page=6,
Java,overriding and overloading,"What will be the output of the following Java code? 
class overload 
{
 int x;
int y;
 void add(int a) 
 {
 x = a + 1;
 }
 void add(int a, int b)
 {
 x = a + 2;
 } 
} 
class Overload_methods 
{
 public static void main(String args[])
 {
 overload obj = new overload(); 
 int a = 0;
 obj.add(6);
 System.out.println(obj.x); 
 }
}",5,6,7,8,C,,medium,web:Examveda.com https://www.examveda.com/java-program/practice-mcq-question-on-overriding-and-overloading/?page=6,
Java,overriding and overloading,"What will be the output of the following Java code? 
class overload 
{
 int x;
double y;
 void add(int a , int b) 
 {
 x = a + b;
 }
 void add(double c , double d)
 {
 y = c + d;
 }
 overload() 
 {
 this.x = 0;
 this.y = 0;
 } 
 } 
 class Overload_methods 
 {
 public static void main(String args[])
 {
 overload obj = new overload(); 
 int a = 2;
 double b = 3.2;
 obj.add(a, a);
 obj.add(b, b);
 System.out.println(obj.x + "" "" + obj.y); 
 }
}",6 6,6.4 6.4,6.4 6,4 6.4,D,,medium,web:Examveda.com https://www.examveda.com/java-program/practice-mcq-question-on-overriding-and-overloading/?page=6,
Java,overriding and overloading,Which of these is supported by method overriding in Java?,Abstraction,Encapsulation,Polymorphism,None of the mentioned,C,,medium,web:Examveda.com https://www.examveda.com/java-program/practice-mcq-question-on-overriding-and-overloading/?page=6,
Java,overriding and overloading,"What is the process of defining a method in terms of itself, that is a method that calls itself?",Polymorphism,Abstraction,Encapsulation,Recursion,D,,medium,web:Examveda.com https://www.examveda.com/java-program/practice-mcq-question-on-overriding-and-overloading/?page=6,
Java,overriding and overloading,Which of this keyword can be used in a subclass to call the constructor of superclass?,super,this,extent,extends,A,,medium,web:Examveda.com https://www.examveda.com/java-program/practice-mcq-question-on-overriding-and-overloading/?page=6,
Java,overriding and overloading,"What will be the output of the following Java program? 
class Abc
{
 public static void main(String[]args)
 {
 String[] elements = { ""for"", ""tea"", ""too"" };
 String first = (elements.length > 0) ? elements[0]: null;
 }
}",Compilation error,An exception is thrown at run time,The variable first is set to null,The variable first is set to elements[0],D,,medium,web:Examveda.com https://www.examveda.com/java-program/practice-mcq-question-on-overriding-and-overloading/?page=6,
Java,overriding and overloading,Which of these can be overloaded?,Methods,Constructors,All of the mentioned,None of the mentioned,C,,medium,web:Examveda.com https://www.examveda.com/java-program/practice-mcq-question-on-overriding-and-overloading/?page=6,
Java,overriding and overloading,"At line number 2 in the following code, choose 3 valid data-type attributes/qualifiers among ""final, static, native, public, private, abstract, protected"" 
public interface Status
 {
 /* insert qualifier here */ int MY_VALUE = 10;
 }","final, native, private","final, static, protected","final, private, abstract","final, static, public",D,,medium,web:Examveda.com https://www.examveda.com/java-program/practice-mcq-question-on-overriding-and-overloading/?page=6,
Java,overriding and overloading,"What will be the output of the following Java code? 
class test 
{
 int a;
 int b;
 void meth(int i , int j) 
 {
 i *= 2;
 j /= 2;
 } 
} 
class Output 
{
 public static void main(String args[])
 {
 test obj = new test();
 int a = 10;
 int b = 20; 
 obj.meth(a , b);
 System.out.println(a + "" "" + b); 
 } 
}",10 20,20 10,20 40,40 20,A,,medium,web:Examveda.com https://www.examveda.com/java-program/practice-mcq-question-on-overriding-and-overloading/?page=7,
Java,overriding and overloading,"What will be the output of the following Java program? 
class A 
{
 int i;
 public void display() 
 {
 System.out.println(i);
 } 
} 
class B extends A 
{
 int j;
 public void display() 
 {
 System.out.println(j);
 } 
} 
class Dynamic_dispatch 
{
 public static void main(String args[])
 {
 B obj2 = new B();
 obj2.i = 1;
 obj2.j = 2;
 A r;
 r = obj2;
 r.display(); 
 }
}",1,2,3,4,B,,medium,web:Examveda.com https://www.examveda.com/java-program/practice-mcq-question-on-overriding-and-overloading/?page=7,
Java,interfaces and abstract classes,What is an interface in Java?,A contract specifying a set of methods that a class must implement,A class that cannot be instantiated,A class that contains only static methods,A subclass of the Object class,A,,medium,web:Examveda.com https://www.examveda.com/java-program/practice-mcq-question-on-interfaces-and-abstract-classes/,
Java,interfaces and abstract classes,"In Java, can a class implement multiple interfaces?",Interfaces cannot be implemented by classes,Only abstract classes can implement interfaces,"No, a class can only implement one interface","Yes, a class can implement multiple interfaces",D,,medium,web:Examveda.com https://www.examveda.com/java-program/practice-mcq-question-on-interfaces-and-abstract-classes/,
Java,interfaces and abstract classes,Which keyword is used to declare an interface in Java?,class,abstract,interface,extends,C,,medium,web:Examveda.com https://www.examveda.com/java-program/practice-mcq-question-on-interfaces-and-abstract-classes/,
Java,interfaces and abstract classes,What is the purpose of an abstract class in Java?,To declare abstract methods,To provide a base class with common methods and fields,To make a class final,None of These,B,,medium,web:Examveda.com https://www.examveda.com/java-program/practice-mcq-question-on-interfaces-and-abstract-classes/,
Java,interfaces and abstract classes,"In Java, can an abstract class be instantiated?","Only if it is marked as ""final""",Only if it has a constructor,"No, an abstract class cannot be instantiated","Yes, an abstract class can be instantiated",C,,medium,web:Examveda.com https://www.examveda.com/java-program/practice-mcq-question-on-interfaces-and-abstract-classes/,
Java,interfaces and abstract classes,"What is the purpose of the ""implements"" keyword in Java?",To extend an abstract class,To indicate a constructor,To create an instance of a class,To indicate that a class is implementing an interface,D,,medium,web:Examveda.com https://www.examveda.com/java-program/practice-mcq-question-on-interfaces-and-abstract-classes/,
Java,interfaces and abstract classes,Which of the following can contain both abstract and non-abstract methods?,Abstract class,Interface,Concrete class,Static class,A,,medium,web:Examveda.com https://www.examveda.com/java-program/practice-mcq-question-on-interfaces-and-abstract-classes/,
Java,interfaces and abstract classes,"In Java, can an interface have fields (member variables)?","Only if they are marked as ""static""","Only if they are marked as ""private""","No, interfaces cannot have fields","Yes, an interface can have constant (final) fields",D,,medium,web:Examveda.com https://www.examveda.com/java-program/practice-mcq-question-on-interfaces-and-abstract-classes/,
Java,interfaces and abstract classes,What is the purpose of an abstract method in an abstract class or interface?,To provide a concrete implementation of a method,To indicate that the method is static,To declare a method without providing an implementation,To make the method final,C,,medium,web:Examveda.com https://www.examveda.com/java-program/practice-mcq-question-on-interfaces-and-abstract-classes/,
Java,interfaces and abstract classes,Which keyword is used to define an abstract method in Java?,void,abstract,public,none of these,B,,medium,web:Examveda.com https://www.examveda.com/java-program/practice-mcq-question-on-interfaces-and-abstract-classes/,
Java,interfaces and abstract classes,"In Java, can an interface have private methods with implementations?","Only if the methods are marked as ""static""","Only if the methods are marked as ""final""","Yes, starting from Java 9, interfaces can have private methods","No, interfaces cannot have private methods",C,,medium,web:Examveda.com https://www.examveda.com/java-program/practice-mcq-question-on-interfaces-and-abstract-classes/?page=2,
Java,interfaces and abstract classes,"What is the result of the following code snippet? interface MyInterface { void myMethod(); } public class MyClass implements MyInterface { public void myMethod() { System.out.println(""Implementation""); } public static void main(String[] args) { MyInterface obj = new MyClass(); obj.myMethod(); } }",Compilation error,Runtime exception,MyClass,Implementation,D,,medium,web:Examveda.com https://www.examveda.com/java-program/practice-mcq-question-on-interfaces-and-abstract-classes/?page=2,
Java,interfaces and abstract classes,"In Java, can an abstract class extend another class?","No, abstract classes cannot extend other classes","Yes, abstract classes can extend both abstract and concrete classes","Only if the superclass is marked as ""static""","Only if the subclass is marked as ""final""",B,"In Java, abstract classes can extend both abstract and concrete classes. 
When an abstract class extends another class (whether abstract or concrete), it inherits the properties and methods of that class. 
An abstract class is allowed to inherit from a concrete class and can override or use the methods from the superclass. 
Option A is incorrect because abstract classes can extend other classes. 
Option C is incorrect since there is no requirement for the superclass to be marked as ""static."" 
Option D is incorrect as the subclass does not need to be marked ""final"" to extend a class.",medium,web:Examveda.com https://www.examveda.com/java-program/practice-mcq-question-on-interfaces-and-abstract-classes/?page=2,
Java,interfaces and abstract classes,"What is the purpose of the ""extends"" keyword in Java?",To mark a class as abstract,To declare a method,To implement an interface,To create a subclass,D,,medium,web:Examveda.com https://www.examveda.com/java-program/practice-mcq-question-on-interfaces-and-abstract-classes/?page=2,
Java,interfaces and abstract classes,"In Java, can an interface extend another interface?","No, interfaces cannot extend other interfaces",Only if both interfaces have the same methods,"Yes, an interface can extend multiple interfaces","Only if the interface is marked as ""private""",C,,medium,web:Examveda.com https://www.examveda.com/java-program/practice-mcq-question-on-interfaces-and-abstract-classes/?page=2,
Java,interfaces and abstract classes,"What is the result of the following code snippet? abstract class MyAbstract { abstract void myMethod(); } class MyClass extends MyAbstract { void myMethod() { System.out.println(""Implementation""); } public static void main(String[] args) { MyAbstract obj = new MyClass(); obj.myMethod(); } }",Runtime exception,Implementation,MyClass,None of these,B,,medium,web:Examveda.com https://www.examveda.com/java-program/practice-mcq-question-on-interfaces-and-abstract-classes/?page=2,
Java,interfaces and abstract classes,"In Java, can an abstract class have non-abstract methods?","Only if the abstract methods are marked as ""static""","Only if the non-abstract methods are marked as ""private""","Yes, an abstract class can have both abstract and non-abstract methods","No, abstract classes can only have abstract methods",C,,medium,web:Examveda.com https://www.examveda.com/java-program/practice-mcq-question-on-interfaces-and-abstract-classes/?page=2,
Java,interfaces and abstract classes,"What is the purpose of the ""default"" keyword in Java interfaces?",To mark a method as abstract,To create a new interface,To declare a class,To specify the default implementation of a method,D,,medium,web:Examveda.com https://www.examveda.com/java-program/practice-mcq-question-on-interfaces-and-abstract-classes/?page=2,
Java,interfaces and abstract classes,"What is the result of the following code snippet? interface MyInterface { default void myMethod() { System.out.println(""Default Implementation""); } } class MyClass implements MyInterface { public static void main(String[] args) { MyInterface obj = new MyClass(); obj.myMethod(); } }",Default Implementation,Compilation error,Runtime exception,MyClass,A,,medium,web:Examveda.com https://www.examveda.com/java-program/practice-mcq-question-on-interfaces-and-abstract-classes/?page=2,
Java,interfaces and abstract classes,"In Java, can a class implement an interface and extend an abstract class simultaneously?","Only if the class is marked as ""final""",Only if both the interface and abstract class have the same methods,"No, it is not allowed","Yes, a class can implement an interface and extend an abstract class",D,,medium,web:Examveda.com https://www.examveda.com/java-program/practice-mcq-question-on-interfaces-and-abstract-classes/?page=2,
Java,interfaces and abstract classes,"What is the purpose of the ""final"" keyword in Java?",To declare an abstract method,To create a static class,"To indicate that a class, method, or variable cannot be further extended, overridden, or modified",To indicate that a method is abstract,C,,medium,web:Examveda.com https://www.examveda.com/java-program/practice-mcq-question-on-interfaces-and-abstract-classes/?page=3,
Java,interfaces and abstract classes,"In Java, can an abstract class have constructors?","Only if the constructors are marked as ""private""","Yes, an abstract class can have constructors","Only if the constructors are marked as ""static""",None of These,B,,medium,web:Examveda.com https://www.examveda.com/java-program/practice-mcq-question-on-interfaces-and-abstract-classes/?page=3,
Java,interfaces and abstract classes,"What is the result of the following code snippet? abstract class MyAbstract { MyAbstract() { System.out.println(""Constructor""); } } class MyClass extends MyAbstract { public static void main(String[] args) { MyClass obj = new MyClass(); } }",MyClass,Runtime exception,Constructor,Compilation error,C,,medium,web:Examveda.com https://www.examveda.com/java-program/practice-mcq-question-on-interfaces-and-abstract-classes/?page=3,
Java,interfaces and abstract classes,"In Java, can an interface have static methods with implementations?","No, interfaces cannot have static methods","Only if the methods are marked as ""private""","Only if the methods are marked as ""final""","Yes, starting from Java 8, interfaces can have static methods with implementations",D,,medium,web:Examveda.com https://www.examveda.com/java-program/practice-mcq-question-on-interfaces-and-abstract-classes/?page=3,
Java,interfaces and abstract classes,"What is the result of the following code snippet? interface MyInterface { static void myMethod() { System.out.println(""Static Method""); } } class MyClass implements MyInterface { public static void main(String[] args) { MyInterface.myMethod(); } }",Static Method,Compilation error,Runtime exception,MyClass,A,,medium,web:Examveda.com https://www.examveda.com/java-program/practice-mcq-question-on-interfaces-and-abstract-classes/?page=3,
Java,interfaces and abstract classes,"In Java, can an abstract class have private methods with implementations?","Only if the methods are marked as ""final""","Only if the methods are marked as ""static""","No, abstract classes cannot have private methods","Yes, starting from Java 9, abstract classes can have private methods with implementations",D,,medium,web:Examveda.com https://www.examveda.com/java-program/practice-mcq-question-on-interfaces-and-abstract-classes/?page=3,
Java,interfaces and abstract classes,"What is the result of the following code snippet? abstract class MyAbstract { private void myMethod() { System.out.println(""Private Method""); } } class MyClass extends MyAbstract { public static void main(String[] args) { MyClass obj = new MyClass(); obj.myMethod(); } }",Private Method,Runtime exception,Compilation error,MyClass,C,,medium,web:Examveda.com https://www.examveda.com/java-program/practice-mcq-question-on-interfaces-and-abstract-classes/?page=3,
Java,interfaces and abstract classes,"In Java, can an abstract class have static methods with implementations?","Only if the methods are marked as ""private""","Yes, an abstract class can have static methods with implementations","Only if the methods are marked as ""final""",None of These,B,,medium,web:Examveda.com https://www.examveda.com/java-program/practice-mcq-question-on-interfaces-and-abstract-classes/?page=3,
Java,interfaces and abstract classes,"What is the result of the following code snippet? abstract class MyAbstract { static void myMethod() { System.out.println(""Static Method""); } } class MyClass extends MyAbstract { public static void main(String[] args) { MyAbstract.myMethod(); } }",MyClass,Runtime exception,Static Method,Compilation error,C,,medium,web:Examveda.com https://www.examveda.com/java-program/practice-mcq-question-on-interfaces-and-abstract-classes/?page=3,
Java,interfaces and abstract classes,"In Java, can an abstract class have default methods with implementations?","No, abstract classes cannot have default methods","Only if the methods are marked as ""private""","Only if the methods are marked as ""final""","Yes, starting from Java 8, abstract classes can have default methods with implementations",D,,medium,web:Examveda.com https://www.examveda.com/java-program/practice-mcq-question-on-interfaces-and-abstract-classes/?page=3,
Java,interfaces and abstract classes,"Given the following piece of code: 
public class School{
 public abstract double numberOfStudent();
} 
which of the following statements is true?",The keywords public and abstract cannot be used together.,The method numberOfStudent() in class School must have a body.,You must add a return statement in method numberOfStudent().,Class School must be defined abstract.,D,,medium,web:Examveda.com https://www.examveda.com/java-program/practice-mcq-question-on-interfaces-and-abstract-classes/?page=4,
Java,interfaces and abstract classes,Which of the following class definitions defines a legal abstract class?,class A { abstract void unfinished() { } },class A { abstract void unfinished(); },abstract class A { abstract void unfinished(); },public class abstract A { abstract void unfinished(); },C,,medium,web:Examveda.com https://www.examveda.com/java-program/practice-mcq-question-on-interfaces-and-abstract-classes/?page=4,
Java,interfaces and abstract classes,Which of the following declares an abstract method in an abstract Java class?,public abstract method();,public abstract void method();,public void abstract Method();,public void method() {},B,,medium,web:Examveda.com https://www.examveda.com/java-program/practice-mcq-question-on-interfaces-and-abstract-classes/?page=4,
Java,interfaces and abstract classes,"Suppose A is an abstract class, B is a concrete subclass of A, and both A and B have a default constructor. Which of the following is correct? 
1. A a = new A(); 
2. A a = new B(); 
3. B b = new A(); 
4. B b = new B();",1 and 2,2 and 4,3 and 4,1 and 3,B,,medium,web:Examveda.com https://www.examveda.com/java-program/practice-mcq-question-on-interfaces-and-abstract-classes/?page=4,
Java,interfaces and abstract classes,Which of the following is a correct interface?,interface A { void print() { } },abstract interface A { print(); },abstract interface A { abstract void print(); { }},interface A { void print(); },D,,medium,web:Examveda.com https://www.examveda.com/java-program/practice-mcq-question-on-interfaces-and-abstract-classes/?page=4,
Java,interfaces and abstract classes,"Determine output of the following code. 
interface A { }

class C { }

class D extends C { }

class B extends D implements A { }

public class Test extends Thread{
 public static void main(String[] args){
 B b = new B();
 if (b instanceof A)
 System.out.println(""b is an instance of A"");
 if (b instanceof C)
 System.out.println(""b is an instance of C"");
 }
}",Nothing.,b is an instance of A.,b is an instance of C.,b is an instance of A followed by b is an instance of C.,D,,medium,web:Examveda.com https://www.examveda.com/java-program/practice-mcq-question-on-interfaces-and-abstract-classes/?page=4,
Java,interfaces and abstract classes,"Given the following piece of code: 
public interface Guard{
 void doYourJob();
}
abstract public class Dog implements Guard{ } 
which of the following statements is correct?","This code will not compile, because method doYourJob() in interface Guard must be defined abstract.","This code will not compile, because class Dog must implement method doYourJob() from interface Guard.","This code will not compile, because in the declaration of class Dog we must use the keyword extends instead of implements.",This code will compile without any errors.,D,,medium,web:Examveda.com https://www.examveda.com/java-program/practice-mcq-question-on-interfaces-and-abstract-classes/?page=4,
Java,interfaces and abstract classes,"In Java, declaring a class abstract is useful",To prevent developers from further extending the class.,When it doesn't make sense to have objects of that class.,When default implementations of some methods are not desirable.,To force developers to extend the class not to use its capabilities.,B,,medium,web:Examveda.com https://www.examveda.com/java-program/practice-mcq-question-on-interfaces-and-abstract-classes/?page=4,
Java,interfaces and abstract classes,"What will be the output? 
interface A{
 public void method();
}
class One{
 public void method(){
 System.out.println(""Class One method"");
 }
}
class Two extends One implements A{
 public void method(){
 System.out.println(""Class Two method"");
 }
}
public class Test extends Two{
 public static void main(String[] args){
 A a = new Two();
 a.method(); 
 }
}",will print Class One method,will print Class Two method,compiles fine but print nothing,Compilation Error,B,,medium,web:Examveda.com https://www.examveda.com/java-program/practice-mcq-question-on-interfaces-and-abstract-classes/?page=4,
Java,interfaces and abstract classes,"interface Base{
 boolean m1 ();
 byte m2(short s);
} 
which two code fragments will compile? 
1. interface Base2 implements Base {}

2. abstract class Class2 extends Base
 { public boolean m1(){ return true; }}

3. abstract class Class2 implements Base {}

4. abstract class Class2 implements Base
 { public boolean m1(){ return (7 > 4); }}

5. abstract class Class2 implements Base
 { protected boolean m1(){ return (5 > 7) }}",1 and 2,2 and 3,3 and 4,1 and 3,C,"(3) is correct because an abstract class doesn't have to implement any or all of its interface's methods. (4) is correct because this method is correctly implemented ((7 > 4) is a boolean). 
 
(1) is incorrect because interfaces doesn't implement anything. (2) is incorrect because classes don't extend interfaces. (5) is incorrect because interface methods are implicitly public, so the methods being implemented must be public.",medium,web:Examveda.com https://www.examveda.com/java-program/practice-mcq-question-on-interfaces-and-abstract-classes/?page=5,
Java,interfaces and abstract classes,"What will happen after compiling this program code? 
abstract class MyClass{ //line 1
 private int a, b;

 public void call(int a, int b){
 this.a = a;
 this.b = b;
 System.out.print(a+b);
 }
}

public class Test{
 public static void main(String args[]){
 MyClass m = new MyClass(); //line 2
 m.call(12,25);
 }
}",Successful run and print 37,Compilation error due to line 1,Compilation error due to line 2,Runtime error,C,"Abstract class is not concrete class which means object cannot be created for abstract class, its requires extending it and then create the object of extended class.",medium,web:Examveda.com https://www.examveda.com/java-program/practice-mcq-question-on-interfaces-and-abstract-classes/?page=5,
Java,interfaces and abstract classes,Runnable is a _____ .,class,abstract class,interface,vaiable,C,,medium,web:Examveda.com https://www.examveda.com/java-program/practice-mcq-question-on-interfaces-and-abstract-classes/?page=5,
Java,interfaces and abstract classes,"What is the output for the below code? 
interface A{
 public void printValue();
}

public class Test{
 public static void main (String[] args){
 A a1 = new A(){
 public void printValue(){
 System.out.println(""A"");
 }
 };
 a1.printValue();
 }
}",Compilation fails due to an error on line 3,A,Compilation fails due to an error on line 8,null,B,"The A a1 reference variable refers not to an instance of interface A, but to an instance of an anonymous (unnamed) class. So there is no compilation error.",medium,web:Examveda.com https://www.examveda.com/java-program/practice-mcq-question-on-interfaces-and-abstract-classes/?page=5,
Java,interfaces and abstract classes,"What will be the output? 
public interface InfA{
 protected String getName();
}

public class Test implements InfA{
 public String getName(){
 return ""test-name"";
 }
 public static void main (String[] args){
 Test t = new Test();
 System.out.println(t.getName());
 }
}",test-name,Compilation fails due to an error on lines 2,Compilation fails due to an error on lines 1,Compilation succeed but Runtime Exception,B,Illegal modifier for the interface method InfA.getName(); only public and abstracts are permitted.,medium,web:Examveda.com https://www.examveda.com/java-program/practice-mcq-question-on-interfaces-and-abstract-classes/?page=5,
Java,interfaces and abstract classes,"What will be the output for the below code? 
public interface TestInf{
 int i =10;
}

public class Test{
 public static void main(String... args){
 TestInf.i=12;
 System.out.println(TestInf.i);
 }
}",Compile with error,10,12,Runtime Exception,A,"All the variables declared in interface is implicitly static and final , therefore can't change the value.",medium,web:Examveda.com https://www.examveda.com/java-program/practice-mcq-question-on-interfaces-and-abstract-classes/?page=5,
Java,interfaces and abstract classes,"What will be the output when the following program is compiled and executed? 
abstract class TestAbstract{
 String my_name;
 String myName(){
 my_name = ""Examveda"";
 return my_name;
 }
 abstract void display();
}

public class Test extends TestAbstract{
 void display(){
 String n = myName();
 System.out.print(""My name is ""+ n);
 }

 public static void main(String args[]){
 Test t = new Test();
 t.display();
 }
}",Program will compile and execute successfully and prints,Compilation error as class can not be declared as abstract.,Program compiles but leads to runtime exception.,Compilation error occurs as the abstract class TestAbstract contains a non-abstract method.,A,"The options B, C and D are incorrect options as in Java we can declare an abstract class comprising of abstract and non-abstract methods that will not lead to any compilation error. Therefore, option A is the correct answer implying that the 't' instance of Test class invokes the display method, which is implemented in the Test class. The display method invokes myName() method declared int the TestAbstract class and prints the name.",medium,web:Examveda.com https://www.examveda.com/java-program/practice-mcq-question-on-interfaces-and-abstract-classes/?page=5,
Java,interfaces and abstract classes,"What happens if the following program is compiled and executed? 
interface MyInterface{
 void display();
}

interface MySubInterface extends MyInterface{
 void display();
}

public class Test implements MySubInterface{
 public void display(){
 System.out.print(""Welcome to Examveda."");
 }
 public static void main(String args[]){
 Test t = new Test();
 t.display();
 }
}",The code will lead to a compilation error as declaration of the display method has been provided in two interface.,The code will lead to a compilation error due to public modifier while declaring the display method.,The code will compile and execute successfully showing the output Welcome to Examveda.,The code will lead to a compilation error as the display method is not declared as abstract.,C,"The program will compile and execute successfully as you can declare methods with same name in an interface and the method of either interface can be used, implying the option a is incorrect. The option B and D are incorrect as the methods of an interface are implicitly public and abstract.
 

 
 
 
 



 
 
 
 
 
 
 
 
 
 
 
 
 
1
2
3
4
5
6
7
8
9
10

 
 
 
 
 
 
 
 
 Read More Section(Interfaces and Abstract Classes)
 Each Section contains maximum 100 MCQs question on Interfaces and Abstract Classes. To get more questions visit other sections.
 
 Interfaces and Abstract Classes - Section 2
 Interfaces and Abstract Classes - Section 3
 Interfaces and Abstract Classes - Section 4
 
 


 
 
 
 

 
 

 -->
 
 
 


 

-->
 
 
 Copyright © 2026 Examveda.com
 
 
 
 
 
 
 
 
 
 About Us |
 Terms & Condition |
 Privacy Policy |
 Contact Us",medium,web:Examveda.com https://www.examveda.com/java-program/practice-mcq-question-on-interfaces-and-abstract-classes/?page=5,
Java,interfaces and abstract classes,Which object Java application uses to create a new process?,Process,Builder,ProcessBuilder,CreateBuilder,C,,medium,web:Examveda.com https://www.examveda.com/java-program/practice-mcq-question-on-interfaces-and-abstract-classes/?page=6,
Java,interfaces and abstract classes,Which of these method of Double wrapper can be used to check whether a given value is infinite or not?,Infinite(),isInfinite(),checkInfinite(),None of the mentioned,B,,medium,web:Examveda.com https://www.examveda.com/java-program/practice-mcq-question-on-interfaces-and-abstract-classes/?page=6,
Java,interfaces and abstract classes,"What will be the output of the following Java program? 
interface calculate 
{
 int VAR = 0;
 void cal(int item);
}
 class display implements calculate 
 {
 int x;
 public void cal(int item)
 {
 if (item",0 1 2,0 2 4,0 0 4,0 1 4,C,,medium,web:Examveda.com https://www.examveda.com/java-program/practice-mcq-question-on-interfaces-and-abstract-classes/?page=6,
Java,interfaces and abstract classes,"What will be the output of the following Java program? 
class exception_handling 
{
 public static void main(String args[]) 
 {
 try 
 {
 int a[] = {1, 2,3 , 4, 5};
 for (int i = 0; i",12345,12345A,12345B,Compilation Error,C,,medium,web:Examveda.com https://www.examveda.com/java-program/practice-mcq-question-on-interfaces-and-abstract-classes/?page=6,
Java,interfaces and abstract classes,Which of this access specifies can be used for a class so that its members can be accessed by a different class in the same package?,Public,Protected,No Modifier,All of the mentioned,D,,medium,web:Examveda.com https://www.examveda.com/java-program/practice-mcq-question-on-interfaces-and-abstract-classes/?page=6,
Java,interfaces and abstract classes,Which of these method of InputStream is used to read integer representation of next available byte input?,read(),scanf(),get(),getInteger(),A,,medium,web:Examveda.com https://www.examveda.com/java-program/practice-mcq-question-on-interfaces-and-abstract-classes/?page=6,
Java,interfaces and abstract classes,"What will be the output of the following Java program? 
import java.lang.System;
class Output 
{
 public static void main(String args[])
 {
 System.exit(5);
 }
}",0,1,4,5,D,,medium,web:Examveda.com https://www.examveda.com/java-program/practice-mcq-question-on-interfaces-and-abstract-classes/?page=6,
Java,interfaces and abstract classes,What type of variable can be defined in an interface?,public static,private final,public final,static final,D,,medium,web:Examveda.com https://www.examveda.com/java-program/practice-mcq-question-on-interfaces-and-abstract-classes/?page=6,
Java,interfaces and abstract classes,How to use environment properties in the class?,@Environment,@Variable,@Property,@Autowired,D,,medium,web:Examveda.com https://www.examveda.com/java-program/practice-mcq-question-on-interfaces-and-abstract-classes/?page=7,
Java,interfaces and abstract classes,"What will be the output of the following Java program? 
class Output 
{
 public static void main(String args[])
 {
 String str = ""true false"";
 boolean x = Boolean.parseBoolean(str);
 System.out.print(x);
 }
}",True,False,System Dependent,Compilation Error,B,,medium,web:Examveda.com https://www.examveda.com/java-program/practice-mcq-question-on-interfaces-and-abstract-classes/?page=7,
Java,interfaces and abstract classes,"What will be the output of the following Java code? 
import java.io.*;
class files 
{
 public static void main(String args[]) 
 {
 File obj = new File(""/java/system"");
 System.out.print(obj.getName());
 }
}",java,system,java/system,/java/system,B,,medium,web:Examveda.com https://www.examveda.com/java-program/practice-mcq-question-on-interfaces-and-abstract-classes/?page=7,
Java,interfaces and abstract classes,Which of these is a super class of wrappers Byte and short wrappers?,Long,Digits,Float,Number,D,,medium,web:Examveda.com https://www.examveda.com/java-program/practice-mcq-question-on-interfaces-and-abstract-classes/?page=7,
Java,interfaces and abstract classes,"What will be the output of the following Java program? 
class exception_handling 
{
 public static void main(String args[]) 
 {
 try 
 {
 int a = 1;
 int b = 10 / a;
 try 
 {
 if (a == 1)
 a = a / a - a;
 if (a == 2) 
 {
 int c[] = {1};
 c[8] = 9;
 }
 finally 
 {
 System.out.print(""A"");
 }

 }
 catch (NullPointerException e) 
 {
 System.out.println(""B"");
 }
 }
}",A,B,AB,BA,A,,medium,web:Examveda.com https://www.examveda.com/java-program/practice-mcq-question-on-interfaces-and-abstract-classes/?page=7,
Java,interfaces and abstract classes,Which of these access specifiers can be used for an interface?,Public,Protected,private,All of the mentioned,A,,medium,web:Examveda.com https://www.examveda.com/java-program/practice-mcq-question-on-interfaces-and-abstract-classes/?page=7,
Java,interfaces and abstract classes,"What will be the output of the following Java program? 
import java.lang.reflect.*;
class Additional_packages
{ 
 public static void main(String args[])
 {
 try
 {
 Class c = Class.forName(""java.awt.Dimension"");
 Constructor constructors[] = c.getConstructors();
 for (int i = 0; i",Program prints all the constructors of 'java.awt.Dimension' package,Program prints all the possible constructors of class 'Class',"Program prints ""Exception""",Runtime Error,A,,medium,web:Examveda.com https://www.examveda.com/java-program/practice-mcq-question-on-interfaces-and-abstract-classes/?page=7,
Java,interfaces and abstract classes,Which of the following package stores all the standard java classes?,lang,java,util,java.packages,B,,medium,web:Examveda.com https://www.examveda.com/java-program/practice-mcq-question-on-interfaces-and-abstract-classes/?page=7,
Java,interfaces and abstract classes,What type of methods an interface contain by default?,abstract,static,final,private,A,,medium,web:Examveda.com https://www.examveda.com/java-program/practice-mcq-question-on-interfaces-and-abstract-classes/?page=7,
Java,interfaces and abstract classes,Which of these exceptions is thrown by compareTo() method defined in a double wrapper?,IOException,SystemException,CastException,ClassCastException,D,,medium,web:Examveda.com https://www.examveda.com/java-program/practice-mcq-question-on-interfaces-and-abstract-classes/?page=7,
Java,interfaces and abstract classes,What is true about the setProperties method?,setProperties method changes the set of Java Properties which are persistent,Changing the system properties within an application will affect future invocations,setProperties method changes the set of Java Properties which are not persistent,setProperties writes the values directly into the file which stores all the properties,C,,medium,web:Examveda.com https://www.examveda.com/java-program/practice-mcq-question-on-interfaces-and-abstract-classes/?page=8,
Java,interfaces and abstract classes,"What will be the output of the following Java program? 
import java.io.*;
class Chararrayinput 
{
 public static void main(String[] args) 
 {
 String obj = ""abcdef"";
 int length = obj.length();
 char c[] = new char[length];
 obj.getChars(0,length,c,0);
 CharArrayReader input1 = new CharArrayReader(c);
 CharArrayReader input2 = new CharArrayReader(c, 0, 3);
 int i;
 try 
 {
while ((i = input1.read()) != -1) 
 {
 System.out.print((char)i);
 }
 } 
 catch (IOException e) 
 {
 // TODO Auto-generated catch block
 e.printStackTrace();
 }
}
}",abc,abcd,abcde,abcdef,D,,medium,web:Examveda.com https://www.examveda.com/java-program/practice-mcq-question-on-interfaces-and-abstract-classes/?page=8,
Java,interfaces and abstract classes,"What will be the output of the following Java code? 
class Output 
{
 public static void main(String args[]) 
 {
 byte a[] = { 65, 66, 67, 68, 69, 70 };
 byte b[] = { 71, 72, 73, 74, 75, 76 }; 
 System.arraycopy(a, 2, b, 1, a.length-2);
 System.out.print(new String(a) + "" "" + new String(b));
 }
}",ABCDEF GHIJKL,ABCDEF GCDEFL,GHIJKL ABCDEF,GCDEFL GHIJKL,B,,medium,web:Examveda.com https://www.examveda.com/java-program/practice-mcq-question-on-interfaces-and-abstract-classes/?page=8,
Java,interfaces and abstract classes,"What will be the output of the following Java program? (Note: file is made in c drive.) 
import java.io.*;
class files 
{
 public static void main(String args[]) 
 {
 File obj = new File(""/java/system"");
 System.out.print(obj.getAbsolutePath());
 }
}",java,system,java/system,\java\system,D,,medium,web:Examveda.com https://www.examveda.com/java-program/practice-mcq-question-on-interfaces-and-abstract-classes/?page=8,
Java,interfaces and abstract classes,"What will be the output of the following Java program? 
class Output
{
 public static void main(String args[])
 {
 String str = ""true"";
 boolean x = Boolean.valueOf(str);
 System.out.print(x);
 }
}",True,False,Compilation Error,Runtime Error,A,,medium,web:Examveda.com https://www.examveda.com/java-program/practice-mcq-question-on-interfaces-and-abstract-classes/?page=8,
Java,interfaces and abstract classes,"What will be the output of the following Java program? (Note: file is made in c drive.) 
import java.io.*;
class files 
{
 public static void main(String args[]) 
 {
 File obj = new File(""/java/system"");
 System.out.print(obj.canWrite());
 System.out.print("" "" + obj.canRead());
 }
}",true false,false true,true true,false false,D,,medium,web:Examveda.com https://www.examveda.com/java-program/practice-mcq-question-on-interfaces-and-abstract-classes/?page=8,
Java,interfaces and abstract classes,"What will be the output of the following Java program? 
public class BoxDemo
{
 public static <U> void addBox(U u, 
 java.util.List<Box<U>> boxes)
 {
 Box<U> box = new Box<>();
 box.set(u);
 boxes.add(box);
 }
 public static <U> void outputBoxes(java.util.List<Box<U>> boxes) 
 {
 int counter = 0;
 for (Box<U> box: boxes) 
 {
 U boxContents = box.get();
 System.out.println(""["" + boxContents.toString() + ""]"");
 counter++;
 }
 }
 public static void main(String[] args)
 {
 java.util.ArrayList<Box<Integer>> listOfIntegerBoxes = new java.util.ArrayList<>();
 BoxDemo.<Integer>addBox(Integer.valueOf(0), listOfIntegerBoxes);
 BoxDemo.outputBoxes(listOfIntegerBoxes);
 }
}",0,1,[1],[0],D,,medium,web:Examveda.com https://www.examveda.com/java-program/practice-mcq-question-on-interfaces-and-abstract-classes/?page=8,
Java,interfaces and abstract classes,"What will be the output of the following Java program? 
class Output 
{
 public static void main(String args[]) 
 {
 Integer i = new Integer(257); 
 float x = i.floatValue();
 System.out.print(x);
 }
}",0,1,257,257.0,D,,medium,web:Examveda.com https://www.examveda.com/java-program/practice-mcq-question-on-interfaces-and-abstract-classes/?page=8,
Java,interfaces and abstract classes,Which of these class is used to read and write bytes in a file?,FileReader,FileWriter,FileInputStream,InputStreamReader,C,,medium,web:Examveda.com https://www.examveda.com/java-program/practice-mcq-question-on-interfaces-and-abstract-classes/?page=9,
Java,interfaces and abstract classes,Which of these method returns the remainder of dividend / divisor?,remainder(),getRemainder(),CSIremainder(),IEEEremainder(),D,,medium,web:Examveda.com https://www.examveda.com/java-program/practice-mcq-question-on-interfaces-and-abstract-classes/?page=9,
Java,interfaces and abstract classes,Which of the following is the correct way of implementing an interface salary by class manager?,class manager extends salary {},class manager implements salary {},class manager imports salary {},none of the mentioned,B,,medium,web:Examveda.com https://www.examveda.com/java-program/practice-mcq-question-on-interfaces-and-abstract-classes/?page=9,
Java,interfaces and abstract classes,Which of these is a mechanism for naming and visibility control of a class and its content?,Object,Packages,Interfaces,None of the Mentioned.,B,,medium,web:Examveda.com https://www.examveda.com/java-program/practice-mcq-question-on-interfaces-and-abstract-classes/?page=9,
Java,interfaces and abstract classes,Which of these methods returns the class of an object?,getClass(),Class(),WhoseClass(),WhoseObject(),A,,medium,web:Examveda.com https://www.examveda.com/java-program/practice-mcq-question-on-interfaces-and-abstract-classes/?page=9,
Java,interfaces and abstract classes,"What will be the output of the following Java program? 
import java.lang.System;
class Output 
{
 public static void main(String args[])
 {
 byte a[] = { 65, 66, 67, 68, 69, 70 };
 byte b[] = { 71, 72, 73, 74, 75, 76 }; 
 System.arraycopy(a, 0, b, 3, a.length - 3);
 System.out.print(new String(a) + "" "" + new String(b));
 }
}",ABCDEF ABCDEF,ABCDEF GHIJKL,ABCDEF GHIABC,GHIJKL GHIJKL,C,,medium,web:Examveda.com https://www.examveda.com/java-program/practice-mcq-question-on-interfaces-and-abstract-classes/?page=9,
Java,interfaces and abstract classes,"What will be the output of the following Java program? 
class Output 
{
 public static void main(String args[]) 
 {
 double x = 3.14; 
 int y = (int) Math.toRadians(x);
 System.out.print(y);
 }
}",0,3,3.0,3.1,A,,medium,web:Examveda.com https://www.examveda.com/java-program/practice-mcq-question-on-interfaces-and-abstract-classes/?page=9,
Java,interfaces and abstract classes,Which of this package is used for analyzing code during run-time?,java.applet,java.awt,java.io,java.lang.reflect,D,,medium,web:Examveda.com https://www.examveda.com/java-program/practice-mcq-question-on-interfaces-and-abstract-classes/?page=9,
Java,interfaces and abstract classes,Which of these class defines how the classes are loaded?,Class,System,Runtime,ClassLoader,D,,medium,web:Examveda.com https://www.examveda.com/java-program/practice-mcq-question-on-interfaces-and-abstract-classes/?page=9,
Java,interfaces and abstract classes,Which of these class is a superclass of all other classes?,Math,Process,System,Object,D,,medium,web:Examveda.com https://www.examveda.com/java-program/practice-mcq-question-on-interfaces-and-abstract-classes/?page=9,
Java,interfaces and abstract classes,"What will be the output of the following Java program? 
class Output
{
 public static void main(String args[])
 {
 char a = '@';
 boolean x = Character.isLetter(a);
 System.out.print(x);
 }
}",true,false,@,B,B,,medium,web:Examveda.com https://www.examveda.com/java-program/practice-mcq-question-on-interfaces-and-abstract-classes/?page=10,
Java,interfaces and abstract classes,"What will be the output of the following Java code? 
class Output 
{
 public static void main(String args[]) 
 {
 double x = 3.14; 
 int y = (int) Math.floor(x);
 System.out.print(y);
 }
}",0,3,3.0,4,B,,medium,web:Examveda.com https://www.examveda.com/java-program/practice-mcq-question-on-interfaces-and-abstract-classes/?page=10,
Java,interfaces and abstract classes,"What will be the output of the following Java code? 
class Output 
{
 public static void main(String args[]) 
 {
 long start, end; 
 start = System.currentTimeMillis();
 for (int i = 0; i",0,1,1000,System Dependent,D,,medium,web:Examveda.com https://www.examveda.com/java-program/practice-mcq-question-on-interfaces-and-abstract-classes/?page=10,
Java,interfaces and abstract classes,"What will be the output of the following Java code? 
class Output 
{
 public static void main(String args[])
 {
 Double i = new Double(257.5); 
 Double x = i.MAX_VALUE;
 System.out.print(x);
 }
}",0,1.7976931348623157E308,1.7976931348623157E30,None of the mentioned,B,,medium,web:Examveda.com https://www.examveda.com/java-program/practice-mcq-question-on-interfaces-and-abstract-classes/?page=10,
Java,interfaces and abstract classes,Which of these exceptions is thrown by methods of System class?,IOException,SystemException,SecurityException,InputOutputException,C,,medium,web:Examveda.com https://www.examveda.com/java-program/practice-mcq-question-on-interfaces-and-abstract-classes/?page=10,
Java,interfaces and abstract classes,Which of these class encapsulate the runtime state of an object or an interface?,Class,Object,Runtime,System,A,,medium,web:Examveda.com https://www.examveda.com/java-program/practice-mcq-question-on-interfaces-and-abstract-classes/?page=10,
Java,interfaces and abstract classes,Which of these methods is used to notify observer the change in observed object?,update(),notify(),check(),observed(),A,,medium,web:Examveda.com https://www.examveda.com/java-program/practice-mcq-question-on-interfaces-and-abstract-classes/?page=10,
Java,inheritence,What is inheritance in Java?,The process of acquiring properties and behaviors of one class by another,The process of creating objects,The process of encapsulation,The process of overloading methods,A,,medium,web:Examveda.com https://www.examveda.com/java-program/practice-mcq-question-on-inheritence/,
Java,inheritence,"In Java, which keyword is used to implement inheritance between classes?",inheritsFrom,inherits,implements,extends,D,,medium,web:Examveda.com https://www.examveda.com/java-program/practice-mcq-question-on-inheritence/,
Java,inheritence,What is a superclass in Java?,The class that inherits properties and behaviors,The child class,The class that is inherited from,"The class that is marked as ""final""",C,,medium,web:Examveda.com https://www.examveda.com/java-program/practice-mcq-question-on-inheritence/,
Java,inheritence,"In Java, can a subclass inherit constructors from its superclass?","Only if the subclass is marked as ""final""","Yes, a subclass inherits constructors from its superclass","Only if the superclass is marked as ""static""",None of the above,D,"Option A: Only if the subclass is marked as ""final"" 
This option is incorrect. Marking a subclass as ""final"" means that it cannot be subclassed further, and it has no impact on the inheritance of constructors. 

Option B: Yes, a subclass inherits constructors from its superclass 
This option is incorrect. In Java, a subclass does not inherit constructors from its superclass. However, a subclass can call the constructors of its superclass using the super keyword. 

Option C: Only if the superclass is marked as ""static"" 
This option is incorrect. The ""static"" keyword cannot be applied to classes or constructors in a way that would affect inheritance. 

Option D: None of the above 
This option is correct. In Java, constructors are not inherited by subclasses. Subclasses must explicitly define their own constructors, although they can call their superclass's constructors using the super keyw",medium,web:Examveda.com https://www.examveda.com/java-program/practice-mcq-question-on-inheritence/,
Java,inheritence,"What is the ""super"" keyword used for in Java?",To call a method or constructor of the superclass,To create a new instance of a class,To hide a superclass method,To make a method final,A,,medium,web:Examveda.com https://www.examveda.com/java-program/practice-mcq-question-on-inheritence/,
Java,inheritence,"In Java, can a subclass access private members (fields and methods) of its superclass?","Yes, as long as the subclass is in the same package","Yes, regardless of the access modifier","No, private members are not visible to subclasses","Only if the superclass is marked as ""final""",C,,medium,web:Examveda.com https://www.examveda.com/java-program/practice-mcq-question-on-inheritence/,
Java,inheritence,"What is the difference between ""extends"" and ""implements"" in Java?",Both are used for class inheritance,"""Extends"" is used for class inheritance, while ""implements"" is used for interface implementation",Both are used for interface implementation,None of These,B,,medium,web:Examveda.com https://www.examveda.com/java-program/practice-mcq-question-on-inheritence/,
Java,inheritence,"In Java, can a subclass access protected members (fields and methods) of its superclass?","Only if the subclass is marked as ""final""","No, protected members are not accessible to subclasses","Yes, as long as it's in the same package","Yes, regardless of the package",D,"In Java, protected members (fields and methods) of a superclass are accessible to its subclasses. 
 Unlike private members, which are inaccessible outside the class, protected members can be accessed: 
 1. Within the same package: Any class within the same package can access protected members. 
 2. In subclasses (even if in a different package): A subclass can access protected members of its superclass, even if they are in different packages, provided they are accessed through inheritance (i.e., using super or via an instance of the subclass). 
 This ensures that subclasses get access to important superclass members while still maintaining some level of encapsulation.",medium,web:Examveda.com https://www.examveda.com/java-program/practice-mcq-question-on-inheritence/?page=2,
Java,inheritence,"What is the result of the following code snippet? class Parent { protected void display() { System.out.println(""Parent""); } } class Child extends Parent { void show() { display(); } } public class Main { public static void main(String[] args) { Child obj = new Child(); obj.show(); } }",Compilation error,Runtime exception,Child,Parent,D,,medium,web:Examveda.com https://www.examveda.com/java-program/practice-mcq-question-on-inheritence/?page=2,
Java,inheritence,"In Java, can a subclass have more than one superclass?","No, a subclass can only have one superclass","Yes, a subclass can have multiple superclasses",Only if the superclasses have the same name,"Only if the subclass is marked as ""final""",A,,medium,web:Examveda.com https://www.examveda.com/java-program/practice-mcq-question-on-inheritence/?page=2,
Java,inheritence,"What is the purpose of the ""final"" keyword in Java inheritance?",To hide a superclass method,To indicate that a class can be inherited only once,To make a method non-abstract,To indicate that a class cannot be further extended,D,,medium,web:Examveda.com https://www.examveda.com/java-program/practice-mcq-question-on-inheritence/?page=2,
Java,inheritence,"In Java, can a subclass inherit private constructors from its superclass?","Yes, constructors are inherited like other methods","Only if the subclass is marked as ""final""","No, constructors are not inherited, especially private constructors","Only if the superclass is marked as ""static""",C,,medium,web:Examveda.com https://www.examveda.com/java-program/practice-mcq-question-on-inheritence/?page=2,
Java,inheritence,What is the concept of method overriding in Java inheritance?,Making a method static,Redefining a superclass method in a subclass with the same method signature,Hiding a superclass method,None of These,B,,medium,web:Examveda.com https://www.examveda.com/java-program/practice-mcq-question-on-inheritence/?page=2,
Java,inheritence,"In Java, can a subclass inherit static methods from its superclass?","Only if the superclass is marked as ""abstract""","Only if the subclass is marked as ""final""","Yes, a subclass inherits static methods from its superclass","No, static methods are not inherited",C,,medium,web:Examveda.com https://www.examveda.com/java-program/practice-mcq-question-on-inheritence/?page=2,
Java,inheritence,"What is the result of the following code snippet? class Parent { void display() { System.out.println(""Parent""); } } class Child extends Parent { void display() { super.display(); System.out.println(""Child""); } } public class Main { public static void main(String[] args) { Child obj = new Child(); obj.display(); } }",Child Parent,Compilation error,Runtime exception,Parent Child,D,,medium,web:Examveda.com https://www.examveda.com/java-program/practice-mcq-question-on-inheritence/?page=2,
Java,inheritence,"In Java, can a subclass access package-private members (fields and methods) of its superclass defined in another package?","No, package-private members are not accessible to subclasses from different packages","Yes, as long as it's in the same package","Yes, regardless of the package","Only if the subclass is marked as ""final""",A,,medium,web:Examveda.com https://www.examveda.com/java-program/practice-mcq-question-on-inheritence/?page=2,
Java,inheritence,"What is the result of the following code snippet? class Parent { int x = 10; } class Child extends Parent { int x = 20; void display() { System.out.println(super.x + "" "" + x); } } public class Main { public static void main(String[] args) { Child obj = new Child(); obj.display(); } }",Runtime exception,Compilation error,20 10,10 20,D,,medium,web:Examveda.com https://www.examveda.com/java-program/practice-mcq-question-on-inheritence/?page=2,
Java,inheritence,"In Java, can a subclass override a default method from its superclass?","No, default methods cannot be overridden","Only if the subclass is marked as ""final""","Yes, starting from Java 8, a subclass can override default methods from interfaces","Only if the default method is marked as ""static""",C,,medium,web:Examveda.com https://www.examveda.com/java-program/practice-mcq-question-on-inheritence/?page=3,
Java,inheritence,"What is the purpose of the ""protected"" access modifier in Java inheritance?",To make a member visible to all classes in any package,To allow access to members within the same package and subclasses in any package,To hide a member from all subclasses,None of These,B,,medium,web:Examveda.com https://www.examveda.com/java-program/practice-mcq-question-on-inheritence/?page=3,
Java,inheritence,"In Java, can a subclass access public members (fields and methods) of its superclass defined in another package?","Only if the superclass is marked as ""abstract""","Only if the subclass is marked as ""final""","Yes, public members are accessible to subclasses from different packages","No, public members are not accessible to subclasses from different packages",C,,medium,web:Examveda.com https://www.examveda.com/java-program/practice-mcq-question-on-inheritence/?page=3,
Java,inheritence,"What is the result of the following code snippet? class Parent { void display() { System.out.println(""Parent""); } } class Child extends Parent { public static void main(String[] args) { Child obj = new Child(); obj.display(); } }",Compilation error,Child,Runtime exception,Parent,D,,medium,web:Examveda.com https://www.examveda.com/java-program/practice-mcq-question-on-inheritence/?page=3,
Java,inheritence,"In Java, can a subclass override a static method from its superclass?","No, static methods cannot be overridden","Yes, a subclass can override static methods","Only if the subclass is marked as ""final""","Only if the static method is marked as ""private""",A,,medium,web:Examveda.com https://www.examveda.com/java-program/practice-mcq-question-on-inheritence/?page=3,
Java,inheritence,"What is the result of the following code snippet? class Parent { static void display() { System.out.println(""Parent""); } } class Child extends Parent { public static void main(String[] args) { Child obj = new Child(); obj.display(); } }",Runtime exception,Compilation error,Child,Parent,D,,medium,web:Examveda.com https://www.examveda.com/java-program/practice-mcq-question-on-inheritence/?page=3,
Java,inheritence,"In Java, can a subclass inherit private fields from its superclass?","Yes, a subclass inherits private fields","Only if the subclass is marked as ""final""","No, private fields are not inherited by subclasses","Only if the superclass is marked as ""static""",C,,medium,web:Examveda.com https://www.examveda.com/java-program/practice-mcq-question-on-inheritence/?page=3,
Java,inheritence,"What is the result of the following code snippet? class Parent { private int x = 10; } class Child extends Parent { int x = 20; void display() { System.out.println(super.x + "" "" + x); } } public class Main { public static void main(String[] args) { Child obj = new Child(); obj.display(); } }",20 10,10 20,Runtime exception,None of These,B,"The given code snippet involves inheritance in Java. It defines two classes: Parent and Child. The Child class extends the Parent class, which means it inherits its fields and methods. 

Inside the Parent class, there is a private integer variable x with a value of 10. In the Child class, there is another integer variable x with a value of 20. Additionally, the Child class has a display() method that prints the values of super.x and x. 

In Java, when you access a variable with the super keyword, it refers to the variable of the superclass. When you access a variable without super, it refers to the variable of the current class. 

Now, let's analyze what happens in the display() method: 

- super.x refers to the x variable in the Parent class, which is 10. 
- x refers to the x variable in the Child class, which is 20. 

So, the display() method will print ""10 20"" because it first accesse",medium,web:Examveda.com https://www.examveda.com/java-program/practice-mcq-question-on-inheritence/?page=3,
Java,inheritence,"In Java, can a subclass override a final method from its superclass?","Only if the final method is marked as ""static""","Only if the subclass is marked as ""final""","No, final methods cannot be overridden","Yes, a subclass can override final methods",C,,medium,web:Examveda.com https://www.examveda.com/java-program/practice-mcq-question-on-inheritence/?page=3,
Java,inheritence,"What is the result of the following code snippet? class Parent { final void display() { System.out.println(""Parent""); } } class Child extends Parent { void display() { System.out.println(""Child""); } public static void main(String[] args) { Child obj = new Child(); obj.display(); } }",Parent,Child,Runtime exception,Compilation error,D,,medium,web:Examveda.com https://www.examveda.com/java-program/practice-mcq-question-on-inheritence/?page=3,
Java,inheritence,Which is true?,"""X extends Y"" is correct if and only if X is a class and Y is an interface","""X extends Y"" is correct if and only if X is an interface and Y is a class","""X extends Y"" is correct if X and Y are either both classes or both interfaces","""X extends Y"" is correct for all combinations of X and Y being classes and/or interfaces",C,"A is incorrect because classes implement interfaces, they don't extend them. B is incorrect because interfaces only ""inherit from"" other interfaces. D is incorrect based on the preceding rules.",medium,web:Examveda.com https://www.examveda.com/java-program/practice-mcq-question-on-inheritence/?page=4,
Java,inheritence,"Which of the following is true? 
1. A class can extend more than one class. 
2. A class can extend only one class but many interfaces. 
3. An interface can extend many interfaces. 
4. An interface can implement many interfaces. 
5. A class can extend one class and implement many interfaces.",1 and 2,2 and 4,3 and 5,3 and 4,C,,medium,web:Examveda.com https://www.examveda.com/java-program/practice-mcq-question-on-inheritence/?page=4,
Java,inheritence,"What is the result of compiling and running the following code? 
class Base{
 public Base(){
 System.out.print(""Base"");
 }
}
public class Derived extends Base{
 public Derived(){
 this(""Examveda"");
 System.out.print(""Derived"");
 }
 public Derived(String s){
 System.out.print(s);
 }
 public static void main(String[] args){
 new Derived();
 }
}",ExamvedaDerived,ExamvedaBaseDerived,BaseExamvedaDerived,ExamvedaDerivedBase,C,"1. new Derived(); statement executes and invoke the non-parametrized constructor of derived class i.e. 
public Derived(); 
2. As Derived class is a subclass of class Base so super(); executes and calls the super class constructor and prints ""Base"". 
3. After that 
this(""Examveda""); executes and call the parametrized constructor 
public Derived(String s); of Derived class as this always refer to the current object. So, it prints ""Examveda"". 
4. Lastly the print statement executes and prints ""Derived"" 
Hence output is BaseExamvedaDerived.",medium,web:Examveda.com https://www.examveda.com/java-program/practice-mcq-question-on-inheritence/?page=4,
Java,inheritence,"What is the output of the following program code? 
abstract class C1{
 public C1(){ 
 System.out.print(1); 
 } 
} 
class C2 extends C1{ 
 public C2(){ 
 System.out.print(2); 
 } 
} 
class C3 extends C2{ 
 public C3(){ 
 System.out.println(3); 
 } 
} 
public class Test{ 
 public static void main(String[] a){ 
 new C3(); 
 } 
}",12,23,123,321,C,,medium,web:Examveda.com https://www.examveda.com/java-program/practice-mcq-question-on-inheritence/?page=4,
Java,inheritence,"The concept of multiple inheritance is implemented in Java by 
I. Extending two or more classes. 
II. Extending one class and implementing one or more interfaces. 
III. Implementing two or more interfaces.",Only (II),(I) and (II),(II) and (III),Only (I),C,,medium,web:Examveda.com https://www.examveda.com/java-program/practice-mcq-question-on-inheritence/?page=4,
Java,inheritence,"What is the result of compiling and running this program? 
class Mammal{
 void eat(Mammal m){
 System.out.println(""Mammal eats food"");
 }
}
class Cattle extends Mammal{
 void eat(Cattle c){
 System.out.println(""Cattle eats hay"");
 }
}
class Horse extends Cattle{
 void eat(Horse h){
 System.out.println(""Horse eats hay"");
 }
}
public class Test{
 public static void main(String[] args){
 Mammal h = new Horse();
 Cattle c = new Horse();
 c.eat(h);
 }
}","prints ""Mammal eats food""","prints ""Cattle eats hay""","prints ""Horse eats hay""",Class cast Exception at runtime.,A,,medium,web:Examveda.com https://www.examveda.com/java-program/practice-mcq-question-on-inheritence/?page=4,
Java,inheritence,"Determine output: 
class A{
 public void method1(){
 System.out.print(""Class A method1"");
 }
}
class B extends A{
 public void method2(){
 System.out.print(""Class B method2"");
 }
}
class C extends B{
 public void method2(){
 System.out.print(""Class C method2"");
 } 
 public void method3(){
 System.out.print(""Class C method3"");
 }
}
public class Test{
 public static void main(String args[]){
 A a = new A();
 C c = new C(); 
 c.method2();
 a = c;
 a.method3();
 }
}",Class B method2 Class C method3,Class C method2 Class C method3,Compilation Error,Runtime exception,C,"It is important to understand that it is the type of reference variable - not the type of the object that it refers to - that which determines what members can be accessed. That is, when a reference to a subclass object is assigned to a super class reference variable, we will have access only to those parts of the object defined by the superclass. 
In the above program method method3() is defined in the class C which is a subclass of B and so A. Even the reference variable a refers to c, a can't access method3() as this method is unknown to class A.",medium,web:Examveda.com https://www.examveda.com/java-program/practice-mcq-question-on-inheritence/?page=4,
Java,inheritence,"What will be the output? 
class Parent{
 public void method(){
 System.out.println(""Hi i am parent"");
 }
}
public class Child extends Parent{
 protected void method(){
 System.out.println(""Hi i am Child"");
 }
 public static void main(String args[]){
 Child child = new Child();
 child.method();
 }
}",Compiles successfully and print,Run Time error,Compile time error,None of These,C,"We cannot reduce the visibility of the inherited method from super class. If the overridden or hidden method is public, then the overriding or hiding method must be public; otherwise, a compile-time error occurs. If the overridden or hidden method is protected, then the overriding or hiding method must be protected or public; otherwise, a compile-time error occurs. If the overridden or hidden method has default (package) access, then the overriding or hiding method must not be private; otherwise, a compile-time error occurs.
 

 
 
 
 



 
 
 
 
 
 
 
 
 
 
 
 
 
1
2
3
4
5
6
7
8
9

 
 
 
 
 
 
 
 
 
 

 
 

 -->
 
 
 


 

-->
 
 
 Copyright © 2026 Examveda.com
 
 
 
 
 
 
 
 
 
 About Us |
 Terms & Condition |
 Privacy Policy |
 Contact Us",medium,web:Examveda.com https://www.examveda.com/java-program/practice-mcq-question-on-inheritence/?page=4,
Java,inheritence,"What will be the output? 
class One{
 final int a = 15;
}

class Two extends One{
 final int a = 20;
}

public class Test extends Two{
 final int a = 30;

 public static void main(String args[]){
 Test t = new One();
 System.out.print(t.a);
 }
}",15,20,30,Compiler Error,D,We can't store super class object in subclass reference But we can store subclass object in super class reference.,medium,web:Examveda.com https://www.examveda.com/java-program/practice-mcq-question-on-inheritence/?page=5,
Java,inheritence,"What will be the result after compiling this code? 
class SuperClass{
 public int doIt(String str, Integer... data)throws Exception{
 String signature = ""(String, Integer[])"";
 System.out.println(str + "" "" + signature);
 return 1;
 }
}

public class Test extends SuperClass{
 public int doIt(String str, Integer... data){
 String signature = ""(String, Integer[])"";
 System.out.println(""Overridden: "" + str + "" "" +signature);
 return 0;
 }

 public static void main(String... args){
 SuperClass sb = new Test();
 sb.doIt(""hello"", 3);
 }
}","Overridden: hello (String, Integer[])","hello (String, Integer[])",Compilation fails,None of these,C,Exception must be caught or declared to be thrown.,medium,web:Examveda.com https://www.examveda.com/java-program/practice-mcq-question-on-inheritence/?page=5,
Java,inheritence,"Determine output: 
class A{
 public void printName(){
 System.out.println(""Name-A"");
 }
}
class B extends A{
 public void printName(){
 System.out.println(""Name-B"");
 }
}
class C extends A{
 public void printName(){
 System.out.println(""Name-C"");
 }
}

public class Test{
 public static void main (String[] args){
 B b = new B();
 C c = new C();
 b = c;
 newPrint(b);
 }
 public static void newPrint(A a){
 a.printName();
 }
}",Name B,Name C,Compilation fails due to an error on lines 5,Compilation fails due to an error on lines 9,C,"Reference variable can refer to any object of the same type as the declared reference OR can refer to any subtype of the declared type. Reference variable ""b"" is type of class B and reference variable ""c"" is a type of class C. So Compilation fails.",medium,web:Examveda.com https://www.examveda.com/java-program/practice-mcq-question-on-inheritence/?page=5,
Java,inheritence,"What will be the result of compiling and executing the following program code? 
class Vehicle{
 public void printSound(){
 System.out.print(""vehicle"");
 }
}
class Car extends Vehicle{
 public void printSound(){
 System.out.print(""car"");
 }
}
class Bike extends Vehicle{
 public void printSound(){
 System.out.print(""bike"");
 }
}
public class Test{
 public static void main(String[] args){
 Vehicle v = new Car();
 Bike b = (Bike) v;
 
 v.printSound();
 b.printSound();
 }
}",Compilation fails.,ClassCastException exception is thrown at runtime.,"""vehiclecar"" is printed.","""vehiclebike"" is printed.",B,,medium,web:Examveda.com https://www.examveda.com/java-program/practice-mcq-question-on-inheritence/?page=5,
Java,inheritence,"Determine output: 
class Small{
 public Small(){
 System.out.print(""a "");
 }
}
class Small2 extends Small{
 public Small2(){
 System.out.print(""b "");
 }
}
class Small3 extends Small2{
 public Small3(){
 System.out.print(""c "");
 }
}
public class Test{ 
 public static void main(String args[]){
 new Small3();
 }
}",a,c,a b c,c b a,C,,medium,web:Examveda.com https://www.examveda.com/java-program/practice-mcq-question-on-inheritence/?page=5,
Java,inheritence,"Using which of the following, multiple inheritance in Java can be implemented?",Interfaces,Multithreading,Protected methods,Private methods,A,,medium,web:Examveda.com https://www.examveda.com/java-program/practice-mcq-question-on-inheritence/?page=6,
Java,inheritence,"Which two classes use the Shape class correctly? 
A. public class Circle implements Shape 
 {
 private int radius;
 }
B. public abstract class Circle extends Shape 
 {
 private int radius;
 }
C. public class Circle extends Shape 
 {
 private int radius;
 public void draw();
 }
D. public abstract class Circle implements Shape 
 {
 private int radius;
 public void draw();
 }
E. public class Circle extends Shape 
 {
 private int radius;
 public void draw()
 {
 /* code here */
 }
 }
F. public abstract class Circle implements Shape 
 {
 private int radius;
 public void draw() 
 { 
 /* code here */ 
 }
 }","B,E","A,C","C,E","T,H",A,,medium,web:Examveda.com https://www.examveda.com/java-program/practice-mcq-question-on-inheritence/?page=6,
Java,inheritence,Which of these method of Object class is used to obtain class of an object at run time?,get(),void getclass(),Class getclass(),None of the mentioned,C,,medium,web:Examveda.com https://www.examveda.com/java-program/practice-mcq-question-on-inheritence/?page=6,
Java,inheritence,If a class inheriting an abstract class does not define all of its function then it will be known as?,Abstract,A simple class,Static class,None of the mentioned,A,,medium,web:Examveda.com https://www.examveda.com/java-program/practice-mcq-question-on-inheritence/?page=6,
Java,inheritence,"If super class and subclass have same variable name, which keyword should be used to use super class?",super,this,upper,classname,A,,medium,web:Examveda.com https://www.examveda.com/java-program/practice-mcq-question-on-inheritence/?page=6,
Java,inheritence,A class member declared protected becomes a member of subclass of which type?,public member,private member,protected member,static member,B,,medium,web:Examveda.com https://www.examveda.com/java-program/practice-mcq-question-on-inheritence/?page=6,
Java,inheritence,Which of these method of Object class can clone an object?,Objectcopy(),copy(),Object clone(),clone(),C,,medium,web:Examveda.com https://www.examveda.com/java-program/practice-mcq-question-on-inheritence/?page=6,
Java,inheritence,All classes in Java are inherited from which class?,java.lang.class,java.class.inherited,java.class.object,java.lang.Object,D,,medium,web:Examveda.com https://www.examveda.com/java-program/practice-mcq-question-on-inheritence/?page=6,
Java,inheritence,"What will be the output of the following Java program? 
abstract class A 
{
 int i;
 abstract void display();
} 
class B extends A 
{
 int j;
 void display() 
 {
 System.out.println(j);
 }
} 
class Abstract_demo 
{
 public static void main(String args[])
 {
 B obj = new B();
 obj.j=2;
 obj.display(); 
 }
}",0,2,Runtime Error,Compilation Error,B,,medium,web:Examveda.com https://www.examveda.com/java-program/practice-mcq-question-on-inheritence/?page=6,
Java,inheritence,"What will be the output of the following Java code? 
class A 
{
 int i;
 void display() 
 {
 System.out.println(i);
 }
} 
class B extends A 
{
 int j;
 void display() 
 {
 System.out.println(j);
 }
} 
class method_overriding 
{
 public static void main(String args[])
 {
 B obj = new B();
 obj.i=1;
 obj.j=2; 
 obj.display(); 
 }
}",0,1,2,Compilation Error,C,,medium,web:Examveda.com https://www.examveda.com/java-program/practice-mcq-question-on-inheritence/?page=6,
Java,inheritence,Which of these is not a correct statement?,Every class containing abstract method must be declared abstract,Abstract class defines only the structure of the class not its implementation,Abstract class can be initiated by new operator,Abstract class can be inherited,C,,medium,web:Examveda.com https://www.examveda.com/java-program/practice-mcq-question-on-inheritence/?page=7,
Java,inheritence,"What will be the output of the following Java code? 
class Output 
{
 public static void main(String args[])
 {
 Object obj = new Object();
 System.out.print(obj.getclass());
 }
}",Object,class Object,class java.lang.Object,Compilation Error,C,,medium,web:Examveda.com https://www.examveda.com/java-program/practice-mcq-question-on-inheritence/?page=7,
Java,inheritence,Which of the following is used for implementing inheritance through an interface?,inherited,using,extends,implements,D,,medium,web:Examveda.com https://www.examveda.com/java-program/practice-mcq-question-on-inheritence/?page=7,
Java,inheritence,Which of these is correct way of inheriting class A by class B?,class B + class A {},class B inherits class A {},class B extends A {},class B extends class A {},C,,medium,web:Examveda.com https://www.examveda.com/java-program/practice-mcq-question-on-inheritence/?page=7,
Java,inheritence,"What will be the output of the following Java program? 
class A 
{
 public int i;
 public int j;
 A() 
 {
 i = 1;
 j = 2;
}
} 
class B extends A 
{
 int a;
 B() 
 {
 super();
 } 
} 
class super_use 
{
 public static void main(String args[])
 {
 B obj = new B();
 System.out.println(obj.i + "" "" + obj.j) 
 }
}",1 2,2 1,Runtime Error,Compilation Error,A,,medium,web:Examveda.com https://www.examveda.com/java-program/practice-mcq-question-on-inheritence/?page=7,
Java,inheritence,Which of these packages contains abstract keyword?,java.lang,java.util,java.io,java.system,A,,medium,web:Examveda.com https://www.examveda.com/java-program/practice-mcq-question-on-inheritence/?page=7,
Java,inheritence,Which of these class relies upon its subclasses for complete implementation of its methods?,Object class,abstract class,ArrayList class,None of the mentioned,B,,medium,web:Examveda.com https://www.examveda.com/java-program/practice-mcq-question-on-inheritence/?page=7,
Java,inheritence,Which of these keywords can be used to prevent inheritance of a class?,super,constant,class,final,D,,medium,web:Examveda.com https://www.examveda.com/java-program/practice-mcq-question-on-inheritence/?page=7,
Java,inheritence,Which of these keywords are used to define an abstract class?,abst,abstract,abstract class,None of These,B,,medium,web:Examveda.com https://www.examveda.com/java-program/practice-mcq-question-on-inheritence/?page=7,
Java,inheritence,"What will be the output of the following Java program? 
class A 
{
 int i;
 void display() 
 {
 System.out.println(i);
 }
} 
class B extends A 
{
 int j;
 void display() 
 {
 System.out.println(j);
 }
} 
class inheritance_demo 
{
 public static void main(String args[])
 {
 B obj = new B();
 obj.i=1;
 obj.j=2; 
 obj.display(); 
 }
}",0,1,2,Compilation Error,C,,medium,web:Examveda.com https://www.examveda.com/java-program/practice-mcq-question-on-inheritence/?page=8,
Java,inheritence,"What will be the output of the following Java program? 
class A 
{
 int i;
} 
class B extends A 
{
 int j;
 void display() 
 {
 super.i = j + 1;
 System.out.println(j + "" "" + i);
 }
} 
class inheritance 
{
 public static void main(String args[])
 {
 B obj = new B();
 obj.i=1;
 obj.j=2; 
 obj.display(); 
 }
}",2 2,3 3,2 3,3 2,C,,medium,web:Examveda.com https://www.examveda.com/java-program/practice-mcq-question-on-inheritence/?page=8,
Java,inheritence,Which of these is not abstract?,Thread,AbstractList,List,None of the Mentioned,A,,medium,web:Examveda.com https://www.examveda.com/java-program/practice-mcq-question-on-inheritence/?page=8,
Java,inheritence,"What will be the output of the following Java code? 
class A 
{
 public int i;
 private int j;
} 
class B extends A 
{
 void display() 
 {
 super.j = super.i + 1;
 System.out.println(super.i + "" "" + super.j);
 }
} 
class inheritance 
{
 public static void main(String args[])
 {
 B obj = new B();
 obj.i=1;
 obj.j=2; 
 obj.display(); 
 }
}",2 2,3 3,Runtime Error,Compilation Error,D,,medium,web:Examveda.com https://www.examveda.com/java-program/practice-mcq-question-on-inheritence/?page=8,
Java,inheritence,"What will be the output of the following Java code? 
class A 
{
 public int i;
 protected int j;
} 
class B extends A 
{
 int j;
 void display() 
 {
 super.j = 3;
 System.out.println(i + "" "" + j);
 }
} 
class Output 
{
 public static void main(String args[])
 {
 B obj = new B();
 obj.i=1;
 obj.j=2; 
 obj.display(); 
 }
}",1 2,2 1,1 3,3 1,A,,medium,web:Examveda.com https://www.examveda.com/java-program/practice-mcq-question-on-inheritence/?page=8,
Java,inheritence,"What will be the output of the following Java code? 
class A 
{
 int i;
int j;
 A() 
 {
 i = 1;
 j = 2;
 }
}
class Output 
{
 public static void main(String args[])
 {
 A obj1 = new A();
 System.out.print(obj1.toString());
 }
}",true,false,String associated with obj1,Compilation Error,C,,medium,web:Examveda.com https://www.examveda.com/java-program/practice-mcq-question-on-inheritence/?page=8,
Java,inheritence,Which of this keyword must be used to inherit a class?,super,this,extent,extends,D,,medium,web:Examveda.com https://www.examveda.com/java-program/practice-mcq-question-on-inheritence/?page=8,
Java,inheritence,Which of these class is superclass of every class in Java?,String class,Object class,Abstract class,ArrayList class,B,,medium,web:Examveda.com https://www.examveda.com/java-program/practice-mcq-question-on-inheritence/?page=8,
Java,inheritence,Which of these keywords cannot be used for a class which has been declared final?,abstract,extends,abstract and extends,none of the mentioned,A,,medium,web:Examveda.com https://www.examveda.com/java-program/practice-mcq-question-on-inheritence/?page=8,
Java,inheritence,"What will be the output of the following Java program? 
class A 
{
int i;
int j;
 A() 
 {
 i = 1;
 j = 2;
 }
}
class Output 
{
 public static void main(String args[])
 {
 A obj1 = new A();
 A obj2 = new A();
 System.out.print(obj1.equals(obj2));
 }
}",false,true,1,Compilation Error,A,,medium,web:Examveda.com https://www.examveda.com/java-program/practice-mcq-question-on-inheritence/?page=9,
Java,inheritence,What would be the result if a class extends two interfaces and both have a method with same name and signature? Lets assume that the class is not implementing that method.,Runtime error,Compile time error,Code runs successfully,First called method is executed successfully,B,,medium,web:Examveda.com https://www.examveda.com/java-program/practice-mcq-question-on-inheritence/?page=9,
Java,inheritence,Which of the following is used for implementing inheritance through class?,inherited,using,extends,implements,C,,medium,web:Examveda.com https://www.examveda.com/java-program/practice-mcq-question-on-inheritence/?page=9,
Java,inheritence,"In order to restrict a variable of a class from inheriting to subclass, how variable should be declared?",Protected,Private,Public,Static,B,,medium,web:Examveda.com https://www.examveda.com/java-program/practice-mcq-question-on-inheritence/?page=9,
Java,inheritence,What is not type of inheritance?,Single inheritance,Double inheritance,Hierarchical inheritance,Multiple inheritance,B,,medium,web:Examveda.com https://www.examveda.com/java-program/practice-mcq-question-on-inheritence/?page=9,
Java,inheritence,"What will be the output of the following Java code? 
class A 
{
 public int i;
 public int j;
 A() 
 {
 i = 1;
 j = 2;
}
} 
class B extends A 
{
 int a;
B() 
 {
 super();
 } 
} 
class super_use 
{
 public static void main(String args[])
 {
 B obj = new B();
 System.out.println(obj.i + "" "" + obj.j) 
 }
}",1 2,2 1,Runtime Error,Compilation Error,A,,medium,web:Examveda.com https://www.examveda.com/java-program/practice-mcq-question-on-inheritence/?page=9,
Java,exceptions,What is an exception in Java?,An error that occurs during runtime,An error that occurs during compilation,A warning issued by the compiler,A type of loop,A,,medium,web:Examveda.com https://www.examveda.com/java-program/practice-mcq-question-on-exceptions/,
Java,exceptions,Which keyword is used to handle exceptions in Java?,throws,throw,try,catch,D,,medium,web:Examveda.com https://www.examveda.com/java-program/practice-mcq-question-on-exceptions/,
Java,exceptions,"What is the purpose of the ""try"" block in exception handling?",It catches exceptions and handles them,It specifies the exception type,It contains the code that might throw an exception,It specifies the exception message,C,,medium,web:Examveda.com https://www.examveda.com/java-program/practice-mcq-question-on-exceptions/,
Java,exceptions,"In Java, can a method declare multiple exceptions using the ""throws"" keyword?","Only if the method is marked as ""static""","Yes, a method can declare multiple exceptions separated by commas","Only if the exceptions are marked as ""final""","Only if the method is marked as ""final""",B,,medium,web:Examveda.com https://www.examveda.com/java-program/practice-mcq-question-on-exceptions/,
Java,exceptions,"What is the purpose of the ""catch"" block in exception handling?",It specifies the exception message,It specifies the exception type,It catches exceptions and handles them,It contains the code that might throw an exception,C,,medium,web:Examveda.com https://www.examveda.com/java-program/practice-mcq-question-on-exceptions/,
Java,exceptions,"In Java, can a ""catch"" block catch multiple exceptions?","No, a ""catch"" block can only catch one exception","Only if the ""catch"" block is marked as ""static""","Only if the exceptions are marked as ""final""","Yes, a ""catch"" block can catch multiple exceptions using the pipe ( | ) symbol",D,,medium,web:Examveda.com https://www.examveda.com/java-program/practice-mcq-question-on-exceptions/,
Java,exceptions,"What is the purpose of the ""throw"" keyword in Java exception handling?",To explicitly throw an exception,To catch exceptions,To specify exception types,"To declare a method as ""throws""",A,,medium,web:Examveda.com https://www.examveda.com/java-program/practice-mcq-question-on-exceptions/,
Java,exceptions,"In Java, can a method throw any checked exception without declaring it using ""throws""?","Only if the exception is marked as ""static""","Only if the method is marked as ""final""","No, a method must declare checked exceptions using the ""throws"" keyword","Yes, a method can throw any checked exception without declaration",D,,medium,web:Examveda.com https://www.examveda.com/java-program/practice-mcq-question-on-exceptions/,
Java,exceptions,"What is the purpose of the ""throws"" keyword in Java method declaration?",To indicate that the method will throw an unchecked exception,To specify the exception message,To indicate that the method may throw a checked exception,To specify the exception type,C,,medium,web:Examveda.com https://www.examveda.com/java-program/practice-mcq-question-on-exceptions/,
Java,exceptions,"What is the result of the following code snippet? try { int[] arr = new int[5]; int value = arr[10]; } catch (ArrayIndexOutOfBoundsException e) { System.out.println(""Exception Caught!""); }",Compilation error,Exception Caught!,Runtime exception,Bounds Exception,B,,medium,web:Examveda.com https://www.examveda.com/java-program/practice-mcq-question-on-exceptions/,
Java,exceptions,"In Java, which type of exceptions are checked at compile-time?",Custom exceptions,RuntimeExceptions,Checked exceptions,Unchecked exceptions,C,,medium,web:Examveda.com https://www.examveda.com/java-program/practice-mcq-question-on-exceptions/?page=2,
Java,exceptions,"What is the result of the following code snippet? try { int num = 10 / 0; } catch (ArithmeticException e) { System.out.println(""Arithmetic Exception!""); } catch (Exception e) { System.out.println(""Exception!""); }",Exception!,No output,Compilation error,Arithmetic Exception!,D,,medium,web:Examveda.com https://www.examveda.com/java-program/practice-mcq-question-on-exceptions/?page=2,
Java,exceptions,"In Java, which type of exceptions are unchecked at compile-time?",Unchecked exceptions,Checked exceptions,RuntimeExceptions,Custom exceptions,A,,medium,web:Examveda.com https://www.examveda.com/java-program/practice-mcq-question-on-exceptions/?page=2,
Java,exceptions,"What is the result of the following code snippet? try { String str = null; System.out.println(str.length()); } catch (NullPointerException e) { System.out.println(""NullPointerException!""); } catch (Exception e) { System.out.println(""Exception!""); }",Compilation error,No output,Exception!,NullPointerException!,D,,medium,web:Examveda.com https://www.examveda.com/java-program/practice-mcq-question-on-exceptions/?page=2,
Java,exceptions,"In Java, can a ""finally"" block be used without a ""try-catch"" block?","Yes, a ""finally"" block can be used independently","Only if the ""finally"" block is marked as ""static""","No, a ""finally"" block must be associated with a ""try-catch"" block","Only if the ""finally"" block is marked as ""final""",C,,medium,web:Examveda.com https://www.examveda.com/java-program/practice-mcq-question-on-exceptions/?page=2,
Java,exceptions,"What is the purpose of the ""finally"" block in Java exception handling?",To throw exceptions explicitly,To specify code that must be executed regardless of whether an exception is thrown or caught,To specify the exception type,When an exception does not rise,B,,medium,web:Examveda.com https://www.examveda.com/java-program/practice-mcq-question-on-exceptions/?page=2,
Java,exceptions,"In Java, can a ""finally"" block be used without a ""catch"" block?","Only if the ""finally"" block is marked as ""final""","Only if the ""finally"" block is marked as ""static""","Yes, a ""finally"" block can be used independently","No, a ""finally"" block must be associated with a ""catch"" block",C,,medium,web:Examveda.com https://www.examveda.com/java-program/practice-mcq-question-on-exceptions/?page=2,
Java,exceptions,"What is the result of the following code snippet? try { int[] arr = new int[5]; int value = arr[2]; } catch (NullPointerException e) { System.out.println(""NullPointerException!""); } finally { System.out.println(""Finally Block!""); }",No output,NullPointerException!,Compilation error,Finally Block!,D,,medium,web:Examveda.com https://www.examveda.com/java-program/practice-mcq-question-on-exceptions/?page=2,
Java,exceptions,"In Java, can a ""catch"" block catch exceptions of a superclass type?","Yes, a ""catch"" block can catch exceptions of a superclass type","No, a ""catch"" block can only catch exceptions of the exact type","Only if the superclass is marked as ""final""","Only if the subclass is marked as ""static""",A,,medium,web:Examveda.com https://www.examveda.com/java-program/practice-mcq-question-on-exceptions/?page=2,
Java,exceptions,"What is the result of the following code snippet? try { int result = 10 / 0; } catch (ArithmeticException e) { System.out.println(""Arithmetic Exception!""); } finally { System.out.println(""Finally Block!""); }",No output,Finally Block!,Arithmetic Exception!,Arithmetic Exception! Finally Block!,D,,medium,web:Examveda.com https://www.examveda.com/java-program/practice-mcq-question-on-exceptions/?page=2,
Java,exceptions,"In Java, can a method declare both ""throws"" and ""throw"" statements?","No, a method can only declare one of them","Only if the method is marked as ""static""","Yes, a method can declare both ""throws"" and ""throw"" statements","Only if the method is marked as ""final""",C,,medium,web:Examveda.com https://www.examveda.com/java-program/practice-mcq-question-on-exceptions/?page=3,
Java,exceptions,"What is the result of the following code snippet? try { String str = ""Java""; int num = Integer.parseInt(str); } catch (NumberFormatException e) { System.out.println(""NumberFormatException!""); } catch (Exception e) { System.out.println(""Exception!""); } finally { System.out.println(""Finally Block!""); }",Finally Block!,NumberFormatException! Finally Block!,Compilation error,Exception Block!,B,,medium,web:Examveda.com https://www.examveda.com/java-program/practice-mcq-question-on-exceptions/?page=3,
Java,exceptions,"In Java, can a method declare ""throws"" for a checked exception that is not thrown in the method body?","Only if the exceptions are marked as ""final""","Only if the method is marked as ""static""","Yes, a method can declare ""throws"" for checked exceptions that are not thrown in the method body","No, a method must throw all the exceptions it declares",C,,medium,web:Examveda.com https://www.examveda.com/java-program/practice-mcq-question-on-exceptions/?page=3,
Java,exceptions,"What is the result of the following code snippet? try { throw new NullPointerException(); } catch (ArithmeticException e) { System.out.println(""Arithmetic Exception!""); } catch (NullPointerException e) { System.out.println(""NullPointerException!""); }",NullPointerException!,Compilation error,Runtime exception,Arithmetic Exception!,A,"In the given code snippet, a NullPointerException is explicitly thrown within the try block. When an exception is thrown, the Java runtime looks for a catch block that matches the type of the thrown exception. 

In this case, since a NullPointerException is thrown, the catch block specifically catching NullPointerException will be executed. Therefore, the output of the code will be ""NullPointerException!"". 

Hence, Option A: NullPointerException! is the correct result of the code snippet.",medium,web:Examveda.com https://www.examveda.com/java-program/practice-mcq-question-on-exceptions/?page=3,
Java,exceptions,"In Java, can a ""finally"" block have a ""return"" statement?","Yes, a ""finally"" block can have a ""return"" statement","No, a ""finally"" block cannot contain a ""return"" statement","Only if the method is marked as ""static""","Only if the ""finally"" block is marked as ""final""",A,,medium,web:Examveda.com https://www.examveda.com/java-program/practice-mcq-question-on-exceptions/?page=3,
Java,exceptions,"What is the result of the following code snippet? try { int[] arr = new int[5]; int value = arr[10]; } catch (ArrayIndexOutOfBoundsException e) { System.out.println(""Exception Caught!""); } finally { System.out.println(""Finally Block!""); }",Compilation error,Exception Caught!,Finally Block!,Exception Caught! Finally Block!,D,,medium,web:Examveda.com https://www.examveda.com/java-program/practice-mcq-question-on-exceptions/?page=3,
Java,exceptions,"In Java, can a ""try"" block have multiple ""catch"" blocks?","No, a ""try"" block can have only one ""catch"" block","Only if the ""try"" block is marked as ""static""","Yes, a ""try"" block can have multiple ""catch"" blocks to catch different types of exceptions","Only if the ""catch"" blocks are marked as ""final""",C,,medium,web:Examveda.com https://www.examveda.com/java-program/practice-mcq-question-on-exceptions/?page=3,
Java,exceptions,"What is the result of the following code snippet? try { throw new ArithmeticException(); } catch (Exception e) { System.out.println(""Exception!""); } catch (ArithmeticException e) { System.out.println(""Arithmetic Exception!""); }",Arithmetic Exception!,Compilation error,Runtime exception,ArithmeticException,B,,medium,web:Examveda.com https://www.examveda.com/java-program/practice-mcq-question-on-exceptions/?page=3,
Java,exceptions,"In Java, can a ""catch"" block catch exceptions of a subclass type before catching exceptions of a superclass type?","Only if the superclass is marked as ""static""","Only if the subclass is marked as ""final""","Yes, a ""catch"" block can catch exceptions of a subclass type before a superclass type","No, a ""catch"" block must catch exceptions of a superclass type first",C,,medium,web:Examveda.com https://www.examveda.com/java-program/practice-mcq-question-on-exceptions/?page=3,
Java,exceptions,"What is the result of the following code snippet? try { throw new RuntimeException(); } catch (RuntimeException e) { System.out.println(""Runtime Exception!""); } catch (Exception e) { System.out.println(""Exception!""); }",Exception!,Compilation error,No output,Runtime Exception!,D,,medium,web:Examveda.com https://www.examveda.com/java-program/practice-mcq-question-on-exceptions/?page=3,
Java,exceptions,The class at the top of exception class hierarchy is .................,ArithmeticException,Throwable,Object,Exception,B,,medium,web:Examveda.com https://www.examveda.com/java-program/practice-mcq-question-on-exceptions/?page=4,
Java,exceptions,In which of the following package Exception class exist?,java.util,java.file,java.io,java.lang,D,"The Exception class is part of the java.lang package. 

 java.lang is one of the core packages in Java, automatically imported into every Java program. 
 The Exception class, being part of this package, is the base class for all exceptions in Java. It handles various types of runtime errors, allowing developers to manage error conditions gracefully.",medium,web:Examveda.com https://www.examveda.com/java-program/practice-mcq-question-on-exceptions/?page=4,
Java,exceptions,Exception generated in try block is caught in ........... block.,catch,throw,throws,finally,A,,medium,web:Examveda.com https://www.examveda.com/java-program/practice-mcq-question-on-exceptions/?page=4,
Java,exceptions,Which keyword is used to explicitly throw an exception?,try,throwing,catch,throw,D,,medium,web:Examveda.com https://www.examveda.com/java-program/practice-mcq-question-on-exceptions/?page=4,
Java,exceptions,Which exception is thrown when divide by zero statement executes?,NumberFormatException,ArithmeticException,NullPointerException,None of these,B,,medium,web:Examveda.com https://www.examveda.com/java-program/practice-mcq-question-on-exceptions/?page=4,
Java,exceptions,Which keyword is used to specify the exception thrown by method?,catch,throws,finally,throw,B,,medium,web:Examveda.com https://www.examveda.com/java-program/practice-mcq-question-on-exceptions/?page=4,
Java,exceptions,Which of the following blocks execute compulsorily whether exception is caught or not.,finally,catch,throws,throw,A,,medium,web:Examveda.com https://www.examveda.com/java-program/practice-mcq-question-on-exceptions/?page=4,
Java,exceptions,What happen in case of multiple catch blocks?,Either super or subclass can be caught first.,The superclass exception must be caught first.,The superclass exception cannot caught first.,None of these,C,,medium,web:Examveda.com https://www.examveda.com/java-program/practice-mcq-question-on-exceptions/?page=4,
Java,exceptions,Which exception is thrown when an array element is accessed beyond the array size?,ArrayElementOutOfBounds,ArrayIndexOutOfBoundsException,ArrayIndexOutOfBounds,None of these,B,,medium,web:Examveda.com https://www.examveda.com/java-program/practice-mcq-question-on-exceptions/?page=4,
Java,exceptions,"What is the output of the following program code? 
public class Test{
 public static void main(String args[]){
 try{
 int i;
 return;
 }
 catch(Exception e){
 System.out.print(""inCatchBlock"");
 }
 finally{
 System.out.println(""inFinallyBlock"");
 }
 }
}",inCatchBlock,inCatchBlock inFinallyBlock,inFinallyBlock,The program will return without printing anything,C,,medium,web:Examveda.com https://www.examveda.com/java-program/practice-mcq-question-on-exceptions/?page=4,
Java,exceptions,"Given the following piece of code: 
class SalaryCalculationException extends Exception{}
class Person{
 public void calculateSalary() throws SalaryCalculationException{
 //...
 throw new SalaryCalculationException();
 //...
 }
}
class Company{
 public void paySalaries(){
 new Person().calculateSalary();
 }
} 
Which of the following statements is correct? 
1. This code will compile without any problems. 
2. This code will compile if in method paySalaries() we return a boolean in stead of void. 
3. This code will compile if we add a try-catch block in paySalaries(). 
4. This code will compile if we add throws SalaryCalculationException in the signature of method paySalaries().",1 and 4,2 and 3,2 and 4,3 and 4,D,"1. This code will compile without any problems. 
This statement is incorrect because the code includes the declaration of a checked exception (SalaryCalculationException), but it is not handled or propagated properly. So, it will not compile without addressing this issue. 
2. This code will compile if in method paySalaries() we return a boolean instead of void. 
This statement is incorrect because the issue with the compilation lies in the exception handling, not the return type of the paySalaries() method. Changing the return type to boolean will not resolve the compilation problem. 
3. This code will compile if we add a try-catch block in paySalaries(). 
This statement is correct. By adding a try-catch block in the paySalaries() method, we can catch the SalaryCalculationException thrown by the calculateSalary() method. This way, the exception is properly handled, and the code will comp",medium,web:Examveda.com https://www.examveda.com/java-program/practice-mcq-question-on-exceptions/?page=5,
Java,exceptions,"What will be the output of the following piece of code: 
class Person{
 public void talk() {}
}
public class Test{
 public static void main(String args[]){
 Person p = null;
 try{
 p.talk();
 }
 catch(NullPointerException e){
 System.out.print(""There is a NullPointerException. "");
 }
 catch(Exception e){
 System.out.print(""There is an Exception. "");
 }
 System.out.print(""Everything went fine. "");
 }
}",There is a NullPointerException. Everything went fine.,There is a NullPointerException.,There is a NullPointerException. There is an Exception.,"This code will not compile, because in Java there are no pointers.",A,,medium,web:Examveda.com https://www.examveda.com/java-program/practice-mcq-question-on-exceptions/?page=5,
Java,exceptions,"Determine output of the following program code? 
public class Test{
 public static void main(String args[]){
 int i;
 try{
 i = calculate();
 System.out.println(i);
 }catch(Exception e){
 System.out.println(""Error occured"");
 }
 }

 static int calculate(){
 return (7/2);
 }
}",3,3.5,Error occured,Compilation Error,A,,medium,web:Examveda.com https://www.examveda.com/java-program/practice-mcq-question-on-exceptions/?page=5,
Java,exceptions,"public class Test{
 public static void main(String args[]){
 try{
 int a = Integer.parseInt(""four"");
 }
 }
} 
Which exception could be handled by the catch block for above?",IllegalStateException,NumberFormatException,ClassCastException,ArrayIndexOutOfBoundsException,B,,medium,web:Examveda.com https://www.examveda.com/java-program/practice-mcq-question-on-exceptions/?page=5,
Java,exceptions,"What will be the output? 
class MyClass{
 public String test(){
 try{
 System.out.print(""One"");
 return """";
 }
 finally{
 System.out.print(""Two"");
 }
 }
}

public class Test{
 public static void main(String args[]){
 MyClass m = new MyClass();
 m.test();
 }
}",One,Two,One Two,Compilation Error,C,Finally block will execute irrespective of return statement in try block.,medium,web:Examveda.com https://www.examveda.com/java-program/practice-mcq-question-on-exceptions/?page=5,
Java,exceptions,"try{
 File f = new File(""a.txt"");
}catch(Exception e){
}catch(IOException io){
} 
Is this code create new file name a.txt ?",true,false,Compilation Error,None of these,C,IOException is unreachable to compiler because all exception is going to catch by Exception block.,medium,web:Examveda.com https://www.examveda.com/java-program/practice-mcq-question-on-exceptions/?page=5,
Java,exceptions,"What is the output for the below code? 
import java.io.FileNotFoundException;
class A{
 public void printName() throws FileNotFoundException{
 System.out.println(""Value-A"");
 }
}
class B extends A{
 public void printName() throws NullPointerException{
 System.out.println(""Name-B"");
 }
}
public class Test{
 public static void main (String[] args) throws Exception{
 A a = new B();
 a.printName();
 }
}",Value-A,Compilation fails-Exception NullPointerException is not compatible with throws clause in A.printName(),Name-B,Compilation succeed but no output,C,"The overriding method can throw any unchecked (runtime) exception, regardless of exception thrown by overridden method. NullPointerException is RuntimeException so compiler will not complain.",medium,web:Examveda.com https://www.examveda.com/java-program/practice-mcq-question-on-exceptions/?page=5,
Java,exceptions,"What will be the result of executing the following code? 
public class Test{
 public void divide(int a, int b){
 try{
 int c = a / b;
 }catch(Exception e){
 System.out.print(""Exception "");
 }finally{
 System.out.println(""Finally"");
 }

 public static void main(String args[]){
 Test t = new Test();
 t.divide(0,3);
 }
}",Prints out: Exception,Prints out: Exception Finally,Compile with error,Prints out: Finally,D,"Finally blocks are always executed whether exception occurs or not. 
0/3 = 0 Does not throws exception.",medium,web:Examveda.com https://www.examveda.com/java-program/practice-mcq-question-on-exceptions/?page=5,
Java,exceptions,"Which of the below statement is/are true about Error? 
A. An Error is a subclass of Throwable. 
B. An Error is a subclass of Exception. 
C. Error indicates serious problems that a reasonable application should not try to catch. 
D. An Error is a subclass of IOException.",A and D,A and B,A and C,B and C,C,"Statement A: This is true. In Java, Error is indeed a direct subclass of Throwable, which is the superclass of all errors and exceptions in the Java language. 
Statement B: This is false. Error is not a subclass of Exception. Both Error and Exception are direct subclasses of Throwable but are distinct from each other. 
Statement C: This is true. Errors generally indicate serious problems that a reasonable application should not try to catch. These are conditions that are usually outside the control of the program and require intervention at a higher level (such as the runtime environment). Examples include virtual machine errors, out-of-memory errors, etc. 
Statement D: This is false. Error is not a subclass of IOException. IOException is a subclass of Exception, specifically used for handling I/O-related issues. 

Correct Statements:
A and C: 
Option C is correct because it includes the",medium,web:Examveda.com https://www.examveda.com/java-program/practice-mcq-question-on-exceptions/?page=5,
Java,exceptions,"Predict the output: 
public class Test{ 
 public static void main(String args[]){
 try{
 String arr[] = new String[10];
 arr = null;
 arr[0] = ""one"";
 System.out.print(arr[0]);
 }catch(Exception ex){
 System.out.print(""exception"");
 }catch(NullPointerException nex){
 System.out.print(""null pointer exception"");
 } 
 }
}","""one"" is printed.","""exception"" is printed.","""null pointer exception"" is printed.",Compilation fails saying NullPointerException has already been caught.,D,,medium,web:Examveda.com https://www.examveda.com/java-program/practice-mcq-question-on-exceptions/?page=6,
Java,exceptions,"Given the code. What is the result when this program is executed? 
public class Test{
 static int x[];
 
 static{
 x[0] = 1;
 }
 
 public static void main(String args[]){
 }
}",ArrayIndexOutOfBoundsException is thrown,ExceptionInInitializerError is thrown,IllegalStateException is thrown,StackOverflowException is thrown,B,,medium,web:Examveda.com https://www.examveda.com/java-program/practice-mcq-question-on-exceptions/?page=6,
Java,exceptions,"What will be the result if NullPointerException occurs at line 2? 
try{
 //some code goes here
}
catch(NullPointerException ne){
 System.out.print(""1 "");
}
catch(RuntimeException re){
 System.out.print(""2 "");
}
finally{
 System.out.print(""3"");
}",1,3,2 3,1 3,D,,medium,web:Examveda.com https://www.examveda.com/java-program/practice-mcq-question-on-exceptions/?page=6,
Java,exceptions,"What will be the result after the class Test execution? 
class A{
 public void doA(){
 B b = new B();
 b.dobB();
 System.out.print(""doA"");
 }
}
class B{
 public void dobB(){
 C c = new C();
 c.doC();
 System.out.print(""doB"");
 }
}
class C{
 public void doC(){
 if(true)
 throw new NullPointerException();
 System.out.print(""doC"");
 }
}
public class Test{
 public static void main(String args[]){
 try{
 A a = new A();
 a.doA();
 }catch(Exception ex){
 System.out.print(""error"");
 }
 }
}","""doCdoBdoA"" is printed","""doAdoBdoC"" is printed","""doBdoAerror"" is printed","""error"" is printed",D,,medium,web:Examveda.com https://www.examveda.com/java-program/practice-mcq-question-on-exceptions/?page=6,
Java,exceptions,Which of the following should be true of the object thrown by a thrown statement?,Should be assignable to String type,Should be assignable to Exception type,Should be assignable to Throwable type,Should be assignable to Error type,C,,medium,web:Examveda.com https://www.examveda.com/java-program/practice-mcq-question-on-exceptions/?page=6,
Java,exceptions,Which of the following keywords is used for throwing exception manually?,finally,try,throw,catch,C,,medium,web:Examveda.com https://www.examveda.com/java-program/practice-mcq-question-on-exceptions/?page=6,
Java,exceptions,Which of these exceptions will occur if we try to access the index of an array beyond its length?,ArithmeticException,ArrayException,ArrayIndexException,ArrayIndexOutOfBoundsException,D,,medium,web:Examveda.com https://www.examveda.com/java-program/practice-mcq-question-on-exceptions/?page=6,
Java,exceptions,Which of these operator is used to generate an instance of an exception than can be thrown by using throw?,new,malloc,alloc,thrown,A,,medium,web:Examveda.com https://www.examveda.com/java-program/practice-mcq-question-on-exceptions/?page=6,
Java,exceptions,Which of these keywords is used to manually throw an exception?,try,finally,throw,catch,C,,medium,web:Examveda.com https://www.examveda.com/java-program/practice-mcq-question-on-exceptions/?page=6,
Java,exceptions,Which of these exceptions handles the divide by zero error?,ArithmeticException,MathException,IllegalAccessException,IllegarException,A,,medium,web:Examveda.com https://www.examveda.com/java-program/practice-mcq-question-on-exceptions/?page=6,
Java,exceptions,"What will be the output of the following Java code? 
class Output 
{
 public static void main(String args[]) 
 {
 try 
 {
 int a = 0;
 int b = 5;
 int c = b / a;
 System.out.print(""Hello"");
 } 
 }
}",Hello,World,HelloWOrld,Compilation Error,D,,medium,web:Examveda.com https://www.examveda.com/java-program/practice-mcq-question-on-exceptions/?page=7,
Java,exceptions,Which of these class is related to all the exceptions that cannot be caught?,Error,Exception,RuntimeExecption,All of the mentioned,A,,medium,web:Examveda.com https://www.examveda.com/java-program/practice-mcq-question-on-exceptions/?page=7,
Java,exceptions,Which of these classes is used to define exceptions?,Exception,Throwable,Abstract,System,A,,medium,web:Examveda.com https://www.examveda.com/java-program/practice-mcq-question-on-exceptions/?page=7,
Java,exceptions,Which of these class is related to all the exceptions that can be caught by using catch?,Error,Exception,RuntimeExecption,All of the mentioned,B,,medium,web:Examveda.com https://www.examveda.com/java-program/practice-mcq-question-on-exceptions/?page=7,
Java,exceptions,"What will be the output of the following Java code? 
class exception_handling 
{
 public static void main(String args[]) 
 {
 try 
 {
 System.out.print(""Hello"" + "" "" + 1 / 0);
 }
 finally 
 {
 System.out.print(""World""); 
 }
 }
}",Hello,World,Compilation Error,First Exception then World,D,,medium,web:Examveda.com https://www.examveda.com/java-program/practice-mcq-question-on-exceptions/?page=7,
Java,exceptions,Which of these classes is super class of Exception class?,Throwable,System,RunTime,Class,A,,medium,web:Examveda.com https://www.examveda.com/java-program/practice-mcq-question-on-exceptions/?page=7,
Java,exceptions,"What will be the output of the following Java code? 
class exception_handling 
{
 public static void main(String args[]) 
 {
 try 
 {
 int a = args.length;
 int b = 10 / a;
 System.out.print(a);
 try 
 {
 if (a == 1)
 a = a / a - a;
 if (a == 2) 
 {
 int []c = {1};
 c[8] = 9;
 }
 }
 catch (ArrayIndexOutOfBoundException e) 
 {
 System.out.println(""TypeA"");
 }
 catch (ArithmeticException e) 
 {
 System.out.println(""TypeB"");
 }
 }
} 
Note: Execution command line: $ java exception_handling one two",TypeA,TypeB,Compilation Error,Runtime Error,C,,medium,web:Examveda.com https://www.examveda.com/java-program/practice-mcq-question-on-exceptions/?page=7,
Java,exceptions,Which of these statements is incorrect?,try block need not to be followed by catch block,try block can be followed by finally block instead of catch block,try can be followed by both catch and finally block,try need not to be followed by anything,D,,medium,web:Examveda.com https://www.examveda.com/java-program/practice-mcq-question-on-exceptions/?page=7,
Java,exceptions,Which of these keywords are used for the block to handle the exceptions generated by try block?,try,catch,throw,check,B,,medium,web:Examveda.com https://www.examveda.com/java-program/practice-mcq-question-on-exceptions/?page=7,
Java,exceptions,Which of these keywords must be used to monitor for exceptions?,try,finally,throw,catch,A,,medium,web:Examveda.com https://www.examveda.com/java-program/practice-mcq-question-on-exceptions/?page=7,
Java,exceptions,"What will be the output of the following Java code? 
public class A
 { 
 public static void main(String[] args) 
 {
 try 
 { 
 return; 
 } 
 finally 
 {
 System.out.println( ""Finally"" ); 
 } 
 } 
}",Finally,Compilation fails,The code runs with no output,An exception is thrown at runtime,A,,medium,web:Examveda.com https://www.examveda.com/java-program/practice-mcq-question-on-exceptions/?page=8,
Java,exceptions,Which of the following classes can catch all exceptions which cannot be caught?,RuntimeException,Error,Exception,ParentException,B,,medium,web:Examveda.com https://www.examveda.com/java-program/practice-mcq-question-on-exceptions/?page=8,
Java,exceptions,"What will be the output of the following Java code? 
class exception_handling 
{
 public static void main(String args[]) 
 {
 try 
 {
 int a = args.length;
 int b = 10 / a;
 System.out.print(a);
 try 
 {
 if (a == 1)
 a = a / a - a;
 if (a == 2) 
 {
 int []c = {1};
 c[8] = 9;
 }
 }
 catch (ArrayIndexOutOfBoundException e) 
 {
 System.out.println(""TypeA"");
 }
 catch (ArithmeticException e) 
 {
 System.out.println(""TypeB"");
 }
 }
 }
}",TypeA,TypeB,Compile Time Error,0TypeB,C,,medium,web:Examveda.com https://www.examveda.com/java-program/practice-mcq-question-on-exceptions/?page=8,
Java,exceptions,"What will be the output of the following Java code? 
class exception_handling 
{
 public static void main(String args[]) 
 {
 try 
 {
 int i, sum;
 sum = 10;
 for (i = -1; i",-1,0,-10,-101,C,,medium,web:Examveda.com https://www.examveda.com/java-program/practice-mcq-question-on-exceptions/?page=8,
Java,exceptions,Which of these keywords are used for the block to be examined for exceptions?,try,catch,throw,check,A,,medium,web:Examveda.com https://www.examveda.com/java-program/practice-mcq-question-on-exceptions/?page=8,
Java,exceptions,Which part of code gets executed whether exception is caught or not?,finally,try,catch,throw,A,,medium,web:Examveda.com https://www.examveda.com/java-program/practice-mcq-question-on-exceptions/?page=8,
Java,exceptions,Which of these keywords must be used to handle the exception thrown by try block in some rational manner?,try,finally,throw,catch,D,,medium,web:Examveda.com https://www.examveda.com/java-program/practice-mcq-question-on-exceptions/?page=8,
Java,exceptions,"What will be the output of the following Java code? 
class exception_handling 
 {
 public static void main(String args[])
 {
 try 
 {
 int a = 1;
 int b = 10 / a;
 try 
 {
 if (a == 1)
 a = a / a - a;
 if (a == 2) 
 {
 int c[] = {1};
 c[8] = 9;
 }
 }
 finally 
 {
 System.out.print(""A"");
 }
 }
 catch (Exception e) 
 {
 System.out.println(""B"");
 }
 }
 }",A,B,AB,BA,A,,medium,web:Examveda.com https://www.examveda.com/java-program/practice-mcq-question-on-exceptions/?page=8,
Java,exceptions,"What will be the output of the following Java code? 
class Output 
{
 public static void main(String args[]) 
 {
 try 
 {
 int a = 0;
 int b = 5;
 int c = a / b;
 System.out.print(""Hello"");
 }
 finally 
 {
 System.out.print(""World"");
 } 
 }
}",Hello,World,HelloWOrld,Compilation Error,C,,medium,web:Examveda.com https://www.examveda.com/java-program/practice-mcq-question-on-exceptions/?page=8,
Java,exceptions,"What will be the output of the following Java code? 
class exception_handling 
{
 public static void main(String args[])
 {
 try 
 {
 throw new NullPointerException (""Hello"");
 System.out.print(""A"");
 }
 catch(ArithmeticException e) 
 {
 System.out.print(""B""); 
 }
 }
}",A,B,Compilation Error,Runtime Error,C,,medium,web:Examveda.com https://www.examveda.com/java-program/practice-mcq-question-on-exceptions/?page=8,
Java,exceptions,Which of these methods return localized description of an exception?,getLocalizedMessage(),getMessage(),obtainLocalizedMessage(),printLocalizedMessage(),A,,medium,web:Examveda.com https://www.examveda.com/java-program/practice-mcq-question-on-exceptions/?page=9,
Java,exceptions,"What will be the output of the following Java code? 
class exception_handling 
{
 public static void main(String args[]) 
 {
 try 
 {
 int a = args.length;
 int b = 10 / a;
 System.out.print(a);
 }
 catch (ArithmeticException e) 
 {
 System.out.println(""1"");
 }
 }
} 
Note : Execution command line : $ java exception_handling",0,1,Compilation Error,Runtime Error,B,,medium,web:Examveda.com https://www.examveda.com/java-program/practice-mcq-question-on-exceptions/?page=9,
Java,exceptions,When does Exceptions in Java arises in code sequence?,Run Time,Compilation Time,Can Occur Any Time,None of the mentioned,A,,medium,web:Examveda.com https://www.examveda.com/java-program/practice-mcq-question-on-exceptions/?page=9,
Java,exceptions,What is the use of try & catch?,It allows us to manually handle the exception,It allows to fix errors,It prevents automatic terminating of the program in cases when an exception occurs,All of the mentioned,D,,medium,web:Examveda.com https://www.examveda.com/java-program/practice-mcq-question-on-exceptions/?page=9,
Java,exceptions,"What will be the output of the following Java code? 
class Output 
{
 public static void main(String args[]) 
 {
 try 
 {
 int a = 0;
 int b = 5;
 int c = a / b;
 System.out.print(""Hello"");
 }
 catch(Exception e) 
 {
 System.out.print(""World"");
 } 
 }
}",Hello,World,HelloWOrld,Compilation Error,A,,medium,web:Examveda.com https://www.examveda.com/java-program/practice-mcq-question-on-exceptions/?page=9,
Java,exceptions,"What will be the output of the following Java code? 
class Output 
{
 public static void main(String args[]) 
 {
 try
 {
 int a = 0;
 int b = 5;
 int c = b / a;
 System.out.print(""Hello"");
 }
 catch(Exception e) 
 {
 System.out.print(""World"");
 } 
 finally 
 {
 System.out.print(""World"");
 } 
 }
}",Hello,World,HelloWOrld,WorldWorld,D,,medium,web:Examveda.com https://www.examveda.com/java-program/practice-mcq-question-on-exceptions/?page=9,
Java,exceptions,"What will be the output of the following Java code? 
class exception_handling 
{
 public static void main(String args[]) 
 {
 try 
 {
 System.out.print(""A"");
 throw new NullPointerException (""Hello"");
 }
 catch(ArithmeticException e) 
 {
 System.out.print(""B""); 
 }
 }
}",A,B,Hello,Runtime Exception,D,,medium,web:Examveda.com https://www.examveda.com/java-program/practice-mcq-question-on-exceptions/?page=9,
Java,exceptions,Which of these is a super class of all exceptional type classes?,String,RuntimeExceptions,Throwable,Cacheable,C,,medium,web:Examveda.com https://www.examveda.com/java-program/practice-mcq-question-on-exceptions/?page=9,
Java,exceptions,"What will be the output of the following Java code? 
class exception_handling
{
 public static void main(String args[])
 {
 try 
 {
 int a = args.length;
 int b = 10 / a;
 System.out.print(a);
 try 
 {
 if (a == 1)
 a = a / a - a;
 if (a == 2)
 {
 int c = {1};
 c[8] = 9;
 }
 }
 catch (ArrayIndexOutOfBoundException e)
 {
 System.out.println(""TypeA"");
 }
 catch (ArithmeticException e)
 {
 System.out.println(""TypeB"");
 }
 }
 }
} 
Note : Execution command line : $ java exception_handling one",TypeA,TypeB,Compilation Error,Runtime Error,C,,medium,web:Examveda.com https://www.examveda.com/java-program/practice-mcq-question-on-exceptions/?page=9,
Java,exceptions,"What will be the output of the following Java code? 
class Myexception extends Exception 
{
int detail;
 Myexception(int a)
 {
 detail = a;
}
public String toString()
 {
 return ""detail"";
}
}
class Output
{
 static void compute (int a) throws Myexception
 {
 throw new Myexception(a); 
}
public static void main(String args[])
 {
 try 
 {
 compute(3);
 }
 catch(Exception e)
 {
 System.out.print(""Exception"");
 } 
 }
}",3,Exception,Runtime Error,Compilation Error,B,,medium,web:Examveda.com https://www.examveda.com/java-program/practice-mcq-question-on-exceptions/?page=9,
Java,exceptions,Which of these keywords are used for generating an exception manually?,try,catch,throw,check,C,,medium,web:Examveda.com https://www.examveda.com/java-program/practice-mcq-question-on-exceptions/?page=10,
Java,exceptions,"What will be the output of the following Java program? 
class exception_handling 
{
 public static void main(String args[]) 
 {
 try 
 {
 int a, b;
 b = 0;
 a = 5 / b;
 System.out.print(""A"");
 }
 catch(ArithmeticException e) 
 {
 System.out.print(""B""); 
 }
 }
}",A,B,Compilation Error,Runtime Error,B,,medium,web:Examveda.com https://www.examveda.com/java-program/practice-mcq-question-on-exceptions/?page=10,
Java,exceptions,Which of the following is a super class of all exception type classes?,Catchable,RuntimeExceptions,String,Throwable,D,,medium,web:Examveda.com https://www.examveda.com/java-program/practice-mcq-question-on-exceptions/?page=10,
Java,exceptions,"What will be the output of the following Java code? 
class Myexception extends Exception 
{
int detail;
 Myexception(int a)
 {
 detail = a;
}
public String toString()
 {
 return ""detail"";
}
}
class Output 
{
 static void compute (int a) throws Myexception 
 {
 throw new Myexception(a); 
}
public static void main(String args[]) 
 {
 try
 {
 compute(3);
 }
 catch(Myexception e)
 {
 System.out.print(""Exception"");
 } 
 }
}",3,Exception,Runtime Error,Compilation Error,B,,medium,web:Examveda.com https://www.examveda.com/java-program/practice-mcq-question-on-exceptions/?page=10,
Java,exceptions,Which of these keywords is used to by the calling function to guard against the exception that is thrown by called function?,try,throw,throws,catch,C,,medium,web:Examveda.com https://www.examveda.com/java-program/practice-mcq-question-on-exceptions/?page=10,
Java,exceptions,"What will be the output of the following Java code? 
class exception_handling 
{
 public static void main(String args[]) 
 {
 try 
 {
 throw new NullPointerException (""Hello"");
 }
 catch(ArithmeticException e)
 {
 System.out.print(""B""); 
 }
 }
}",A,B,Compilation Error,Runtime Error,D,,medium,web:Examveda.com https://www.examveda.com/java-program/practice-mcq-question-on-exceptions/?page=10,
Java,exceptions,Which of the following keyword is used by a calling function to handle exception thrown by a called function?,throws,throw,try,catch,D,,medium,web:Examveda.com https://www.examveda.com/java-program/practice-mcq-question-on-exceptions/?page=10,
Java,exceptions,Which of the following operators is used to generate instance of an exception which can be thrown using throw?,thrown,alloc,malloc,new,D,,medium,web:Examveda.com https://www.examveda.com/java-program/practice-mcq-question-on-exceptions/?page=10,
Java,exceptions,Which of the following handles the exception when a catch is not used?,finally,throw handler,default handler,java run time system,C,,medium,web:Examveda.com https://www.examveda.com/java-program/practice-mcq-question-on-exceptions/?page=10,
Java,threads,What is a thread in Java?,A lightweight process that runs independently within a program,A data structure to store variables,A type of loop,A synchronization mechanism,A,,medium,web:Examveda.com https://www.examveda.com/java-program/practice-mcq-question-on-threads/,
Java,threads,Which interface is used to create a thread in Java?,Processor,Executor,Threadable,Runnable,D,,medium,web:Examveda.com https://www.examveda.com/java-program/practice-mcq-question-on-threads/,
Java,threads,What is the main advantage of using multithreading in Java programs?,Reduced memory usage,Simplicity of code,Improved program performance by utilizing multiple CPUs or CPU cores,Elimination of exceptions,C,,medium,web:Examveda.com https://www.examveda.com/java-program/practice-mcq-question-on-threads/,
Java,threads,How can you create a new thread in Java by implementing the Runnable interface?,Create an object of the Thread class,Create a class that implements the Runnable interface and override the run() method,Use the start() method of the main thread,None of These,B,,medium,web:Examveda.com https://www.examveda.com/java-program/practice-mcq-question-on-threads/,
Java,threads,What is the purpose of the start() method in Java threads?,It resumes the execution of a thread,It suspends the execution of a thread,It starts the execution of a new thread,It stops the execution of a thread,C,,medium,web:Examveda.com https://www.examveda.com/java-program/practice-mcq-question-on-threads/,
Java,threads,"In Java, can a thread be restarted after it has completed execution?","Yes, a thread can be restarted multiple times","Only if the thread is marked as ""final""","Only if the thread is marked as ""static""","No, a thread cannot be restarted once it has completed",D,,medium,web:Examveda.com https://www.examveda.com/java-program/practice-mcq-question-on-threads/,
Java,threads,What is the result of calling the run() method directly instead of start() in Java threads?,"The run() method is executed in the current thread, not as a separate thread",It starts a new thread and executes the run() method,It stops the thread immediately,It suspends the thread,A,,medium,web:Examveda.com https://www.examveda.com/java-program/practice-mcq-question-on-threads/,
Java,threads,How can you achieve synchronization between threads in Java?,By using the interrupt() method,By using the wait() and notify() methods,By using multiple catch blocks,By using the synchronized keyword or synchronized blocks,D,,medium,web:Examveda.com https://www.examveda.com/java-program/practice-mcq-question-on-threads/,
Java,threads,What is a race condition in multithreaded Java programs?,A situation where threads synchronize perfectly,A situation where threads never finish executing,"A situation where multiple threads access shared data simultaneously, leading to unpredictable results",A situation where threads throw exceptions,C,,medium,web:Examveda.com https://www.examveda.com/java-program/practice-mcq-question-on-threads/,
Java,threads,"In Java, what is the purpose of the sleep() method in threads?",It terminates all threads in the program,It pauses the execution of the current thread for a specified duration,It resumes the execution of a thread,None of These,B,,medium,web:Examveda.com https://www.examveda.com/java-program/practice-mcq-question-on-threads/,
Java,threads,What is the purpose of the join() method in Java threads?,It synchronizes threads,It resumes a paused thread,It waits for a thread to complete its execution before moving on,It starts a new thread,C,,medium,web:Examveda.com https://www.examveda.com/java-program/practice-mcq-question-on-threads/?page=2,
Java,threads,What is a deadlock in multithreading?,A situation where a thread runs indefinitely without blocking,A situation where all threads complete successfully,A situation where a thread is terminated forcibly,A situation where two or more threads are unable to proceed because they are each waiting for the other to release a resource,D,,medium,web:Examveda.com https://www.examveda.com/java-program/practice-mcq-question-on-threads/?page=2,
Java,threads,"In Java, what is the difference between a thread's priority and its thread group's maximum priority?","A thread's priority determines its relative importance, while the thread group's maximum priority sets an upper limit on thread priorities",A thread's priority is always higher than the thread group's maximum priority,A thread's priority is the same as the thread group's maximum priority,A thread's priority is unrelated to the thread group's maximum priority,A,,medium,web:Examveda.com https://www.examveda.com/java-program/practice-mcq-question-on-threads/?page=2,
Java,threads,How can you check if a thread is still running in Java?,By using the runStatus() method,By using the isThreadAlive() method,By using the isRunning() method,By using the isAlive() method,D,,medium,web:Examveda.com https://www.examveda.com/java-program/practice-mcq-question-on-threads/?page=2,
Java,threads,"In Java, can you force a thread to stop its execution using the stop() method?","No, the stop() method is deprecated and cannot be used","Only if the thread is marked as ""final""","Yes, but it is discouraged because it can leave the program in an inconsistent state","Only if the thread is marked as ""static""",C,,medium,web:Examveda.com https://www.examveda.com/java-program/practice-mcq-question-on-threads/?page=2,
Java,threads,What is the purpose of the yield() method in Java threads?,It suspends the current thread indefinitely,It suggests that the current thread should yield to other threads with the same priority,It sets the priority of the current thread,None of These,B,,medium,web:Examveda.com https://www.examveda.com/java-program/practice-mcq-question-on-threads/?page=2,
Java,threads,"In Java, what is the purpose of the interrupt() method in threads?",It resumes the thread,It pauses the thread,"It interrupts the normal execution of a thread, causing it to throw an InterruptedException",It stops the thread permanently,C,,medium,web:Examveda.com https://www.examveda.com/java-program/practice-mcq-question-on-threads/?page=2,
Java,threads,Which keyword is used to declare a synchronized method in Java?,sync,lock,thread-safe,synchronized,D,,medium,web:Examveda.com https://www.examveda.com/java-program/practice-mcq-question-on-threads/?page=2,
Java,threads,"In Java, what is a daemon thread?",A thread that runs in the background and does not prevent the program from exiting,A thread that is always in a waiting state,A thread that cannot be interrupted,A thread that runs on a separate CPU,A,,medium,web:Examveda.com https://www.examveda.com/java-program/practice-mcq-question-on-threads/?page=2,
Java,threads,How can you prevent multiple threads from accessing a critical section of code simultaneously in Java?,By using the wait() method,By using the start() method multiple times,By creating more threads to access the critical section,By using synchronized blocks or methods,D,,medium,web:Examveda.com https://www.examveda.com/java-program/practice-mcq-question-on-threads/?page=2,
Java,threads,What is the purpose of the isDaemon() method in Java threads?,It checks if a thread is currently running,It checks if a thread is sleeping,It checks if a thread is a daemon thread,It checks if a thread is waiting,C,,medium,web:Examveda.com https://www.examveda.com/java-program/practice-mcq-question-on-threads/?page=3,
Java,threads,"In Java, what happens when a thread encounters an uncaught exception and terminates abruptly?",The thread is paused indefinitely,The JVM prints the exception trace and terminates the thread,The thread resumes execution without any impact,None of These,B,,medium,web:Examveda.com https://www.examveda.com/java-program/practice-mcq-question-on-threads/?page=3,
Java,threads,What is the result of calling the setDaemon(true) method on a running thread in Java?,It resumes the thread,It pauses the thread,It sets the thread as a daemon thread,It stops the thread immediately,C,,medium,web:Examveda.com https://www.examveda.com/java-program/practice-mcq-question-on-threads/?page=3,
Java,threads,"In Java, what is the purpose of the isInterrupted() method in threads?",It checks if a thread is a daemon thread,It checks if a thread is waiting,It checks if a thread is running,It checks if a thread has been interrupted,D,,medium,web:Examveda.com https://www.examveda.com/java-program/practice-mcq-question-on-threads/?page=3,
Java,threads,How can you handle exceptions in Java threads?,By using try-catch blocks within the run() method,By using the stop() method,By ignoring exceptions in threads,By using the yield() method,A,,medium,web:Examveda.com https://www.examveda.com/java-program/practice-mcq-question-on-threads/?page=3,
Java,threads,"In Java, which class is used to create and manage thread groups?",GroupManager,ThreadController,ThreadManager,ThreadGroup,D,,medium,web:Examveda.com https://www.examveda.com/java-program/practice-mcq-question-on-threads/?page=3,
Java,threads,What is the purpose of the setPriority() method in Java threads?,It starts a new thread,It resumes a paused thread,It sets the priority of a thread,It synchronizes threads,C,,medium,web:Examveda.com https://www.examveda.com/java-program/practice-mcq-question-on-threads/?page=3,
Java,threads,"In Java, can you directly access the run() method of a Thread object?","Only if the thread is marked as ""final""","Yes, but it will execute in the current thread, not as a separate thread","Only if the thread is marked as ""static""",None of These,B,,medium,web:Examveda.com https://www.examveda.com/java-program/practice-mcq-question-on-threads/?page=3,
Java,threads,What is the purpose of the getState() method in Java threads?,It suspends a thread,It starts a new thread,It retrieves the current state of a thread,It sets the state of a thread,C,,medium,web:Examveda.com https://www.examveda.com/java-program/practice-mcq-question-on-threads/?page=3,
Java,threads,"In Java, what is the maximum thread priority value?",100,255,1000,10,D,,medium,web:Examveda.com https://www.examveda.com/java-program/practice-mcq-question-on-threads/?page=3,
Java,threads,In java a thread can be created by ..........,Extending the thread class.,Implementing Runnable interface.,Both of the above,None of these,C,,medium,web:Examveda.com https://www.examveda.com/java-program/practice-mcq-question-on-threads/?page=4,
Java,threads,"When a class extends the Thread class ,it should override ............ method of Thread class to start that thread.",start(),run(),init(),go(),B,,medium,web:Examveda.com https://www.examveda.com/java-program/practice-mcq-question-on-threads/?page=4,
Java,threads,"What will be the output of the following program code? 
public class Test implements Runnable{
 public static void main(String[] args){
 Thread t = new Thread(this);
 t.start();
 }

 public void run(){
 System.out.println(""test"");
 }
}",The program does not compile because this cannot be referenced in a static method.,"The program compiles fine, but it does not print anything because t does not invoke the run() method",The program compiles and runs fine and displays test on the console.,None of the above,A,,medium,web:Examveda.com https://www.examveda.com/java-program/practice-mcq-question-on-threads/?page=4,
Java,threads,Which of the following constructor of class Thread is valid one?,"Thread(Runnable threadOb, int priority)",Thread(int priority),"Thread(Runnable threadOb, String threadName)","Thread(String threadName, int priority)",C,"A. Thread(Runnable threadOb, int priority) 
This constructor is invalid because the Thread class does not have a constructor that takes a Runnable object and an int priority as arguments. 
B. Thread(int priority) 
This constructor is invalid because the Thread class does not have a constructor that takes only an int priority as an argument. 
C. Thread(Runnable threadOb, String threadName) 
This constructor is valid. It creates a new thread with the provided Runnable object and assigns it the specified name. 
D. Thread(String threadName, int priority) 
This constructor is invalid because the Thread class does not have a constructor that takes both a String thread name and an int priority as arguments. 
E. None of these 
This option is incorrect because option C, ""Thread(Runnable threadOb, String threadName),"" is a valid constructor for the Thread class. 
Therefore, the correct answer is: ",medium,web:Examveda.com https://www.examveda.com/java-program/practice-mcq-question-on-threads/?page=4,
Java,threads,"Analyze the following code: 
public abstract class Test implements Runnable{
 public void doSomething() { };
}",The program will not compile because it does not implement the run() method.,The program will not compile because it does not contain abstract methods.,The program compiles fine.,None of the above,C,,medium,web:Examveda.com https://www.examveda.com/java-program/practice-mcq-question-on-threads/?page=4,
Java,threads,"Analyze the following code: 
public class Test implements Runnable{
 public static void main(String[] args){
 Test t = new Test();
 t.start();
 }

 public void run() { }
}",The program does not compile because the start() method is not defined in the Test class.,"The program compiles, but it does not run because the start() method is not defined.","The program compiles, but it does not run because the run() method is not implemented.",The program compiles and runs fine.,A,"Code Analysis:
 
 1. Implementing Runnable: The Test class implements the Runnable interface, which requires the implementation of the run() method.
 
 2. Creating an Instance: In the main method, an instance of Test is created (Test t = new Test();).
 
 3. Calling start() Method: The code then calls t.start();. However, start() is a method of the Thread class, not the Runnable interface.
 
 4. Compilation Error: Since Test implements Runnable and not Thread, it does not inherit the start() method from Thread. Therefore, calling start() on an instance of Test causes a compilation error because the start() method is not defined in the Test class.
 
 Therefore, the correct option is A: The program does not compile because the start() method is not defined in the Test class.",medium,web:Examveda.com https://www.examveda.com/java-program/practice-mcq-question-on-threads/?page=4,
Java,threads,"Analyze the following code: 
public class Test implements Runnable{
 public static void main(String[] args){
 Test t = new Test();
 }

 public Test(){
 Thread t = new Thread(this);
 t.start();
 }

 public void run(){
 System.out.println(""test"");
 }
}",The program has a compilation error because t is defined in both the main() method and the constructor Test().,"The program compiles fine, but it does not run because you cannot use the keyword this in the constructor.",The program compiles and runs and displays nothing.,The program compiles and runs and displays test.,D,,medium,web:Examveda.com https://www.examveda.com/java-program/practice-mcq-question-on-threads/?page=4,
Java,threads,"What will be the output? 
class One extends Thread{
 public void run(){
 for(int i=0; i",0 0,Compilation Error,0 1,None of these,C,,medium,web:Examveda.com https://www.examveda.com/java-program/practice-mcq-question-on-threads/?page=4,
Java,threads,"What will happen when you attempt to compile and run the following code? 
public class Test extends Thread{
 public static void main(String argv[]){
 Test t = new Test();
 t.run();
 t.start();
 }
 public void run(){
 System.out.println(""run-test"");
 }
}",run-test run-test,run-test,Compilation fails due to an error on line 4,Compilation fails due to an error on line 7,A,"t.run() Legal, but does not start a new thread , it is like a method call of a class Test BUT t.start() creates a thread and call run() method.",medium,web:Examveda.com https://www.examveda.com/java-program/practice-mcq-question-on-threads/?page=4,
Java,threads,"What will happen after compiling and running following code? 
class A implements Runnable{
 public void run(){
 System.out.println(""run-a"");
 }
}

public class Test{
 public static void main(String... args){
 A a = new A();
 Thread t = new Thread(a);
 t.start();
 t.start();
 }
}",run-a,run-a run-a,Compilation fails with an error at line 6,Compilation succeed but Runtime Exception,D,"Once a thread has been started, it can never be started again. 2nd time t.start() throws java.lang.IllegalThreadStateException.
 

 
 
 
 



 
 
 
 
 
 
 
 
 
 
 
 
 
1
2
3
4
5
6
7
8
9
10

 
 
 
 
 
 
 
 
 Read More Section(Threads)
 Each Section contains maximum 100 MCQs question on Threads. To get more questions visit other sections.
 
 Threads - Section 2
 
 


 
 
 
 

 
 

 -->
 
 
 


 

-->
 
 
 Copyright © 2026 Examveda.com
 
 
 
 
 
 
 
 
 
 About Us |
 Terms & Condition |
 Privacy Policy |
 Contact Us",medium,web:Examveda.com https://www.examveda.com/java-program/practice-mcq-question-on-threads/?page=4,
Java,threads,"Predict the output: 
class A implements Runnable{
 public void run(){
 try{
 for(int i=0;i",A A A A B B B B,A B A B A B A B,Output order is not guaranteed,Compilation succeed but Runtime Exception,A,t.join(); means Threat t must finish before Thread t1 starts.,medium,web:Examveda.com https://www.examveda.com/java-program/practice-mcq-question-on-threads/?page=5,
Java,threads,"What will be the output? 
class A extends Thread{
 public void run(){
 for(int i=0; i",0 0,"Compilation error, class A has no start method",0 1,Compilation succeed but runtime exception,C,Class A extends Thread means the anonymous instance that is passed to check() method has a start method which then calls the run method.,medium,web:Examveda.com https://www.examveda.com/java-program/practice-mcq-question-on-threads/?page=5,
Java,threads,"What will happen when you attempt to compile and run the following code? 
class A implements Runnable{
 public void run(){
 System.out.println(""run-A"");
 }
}

public class Test{
 public static void main(String argv[]){
 A a = new A();
 Thread t = new Thread(a);
 System.out.println(t.isAlive());
 t.start();
 System.out.println(t.isAlive());
 }
}",false run-A true,false run-A false,true run-A true,Compilation fails due to an error on line 7,A,"Once the start() method is called, the thread is considered to be alive.",medium,web:Examveda.com https://www.examveda.com/java-program/practice-mcq-question-on-threads/?page=5,
Java,threads,"Which of the following are methods of the Thread class? 
1) yield() 
2) sleep(long msec) 
3) go() 
4) stop()","1 , 2 and 4",1 and 3,3 only,None of the above,A,,medium,web:Examveda.com https://www.examveda.com/java-program/practice-mcq-question-on-threads/?page=5,
Java,threads,What notifyAll() method do?,Wakes up one threads that are waiting on this object's monitor,Wakes up all threads that are not waiting on this object's monitor,Wakes up all threads that are waiting on this object's monitor,None of the above,C,notifyAll() : Wakes up all threads that are waiting on this object's monitor.A thread waits on an object's monitor by calling one of the wait methods.,medium,web:Examveda.com https://www.examveda.com/java-program/practice-mcq-question-on-threads/?page=5,
Java,threads,"What is the output for the below code? 
public class Test extends Thread{
 public static void main(String argv[]){
 Test t = new Test();
 t.run();
 }

 public void start(){
 for(int i = 0; i",A compile time error indicating that no run method is defined for the Thread class,A run time error indicating that no run method is defined for the Thread class,Clean compile and at run time the values 0 to 9 are printed out,Clean compile but no output at runtime,D,,medium,web:Examveda.com https://www.examveda.com/java-program/practice-mcq-question-on-threads/?page=5,
Java,threads,Which keyword when applied on a method indicates that only one thread should execute the method at a time.,volatile,synchronized,native,static,B,,medium,web:Examveda.com https://www.examveda.com/java-program/practice-mcq-question-on-threads/?page=5,
Java,threads,"What is the output for the below code? 
class A implements Runnable{
 public void run(){
 System.out.println(Thread.currentThread().getName());
 }
}

public class Test{ 
 public static void main(String... args){ 
 A a = new A();
 Thread t = new Thread(a);
 t.setName(""good"");
 t.start();
 }
}",good,null,Compilation fails with an error at line 5,Compilation succeed but Runtime Exception,A,Thread.currentThread().getName() return name of the current thread.,medium,web:Examveda.com https://www.examveda.com/java-program/practice-mcq-question-on-threads/?page=5,
Java,threads,"Predict the output: 
public class Test extends Thread{
 private int i;
 public void run(){
 i++;
 }

 public static void main(String[] args){
 Test a = new Test();
 a.run();
 System.out.print(a.i);
 a.start();
 System.out.print(a.i);
 }
}",Run time error,Compiler error,Prints,IllegalThreadStateException is thrown,C,"Here, firstly the run() method of the object referred by a is directly invoked. When the run() method of a thread is invoked instead of the start() method, it is executed by the same thread as a conventional method. So it increments i to 1, now the output is 1. After this, the invocation of the start() method schedules a new thread of execution. 
 
Now it is impossible to predict whether the new thread will run first or the second print statement will be executed by the main thread first. So the result of the second print statement can be 1 or 2 depending on the scheduling of the 2 threads.",medium,web:Examveda.com https://www.examveda.com/java-program/practice-mcq-question-on-threads/?page=5,
Java,threads,"What will be the output after compiling and executing the following code? 
public class Test implements Runnable{
 public static void main(String[] args) throws InterruptedException{
 Thread a = new Thread(new Test());
 a.start();
 System.out.print(""Begin"");
 a.join();
 System.out.print(""End"");
 }
 
 public void run(){
 System.out.print(""Run"");
 }
}",Compilation fails.,An exception is thrown at runtime.,"""BeginRunEnd"" is printed.","""BeginEndRun"" is printed.",C,,medium,web:Examveda.com https://www.examveda.com/java-program/practice-mcq-question-on-threads/?page=5,
Java,threads,"What will be output of the following program code? 
public class Test implements Runnable{
 public void run(){
 System.out.print(""go"");
 }
 
 public static void main(String arg[]) {
 Thread t = new Thread(new Test());
 t.run();
 t.run();
 t.start();
 }
}",Compilation fails.,An exception is thrown at runtime.,"""go"" is printed","""gogogo"" is printed",D,,medium,web:Examveda.com https://www.examveda.com/java-program/practice-mcq-question-on-threads/?page=6,
Java,threads,"Given the code. What will be the result? 
public class Test implements Runnable{
 public static void main(String[] args) throws InterruptedException{
 Thread a = new Thread(new Test());
 a.start();
 
 System.out.print(""Begin"");
 a.join();
 System.out.print(""End"");
 }
 
 public void run(){
 System.out.print(""Run"");
 }
}",Compilation fails.,An exception is thrown at runtime.,"""BeginRunEnd"" is printed.","""BeginEndRun"" is printed.",C,,medium,web:Examveda.com https://www.examveda.com/java-program/practice-mcq-question-on-threads/?page=6,
Java,threads,Which of this method is used to avoid polling in Java?,wait(),notify(),notifyAll(),all of the mentioned,D,,medium,web:Examveda.com https://www.examveda.com/java-program/practice-mcq-question-on-threads/?page=6,
Java,threads,"What will be the output of the following Java code? 
class newthread implements Runnable
{
Thread t;
newthread()
 {
 t = new Thread(this,""My Thread"");
 t.start();
}
public void run()
 {
 System.out.println(t);
}
}
class multithreaded_programing
{
 public static void main(String args[])
 {
 new newthread(); 
 }
}",My Thread,"Thread[My Thread,5,main]",Compilation Error,Runtime Error,B,,medium,web:Examveda.com https://www.examveda.com/java-program/practice-mcq-question-on-threads/?page=6,
Java,threads,"What will be the output of the following Java code? 
class newthread extends Thread
{
Thread t;
newthread()
 {
 t = new Thread(this,""New Thread"");
 t.start();
}
public void run()
 {
 System.out.println(t.isAlive());
}
}
class multithreaded_programing
{
 public static void main(String args[])
 {
 new newthread(); 
 }
}",0,1,true,false,C,,medium,web:Examveda.com https://www.examveda.com/java-program/practice-mcq-question-on-threads/?page=6,
Java,threads,"What will be the output of the following Java code? 
class newthread extends Thread
{
Thread t1,t2;
newthread()
 {
 t1 = new Thread(this,""Thread_1"");
 t2 = new Thread(this,""Thread_2"");
 t1.start();
 t2.start();
}
public void run()
 {
 t2.setPriority(Thread.MAX_PRIORITY); 
 System.out.print(t1.equals(t2));
 } 
}
class multithreaded_programing
{
 public static void main(String args[])
 {
 new newthread(); 
 }
}",true,false,truetrue,falsefalse,D,,medium,web:Examveda.com https://www.examveda.com/java-program/practice-mcq-question-on-threads/?page=6,
Java,threads,What is true about threading?,run() method calls start() method and runs the code,run() method creates new thread,run() method can be called directly without start() method being called,start() method creates new thread and calls code written in run() method,D,,medium,web:Examveda.com https://www.examveda.com/java-program/practice-mcq-question-on-threads/?page=6,
Java,threads,"What will be the output of the following Java program? 
class newthread extends Thread
{
 Thread t;
 String name;
 newthread(String threadname)
 {
 name = threadname;
 t = new Thread(this,name);
 t.start();
 }
 public void run()
 {
 }
 
}
class multithreaded_programing
{
 public static void main(String args[])
 {
 newthread obj1 = new newthread(""one"");
 newthread obj2 = new newthread(""two"");
 try
 {
 obj1.t.wait(); 
 System.out.print(obj1.t.isAlive());
 }
 catch(Exception e)
 {
 System.out.print(""Main thread interrupted"");
 }
 }
}",true,false,Main thread interrupted,None of the mentioned,C,,medium,web:Examveda.com https://www.examveda.com/java-program/practice-mcq-question-on-threads/?page=6,
Java,threads,"What will be the output of the following Java code? 
class newthread implements Runnable
{
Thread t;
newthread()
 {
 t = new Thread(this,""My Thread"");
 t.start();
}
}
class multithreaded_programing
{
 public static void main(String args[])
 {
 new newthread(); 
 }
}",My Thread,"Thread[My Thread,5,main]",Compilation Error,Runtime Error,C,,medium,web:Examveda.com https://www.examveda.com/java-program/practice-mcq-question-on-threads/?page=6,
Java,threads,"What will be the output of the following Java code? 
class newthread implements Runnable 
{
Thread t;
newthread() 
 {
 t = new Thread(this,""My Thread"");
 t.start();
}
public void run()
 {
 System.out.println(t.getName());
}
}
class multithreaded_programing
{
 public static void main(String args[])
 {
 new newthread(); 
 }
}",My Thread,"Thread[My Thread,5,main]",Compilation Error,Runtime Error,A,,medium,web:Examveda.com https://www.examveda.com/java-program/practice-mcq-question-on-threads/?page=6,
Java,threads,"What will be the output of the following Java code? 
class newthread implements Runnable
{
Thread t;
newthread()
 {
 t1 = new Thread(this,""Thread_1"");
 t2 = new Thread(this,""Thread_2"");
 t1.start();
 t2.start();
}
public void run()
 {
 t2.setPriority(Thread.MAX_PRIORITY); 
 System.out.print(t1.equals(t2));
 } 
}
class multithreaded_programing
{
 public static void main(String args[])
 {
 new newthread(); 
 }
}",true,false,truetrue,falsefalse,D,,medium,web:Examveda.com https://www.examveda.com/java-program/practice-mcq-question-on-threads/?page=7,
Java,threads,Which of these method wakes up the first thread that called wait()?,wake(),notify(),start(),notifyAll(),B,,medium,web:Examveda.com https://www.examveda.com/java-program/practice-mcq-question-on-threads/?page=7,
Java,threads,"Which of these keywords are used to implement synchronization? 
class newthread extends Thread
{
Thread t;
String name;
newthread(String threadname)
 {
 name = threadname;
 t = new Thread(this,name);
 t.start();
}
public void run()
 {
 }

}
class multithreaded_programing
{
 public static void main(String args[])
 {
 newthread obj1 = new newthread(""one"");
 newthread obj2 = new newthread(""two"");
 try
 {
 obj1.t.wait(); 
 System.out.print(obj1.t.isAlive());
 }
 catch(Exception e)
 {
 System.out.print(""Main thread interrupted"");
 }
 }
}",synchronize,syn,synch,synchronized,D,,medium,web:Examveda.com https://www.examveda.com/java-program/practice-mcq-question-on-threads/?page=7,
Java,threads,Which of this method can be used to make the main thread to be executed last among all the threads?,stop(),sleep(),join(),call(),C,"The join() method in Java is used to pause the execution of the current thread until the thread on which join() is called has finished executing.
 
To ensure that the main thread executes last, we can call the join() method on all other threads in the main thread.
 
This causes the main thread to wait for the completion of other threads before it proceeds.
 
sleep() is used to pause a thread for a specific time, not to coordinate the order of thread completion.
 
stop() is deprecated and unsafe.
 
call() is not a valid method for controlling thread execution in this context.",medium,web:Examveda.com https://www.examveda.com/java-program/practice-mcq-question-on-threads/?page=7,
Java,threads,Which of the following stops execution of a thread?,Calling SetPriority() method on a Thread object,Calling notify() method on an object,Calling wait() method on an object,Calling read() method on an InputStream object,B,"Understanding Thread Execution Control in Java 
Let's break down why one of these options stops a thread's execution. 
 
Option A: Calling SetPriority() method on a Thread object 
setPriority() is used to influence the scheduler to give a thread more or less CPU time. 
It doesn't stop the thread; it just suggests a priority. 
 
Option B: Calling notify() method on an object 
notify() is used for thread communication. 
It wakes up a single thread that's waiting on the object's monitor. 
It doesn't stop the currently running thread; it potentially allows another thread to run. 
 
Option C: Calling wait() method on an object 
wait() causes the current thread to pause its execution and enter a waiting state. 
The thread releases the lock on the object and waits until another thread calls notify() or notifyAll() on the same object. 
This is the correct answer. 
 
Option D: Calling read() meth",medium,web:Examveda.com https://www.examveda.com/java-program/practice-mcq-question-on-threads/?page=7,
Java,threads,"What will be the output of the following Java program? 
class newthread extends Thread
{
Thread t;
String name;
newthread(String threadname)
 {
 name = threadname;
 t = new Thread(this,name);
 t.start();
}
public void run()
 {
 }

}
class multithreaded_programing
{
 public static void main(String args[])
 {
 newthread obj1 = new newthread(""one"");
 newthread obj2 = new newthread(""two"");
 try
 {
 Thread.sleep(1000); 
 System.out.print(obj1.t.isAlive());
 }
 catch(InterruptedException e)
 {
 System.out.print(""Main thread interrupted"");
 }
 }
}",true,false,Main thread interrupted,None of the mentioned,B,,medium,web:Examveda.com https://www.examveda.com/java-program/practice-mcq-question-on-threads/?page=7,
Java,threads,Which of these method is used to tell the calling thread to give up a monitor and go to sleep until some other thread enters the same monitor?,wait(),notify(),notifyAll(),sleep(),A,,medium,web:Examveda.com https://www.examveda.com/java-program/practice-mcq-question-on-threads/?page=7,
Java,threads,What is true about time slicing?,Time slicing is OS service that allocates CPU time to available runnable thread,Time slicing is the process to divide the available CPU time to available runnable thread,Time slicing depends on its implementation in OS,Time slicing allocates more resources to thread,B,,medium,web:Examveda.com https://www.examveda.com/java-program/practice-mcq-question-on-threads/?page=7,
Java,threads,Thread priority in Java is?,Integer,Float,double,long,A,,medium,web:Examveda.com https://www.examveda.com/java-program/practice-mcq-question-on-threads/?page=7,
Java,threads,What decides thread priority?,Process,Process scheduler,Thread,Thread scheduler,D,,medium,web:Examveda.com https://www.examveda.com/java-program/practice-mcq-question-on-threads/?page=7,
Java,threads,Which of these method wakes up all the threads?,wakeAll(),notify(),start(),notifyAll(),D,,medium,web:Examveda.com https://www.examveda.com/java-program/practice-mcq-question-on-threads/?page=8,
Java,threads,Which of the following is a correct constructor for thread?,"Thread(Runnable a, String str)",Thread(int priority),"Thread(Runnable a, int priority)","Thread(Runnable a, ThreadGroup t)",A,,medium,web:Examveda.com https://www.examveda.com/java-program/practice-mcq-question-on-threads/?page=8,
Java,threads,"What will be the output of the following Java code? 
class newthread implements Runnable
{
Thread t;
newthread()
 {
 t = new Thread(this,""New Thread"");
 t.start();
}
public void run()
 {
 t.setPriority(Thread.MAX_PRIORITY); 
 System.out.println(t);
}
}
class multithreaded_programing
{
 public static void main(String args[])
 {
 new newthread(); 
 }
}","Thread[New Thread,0,main]","Thread[New Thread,1,main]","Thread[New Thread,5,main]","Thread[New Thread,10,main]",D,,medium,web:Examveda.com https://www.examveda.com/java-program/practice-mcq-question-on-threads/?page=8,
Java,threads,Which of this method is used to find out that a thread is still running or not?,run(),Alive(),isAlive(),checkRun(),C,,medium,web:Examveda.com https://www.examveda.com/java-program/practice-mcq-question-on-threads/?page=8,
Java,threads,Which of these method is used to begin the execution of a thread?,run(),start(),runThread(),startThread(),B,,medium,web:Examveda.com https://www.examveda.com/java-program/practice-mcq-question-on-threads/?page=8,
Java,threads,"What will be the output of the following Java program? 
class newthread extends Thread
{
Thread t;
newthread()
 {
 t1 = new Thread(this,""Thread_1"");
 t2 = new Thread(this,""Thread_2"");
 t1.start();
 t2.start();
}
public void run()
 {
 t2.setPriority(Thread.MAX_PRIORITY); 
 System.out.print(t1.equals(t2));
 } 
}
class multithreaded_programing
{
 public static void main(String args[])
 {
 new newthread(); 
 }
}",true,false,truetrue,falsefalse,D,"In the given program, the class newthread extends Thread, and within its constructor, it creates two thread objects: t1 and t2.
 
Both threads are started with t1.start() and t2.start(), and they both execute the same run() method of the class instance because this is passed as the target.
 
Inside the run() method, the priority of t2 is set to Thread.MAX_PRIORITY. However, this has no effect on the logic or output because thread priority only suggests execution preference to the scheduler.
 
The key line is System.out.print(t1.equals(t2)); which checks if t1 and t2 are equal.
 
Since t1 and t2 are two separate thread instances, the equals() method returns false.
 
Because both threads run the same run() method, the output false is printed twice — once by each thread.
 
Hence, the output is falsefalse.",medium,web:Examveda.com https://www.examveda.com/java-program/practice-mcq-question-on-threads/?page=8,
Java,threads,What requires less resources?,Thread,Process,Thread and Process,Neither Thread nor Process,A,,medium,web:Examveda.com https://www.examveda.com/java-program/practice-mcq-question-on-threads/?page=8,
Java,threads,"What will be the output of the following Java code? 
class newthread extends Thread 
{
newthread()
 {
 super(""My Thread"");
 start();
}
public void run()
 {
 System.out.println(this);
}
}
class multithreaded_programing
{
 public static void main(String args[])
 {
 new newthread(); 
 }
}",My Thread,"Thread[My Thread,5,main]",Compilation Error,Runtime Error,B,,medium,web:Examveda.com https://www.examveda.com/java-program/practice-mcq-question-on-threads/?page=8,
Java,threads,What will happen if two thread of the same priority are called to be processed simultaneously?,Anyone will be executed first lexographically,Both of them will be executed simultaneously,None of them will be executed,It is dependent on the operating system,D,,medium,web:Examveda.com https://www.examveda.com/java-program/practice-mcq-question-on-threads/?page=9,
Java,threads,"What is the name of the thread in output in the following Java program? 
class multithreaded_programing
{
 public static void main(String args[])
 {
 Thread t = Thread.currentThread();
 System.out.println(t.isAlive()); 
 }
}",0,1,true,false,C,,medium,web:Examveda.com https://www.examveda.com/java-program/practice-mcq-question-on-threads/?page=9,
Java,threads,"What is the name of the thread in output in the following Java program? 
class multithreaded_programing
{
 public static void main(String args[])
 {
 Thread t = Thread.currentThread();
 System.out.println(t.getPriority()); 
 }
}",0,1,4,5,D,,medium,web:Examveda.com https://www.examveda.com/java-program/practice-mcq-question-on-threads/?page=9,
Java,threads,What is multithreaded programming?,It's a process in which two different processes run simultaneously,It's a process in which two or more parts of same process run simultaneously,It's a process in which many different process are able to access same information,It's a process in which a single process can access information from many sources,B,,medium,web:Examveda.com https://www.examveda.com/java-program/practice-mcq-question-on-threads/?page=9,
Java,threads,Which of these are types of multitasking?,Process based,Thread based,Process and Thread based,None of the mentioned,C,,medium,web:Examveda.com https://www.examveda.com/java-program/practice-mcq-question-on-threads/?page=9,
Java,threads,"What will be the output of the following Java program? 
class newthread extends Thread
{
Thread t;
String name;
newthread(String threadname)
 {
 name = threadname;
 t = new Thread(this,name);
 t.start();
}
public void run()
 {
 }

}
class multithreaded_programing
{
 public static void main(String args[])
 {
 newthread obj1 = new newthread(""one"");
 newthread obj2 = new newthread(""two"");
 try
 {
 System.out.print(obj1.t.equals(obj2.t));
 }
 catch(Exception e)
 {
 System.out.print(""Main thread interrupted"");
 }
 }
}",true,false,Main thread interrupted,None of the mentioned,B,,medium,web:Examveda.com https://www.examveda.com/java-program/practice-mcq-question-on-threads/?page=9,
Java,threads,What is the default value of priority variable MIN_PRIORITY AND MAX_PRIORITY?,0 & 256,0 & 1,1 & 10,1 & 256,C,,medium,web:Examveda.com https://www.examveda.com/java-program/practice-mcq-question-on-threads/?page=9,
Java,threads,Which of these method is used to implement Runnable interface?,stop(),run(),runThread(),stopThread(),B,,medium,web:Examveda.com https://www.examveda.com/java-program/practice-mcq-question-on-threads/?page=9,
Java,threads,Which of these method of Thread class is used to Suspend a thread for a period of time?,sleep(),terminate(),suspend(),stop(),A,,medium,web:Examveda.com https://www.examveda.com/java-program/practice-mcq-question-on-threads/?page=9,
Java,threads,"What will be the output of the following Java code? 
class newthread extends Thread 
{
Thread t;
newthread()
 {
 t = new Thread(this,""My Thread"");
 t.start();
}
public void run()
 {
 try
 {
 t.join() 
 System.out.println(t.getName());
 }
 catch(Exception e)
 {
 System.out.print(""Exception"");
 }
}
}
class multithreaded_programing
{
 public static void main(String args[])
 {
 new newthread(); 
 }
}",My Thread,"Thread[My Thread,5,main]",Exception,Runtime Error,D,,medium,web:Examveda.com https://www.examveda.com/java-program/practice-mcq-question-on-threads/?page=10,
Java,threads,"What is the priority of the thread in the following Java Program? 
class multithreaded_programing 
{
 public static void main(String args[])
 {
 Thread t = Thread.currentThread();
 System.out.println(t); 
 }
}",4,5,0,1,B,,medium,web:Examveda.com https://www.examveda.com/java-program/practice-mcq-question-on-threads/?page=10,
Java,threads,Which of these method is used to explicitly set the priority of a thread?,set(),make(),setPriority(),makePriority(),C,,medium,web:Examveda.com https://www.examveda.com/java-program/practice-mcq-question-on-threads/?page=10,
Java,threads,Which of these method waits for the thread to terminate?,sleep(),isAlive(),join(),stop(),C,,medium,web:Examveda.com https://www.examveda.com/java-program/practice-mcq-question-on-threads/?page=10,
Java,threads,What is synchronization in reference to a thread?,It's a process of handling situations when two or more threads need access to a shared resource,It's a process by which many thread are able to access same shared resource simultaneously,It's a process by which a method is able to access many different threads simultaneously,It's a method that allow too many threads to access any information require,A,,medium,web:Examveda.com https://www.examveda.com/java-program/practice-mcq-question-on-threads/?page=10,
Java,threads,What does not prevent JVM from terminating?,Process,Daemon Thread,User Thread,JVM Thread,B,,medium,web:Examveda.com https://www.examveda.com/java-program/practice-mcq-question-on-threads/?page=10,
Java,threads,"What is the priority of the thread in output in the following Java program? 
class multithreaded_programing
{
 public static void main(String args[])
 {
 Thread t = Thread.currentThread();
 t.setName(""New Thread"");
 System.out.println(t.getName()); 
 }
}",main,Thread,New Thread,"Thread[New Thread,5,main]",C,,medium,web:Examveda.com https://www.examveda.com/java-program/practice-mcq-question-on-threads/?page=10,
Java,threads,Which of these method of Thread class is used to find out the priority given to a thread?,get(),ThreadPriority(),getPriority(),getThreadPriority(),C,,medium,web:Examveda.com https://www.examveda.com/java-program/practice-mcq-question-on-threads/?page=10,
Java,threads,"What is the name of the thread in the following Java Program? 
class multithreaded_programing
{
 public static void main(String args[])
 {
 Thread t = Thread.currentThread();
 System.out.println(t); 
 }
}",main,Thread,System,None of the mentioned,A,,medium,web:Examveda.com https://www.examveda.com/java-program/practice-mcq-question-on-threads/?page=10,
Java,threads,Which function of pre defined class Thread is used to check weather current thread being checked is still running?,isAlive(),Join(),isRunning(),Alive(),A,,medium,web:Examveda.com https://www.examveda.com/java-program/practice-mcq-question-on-threads/?page=10,
Java,input output,Which class is used to read data from the keyboard in Java?,Scanner,FileReader,BufferedReader,InputStream,A,,medium,web:Examveda.com https://www.examveda.com/java-program/practice-mcq-question-on-input-output/,
Java,input output,What is the purpose of the `System.out.println()` method in Java?,It performs mathematical operations,It writes data to a file,It reads data from the keyboard,It prints data to the standard output stream followed by a newline,D,,medium,web:Examveda.com https://www.examveda.com/java-program/practice-mcq-question-on-input-output/,
Java,input output,Which method is used to write data to a file in Java?,read(),print(),write(),scan(),C,,medium,web:Examveda.com https://www.examveda.com/java-program/practice-mcq-question-on-input-output/,
Java,input output,How can you close a file after reading or writing in Java?,By using the `terminate()` method,By using the `close()` method of the file stream,By using the `readLine()` method,By using the `exit()` method,B,,medium,web:Examveda.com https://www.examveda.com/java-program/practice-mcq-question-on-input-output/,
Java,input output,What is the purpose of the `FileInputStream` class in Java?,It is used to perform mathematical operations,It is used to write data to a file,It is used to read data from a file,It is used to read data from the keyboard,C,,medium,web:Examveda.com https://www.examveda.com/java-program/practice-mcq-question-on-input-output/,
Java,input output,Which class is used to read data from a file in Java?,Scanner,BufferedWriter,OutputStream,FileReader,D,,medium,web:Examveda.com https://www.examveda.com/java-program/practice-mcq-question-on-input-output/,
Java,input output,What is the purpose of the `BufferedReader` class in Java?,It is used to read data from a file efficiently,It is used to read data from the keyboard,It is used to write data to a file,It is used to perform mathematical operations,A,,medium,web:Examveda.com https://www.examveda.com/java-program/practice-mcq-question-on-input-output/,
Java,input output,Which method is used to read a line of text from the keyboard in Java?,`nextLine()`,`printLine()`,`writeLine()`,`readLine()`,D,,medium,web:Examveda.com https://www.examveda.com/java-program/practice-mcq-question-on-input-output/,
Java,input output,"In Java, what does the `FileOutputStream` class do?",It is used to read data from a file,It is used to read data from the keyboard,It is used to write data to a file,It is used to create directories,C,,medium,web:Examveda.com https://www.examveda.com/java-program/practice-mcq-question-on-input-output/,
Java,input output,What is the purpose of the `PrintWriter` class in Java?,It is used to read binary data from a file,It is used to write formatted text to a file,It is used to read text from the keyboard,It is used to read & write binary data from a file,B,,medium,web:Examveda.com https://www.examveda.com/java-program/practice-mcq-question-on-input-output/,
Java,input output,Which class is used to write binary data to a file in Java?,`InputStream`,`BufferedReader`,`FileOutputStream`,`FileReader`,C,,medium,web:Examveda.com https://www.examveda.com/java-program/practice-mcq-question-on-input-output/?page=2,
Java,input output,"In Java, which method is used to write binary data to a file?",`read()`,`print()`,`scan()`,`write()`,D,,medium,web:Examveda.com https://www.examveda.com/java-program/practice-mcq-question-on-input-output/?page=2,
Java,input output,What is the purpose of the `FileWriter` class in Java?,It is used to write character data to a file,It is used to read character data from a file,It is used to write binary data to a file,It is used to read binary data from a file,A,,medium,web:Examveda.com https://www.examveda.com/java-program/practice-mcq-question-on-input-output/?page=2,
Java,input output,Which class is used to write formatted text to a file in Java?,`OutputStream`,`BufferedWriter`,`Scanner`,`PrintWriter`,D,,medium,web:Examveda.com https://www.examveda.com/java-program/practice-mcq-question-on-input-output/?page=2,
Java,input output,"In Java, what is the primary purpose of the `DataInputStream` class?",It is used to read text data from a file,It is used to write binary data to a file,It is used to read primitive data types from an input stream,It is used to perform mathematical operations,C,,medium,web:Examveda.com https://www.examveda.com/java-program/practice-mcq-question-on-input-output/?page=2,
Java,input output,"In Java, what does the `DataOutputStream` class do?",It is used to read binary data from a file,It is used to write primitive data types to an output stream,It is used to read data from the keyboard,It is used to read & write binary data from a text file,B,,medium,web:Examveda.com https://www.examveda.com/java-program/practice-mcq-question-on-input-output/?page=2,
Java,input output,Which class is used to write primitive data types to an output stream in Java?,`FileReader`,`FileWriter`,`DataOutputStream`,`DataInputStream`,C,,medium,web:Examveda.com https://www.examveda.com/java-program/practice-mcq-question-on-input-output/?page=2,
Java,input output,What is the purpose of the `RandomAccessFile` class in Java?,It is used to read data from the keyboard,It is used to write data to a file,It is used to perform mathematical operations,It allows reading and writing at random positions in a file,D,,medium,web:Examveda.com https://www.examveda.com/java-program/practice-mcq-question-on-input-output/?page=2,
Java,input output,"In Java, which class is used to read and write character streams?",`Reader` and `Writer` classes,`InputStream` and `OutputStream` classes,`BufferedReader` and `PrintWriter` classes,`DataInputStream` and `DataOutputStream` classes,A,,medium,web:Examveda.com https://www.examveda.com/java-program/practice-mcq-question-on-input-output/?page=2,
Java,input output,What is the primary purpose of the `File` class in Java?,It is used to perform mathematical operations,It is used to write data to a file,It is used to read data from a file,It represents a file or directory pathname,D,,medium,web:Examveda.com https://www.examveda.com/java-program/practice-mcq-question-on-input-output/?page=2,
Java,input output,"In Java, how can you check if a file or directory exists using the `File` class?",By using the `createNewFile()` method,By using the `read()` method,By using the `exists()` method,By using the `write()` method,C,,medium,web:Examveda.com https://www.examveda.com/java-program/practice-mcq-question-on-input-output/?page=3,
Java,input output,Which method is used to delete a file or directory in Java?,`erase()`,`delete()`,`discard()`,`exit()`,B,,medium,web:Examveda.com https://www.examveda.com/java-program/practice-mcq-question-on-input-output/?page=3,
Java,input output,"In Java, what is the purpose of the `File.separator` constant?",It represents the parent directory,It represents the current directory,"It represents the platform-specific file separator (e.g., `/` or ``)",It represents the ASCII value of the separator character,C,,medium,web:Examveda.com https://www.examveda.com/java-program/practice-mcq-question-on-input-output/?page=3,
Java,input output,What is the difference between character streams and byte streams in Java?,"Character streams are used for reading and writing binary data, while byte streams are used for text data",There is no difference between character streams and byte streams,Character streams are more efficient than byte streams,"Character streams are used for reading and writing text data, while byte streams are used for reading and writing binary data",D,,medium,web:Examveda.com https://www.examveda.com/java-program/practice-mcq-question-on-input-output/?page=3,
Java,input output,"In Java, what is the purpose of the `BufferedWriter` class?",It is used to write character data to a file efficiently,It is used to write binary data to a file,It is used to read character data from a file,It is used to read binary data from a file,A,,medium,web:Examveda.com https://www.examveda.com/java-program/practice-mcq-question-on-input-output/?page=3,
Java,input output,Which class is used for reading character streams in a platform-independent way in Java?,`BufferedReader`,`DataInputStream`,`FileReader`,`InputStreamReader`,D,,medium,web:Examveda.com https://www.examveda.com/java-program/practice-mcq-question-on-input-output/?page=3,
Java,input output,"In Java, what is the primary purpose of the `PrintStream` class?",It is used to read binary data from a file,It is used to write binary data to a file,It is used to write formatted text to an output stream,It is used to read text data from the keyboard,C,,medium,web:Examveda.com https://www.examveda.com/java-program/practice-mcq-question-on-input-output/?page=3,
Java,input output,What is the difference between reading and writing character streams in Java?,Both reading and writing character streams use `InputStream` classes,"Reading character streams use `Reader` classes, while writing character streams use `Writer` classes",Both reading and writing character streams use `OutputStream` classes,Writing character streams use `InputStream` classes,B,,medium,web:Examveda.com https://www.examveda.com/java-program/practice-mcq-question-on-input-output/?page=3,
Java,input output,"In Java, which class is used to read binary data from an input stream?",`PrintStream`,`BufferedReader`,`DataInputStream`,`FileInputStream`,C,,medium,web:Examveda.com https://www.examveda.com/java-program/practice-mcq-question-on-input-output/?page=3,
Java,input output,What is the purpose of the `Console` class in Java?,It provides methods for reading and writing binary data,It provides methods for creating directories,It provides methods for performing mathematical operations,It provides methods for reading and writing character-based console input and output,D,,medium,web:Examveda.com https://www.examveda.com/java-program/practice-mcq-question-on-input-output/?page=3,
Java,input output,System class is defined in .................,java.util package,java.lang package,java.io package,java.awt package,B,,medium,web:Examveda.com https://www.examveda.com/java-program/practice-mcq-question-on-input-output/?page=4,
Java,input output,"Which of these classes defined in java.io and used for file-handling are abstract? 
A. InputStream 
B. PrintStream 
C. Reader 
D. FileInputStream 
E. FileWriter",Only A,Only C,A and C,B and D,C,,medium,web:Examveda.com https://www.examveda.com/java-program/practice-mcq-question-on-input-output/?page=4,
Java,input output,"When comparing java.io.BufferedWriter and java.io.FileWriter, which capability exist as a method in only one of two ?",closing the stream,flushing the stream,writting to the stream,writting a line separator to the stream,D,A newLine() method is provided in BufferedWriter which is not in FileWriter.,medium,web:Examveda.com https://www.examveda.com/java-program/practice-mcq-question-on-input-output/?page=4,
Java,input output,What does AWT stands for?,All Window Tools,All Writing Tools,Abstract Window Toolkit,Abstract Writing Toolkit,C,,medium,web:Examveda.com https://www.examveda.com/java-program/practice-mcq-question-on-input-output/?page=4,
Java,input output,Which of these is used to perform all input & output operations in Java?,streams,Variables,classes,Methods,A,,medium,web:Examveda.com https://www.examveda.com/java-program/practice-mcq-question-on-input-output/?page=4,
Java,input output,Which of these is a type of stream in Java?,Integer stream,Short stream,Byte stream,Long stream,C,,medium,web:Examveda.com https://www.examveda.com/java-program/practice-mcq-question-on-input-output/?page=4,
Java,input output,Which of these classes are used by Byte streams for input and output operation?,InputStream,InputOutputStream,Reader,All of the mentioned,A,,medium,web:Examveda.com https://www.examveda.com/java-program/practice-mcq-question-on-input-output/?page=4,
Java,input output,Which of these classes are used by character streams for input and output operations?,InputStream,Writer,ReadStream,InputOutputStream,B,,medium,web:Examveda.com https://www.examveda.com/java-program/practice-mcq-question-on-input-output/?page=4,
Java,input output,Which of these class is used to read from byte array?,InputStream,BufferedInputStream,ArrayInputStream,ByteArrayInputStream,D,,medium,web:Examveda.com https://www.examveda.com/java-program/practice-mcq-question-on-input-output/?page=4,
Java,input output,"What will be the output of the following Java program if input given is 'abcqfghqbcd'? 
class Input_Output
{
 public static void main(String args[]) throws IOException
 { 
 char c;
 BufferedReader obj = new BufferedReader(new InputStreamReader(System.in));
 do
 {
 c = (char) obj.read();
 System.out.print(c);
 } while(c != 'q');
 }
}",abcqfgh,abc,abcq,abcqfghq,C,,medium,web:Examveda.com https://www.examveda.com/java-program/practice-mcq-question-on-input-output/?page=5,
Java,input output,"What will be the output of the following Java program if input given is ""abc'def/'egh""? 
class Input_Output
{
 public static void main(String args[]) throws IOException
 { 
 char c;
 BufferedReader obj = new BufferedReader(new InputStreamReader(System.in));
 do 
 {
 c = (char) obj.read();
 System.out.print(c);
 } while(c!='\'');
 }
}",abc',abcdef/',abc'def/'egh,abcqfghq,A,,medium,web:Examveda.com https://www.examveda.com/java-program/practice-mcq-question-on-input-output/?page=5,
Java,input output,"What will be the output of the following Java program? 
class output
{
 public static void main(String args[])
 { 
 StringBuffer c = new StringBuffer(""Hello"");
 System.out.println(c.length());
 }
}",4,5,6,7,B,,medium,web:Examveda.com https://www.examveda.com/java-program/practice-mcq-question-on-input-output/?page=5,
Java,input output,Which exception is thrown by read() method?,IOException,InterruptedException,SystemException,SystemInputException,A,,medium,web:Examveda.com https://www.examveda.com/java-program/practice-mcq-question-on-input-output/?page=5,
Java,input output,Which of these is used to read a string from the input stream?,get(),getLine(),read(),readLine(),C,,medium,web:Examveda.com https://www.examveda.com/java-program/practice-mcq-question-on-input-output/?page=5,
Java,input output,Which of these class is used to read characters and strings in Java from console?,BufferedReader,StringReader,BufferedStreamReader,InputStreamReader,A,,medium,web:Examveda.com https://www.examveda.com/java-program/practice-mcq-question-on-input-output/?page=5,
Java,input output,Which of these class is implemented by FilterInputStream class?,InputStream,InputOutputStream,BufferedInputStream,SequenceInputStream,A,,medium,web:Examveda.com https://www.examveda.com/java-program/practice-mcq-question-on-input-output/?page=5,
Java,input output,"What will be the output of the following Java program if input given is ""Hello stop World""? 
class Input_Output 
{
 public static void main(String args[]) throws IOException
 { 
 string str;
 BufferedReader obj = new BufferedReader(new InputStreamReader(System.in));
 do
 {
 str = (char) obj.readLine();
 System.out.print(str);
 } while(!str.equals(""strong""));
 }
}",Hello,Hello stop,World,Hello stop World,D,,medium,web:Examveda.com https://www.examveda.com/java-program/practice-mcq-question-on-input-output/?page=5,
Java,input output,"What will be the output of the following Java program? 
class output
{
 public static void main(String args[])
 { 
 StringBuffer s1 = new StringBuffer(""Hello"");
 s1.setCharAt(1,x);
 System.out.println(s1);
 }
}",xello,xxxxx,Hxllo,Hexlo,C,,medium,web:Examveda.com https://www.examveda.com/java-program/practice-mcq-question-on-input-output/?page=5,
Java,input output,"What will be the output of the following Java program if input given is ""abc'def/'egh""? 
class Input_Output
{
 public static void main(String args[]) throws IOException
 { 
 char c;
 BufferedReader obj = new BufferedReader(new InputStreamReader(System.in));
 do
 {
 c = (char) obj.read();
 System.out.print(c);
 } while(c != '\'');
 }
}",abc',abcdef/',abc'def/'egh,abcqfghq,A,,medium,web:Examveda.com https://www.examveda.com/java-program/practice-mcq-question-on-input-output/?page=6,
Java,input output,Which of these class contains the methods print() & println()?,System,System.out,BUfferedOutputStream,PrintStream,D,,medium,web:Examveda.com https://www.examveda.com/java-program/practice-mcq-question-on-input-output/?page=6,
Java,input output,Which of these methods can be used to writing console output?,print(),println(),write(),all of the mentioned,D,,medium,web:Examveda.com https://www.examveda.com/java-program/practice-mcq-question-on-input-output/?page=6,
Java,input output,Which of these classes are used by character streams output operations?,InputStream,Writer,ReadStream,InputOutputStream,B,,medium,web:Examveda.com https://www.examveda.com/java-program/practice-mcq-question-on-input-output/?page=6,
Java,input output,Which of these class is used to read from a file?,InputStream,BufferedInputStream,FileInputStream,BufferedFileInputStream,C,,medium,web:Examveda.com https://www.examveda.com/java-program/practice-mcq-question-on-input-output/?page=6,
Java,input output,"What will be the output of the following Java program? 
class output
{
 public static void main(String args[])
 {
 String a=""hello i love java"";
 System.out.println(indexof('i')+"" ""+indexof('o')+"" ""+lastIndexof('i')+"" ""+lastIndexof('o') ));
 }
}",6 4 6 9,5 4 5 9,7 8 8 9,4 3 6 9,A,,medium,web:Examveda.com https://www.examveda.com/java-program/practice-mcq-question-on-input-output/?page=6,
Java,input output,"What will be the output of the following Java program? 
class output
{
 public static void main(String args[])
 {
 char c[]={'a','1','b',' ','A','0'];
 for (int i = 0; i","a is a lower case Letter 
 is White space character","b is a lower case Letter 
 is White space characte","a is a lower case Letter 
A is a upper case Letter","a is a lower case Letter 
0 is a digit",A,,medium,web:Examveda.com https://www.examveda.com/java-program/practice-mcq-question-on-input-output/?page=6,
Java,input output,"What will be the output of the following Java program? 
class output
{
 public static void main(String args[])
 { 
 StringBuffer s1 = new StringBuffer(""Hello"");
 StringBuffer s2 = s1.reverse();
 System.out.println(s2);
 }
}",Hello,olleH,HelloolleH,olleHHello,B,,medium,web:Examveda.com https://www.examveda.com/java-program/practice-mcq-question-on-input-output/?page=6,
Java,input output,Which of these class contains the methods used to write in a file?,FileStream,FileInputStream,BUfferedOutputStream,FileBufferStream,C,"The class BufferedOutputStream in Java contains methods that are used to write data into a file. It provides buffering for output streams, which helps to improve efficiency by reducing the number of write operations to the underlying file.",medium,web:Examveda.com https://www.examveda.com/java-program/practice-mcq-question-on-input-output/?page=6,
Java,input output,Which of these exception is thrown in cases when the file specified for writing is not found?,IOException,FileException,FileNotFoundException,FileInputException,C,,medium,web:Examveda.com https://www.examveda.com/java-program/practice-mcq-question-on-input-output/?page=6,
Java,input output,Which of these methods are used to read in from file?,get(),read(),scan(),readFileInput(),B,,medium,web:Examveda.com https://www.examveda.com/java-program/practice-mcq-question-on-input-output/?page=7,
Java,input output,Which of these values is returned by read() method is end of file (EOF) is encountered?,0,1,-1,Null,C,,medium,web:Examveda.com https://www.examveda.com/java-program/practice-mcq-question-on-input-output/?page=7,
Java,input output,Which of these exception is thrown by close() and read() methods?,IOException,FileException,FileNotFoundException,FileInputOutputException,A,,medium,web:Examveda.com https://www.examveda.com/java-program/practice-mcq-question-on-input-output/?page=7,
Java,input output,Which of these methods is used to write() into a file?,put(),putFile(),write(),writeFile(),C,,medium,web:Examveda.com https://www.examveda.com/java-program/practice-mcq-question-on-input-output/?page=7,
Java,input output,"What will be the output of the following Java program? 
import java.io.*;
class filesinputoutput
{
 public static void main(String args[])
 {
 InputStream obj = new FileInputStream(""inputoutput.java"");
 System.out.print(obj.available());
 }
} 
Note: inputoutput.java is stored in the disk.",true,false,prints number of bytes in file,prints number of characters in the file,C,,medium,web:Examveda.com https://www.examveda.com/java-program/practice-mcq-question-on-input-output/?page=7,
Java,input output,"What will be the output of the following Java program? 
import java.io.*;
public class filesinputoutput
{
 public static void main(String[] args)
 {
 String obj = ""abc"";
 byte b[] = obj.getBytes();
 ByteArrayInputStream obj1 = new ByteArrayInputStream(b);
 for (int i = 0; i",AaBaCa,ABCaaa,AaaBaaCaa,AaBaaCaaa,D,,medium,web:Examveda.com https://www.examveda.com/java-program/practice-mcq-question-on-input-output/?page=7,
Java,input output,"What will be the output of the following Java program? 
import java.io.*;
class Chararrayinput
{
 public static void main(String[] args)
 {
 String obj = ""abcdef"";
 int length = obj.length();
 char c[] = new char[length];
 obj.getChars(0, length, c, 0);
 CharArrayReader input1 = new CharArrayReader(c);
 CharArrayReader input2 = new CharArrayReader(c, 0, 3);
 int i;
 try
 {
while((i = input2.read()) != -1)
 {
 System.out.print((char)i);
 }
 } 
 catch (IOException e)
 {
 e.printStackTrace();
 }
}
}",abc,abcd,abcde,abcdef,A,,medium,web:Examveda.com https://www.examveda.com/java-program/practice-mcq-question-on-input-output/?page=7,
Java,input output,"What will be the output of the following Java program? 
import java.io.*;
class Chararrayinput
{
 public static void main(String[] args)
 {
 String obj = ""abcdefgh"";
 int length = obj.length();
 char c[] = new char[length];
 obj.getChars(0, length, c, 0);
 CharArrayReader input1 = new CharArrayReader(c);
 CharArrayReader input2 = new CharArrayReader(c, 1, 4);
 int i;
 int j;
 try 
 {
while((i = input1.read()) == (j = input2.read()))
 {
 System.out.print((char)i);
 }
 } 
 catch (IOException e)
 {
 e.printStackTrace();
 }
}
}",abc,abcd,abcde,none of the mentioned,D,,medium,web:Examveda.com https://www.examveda.com/java-program/practice-mcq-question-on-input-output/?page=7,
Java,input output,Which of these functions is called to display the output of an applet?,display(),paint(),displayApplet(),PrintApplet(),B,,medium,web:Examveda.com https://www.examveda.com/java-program/practice-mcq-question-on-input-output/?page=7,
Java,input output,Which of these methods can be used to output a string in an applet?,display(),print(),drawString(),transient(),C,,medium,web:Examveda.com https://www.examveda.com/java-program/practice-mcq-question-on-input-output/?page=7,
Java,input output,Which of these methods is a part of Abstract Window Toolkit (AWT) ?,display(),paint(),drawString(),transient(),B,,medium,web:Examveda.com https://www.examveda.com/java-program/practice-mcq-question-on-input-output/?page=8,
Java,input output,Which of these modifiers can be used for a variable so that it can be accessed from any thread or parts of a program?,transient,volatile,global,No modifier is needed,B,,medium,web:Examveda.com https://www.examveda.com/java-program/practice-mcq-question-on-input-output/?page=8,
Java,input output,Which of these operators can be used to get run time information about an object?,getInfo,Info,instanceof,getinfoof,C,,medium,web:Examveda.com https://www.examveda.com/java-program/practice-mcq-question-on-input-output/?page=8,
Java,input output,"What is the Message is displayed in the applet made by the following Java program? 
import java.awt.*;
import java.applet.*;
public class myapplet extends Applet
{
 public void paint(Graphics g)
 {
 g.drawString(""A Simple Applet"", 20, 20); 
 }
}",A Simple Applet,A Simple Applet 20 20,Compilation Error,Runtime Error,A,,medium,web:Examveda.com https://www.examveda.com/java-program/practice-mcq-question-on-input-output/?page=8,
Java,input output,"What is the length of the application box made by the following Java program? 
import java.awt.*;
import java.applet.*;
public class myapplet extends Applet
{
 public void paint(Graphics g)
 {
 g.drawString(""A Simple Applet"", 20, 20); 
 }
}",20,50,100,System dependent,D,"The Java program provided uses the AWT and Applet classes to draw a string on the screen using the paint() method.
 
However, it does not explicitly specify the size (length or width) of the application box (applet window).
 
When an applet does not set its size using methods like setSize(), the actual size of the applet is determined by the HTML page that embeds the applet or by the applet viewer or browser displaying it.
 
Because different systems and viewers may allocate different default sizes, the length of the application box is therefore system dependent.",medium,web:Examveda.com https://www.examveda.com/java-program/practice-mcq-question-on-input-output/?page=8,
Java,input output,"What is the length of the application box made the following Java program? 
import java.awt.*;
import java.applet.*;
public class myapplet extends Applet
{
 Graphic g;
 g.drawString(""A Simple Applet"", 20, 20); 
}",20,Default value,Compilation Error,Runtime Error,C,,medium,web:Examveda.com https://www.examveda.com/java-program/practice-mcq-question-on-input-output/?page=8,
Java,regular expressions in java,What is a regular expression in Java?,A pattern that describes a set of strings,A Java class for reading regular expressions,A Java method for creating strings,A Java package for file operations,A,,medium,web:Examveda.com https://www.examveda.com/java-program/practice-mcq-question-on-regular-expressions-in-java/,
Java,regular expressions in java,Which class is used to compile a regular expression in Java?,`String`,`Regex`,`Matcher`,`Pattern`,D,,medium,web:Examveda.com https://www.examveda.com/java-program/practice-mcq-question-on-regular-expressions-in-java/,
Java,regular expressions in java,"In a regular expression, what does the metacharacter `.` represent?",A digit,A space,Any character,A word,C,,medium,web:Examveda.com https://www.examveda.com/java-program/practice-mcq-question-on-regular-expressions-in-java/,
Java,regular expressions in java,What does the character class `[A-Za-z]` match in a regular expression?,Any special character,Any uppercase or lowercase letter,Any whitespace character,None of These,B,,medium,web:Examveda.com https://www.examveda.com/java-program/practice-mcq-question-on-regular-expressions-in-java/,
Java,regular expressions in java,"In a regular expression, what does the metacharacter `*` represent?",A fixed number of occurrences of the preceding character or group,One or more occurrences of the preceding character or group,Zero or more occurrences of the preceding character or group,Exactly one occurrence of the preceding character or group,C,,medium,web:Examveda.com https://www.examveda.com/java-program/practice-mcq-question-on-regular-expressions-in-java/,
Java,regular expressions in java,Which quantifier is used in a regular expression to match one or more occurrences of the preceding character or group?,`*`,`?`,`{}`,`+`,D,,medium,web:Examveda.com https://www.examveda.com/java-program/practice-mcq-question-on-regular-expressions-in-java/,
Java,regular expressions in java,"In a regular expression, what does the metacharacter `^` represent when used at the beginning of a pattern?",The start of a line,The end of a line,Any character,A space,A,,medium,web:Examveda.com https://www.examveda.com/java-program/practice-mcq-question-on-regular-expressions-in-java/,
Java,regular expressions in java,Which class is used to perform matching operations with regular expressions in Java?,`String`,`Regex`,`Pattern`,`Matcher`,D,,medium,web:Examveda.com https://www.examveda.com/java-program/practice-mcq-question-on-regular-expressions-in-java/,
Java,regular expressions in java,"In a regular expression, what does the metacharacter `$` represent when used at the end of a pattern?",The start of a line,Any character,The end of a line,A digit,C,,medium,web:Examveda.com https://www.examveda.com/java-program/practice-mcq-question-on-regular-expressions-in-java/,
Java,regular expressions in java,What does the character class `[0-9]` match in a regular expression?,Any lowercase letter,Any digit,Any special character,None of These,B,,medium,web:Examveda.com https://www.examveda.com/java-program/practice-mcq-question-on-regular-expressions-in-java/,
Java,regular expressions in java,Which method is used to find the next subsequence that matches the pattern in a regular expression in Java?,`contains()`,`search()`,`find()`,`match()`,C,,medium,web:Examveda.com https://www.examveda.com/java-program/practice-mcq-question-on-regular-expressions-in-java/?page=2,
Java,regular expressions in java,"In a regular expression, what does the metacharacter `?` represent?",One or more occurrences of the preceding character or group,Zero occurrences of the preceding character or group,A fixed number of occurrences of the preceding character or group,Zero or one occurrence of the preceding character or group,D,,medium,web:Examveda.com https://www.examveda.com/java-program/practice-mcq-question-on-regular-expressions-in-java/?page=2,
Java,regular expressions in java,Which class is used to represent a compiled regular expression in Java?,`Pattern`,`Matcher`,`Regex`,`String`,A,,medium,web:Examveda.com https://www.examveda.com/java-program/practice-mcq-question-on-regular-expressions-in-java/?page=2,
Java,regular expressions in java,What is the purpose of the `matches()` method in Java regular expressions?,It splits the input into an array of substrings,It replaces the matched text with a new text,It searches for the first occurrence of the pattern,It checks if the entire input sequence matches the pattern,D,,medium,web:Examveda.com https://www.examveda.com/java-program/practice-mcq-question-on-regular-expressions-in-java/?page=2,
Java,regular expressions in java,"In a regular expression, what does the metacharacter `|` represent?",Zero or more occurrences of the preceding character or group,A word boundary,"Alternation, allowing a choice between two or more patterns",A digit,C,,medium,web:Examveda.com https://www.examveda.com/java-program/practice-mcq-question-on-regular-expressions-in-java/?page=2,
Java,regular expressions in java,"In a regular expression, what does the metacharacter `d` represent?",Any special character,Any digit,Any whitespace character,None of These,B,,medium,web:Examveda.com https://www.examveda.com/java-program/practice-mcq-question-on-regular-expressions-in-java/?page=2,
Java,regular expressions in java,Which method is used to replace text that matches a regular expression in Java?,`replaceFirst()`,`findAndReplace()`,`replaceAll()`,`replace()`,C,,medium,web:Examveda.com https://www.examveda.com/java-program/practice-mcq-question-on-regular-expressions-in-java/?page=2,
Java,regular expressions in java,What does the character class `[A-Z]` match in a regular expression?,Any lowercase letter,Any digit,Any special character,Any uppercase letter,D,,medium,web:Examveda.com https://www.examveda.com/java-program/practice-mcq-question-on-regular-expressions-in-java/?page=2,
Java,regular expressions in java,"In a regular expression, what does the metacharacter `s` represent?",Any whitespace character,Any letter,Any digit,Any special character,A,,medium,web:Examveda.com https://www.examveda.com/java-program/practice-mcq-question-on-regular-expressions-in-java/?page=2,
Java,regular expressions in java,Which method is used to split a string using a regular expression in Java?,`substring()`,`join()`,`concat()`,`split()`,D,,medium,web:Examveda.com https://www.examveda.com/java-program/practice-mcq-question-on-regular-expressions-in-java/?page=2,
Java,regular expressions in java,What is the purpose of the `group()` method in Java regular expressions?,It compiles a regular expression,It checks if a string matches the pattern,It returns the matched subsequence,It counts the number of matches,C,,medium,web:Examveda.com https://www.examveda.com/java-program/practice-mcq-question-on-regular-expressions-in-java/?page=3,
Java,regular expressions in java,"In a regular expression, what does the metacharacter `w` represent?",Any special character,"Any word character (letter, digit, or underscore)",Any lowercase letter,None of These,B,,medium,web:Examveda.com https://www.examveda.com/java-program/practice-mcq-question-on-regular-expressions-in-java/?page=3,
Java,regular expressions in java,Which method is used to append replacement text in a Java regular expression operation?,`replaceText()`,`addReplacement()`,`appendReplacement()`,`appendText()`,C,,medium,web:Examveda.com https://www.examveda.com/java-program/practice-mcq-question-on-regular-expressions-in-java/?page=3,
Java,regular expressions in java,"In a regular expression, what does the metacharacter `b` represent?",A digit,Any character,Any special character,A word boundary,D,,medium,web:Examveda.com https://www.examveda.com/java-program/practice-mcq-question-on-regular-expressions-in-java/?page=3,
Java,regular expressions in java,What is the purpose of the `quote()` method in Java regular expressions?,It returns a literal pattern string for the specified string,It quotes a matched subsequence,It compiles a regular expression,It checks if a string matches the pattern,A,,medium,web:Examveda.com https://www.examveda.com/java-program/practice-mcq-question-on-regular-expressions-in-java/?page=3,
Java,regular expressions in java,"In a regular expression, what does the metacharacter `Q` represent?",A digit,A word boundary,The end of a quoted section,The beginning of a quoted section,D,,medium,web:Examveda.com https://www.examveda.com/java-program/practice-mcq-question-on-regular-expressions-in-java/?page=3,
Java,regular expressions in java,Which class is used to represent a group of characters in a regular expression in Java?,`Group`,`Matcher`,`CharacterGroup`,`Pattern`,C,,medium,web:Examveda.com https://www.examveda.com/java-program/practice-mcq-question-on-regular-expressions-in-java/?page=3,
Java,regular expressions in java,"In a regular expression, what does the metacharacter `A` represent?",A word boundary,The beginning of a string,A digit,None of These,B,,medium,web:Examveda.com https://www.examveda.com/java-program/practice-mcq-question-on-regular-expressions-in-java/?page=3,
Java,regular expressions in java,What is the purpose of the `reset()` method in Java regular expressions?,It counts the number of matches,It checks if a string matches the pattern,It resets the matcher,It compiles a regular expression,C,,medium,web:Examveda.com https://www.examveda.com/java-program/practice-mcq-question-on-regular-expressions-in-java/?page=3,
Java,regular expressions in java,"In a regular expression, what does the metacharacter `G` represent?",The start of the next match,A word boundary,A digit,The end of the previous match,D,,medium,web:Examveda.com https://www.examveda.com/java-program/practice-mcq-question-on-regular-expressions-in-java/?page=3,
Java,regular expressions in java,"What will be the output of the following Java program? 
import java.text.*;
import java.util.*;
class Date_formatting
{ 
 public static void main(String args[])
 {
 Date date = new Date();
 SimpleDateFormat sdf;
 sdf = new SimpleDateFormat(""hh:mm:ss"");
 System.out.print(sdf.format(date));
 } 
} 
Note : The program is executed at 3 hour 55 minutes and 4 sec (24 hours time).",3:55:4,3.55.4,55:03:04,03:55:04,D,,medium,web:Examveda.com https://www.examveda.com/java-program/practice-mcq-question-on-regular-expressions-in-java/?page=4,
Java,regular expressions in java,What does public int end(int group) return?,offset from last character of the subsequent group,offset from first character of the subsequent group,offset from last character matched,offset from first character matched,A,,medium,web:Examveda.com https://www.examveda.com/java-program/practice-mcq-question-on-regular-expressions-in-java/?page=4,
Java,regular expressions in java,What is the significance of Matcher class for regular expression in java?,interpretes pattern in the string,Performs match in the string,interpreted both pattern and performs match operations in the string,None of the mentioned.,C,,medium,web:Examveda.com https://www.examveda.com/java-program/practice-mcq-question-on-regular-expressions-in-java/?page=4,
Java,regular expressions in java,Which capturing group can represent the entire expression?,group *,group 0,group * or group 0,None of the mentioned,B,,medium,web:Examveda.com https://www.examveda.com/java-program/practice-mcq-question-on-regular-expressions-in-java/?page=4,
Java,regular expressions in java,Which of the following matches end of the string using regular expression in java?,\z,\\,\*,None of These,A,,medium,web:Examveda.com https://www.examveda.com/java-program/practice-mcq-question-on-regular-expressions-in-java/?page=4,
Java,regular expressions in java,Which of these formatting strings of SimpleDateFormat class is used to print AM or PM in time?,a,b,c,d,A,,medium,web:Examveda.com https://www.examveda.com/java-program/practice-mcq-question-on-regular-expressions-in-java/?page=4,
Java,regular expressions in java,Which of the following is not a class of java.util.regex?,Pattern class,matcher class,PatternSyntaxException,Regex class,D,,medium,web:Examveda.com https://www.examveda.com/java-program/practice-mcq-question-on-regular-expressions-in-java/?page=4,
Java,regular expressions in java,"What will be the output of the following Java program? 
import java.text.*;
import java.util.*;
class Date_formatting
{ 
 public static void main(String args[])
 {
 Date date = new Date();
 SimpleDateFormat sdf;
 sdf = new SimpleDateFormat(""E MMM dd yyyy"");
 System.out.print(sdf.format(date));
 } 
} 
Note: The program is executed at 3 hour 55 minutes and 4 sec on Monday, 15 July(24 hours time).",Mon Jul 15 2013,Jul 15 2013,55:03:04 Mon Jul 15 2013,03:55:04 Jul 15 2013,A,,medium,web:Examveda.com https://www.examveda.com/java-program/practice-mcq-question-on-regular-expressions-in-java/?page=4,
Java,regular expressions in java,What does public int start() return?,returns start index of the input string,returns start index of the current match,returns start index of the previous match,none of the mentioned,C,,medium,web:Examveda.com https://www.examveda.com/java-program/practice-mcq-question-on-regular-expressions-in-java/?page=4,
Java,regular expressions in java,Which of these package is used for text formatting in Java programming language?,java.text,java.awt,java.awt.text,java.io,A,,medium,web:Examveda.com https://www.examveda.com/java-program/practice-mcq-question-on-regular-expressions-in-java/?page=5,
Java,regular expressions in java,"What will be the output of the following Java program? 
import java.text.*;
import java.util.*;
class Date_formatting
{ 
 public static void main(String args[])
 {
 Date date = new Date();
 SimpleDateFormat sdf;
 sdf = new SimpleDateFormat(""mm:hh:ss"");
 System.out.print(sdf.format(date));
 } 
} 
Note : The program is executed at 3 hour 55 minutes and 4 sec (24 hours time).",3:55:4,3.55.4,55:03:04,03:55:04,C,,medium,web:Examveda.com https://www.examveda.com/java-program/practice-mcq-question-on-regular-expressions-in-java/?page=5,
Java,regular expressions in java,Which of this class can be used to format dates and times?,Date,SimpleDate,DateFormat,textFormat,C,,medium,web:Examveda.com https://www.examveda.com/java-program/practice-mcq-question-on-regular-expressions-in-java/?page=5,
Java,regular expressions in java,Which of these class allows us to define our own formatting pattern for dates and time?,DefinedDateFormat,SimpleDateFormat,ComplexDateFormat,UsersDateFormat,B,,medium,web:Examveda.com https://www.examveda.com/java-program/practice-mcq-question-on-regular-expressions-in-java/?page=5,
Java,regular expressions in java,"What will be the output of the following Java program? 
import java.text.*;
import java.util.*;
class Date_formatting
{ 
 public static void main(String args[])
 {
 Date date = new Date();
 SimpleDateFormat sdf;
 sdf = new SimpleDateFormat(""z"");
 System.out.print(sdf.format(date));
 } 
} 
Note : The program is executed at 3 hour 55 minutes and 4 sec on Monday, 15 July(24 hours time).",z,Jul,Mon,PDT,D,,medium,web:Examveda.com https://www.examveda.com/java-program/practice-mcq-question-on-regular-expressions-in-java/?page=5,
Java,regular expressions in java,Which of these method returns an instance of DateFormat that can format time information?,getTime(),getTimeInstance(),getTimeDateinstance(),getDateFormatinstance(),B,,medium,web:Examveda.com https://www.examveda.com/java-program/practice-mcq-question-on-regular-expressions-in-java/?page=5,
Java,regular expressions in java,what does public String replaceAll(string replace) do?,Replace all characters that matches pattern with a replacement string,Replace first subsequence that matches pattern with a replacement string,Replace all other than first subsequence of that matches pattern with a replacement string,Replace every subsequence of the input sequence that matches pattern with a replacement string,D,,medium,web:Examveda.com https://www.examveda.com/java-program/practice-mcq-question-on-regular-expressions-in-java/?page=5,
Java,regular expressions in java,Object of which class is used to compile regular expression?,Pattern class,Matcher class,PatternSyntaxException,None of the mentioned,A,,medium,web:Examveda.com https://www.examveda.com/java-program/practice-mcq-question-on-regular-expressions-in-java/?page=5,
Java,event handling in java,What is an event in Java?,An action or occurrence to which a program can respond,A Java class that handles exceptions,A type of exception,A data type,A,,medium,web:Examveda.com https://www.examveda.com/java-program/practice-mcq-question-on-event-handling-in-java/,
Java,event handling in java,"In Java event handling, what is an event source?",An event listener,A keyword used to declare events,A method that handles events,An object that generates events,D,,medium,web:Examveda.com https://www.examveda.com/java-program/practice-mcq-question-on-event-handling-in-java/,
Java,event handling in java,Which package in Java contains classes for event handling?,`java.util`,`java.swing`,`java.awt.event`,`java.io`,C,,medium,web:Examveda.com https://www.examveda.com/java-program/practice-mcq-question-on-event-handling-in-java/,
Java,event handling in java,What is an event listener in Java?,A Java class that generates events,An object that listens for events and responds to them,A method that handles events,None of These,B,,medium,web:Examveda.com https://www.examveda.com/java-program/practice-mcq-question-on-event-handling-in-java/,
Java,event handling in java,"In Java, which method is used to register an event listener with an event source?",`addEventListener()`,`addEventSource()`,`addActionListener()`,`addEventHandler()`,C,,medium,web:Examveda.com https://www.examveda.com/java-program/practice-mcq-question-on-event-handling-in-java/,
Java,event handling in java,What is the purpose of the `ActionEvent` class in Java event handling?,It represents an exception,It represents a listener interface,It represents an event source,It represents an action event generated by a component like a button,D,,medium,web:Examveda.com https://www.examveda.com/java-program/practice-mcq-question-on-event-handling-in-java/,
Java,event handling in java,"In Java event handling, what is the purpose of the `getSource()` method of the `ActionEvent` class?",It returns the object that generated the event,It returns the event listener object,It returns the event source,It returns the event type,A,,medium,web:Examveda.com https://www.examveda.com/java-program/practice-mcq-question-on-event-handling-in-java/,
Java,event handling in java,Which event listener interface is used for handling action events in Java?,`ActionHandler`,`EventHandler`,`EventListener`,`ActionListener`,D,,medium,web:Examveda.com https://www.examveda.com/java-program/practice-mcq-question-on-event-handling-in-java/,
Java,event handling in java,"In Java, how do you specify that an event should trigger a particular method for event handling?",By using a keyword in the event source declaration,By adding a random method to the event source,By implementing an event listener interface and overriding its method,By using the `performEvent()` method,C,,medium,web:Examveda.com https://www.examveda.com/java-program/practice-mcq-question-on-event-handling-in-java/,
Java,event handling in java,What is the purpose of the `ItemEvent` class in Java event handling?,It represents an event source,It represents an item event generated by components like checkboxes and radio buttons,It represents an event listener,None of These,B,,medium,web:Examveda.com https://www.examveda.com/java-program/practice-mcq-question-on-event-handling-in-java/,
Java,event handling in java,"In Java event handling, which method is used to handle item events for a checkbox?",`handleCheckbox()`,`onItemEvent()`,`itemStateChanged()`,`checkboxSelected()`,C,,medium,web:Examveda.com https://www.examveda.com/java-program/practice-mcq-question-on-event-handling-in-java/?page=2,
Java,event handling in java,What is the purpose of the `MouseListener` interface in Java event handling?,It represents an exception,It represents an event source,It represents an event listener,It provides methods for handling mouse-related events,D,,medium,web:Examveda.com https://www.examveda.com/java-program/practice-mcq-question-on-event-handling-in-java/?page=2,
Java,event handling in java,"In Java event handling, what is the purpose of the `MouseEvent` class?",It represents mouse-related events and provides information about them,It represents an exception,It represents an event listener,It represents an event source,A,,medium,web:Examveda.com https://www.examveda.com/java-program/practice-mcq-question-on-event-handling-in-java/?page=2,
Java,event handling in java,Which method is used to handle mouse clicks in Java event handling?,`clickEvent()`,`onMouseClick()`,`handleClick()`,`mouseClicked()`,D,,medium,web:Examveda.com https://www.examveda.com/java-program/practice-mcq-question-on-event-handling-in-java/?page=2,
Java,event handling in java,"In Java event handling, what is the purpose of the `KeyEvent` class?",It represents an exception,It represents an event source,It represents keyboard-related events,It represents an event listener,C,,medium,web:Examveda.com https://www.examveda.com/java-program/practice-mcq-question-on-event-handling-in-java/?page=2,
Java,event handling in java,"In Java event handling, which interface is used for handling window events like closing a window?",`WindowHandler`,`WindowListener`,`WindowEvent`,None of These,B,,medium,web:Examveda.com https://www.examveda.com/java-program/practice-mcq-question-on-event-handling-in-java/?page=2,
Java,event handling in java,What is the purpose of the `WindowEvent` class in Java event handling?,It represents an event listener,It represents an event source,It represents window-related events,It represents an exception,C,,medium,web:Examveda.com https://www.examveda.com/java-program/practice-mcq-question-on-event-handling-in-java/?page=2,
Java,event handling in java,"In Java event handling, which method is used to handle window closing events?",`closeWindow()`,`onWindowClose()`,`handleClose()`,`windowClosing()`,D,,medium,web:Examveda.com https://www.examveda.com/java-program/practice-mcq-question-on-event-handling-in-java/?page=2,
Java,event handling in java,What is the purpose of the `ActionCommand` in Java event handling?,It provides a string that describes the action command associated with an event,It handles exceptions,It represents an event source,It represents an event listener,A,,medium,web:Examveda.com https://www.examveda.com/java-program/practice-mcq-question-on-event-handling-in-java/?page=2,
Java,event handling in java,"In Java event handling, which event is generated when a button is clicked?",KeyEvent,WindowEvent,MouseEvent,ActionEvent,D,,medium,web:Examveda.com https://www.examveda.com/java-program/practice-mcq-question-on-event-handling-in-java/?page=2,
Java,event handling in java,Which method is used to handle mouse drag events in Java event handling?,`handleDrag()`,`onMouseDrag()`,`mouseDragged()`,`dragEvent()`,C,,medium,web:Examveda.com https://www.examveda.com/java-program/practice-mcq-question-on-event-handling-in-java/?page=3,
Java,event handling in java,What is the purpose of the `FocusEvent` class in Java event handling?,It represents an event source,It represents focus-related events,It represents an event listener,None of These,B,,medium,web:Examveda.com https://www.examveda.com/java-program/practice-mcq-question-on-event-handling-in-java/?page=3,
Java,event handling in java,"In Java event handling, which method is used to handle focus gained events?",`focusEvent()`,`onFocusGained()`,`focusGained()`,`handleFocus()`,C,,medium,web:Examveda.com https://www.examveda.com/java-program/practice-mcq-question-on-event-handling-in-java/?page=3,
Java,event handling in java,What is the purpose of the `KeyEventDispatcher` interface in Java event handling?,It represents an exception,It represents an event source,It represents an event listener,It provides methods for dispatching keyboard-related events,D,,medium,web:Examveda.com https://www.examveda.com/java-program/practice-mcq-question-on-event-handling-in-java/?page=3,
Java,event handling in java,"In Java event handling, what is the purpose of the `MouseWheelEvent` class?",It represents mouse wheel-related events,It represents an exception,It represents an event source,It represents an event listener,A,,medium,web:Examveda.com https://www.examveda.com/java-program/practice-mcq-question-on-event-handling-in-java/?page=3,
Java,event handling in java,Which method is used to handle mouse wheel events in Java event handling?,`wheelEvent()`,`onMouseWheelMove()`,`handleMouseWheel()`,`mouseWheelMoved()`,D,,medium,web:Examveda.com https://www.examveda.com/java-program/practice-mcq-question-on-event-handling-in-java/?page=3,
Java,event handling in java,"In Java event handling, what is the purpose of the `WindowAdapter` class?",It represents an exception,It represents an event source,It provides default implementations of the `WindowListener` interface methods,It represents an event listener,C,,medium,web:Examveda.com https://www.examveda.com/java-program/practice-mcq-question-on-event-handling-in-java/?page=3,
Java,event handling in java,What is the purpose of the `InputEvent` class in Java event handling?,It represents an event source,It represents input-related events,It represents an event listener,None of These,B,,medium,web:Examveda.com https://www.examveda.com/java-program/practice-mcq-question-on-event-handling-in-java/?page=3,
Java,event handling in java,Which method is used to handle input events in Java event handling?,`processInput()`,`onInputEvent()`,`inputEvent()`,`handleInput()`,C,,medium,web:Examveda.com https://www.examveda.com/java-program/practice-mcq-question-on-event-handling-in-java/?page=3,
Java,event handling in java,"In Java event handling, what is the purpose of the `MouseListenerAdapter` class?",It represents an exception,It represents an event source,It represents an event listener,It provides default implementations of the `MouseListener` interface methods,D,,medium,web:Examveda.com https://www.examveda.com/java-program/practice-mcq-question-on-event-handling-in-java/?page=3,
Java,event handling in java,Which of these is superclass of ContainerEvent class?,WindowEvent,ComponentEvent,ItemEvent,InputEvent,B,,medium,web:Examveda.com https://www.examveda.com/java-program/practice-mcq-question-on-event-handling-in-java/?page=4,
Java,event handling in java,What is a listener in context to event handling?,A listener is a variable that is notified when an event occurs,A listener is a object that is notified when an event occurs,A listener is a method that is notified when an event occurs,None of the mentioned,B,,medium,web:Examveda.com https://www.examveda.com/java-program/practice-mcq-question-on-event-handling-in-java/?page=4,
Java,event handling in java,Which of these methods can be used to know the degree of adjustment made by the user?,getValue(),getAdjustmentType(),getAdjustmentValue(),getAdjustmentAmount(),A,,medium,web:Examveda.com https://www.examveda.com/java-program/practice-mcq-question-on-event-handling-in-java/?page=4,
Java,event handling in java,Which of these packages contains all the event handling interfaces?,java.lang,java.awt,java.awt.event,java.event,C,,medium,web:Examveda.com https://www.examveda.com/java-program/practice-mcq-question-on-event-handling-in-java/?page=4,
Java,event handling in java,Which of these interfaces define a method itemStateChanged()?,ComponentListener,ContainerListener,ActionListener,ItemListener,D,,medium,web:Examveda.com https://www.examveda.com/java-program/practice-mcq-question-on-event-handling-in-java/?page=4,
Java,event handling in java,Which of these is superclass of WindowEvent class?,WindowEvent,ComponentEvent,ItemEvent,InputEvent,B,,medium,web:Examveda.com https://www.examveda.com/java-program/practice-mcq-question-on-event-handling-in-java/?page=4,
Java,event handling in java,Which of these are integer constants of TextEvent class?,TEXT_CHANGED,TEXT_FORMAT_CHANGED,TEXT_VALUE_CHANGED,TEXT_SIZE_CHANGED,C,,medium,web:Examveda.com https://www.examveda.com/java-program/practice-mcq-question-on-event-handling-in-java/?page=4,
Java,event handling in java,What is an event in delegation event model used by Java programming language?,An event is an object that describes a state change in a source,An event is an object that describes a state change in processing,An event is an object that describes any change by the user and system,"An event is a class used for defining object, to create events",A,,medium,web:Examveda.com https://www.examveda.com/java-program/practice-mcq-question-on-event-handling-in-java/?page=4,
Java,event handling in java,Which of these are integer constants of ComponentEvent class?,COMPONENT_HIDDEN,COMPONENT_MOVED,COMPONENT_RESIZE,All of the mentioned,D,,medium,web:Examveda.com https://www.examveda.com/java-program/practice-mcq-question-on-event-handling-in-java/?page=4,
Java,event handling in java,Which of these are constants defined in WindowEvent class?,WINDOW_ACTIVATED,WINDOW_CLOSED,WINDOW_DEICONIFIED,All of the mentioned,D,,medium,web:Examveda.com https://www.examveda.com/java-program/practice-mcq-question-on-event-handling-in-java/?page=4,
Java,event handling in java,Which of these constant value will change when the button at the end of scroll bar was clicked to increase its value?,BLOCK_DECREMENT,BLOCK_INCREMENT,UNIT_DECREMENT,UNIT_INCREMENT,D,,medium,web:Examveda.com https://www.examveda.com/java-program/practice-mcq-question-on-event-handling-in-java/?page=5,
Java,event handling in java,Which of these methods are used to register a mouse motion listener?,addMouse(),addMouseListener(),addMouseMotionListner(),eventMouseMotionListener(),C,,medium,web:Examveda.com https://www.examveda.com/java-program/practice-mcq-question-on-event-handling-in-java/?page=5,
Java,event handling in java,Which of these events is generated when the window is closed?,TextEvent,MouseEvent,FocusEvent,WindowEvent,D,,medium,web:Examveda.com https://www.examveda.com/java-program/practice-mcq-question-on-event-handling-in-java/?page=5,
Java,event handling in java,Which of these packages contains all the classes and methods required for even handling in Java?,java.applet,java.awt,java.event,java.awt.event,D,,medium,web:Examveda.com https://www.examveda.com/java-program/practice-mcq-question-on-event-handling-in-java/?page=5,
Java,event handling in java,Which of these methods can be used to know which key is pressed?,getKey(),getModifier(),getActionKey(),getActionEvent(),B,,medium,web:Examveda.com https://www.examveda.com/java-program/practice-mcq-question-on-event-handling-in-java/?page=5,
Java,event handling in java,Which of these events is generated when a button is pressed?,ActionEvent,KeyEvent,WindowEvent,AdjustmentEvent,A,,medium,web:Examveda.com https://www.examveda.com/java-program/practice-mcq-question-on-event-handling-in-java/?page=5,
Java,event handling in java,Which of these methods can be used to know the type of focus change?,typeFocus(),typeEventFocus(),isTemporary(),isPermanent(),C,,medium,web:Examveda.com https://www.examveda.com/java-program/practice-mcq-question-on-event-handling-in-java/?page=5,
Java,event handling in java,Which of these methods will be invoked if a character is entered?,keyPressed(),keyReleased(),keyTyped(),keyEntered(),C,,medium,web:Examveda.com https://www.examveda.com/java-program/practice-mcq-question-on-event-handling-in-java/?page=5,
Java,event handling in java,Which of these methods can be used to determine the type of adjustment event?,getType(),getEventType(),getAdjustmentType(),getEventObjectType(),C,,medium,web:Examveda.com https://www.examveda.com/java-program/practice-mcq-question-on-event-handling-in-java/?page=5,
Java,event handling in java,Which of these methods is defined in MouseMotionAdapter class?,mouseDragged(),mousePressed(),mouseReleased(),mouseClicked(),A,,medium,web:Examveda.com https://www.examveda.com/java-program/practice-mcq-question-on-event-handling-in-java/?page=5,
Java,event handling in java,Which of these events will be generated if we close an applet's window?,ActionEvent,ComponentEvent,AdjustmentEvent,WindowEvent,D,,medium,web:Examveda.com https://www.examveda.com/java-program/practice-mcq-question-on-event-handling-in-java/?page=6,
Java,event handling in java,MouseEvent is subclass of which of these classes?,ComponentEvent,ContainerEvent,ItemEvent,InputEvent,D,,medium,web:Examveda.com https://www.examveda.com/java-program/practice-mcq-question-on-event-handling-in-java/?page=6,
Java,event handling in java,Event class is defined in which of these libraries?,java.io,java.lang,java.net,java.util,D,,medium,web:Examveda.com https://www.examveda.com/java-program/practice-mcq-question-on-event-handling-in-java/?page=6,
Java,event handling in java,Which of these events is generated by scroll bar?,ActionEvent,KeyEvent,WindowEvent,AdjustmentEvent,D,,medium,web:Examveda.com https://www.examveda.com/java-program/practice-mcq-question-on-event-handling-in-java/?page=6,
Java,event handling in java,Which of these events is generated when the size of an event is changed?,ComponentEvent,ContainerEvent,FocusEvent,InputEvent,A,,medium,web:Examveda.com https://www.examveda.com/java-program/practice-mcq-question-on-event-handling-in-java/?page=6,
Java,event handling in java,Which of these methods can be used to determine the type of event?,getID(),getSource(),getEvent(),getEventObject(),A,,medium,web:Examveda.com https://www.examveda.com/java-program/practice-mcq-question-on-event-handling-in-java/?page=6,
Java,event handling in java,Which of these methods can be used to change location of an event?,ChangePoint(),TranslatePoint(),ChangeCordinates(),TranslateCordinates(),B,,medium,web:Examveda.com https://www.examveda.com/java-program/practice-mcq-question-on-event-handling-in-java/?page=6,
Java,event handling in java,Which of these events is generated when computer gains or loses input focus?,ComponentEvent,ContainerEvent,FocusEvent,InputEvent,C,,medium,web:Examveda.com https://www.examveda.com/java-program/practice-mcq-question-on-event-handling-in-java/?page=6,
Java,event handling in java,Which of these methods is used to get x coordinate of the mouse?,getX(),getXCoordinate(),getCoordinateX(),getPointX(),A,,medium,web:Examveda.com https://www.examveda.com/java-program/practice-mcq-question-on-event-handling-in-java/?page=6,
Java,event handling in java,Which of these interfaces handles the event when a component is added to a container?,ComponentListener,ContainerListener,FocusListener,InputListener,B,,medium,web:Examveda.com https://www.examveda.com/java-program/practice-mcq-question-on-event-handling-in-java/?page=6,
Java,event handling in java,Which of these methods can be used to obtain the command name for invoking ActionEvent object?,getCommand(),getActionCommand(),getActionEvent(),getActionEventCommand(),B,,medium,web:Examveda.com https://www.examveda.com/java-program/practice-mcq-question-on-event-handling-in-java/?page=7,
Java,event handling in java,Which of these methods can be used to get reference to a component that was removed from a container?,getComponent(),getchild(),getContainerComponent(),getComponentChild(),B,,medium,web:Examveda.com https://www.examveda.com/java-program/practice-mcq-question-on-event-handling-in-java/?page=7,
Java,event handling in java,Which of these are integer constants defined in ActionEvent class?,ALT_MASK,CTRL_MASK,SHIFT_MASK,All of the mentioned,D,,medium,web:Examveda.com https://www.examveda.com/java-program/practice-mcq-question-on-event-handling-in-java/?page=7,
Java,event handling in java,Which of these interfaces define four methods?,ComponentListener,ContainerListener,ActionListener,InputListener,A,,medium,web:Examveda.com https://www.examveda.com/java-program/practice-mcq-question-on-event-handling-in-java/?page=7,
Java,event handling in java,FocusEvent is subclass of which of these classes?,ComponentEvent,ContainerEvent,ItemEvent,InputEvent,A,,medium,web:Examveda.com https://www.examveda.com/java-program/practice-mcq-question-on-event-handling-in-java/?page=7,
Java,event handling in java,Which of these methods are used to register a keyboard event listener?,KeyListener(),addKistener(),addKeyListener(),eventKeyboardListener(),C,,medium,web:Examveda.com https://www.examveda.com/java-program/practice-mcq-question-on-event-handling-in-java/?page=7,
Java,event handling in java,Which of these is a superclass of all Adapter classes?,Applet,ComponentEvent,Event,InputEvent,A,,medium,web:Examveda.com https://www.examveda.com/java-program/practice-mcq-question-on-event-handling-in-java/?page=7,
Java,event handling in java,Which of these events is generated when the component is added or removed?,ComponentEvent,ContainerEvent,FocusEvent,InputEvent,B,,medium,web:Examveda.com https://www.examveda.com/java-program/practice-mcq-question-on-event-handling-in-java/?page=7,
Java,event handling in java,Which of these methods is used to obtain the object that generated a WindowEvent?,getMethod(),getWindow(),getWindowEvent(),getWindowObject(),B,,medium,web:Examveda.com https://www.examveda.com/java-program/practice-mcq-question-on-event-handling-in-java/?page=7,
Java,event handling in java,Which of these interfaces define a method actionPerformed()?,ComponentListener,ContainerListener,ActionListener,InputListener,C,,medium,web:Examveda.com https://www.examveda.com/java-program/practice-mcq-question-on-event-handling-in-java/?page=7,
Java,event handling in java,Which of these methods can be used to obtain the coordinates of a mouse?,getPoint(),getCoordinates(),getMouseXY(),getMouseCordinates(),A,,medium,web:Examveda.com https://www.examveda.com/java-program/practice-mcq-question-on-event-handling-in-java/?page=8,
Java,event handling in java,Which of these methods can be used to obtain the reference to the container that generated a ContainerEvent?,getContainer(),getContainerCommand(),getActionEvent(),getContainerEvent(),D,,medium,web:Examveda.com https://www.examveda.com/java-program/practice-mcq-question-on-event-handling-in-java/?page=8,
Java,event handling in java,Which of these events will be notified if scroll bar is manipulated?,ActionEvent,ComponentEvent,AdjustmentEvent,WindowEvent,C,,medium,web:Examveda.com https://www.examveda.com/java-program/practice-mcq-question-on-event-handling-in-java/?page=8,
Java,event handling in java,Which of these methods will respond when you click any button by mouse?,mouseClicked(),mouseEntered(),mousePressed(),all of the mentioned,D,,medium,web:Examveda.com https://www.examveda.com/java-program/practice-mcq-question-on-event-handling-in-java/?page=8,
Java,event handling in java,Which of these class is super class of all the events?,EventObject,EventClass,ActionEvent,ItemEvent,A,,medium,web:Examveda.com https://www.examveda.com/java-program/practice-mcq-question-on-event-handling-in-java/?page=8,
Java,collections framework in java,What is the purpose of the Java Collections Framework?,To provide a unified architecture for representing and manipulating collections,To provide a way to create arrays,To define primitive data types,To handle exceptions,A,,medium,web:Examveda.com https://www.examveda.com/java-program/practice-mcq-question-on-collections-framework-in-java/,
Java,collections framework in java,Which interface in the Java Collections Framework represents an ordered collection of elements that can contain duplicate values?,`Collection`,`Map`,`Set`,`List`,D,,medium,web:Examveda.com https://www.examveda.com/java-program/practice-mcq-question-on-collections-framework-in-java/,
Java,collections framework in java,What is the primary difference between a `List` and a `Set` in the Java Collections Framework?,"A `Set` allows duplicate elements, while a `List` does not","A `List` is unmodifiable, while a `Set` is modifiable","A `List` allows duplicate elements, while a `Set` does not","A `Set` is indexed, while a `List` is not",C,,medium,web:Examveda.com https://www.examveda.com/java-program/practice-mcq-question-on-collections-framework-in-java/,
Java,collections framework in java,Which class is typically used to implement a `List` in the Java Collections Framework?,`HashMap`,`ArrayList`,`LinkedList`,None of These,B,,medium,web:Examveda.com https://www.examveda.com/java-program/practice-mcq-question-on-collections-framework-in-java/,
Java,collections framework in java,"In the Java Collections Framework, which interface extends the `List` interface to provide more efficient insertions and deletions in the middle of the list?",`Map`,`Set`,`Deque`,`Queue`,C,,medium,web:Examveda.com https://www.examveda.com/java-program/practice-mcq-question-on-collections-framework-in-java/,
Java,collections framework in java,What is the purpose of the `Map` interface in the Java Collections Framework?,To store a collection of objects,To provide a stack data structure,To store unique elements,To store key-value pairs,D,,medium,web:Examveda.com https://www.examveda.com/java-program/practice-mcq-question-on-collections-framework-in-java/,
Java,collections framework in java,Which class is typically used to implement a `Map` in the Java Collections Framework?,`HashMap`,`ArrayList`,`HashSet`,`LinkedList`,A,,medium,web:Examveda.com https://www.examveda.com/java-program/practice-mcq-question-on-collections-framework-in-java/,
Java,collections framework in java,What is the primary difference between a `HashMap` and a `TreeMap` in the Java Collections Framework?,A `TreeMap` uses a linked list to store elements,"A `HashMap` is synchronized, while a `TreeMap` is not","A `TreeMap` allows duplicate keys, while a `HashMap` does not","A `HashMap` does not maintain order, while a `TreeMap` does",D,,medium,web:Examveda.com https://www.examveda.com/java-program/practice-mcq-question-on-collections-framework-in-java/,
Java,collections framework in java,"In the Java Collections Framework, which interface represents a collection of unique elements with no duplicates?",`List`,`Map`,`Set`,`Collection`,C,,medium,web:Examveda.com https://www.examveda.com/java-program/practice-mcq-question-on-collections-framework-in-java/,
Java,collections framework in java,Which class is typically used to implement a `Set` in the Java Collections Framework?,`HashMap`,`HashSet`,`LinkedList`,None of These,B,,medium,web:Examveda.com https://www.examveda.com/java-program/practice-mcq-question-on-collections-framework-in-java/,
Java,collections framework in java,What is the primary difference between a `HashSet` and a `LinkedHashSet` in the Java Collections Framework?,A `HashSet` uses a tree structure to store elements,"A `LinkedHashSet` is synchronized, while a `HashSet` is not","A `LinkedHashSet` maintains insertion order, while a `HashSet` does not","A `HashSet` allows duplicate elements, while a `LinkedHashSet` does not",C,,medium,web:Examveda.com https://www.examveda.com/java-program/practice-mcq-question-on-collections-framework-in-java/?page=2,
Java,collections framework in java,Which interface in the Java Collections Framework represents a collection of elements with no specific order?,`List`,`Map`,`Collection`,`Set`,D,,medium,web:Examveda.com https://www.examveda.com/java-program/practice-mcq-question-on-collections-framework-in-java/?page=2,
Java,collections framework in java,What is the primary difference between a `Queue` and a `Deque` in the Java Collections Framework?,"A `Queue` represents a single-ended queue, while a `Deque` represents a double-ended queue","A `Queue` allows duplicate elements, while a `Deque` does not","A `Deque` is synchronized, while a `Queue` is not","A `Queue` is indexed, while a `Deque` is not",A,,medium,web:Examveda.com https://www.examveda.com/java-program/practice-mcq-question-on-collections-framework-in-java/?page=2,
Java,collections framework in java,Which class is typically used to implement a `Deque` in the Java Collections Framework?,`LinkedList`,`HashMap`,`HashSet`,`ArrayDeque`,D,,medium,web:Examveda.com https://www.examveda.com/java-program/practice-mcq-question-on-collections-framework-in-java/?page=2,
Java,collections framework in java,"In the Java Collections Framework, which class allows you to create a synchronized (thread-safe) collection?",`ArrayList`,`HashMap`,`Collections`,`HashSet`,C,,medium,web:Examveda.com https://www.examveda.com/java-program/practice-mcq-question-on-collections-framework-in-java/?page=2,
Java,collections framework in java,Which interface in the Java Collections Framework extends the `Set` interface and represents a collection of elements stored in a sorted order?,`Map`,`SortedSet`,`Queue`,None of These,B,,medium,web:Examveda.com https://www.examveda.com/java-program/practice-mcq-question-on-collections-framework-in-java/?page=2,
Java,collections framework in java,What is the purpose of the `Comparator` interface in Java Collections Framework?,It represents a generic collection,It provides methods for hashing elements,It defines a comparison function for ordering elements,It represents a synchronized collection,C,,medium,web:Examveda.com https://www.examveda.com/java-program/practice-mcq-question-on-collections-framework-in-java/?page=2,
Java,collections framework in java,Which class is typically used to implement a `SortedSet` in the Java Collections Framework?,`HashSet`,`LinkedHashSet`,`ArrayList`,`TreeSet`,D,,medium,web:Examveda.com https://www.examveda.com/java-program/practice-mcq-question-on-collections-framework-in-java/?page=2,
Java,collections framework in java,"In the Java Collections Framework, which interface represents a last-in, first-out (LIFO) stack of elements?",`Stack`,`Queue`,`List`,`Deque`,A,,medium,web:Examveda.com https://www.examveda.com/java-program/practice-mcq-question-on-collections-framework-in-java/?page=2,
Java,collections framework in java,What is the primary difference between a `Stack` and a `Queue` in the Java Collections Framework?,"A `Queue` allows duplicate elements, while a `Stack` does not","A `Stack` allows duplicate elements, while a `Queue` does not","A `Queue` uses a LIFO order, while a `Stack` uses a FIFO order","A `Stack` uses a LIFO (Last-In-First-Out) order, while a `Queue` uses a FIFO (First-In-First-Out) order",D,,medium,web:Examveda.com https://www.examveda.com/java-program/practice-mcq-question-on-collections-framework-in-java/?page=2,
Java,collections framework in java,"In Java, which method is used to add an element to a collection in the Java Collections Framework?",`insert()`,`put()`,`add()`,`append()`,C,,medium,web:Examveda.com https://www.examveda.com/java-program/practice-mcq-question-on-collections-framework-in-java/?page=3,
Java,collections framework in java,What is the purpose of the `toArray()` method in the Java Collections Framework?,It sorts the collection,It converts a collection to an array,It reverses the collection,None of These,B,,medium,web:Examveda.com https://www.examveda.com/java-program/practice-mcq-question-on-collections-framework-in-java/?page=3,
Java,collections framework in java,"In the Java Collections Framework, which class provides methods to manipulate the size of a list and its elements?",`Set`,`ArrayList`,`Collections`,`List`,C,,medium,web:Examveda.com https://www.examveda.com/java-program/practice-mcq-question-on-collections-framework-in-java/?page=3,
Java,collections framework in java,What is the purpose of the `Iterator` interface in the Java Collections Framework?,It defines a comparison function for ordering elements,It represents a synchronized collection,It provides methods for hashing elements,It provides a way to iterate over a collection's elements,D,,medium,web:Examveda.com https://www.examveda.com/java-program/practice-mcq-question-on-collections-framework-in-java/?page=3,
Java,collections framework in java,Which method is used to remove all elements from a collection in the Java Collections Framework?,`clear()`,`removeAll()`,`erase()`,`purge()`,A,,medium,web:Examveda.com https://www.examveda.com/java-program/practice-mcq-question-on-collections-framework-in-java/?page=3,
Java,collections framework in java,What is the purpose of the `Map.Entry` interface in the Java Collections Framework?,It provides methods for hashing elements,It represents a synchronized collection,It defines a comparison function for ordering elements,It represents a key-value pair in a map,D,,medium,web:Examveda.com https://www.examveda.com/java-program/practice-mcq-question-on-collections-framework-in-java/?page=3,
Java,collections framework in java,"In the Java Collections Framework, which method is used to obtain a synchronized (thread-safe) version of a collection?",`synchronize()`,`synchronizedList()`,`Collections.synchronizedCollection()`,`makeSynchronized()`,C,,medium,web:Examveda.com https://www.examveda.com/java-program/practice-mcq-question-on-collections-framework-in-java/?page=3,
Java,collections framework in java,"In Java, which method is used to obtain a synchronized (thread-safe) map from an existing map in the Java Collections Framework?",`makeSynchronizedMap()`,`synchronized()`,`Collections.synchronizedMap()`,`synchronizeMap()`,C,,medium,web:Examveda.com https://www.examveda.com/java-program/practice-mcq-question-on-collections-framework-in-java/?page=3,
Java,collections framework in java,What is the purpose of the `Collections.reverse()` method in the Java Collections Framework?,It removes all elements from a list,It sorts a list in ascending order,It adds elements to a list,It reverses the order of elements in a list,D,,medium,web:Examveda.com https://www.examveda.com/java-program/practice-mcq-question-on-collections-framework-in-java/?page=3,
Java,collections framework in java,"What will be the output of the following Java code snippet? 
import java.util.*;
class Linkedlist 
{
 public static void main(String args[]) 
 {
 LinkedList obj = new LinkedList();
 obj.add(""A"");
 obj.add(""B"");
 obj.add(""C"");
 obj.addFirst(""D"");
 System.out.println(obj);
 }
}","[A, B, C]","[D, B, C]","[A, B, C, D]","[D, A, B, C]",D,,medium,web:Examveda.com https://www.examveda.com/java-program/practice-mcq-question-on-collections-framework-in-java/?page=4,
Java,collections framework in java,What is Collection in Java?,A group of objects,A group of classes,A group of interfaces,None of the mentioned,A,,medium,web:Examveda.com https://www.examveda.com/java-program/practice-mcq-question-on-collections-framework-in-java/?page=4,
Java,collections framework in java,Which of these methods can convert an object into a List?,SetList(),ConvertList(),singletonList(),CopyList(),C,,medium,web:Examveda.com https://www.examveda.com/java-program/practice-mcq-question-on-collections-framework-in-java/?page=4,
Java,collections framework in java,"What will be the output of the following Java program? 
import java.util.*;
class Maps 
{
 public static void main(String args[]) 
 {
 HashMap obj = new HashMap();
 obj.put(""A"", new Integer(1));
 obj.put(""B"", new Integer(2));
 obj.put(""C"", new Integer(3));
 System.out.println(obj.get(""B""));
 }
}",1,2,3,null,B,,medium,web:Examveda.com https://www.examveda.com/java-program/practice-mcq-question-on-collections-framework-in-java/?page=4,
Java,collections framework in java,What is the premise of equality for IdentityHashMap?,Reference equality,Name equality,Hashcode equality,Length equality,A,,medium,web:Examveda.com https://www.examveda.com/java-program/practice-mcq-question-on-collections-framework-in-java/?page=4,
Java,collections framework in java,Which of these is static variable defined in Collections?,EMPTY_SET,EMPTY_LIST,EMPTY_MAP,All of the mentioned,D,,medium,web:Examveda.com https://www.examveda.com/java-program/practice-mcq-question-on-collections-framework-in-java/?page=4,
Java,collections framework in java,"What will be the output of the following Java program? 
import java.util.*;
class Collection_Algos 
{
 public static void main(String args[]) 
 {
 LinkedList list = new LinkedList();
 list.add(new Integer(2));
 list.add(new Integer(8));
 list.add(new Integer(5));
 list.add(new Integer(1));
 Iterator i = list.iterator();
 Collections.reverse(list);
 Collections.sort(list);
 while(i.hasNext())
 System.out.print(i.next() + "" "");
 }
}",2 8 5 1,1 5 8 2,1 2 5 8,2 1 8 5,C,,medium,web:Examveda.com https://www.examveda.com/java-program/practice-mcq-question-on-collections-framework-in-java/?page=4,
Java,collections framework in java,What is the difference between Queue and Stack?,Stack is LIFO; Queue is FIFO,Queue is LIFO; Stack is FIFO,Stack and Queue is FIFO,Stack and Queue is LIFO,A,,medium,web:Examveda.com https://www.examveda.com/java-program/practice-mcq-question-on-collections-framework-in-java/?page=4,
Java,collections framework in java,"What will be the output of the following Java code? 
import java.util.*;
class Bitset
{
 public static void main(String args[])
 {
 BitSet obj1 = new BitSet(5);
 BitSet obj2 = new BitSet(10);
 for (int i = 0; i","{0, 1}","{2, 4}","{3, 4}","{3, 4, 5}",C,,medium,web:Examveda.com https://www.examveda.com/java-program/practice-mcq-question-on-collections-framework-in-java/?page=5,
Java,collections framework in java,What are the use of front and rear pointers in CircularQueue implementation?,Front pointer points to first element; rear pointer points to the last element,Rear pointer points to first element; front pointer points to the last element,Front and read pointers point to the first element,Front pointer points to the first element; rear pointer points to null object,C,,medium,web:Examveda.com https://www.examveda.com/java-program/practice-mcq-question-on-collections-framework-in-java/?page=5,
Java,collections framework in java,Which of the below is not a subinterface of Queue?,BlockingQueue,BlockingEnque,TransferQueue,None of These,B,,medium,web:Examveda.com https://www.examveda.com/java-program/practice-mcq-question-on-collections-framework-in-java/?page=5,
Java,collections framework in java,How to sort elements of ArrayList?,Collection.sort(listObj);,Collections.sort(listObj);,listObj.sort();,Sorter.sortAsc(listObj);,B,,medium,web:Examveda.com https://www.examveda.com/java-program/practice-mcq-question-on-collections-framework-in-java/?page=5,
Java,collections framework in java,Which of these packages contain all the collection classes?,java.lang,java.util,java.net,java.awt,B,,medium,web:Examveda.com https://www.examveda.com/java-program/practice-mcq-question-on-collections-framework-in-java/?page=5,
Java,collections framework in java,Which of these methods can be used to obtain set of all keys in a map?,getAll(),getKeys(),keyall(),keySet(),D,,medium,web:Examveda.com https://www.examveda.com/java-program/practice-mcq-question-on-collections-framework-in-java/?page=5,
Java,collections framework in java,Which of these methods are member of Remote class?,checkIP(),addLocation(),AddServer(),None of the mentioned,D,,medium,web:Examveda.com https://www.examveda.com/java-program/practice-mcq-question-on-collections-framework-in-java/?page=5,
Java,collections framework in java,Which of these method Map class is used to obtain an element in the map having specified key?,search(),get(),set(),look(),B,,medium,web:Examveda.com https://www.examveda.com/java-program/practice-mcq-question-on-collections-framework-in-java/?page=5,
Java,collections framework in java,What is the name of a data member of class Vector which is used to store a number of elements in the vector?,length,elements,elementCount,capacity,C,,medium,web:Examveda.com https://www.examveda.com/java-program/practice-mcq-question-on-collections-framework-in-java/?page=5,
Java,collections framework in java,"What will be the output of the following Java program? 
import java.util.*;
class Maps 
{
 public static void main(String args[]) 
 {
 HashMap obj = new HashMap();
 obj.put(""A"", new Integer(1));
 obj.put(""B"", new Integer(2));
 obj.put(""C"", new Integer(3));
 System.out.println(obj.keySet());
 }
}","[A, B, C]","{A, B, C}","{1, 2, 3}","[1, 2, 3]",A,,medium,web:Examveda.com https://www.examveda.com/java-program/practice-mcq-question-on-collections-framework-in-java/?page=6,
Java,collections framework in java,"What will be the output of the following Java code? 
import java.util.*;
class date
{
 public static void main(String args[])
 {
 Date obj = new Date();
 System.out.print(obj);
 }
}",Prints Present Date,Runtime Error,Any Garbage Value,Prints Present Time & Date,D,,medium,web:Examveda.com https://www.examveda.com/java-program/practice-mcq-question-on-collections-framework-in-java/?page=6,
Java,collections framework in java,What is the worst case complexity of accessing an element in ArrayList?,O(n),O(1),O(nlogn),O(2),B,,medium,web:Examveda.com https://www.examveda.com/java-program/practice-mcq-question-on-collections-framework-in-java/?page=6,
Java,collections framework in java,"What is the length of the application box made in the following Java program? 
import java.awt.*;
import java.applet.*;
public class myapplet extends Applet 
{
 Graphic g;
 g.drawString(""A Simple Applet"",20,20); 
}",20,Default value,Compilation Error,Runtime Error,C,,medium,web:Examveda.com https://www.examveda.com/java-program/practice-mcq-question-on-collections-framework-in-java/?page=6,
Java,collections framework in java,"If large number of items are stored in hash bucket, what happens to the internal structure?",The bucket will switch from LinkedList to BalancedTree,The bucket will increase its size by a factor of load size defined,The LinkedList will be replaced by another hashmap,Any further addition throws Overflow exception,A,,medium,web:Examveda.com https://www.examveda.com/java-program/practice-mcq-question-on-collections-framework-in-java/?page=6,
Java,collections framework in java,Which of these standard collection classes implements a dynamic array?,AbstractList,LinkedList,ArrayList,AbstractSet,C,,medium,web:Examveda.com https://www.examveda.com/java-program/practice-mcq-question-on-collections-framework-in-java/?page=6,
Java,collections framework in java,What is the default clone of HashSet?,Deep clone,Shallow clone,Plain clone,Hollow clone,B,,medium,web:Examveda.com https://www.examveda.com/java-program/practice-mcq-question-on-collections-framework-in-java/?page=6,
Java,collections framework in java,What is the correct method used to insert and delete items from the queue?,push and pop,enqueue and dequeue,enqueue and peek,add and remove,B,,medium,web:Examveda.com https://www.examveda.com/java-program/practice-mcq-question-on-collections-framework-in-java/?page=6,
Java,collections framework in java,Which of these standard collection classes implements all the standard functions on list data structure?,Array,LinkedList,HashSet,AbstractSet,A,,medium,web:Examveda.com https://www.examveda.com/java-program/practice-mcq-question-on-collections-framework-in-java/?page=6,
Java,collections framework in java,What happens if two threads simultaneously modify TreeSet?,ConcurrentModificationException is thrown,Both threads can perform action successfully,FailFastException is thrown,IteratorModificationException is thrown,A,,medium,web:Examveda.com https://www.examveda.com/java-program/practice-mcq-question-on-collections-framework-in-java/?page=6,
Java,collections framework in java,What is the remaining capacity of BlockingQueue whose intrinsic capacity is not defined?,Integer.MAX_VALUE,BigDecimal.MAX_VALUE,99999999,Integer.INFINITY,A,,medium,web:Examveda.com https://www.examveda.com/java-program/practice-mcq-question-on-collections-framework-in-java/?page=7,
Java,collections framework in java,"What will be the output of the following Java code snippet? 
public class Test 
{
 public static void main(String[] args) 
 {
 Set s = new HashSet();
 s.add(new Long(10));
 s.add(new Integer(10));
 for(Object object : s)
 {
 System.out.println(""test - ""+object);
 }
 }
}","Test - 10 
Test - 10",Test - 10,Runtime Exception,Compilation Failure,A,,medium,web:Examveda.com https://www.examveda.com/java-program/practice-mcq-question-on-collections-framework-in-java/?page=7,
Java,collections framework in java,Where does a new element be inserted in linked list implementation of a queue?,Head of list,Tail of list,At the centre of list,All the old entries are pushed and then the new element is inserted,B,,medium,web:Examveda.com https://www.examveda.com/java-program/practice-mcq-question-on-collections-framework-in-java/?page=7,
Java,collections framework in java,Which class provides thread safe implementation of List?,ArrayList,CopyOnWriteArrayList,HashList,List,B,,medium,web:Examveda.com https://www.examveda.com/java-program/practice-mcq-question-on-collections-framework-in-java/?page=7,
Java,collections framework in java,Which of these is the interface of legacy?,Map,Enumeration,HashMap,Hashtable,B,,medium,web:Examveda.com https://www.examveda.com/java-program/practice-mcq-question-on-collections-framework-in-java/?page=7,
Java,collections framework in java,"While finding the correct location for saving key value pair, how many times the key is hashed?",1,2,3,unlimited till bucket is found,B,,medium,web:Examveda.com https://www.examveda.com/java-program/practice-mcq-question-on-collections-framework-in-java/?page=7,
Java,collections framework in java,Which of these package is used for all the text related modifications?,java.text,java.awt,java.lang.text,java.text.modify,A,,medium,web:Examveda.com https://www.examveda.com/java-program/practice-mcq-question-on-collections-framework-in-java/?page=7,
Java,collections framework in java,Which of these is a Basic interface that all other interface inherits?,Set,Array,List,Collection,D,,medium,web:Examveda.com https://www.examveda.com/java-program/practice-mcq-question-on-collections-framework-in-java/?page=7,
Java,collections framework in java,"What will be the output of the following Java code? 
import java.util.*;
class hashtable 
{
 public static void main(String args[]) 
 {
 Hashtable obj = new Hashtable();
 obj.put(""A"", new Integer(3));
 obj.put(""B"", new Integer(2));
 obj.put(""C"", new Integer(8));
 System.out.print(obj.contains(new Integer(5)));
 }
}",0,1,true,false,D,,medium,web:Examveda.com https://www.examveda.com/java-program/practice-mcq-question-on-collections-framework-in-java/?page=7,
Java,collections framework in java,Which of the below is not an implementation of List interface?,RoleUnresolvedList,Stack,AttibuteList,SessionList,D,,medium,web:Examveda.com https://www.examveda.com/java-program/practice-mcq-question-on-collections-framework-in-java/?page=7,
Java,collections framework in java,Which of these is a method of ListIterator used to obtain index of previous element?,previous(),previousIndex(),back(),goBack(),B,,medium,web:Examveda.com https://www.examveda.com/java-program/practice-mcq-question-on-collections-framework-in-java/?page=8,
Java,collections framework in java,"What will be the output of the following Java program? 
import java.util.*;
class Arraylist 
{
 public static void main(String args[]) 
 {
 ArrayList obj = new ArrayList();
 obj.add(""A"");
 obj.add(""B"");
 obj.add(""C"");
 obj.add(1, ""D"");
 System.out.println(obj);
 }
}","[A, B, C, D]","[A, D, B, C]","[A, D, C]","[A, B, C]",B,,medium,web:Examveda.com https://www.examveda.com/java-program/practice-mcq-question-on-collections-framework-in-java/?page=8,
Java,collections framework in java,"What will be the output of the following Java program? 
import java.util.*;
class Maps 
{
 public static void main(String args[]) 
 {
 TreeMap obj = new TreeMap();
 obj.put(""A"", new Integer(1));
 obj.put(""B"", new Integer(2));
 obj.put(""C"", new Integer(3));
 System.out.println(obj.entrySet());
 }
}","[A, B, C]","[1, 2, 3]","{A=1, B=2, C=3}","[A=1, B=2, C=3]",D,,medium,web:Examveda.com https://www.examveda.com/java-program/practice-mcq-question-on-collections-framework-in-java/?page=8,
Java,collections framework in java,Which of these method is used to calculate number of bits required to hold the BitSet object?,size(),length(),indexes(),numberofBits(),B,,medium,web:Examveda.com https://www.examveda.com/java-program/practice-mcq-question-on-collections-framework-in-java/?page=8,
Java,collections framework in java,Which of these Exceptions is thrown by remote method?,RemoteException,InputOutputException,RemoteAccessException,RemoteInputOutputException,A,,medium,web:Examveda.com https://www.examveda.com/java-program/practice-mcq-question-on-collections-framework-in-java/?page=8,
Java,collections framework in java,Which of these class object has an architecture similar to that of array?,Bitset,Map,Hashtable,All of the mentioned,A,,medium,web:Examveda.com https://www.examveda.com/java-program/practice-mcq-question-on-collections-framework-in-java/?page=8,
Java,collections framework in java,Which of these method of Array class is used sort an array or its subset?,binarysort(),bubblesort(),sort(),insert(),C,,medium,web:Examveda.com https://www.examveda.com/java-program/practice-mcq-question-on-collections-framework-in-java/?page=8,
Java,collections framework in java,"What will be the output of the following Java code? 
import java.util.*;
class hashtable 
{
 public static void main(String args[]) 
 {
 Hashtable obj = new Hashtable();
 obj.put(""A"", new Integer(3));
 obj.put(""B"", new Integer(2));
 obj.put(""C"", new Integer(8));
 System.out.print(obj.toString());
 }
}","{C=8, B=2}","[C=8, B=2]","{A=3, C=8, B=2}","[A=3, C=8, B=2]",C,,medium,web:Examveda.com https://www.examveda.com/java-program/practice-mcq-question-on-collections-framework-in-java/?page=8,
Java,collections framework in java,Which of these is the interface of legacy is implemented by Hashtable and Dictionary classes?,Map,Enumeration,HashMap,Hashtable,A,,medium,web:Examveda.com https://www.examveda.com/java-program/practice-mcq-question-on-collections-framework-in-java/?page=8,
Java,collections framework in java,Which of these class is used for creating a client for a server-client operations?,serverClientjava,Client.java,AddClient.java,ServerClient.java,C,,medium,web:Examveda.com https://www.examveda.com/java-program/practice-mcq-question-on-collections-framework-in-java/?page=9,
Java,collections framework in java,"What will be the output of the following Java program? 
import java.util.*;
class Array
{
 public static void main(String args[]) 
 {
 int array[] = new int [5];
 for (int i = 5; i > 0; i--)
 array[5 - i] = i;
 Arrays.sort(array);
 for (int i = 0; i",12345,54321,1234,5432,A,,medium,web:Examveda.com https://www.examveda.com/java-program/practice-mcq-question-on-collections-framework-in-java/?page=9,
Java,collections framework in java,What is the unique feature of LinkedHashSet?,It is not a valid class,It maintains the insertion order and guarantees uniqueness,It provides a way to store key values with uniqueness,The elements in the collection are linked to each other,B,,medium,web:Examveda.com https://www.examveda.com/java-program/practice-mcq-question-on-collections-framework-in-java/?page=9,
Java,collections framework in java,"What will be the output of the following Java program? 
import java.util.*;
class Arraylist 
{
 public static void main(String args[])
 {
 ArrayList obj1 = new ArrayList();
 ArrayList obj2 = new ArrayList();
 obj1.add(""A"");
 obj1.add(""B"");
 obj2.add(""A"");
 obj2.add(1, ""B"");
 System.out.println(obj1.equals(obj2));
 }
}",0,1,true,false,C,,medium,web:Examveda.com https://www.examveda.com/java-program/practice-mcq-question-on-collections-framework-in-java/?page=9,
Java,collections framework in java,"What will be the output of the following Java program? 
import java.util.*;
class Maps 
{
 public static void main(String args[]) 
 {
 HashMap obj = new HashMap();
 obj.put(""A"", new Integer(1));
 obj.put(""B"", new Integer(2));
 obj.put(""C"", new Integer(3));
 System.out.println(obj);
 }
}","{A 1, B 1, C 1}","{A, B, C}","{A-1, B-1, C-1}","{A=1, B=2, C=3}",D,,medium,web:Examveda.com https://www.examveda.com/java-program/practice-mcq-question-on-collections-framework-in-java/?page=9,
Java,collections framework in java,Which of these class object uses the key to store value?,Dictionary,Map,Hashtable,All of the mentioned,D,,medium,web:Examveda.com https://www.examveda.com/java-program/practice-mcq-question-on-collections-framework-in-java/?page=9,
Java,collections framework in java,Which of these class object can be used to form a dynamic array?,ArrayList,Map,Vector,ArrayList & Vector,D,,medium,web:Examveda.com https://www.examveda.com/java-program/practice-mcq-question-on-collections-framework-in-java/?page=9,
Java,collections framework in java,"What will be the output of the following Java program? 
import java.util.*;
class Collection_Algos 
{
 public static void main(String args[]) 
 {
 LinkedList list = new LinkedList();
 list.add(new Integer(2));
 list.add(new Integer(8));
 list.add(new Integer(5));
 list.add(new Integer(1));
 Iterator i = list.iterator();
 Collections.reverse(list);
 while(i.hasNext())
 System.out.print(i.next() + "" "");
 }
}",2 8 5 1,1 5 8 2,2,2 1 8 5,B,,medium,web:Examveda.com https://www.examveda.com/java-program/practice-mcq-question-on-collections-framework-in-java/?page=9,
Java,collections framework in java,"What will be the output of the following Java code? 
import java.util.*;
class vector 
{
 public static void main(String args[]) 
 {
 Vector obj = new Vector(4,2);
 obj.addElement(new Integer(3));
 obj.addElement(new Integer(2));
 obj.addElement(new Integer(5));
 System.out.println(obj.elementAt(1));
 }
}",0,3,2,5,C,,medium,web:Examveda.com https://www.examveda.com/java-program/practice-mcq-question-on-collections-framework-in-java/?page=9,
Java,collections framework in java,"What will be the output of the following Java code? 
import java.util.*;
class stack 
{
 public static void main(String args[]) 
 {
 Stack obj = new Stack();
 obj.push(new Integer(3));
 obj.push(new Integer(2));
 obj.pop();
 obj.push(new Integer(5));
 System.out.println(obj);
 }
}","[3, 5]","[3, 2]","[3, 2, 5]","[3, 5, 2]",A,,medium,web:Examveda.com https://www.examveda.com/java-program/practice-mcq-question-on-collections-framework-in-java/?page=9,
Java,collections framework in java,Which of these methods can randomize all elements in a list?,rand(),randomize(),shuffle(),ambiguous(),C,,medium,web:Examveda.com https://www.examveda.com/java-program/practice-mcq-question-on-collections-framework-in-java/?page=10,
Java,collections framework in java,"If two threads access the same hashmap at the same time, what would happen?",ConcurrentModificationException,NullPointerException,ClassNotFoundException,RuntimeException,A,,medium,web:Examveda.com https://www.examveda.com/java-program/practice-mcq-question-on-collections-framework-in-java/?page=10,
Java,collections framework in java,Which of these methods can be used to obtain a static array from an ArrayList object?,Array(),covertArray(),toArray(),covertoArray(),C,,medium,web:Examveda.com https://www.examveda.com/java-program/practice-mcq-question-on-collections-framework-in-java/?page=10,
Java,collections framework in java,Which of these method is used to insert value and its key?,put(),set(),insertElement(),addElement(),A,,medium,web:Examveda.com https://www.examveda.com/java-program/practice-mcq-question-on-collections-framework-in-java/?page=10,
Java,collections framework in java,Which of these method is used to remove all keys/values pair from the invoking map?,delete(),remove(),clear(),removeAll(),B,,medium,web:Examveda.com https://www.examveda.com/java-program/practice-mcq-question-on-collections-framework-in-java/?page=10,
Java,collections framework in java,"What will be the output of the following Java program? 
import java.util.*;
class Collection_iterators 
{
 public static void main(String args[]) 
 {
 ListIterator a = list.listIterator();
 if(a.previousIndex()! = -1)
 while(a.hasNext())
 System.out.print(a.next() + "" "");
 else
 System.out.print(""EMPTY"");
 }
}",0,1,-1,EMPTY,D,,medium,web:Examveda.com https://www.examveda.com/java-program/practice-mcq-question-on-collections-framework-in-java/?page=10,
Java,collections framework in java,"What will be the output of the following Java program? 
import java.lang.reflect.*;
class Additional_packages
{ 
 public static void main(String args[])
 {
 try
 {
 Class c = Class.forName(""java.awt.Dimension"");
 Method methods[] = c.getMethods();
 for (int i = 0; i",Program prints all the constructors of 'java.awt.Dimension' package,Program prints all the methods of 'java.awt.Dimension' package,Program prints all the data members of 'java.awt.Dimension' package,program prints all the methods and data member of 'java.awt.Dimension' package,B,,medium,web:Examveda.com https://www.examveda.com/java-program/practice-mcq-question-on-collections-framework-in-java/?page=10,
Java,collections framework in java,What happens if we put a key object in a HashMap which exists?,The new object replaces the older object,The new object is discarded,The old object is removed from the map,It throws an exception as the key already exists in the map,A,,medium,web:Examveda.com https://www.examveda.com/java-program/practice-mcq-question-on-collections-framework-in-java/?page=10,
Java,collections framework in java,Which of these interface handle sequences?,Set,List,Comparator,Collection,B,,medium,web:Examveda.com https://www.examveda.com/java-program/practice-mcq-question-on-collections-framework-in-java/?page=10,
Java,collections framework in java,How to externally synchronize hashmap?,HashMap.synchronize(HashMap a);,"HashMap a = new HashMap(); 
a.synchronize();","Collections.synchronizedMap(new HashMap<String, String>());","Collections.synchronize(new HashMap<String, String>());",C,,medium,web:Examveda.com https://www.examveda.com/java-program/practice-mcq-question-on-collections-framework-in-java/?page=10,
Java,java serialization and networking,What is Java Serialization?,The process of converting an object into a byte stream,The process of converting a byte stream into an object,The process of converting an object into a text file,The process of converting a text file into an object,A,,medium,web:Examveda.com https://www.examveda.com/java-program/practice-mcq-question-on-java-serialization-and-networking/,
Java,java serialization and networking,Which interface in Java is used to mark a class as serializable?,`MarkSerializable`,`SerializableClass`,`Serialize`,`Serializable`,D,,medium,web:Examveda.com https://www.examveda.com/java-program/practice-mcq-question-on-java-serialization-and-networking/,
Java,java serialization and networking,What is the purpose of the `ObjectOutputStream` class in Java Serialization?,To read objects from an input stream,To convert objects to text format,To write objects to an output stream,To serialize primitive data types,C,,medium,web:Examveda.com https://www.examveda.com/java-program/practice-mcq-question-on-java-serialization-and-networking/,
Java,java serialization and networking,"In Java Serialization, what is the purpose of the `transient` keyword when applied to an instance variable?",It indicates that the variable is mandatory for serialization,It indicates that the variable should not be serialized,It indicates that the variable should be ignored during deserialization,None of These,B,,medium,web:Examveda.com https://www.examveda.com/java-program/practice-mcq-question-on-java-serialization-and-networking/,
Java,java serialization and networking,What is deserialization in Java Serialization?,The process of converting a text file into an object,The process of converting an object into a text file,The process of converting a byte stream back into an object,The process of converting an object into a byte stream,C,,medium,web:Examveda.com https://www.examveda.com/java-program/practice-mcq-question-on-java-serialization-and-networking/,
Java,java serialization and networking,Which class in Java is responsible for deserialization during Java Serialization?,`Serializable`,`DeserializationHandler`,`Deserialize`,`ObjectInputStream`,D,,medium,web:Examveda.com https://www.examveda.com/java-program/practice-mcq-question-on-java-serialization-and-networking/,
Java,java serialization and networking,"In Java Networking, what is the purpose of the `Socket` class?",To create a client socket for communication with a server,To create a server socket for listening to client connections,To create a thread for concurrent execution,To handle exceptions in networking,A,,medium,web:Examveda.com https://www.examveda.com/java-program/practice-mcq-question-on-java-serialization-and-networking/,
Java,java serialization and networking,What is a port number in Java Networking?,A type of IP address,A special code used to encrypt data,A unique identifier for a host,A numerical identifier for a specific process on a host,D,,medium,web:Examveda.com https://www.examveda.com/java-program/practice-mcq-question-on-java-serialization-and-networking/,
Java,java serialization and networking,Which class in Java Networking is used to represent a server socket that listens for incoming client connections?,`SocketServer`,`Server`,`ServerSocket`,`SocketListener`,C,,medium,web:Examveda.com https://www.examveda.com/java-program/practice-mcq-question-on-java-serialization-and-networking/,
Java,java serialization and networking,"In Java Networking, what is the purpose of the `URL` class?",To establish a socket connection,To represent a Uniform Resource Locator,To serialize objects,None of These,B,,medium,web:Examveda.com https://www.examveda.com/java-program/practice-mcq-question-on-java-serialization-and-networking/,
Java,java serialization and networking,Which protocol is commonly used for sending emails in Java Networking?,UDP (User Datagram Protocol),FTP (File Transfer Protocol),SMTP (Simple Mail Transfer Protocol),HTTP (Hypertext Transfer Protocol),C,,medium,web:Examveda.com https://www.examveda.com/java-program/practice-mcq-question-on-java-serialization-and-networking/?page=2,
Java,java serialization and networking,"In Java Networking, what is the purpose of the `HttpURLConnection` class?",To establish a secure socket connection,To handle FTP file transfers,To serialize objects over HTTP,To perform HTTP network operations,D,,medium,web:Examveda.com https://www.examveda.com/java-program/practice-mcq-question-on-java-serialization-and-networking/?page=2,
Java,java serialization and networking,What is the primary use of the `DatagramSocket` class in Java Networking?,To send and receive datagrams over a connectionless UDP protocol,To establish a secure socket connection,To handle HTTP requests,To serialize objects,A,,medium,web:Examveda.com https://www.examveda.com/java-program/practice-mcq-question-on-java-serialization-and-networking/?page=2,
Java,java serialization and networking,"In Java Networking, what is the purpose of the `InetAddress` class?",To serialize objects,To create a socket connection,To send HTTP requests,To represent an IP address,D,,medium,web:Examveda.com https://www.examveda.com/java-program/practice-mcq-question-on-java-serialization-and-networking/?page=2,
Java,java serialization and networking,What is a datagram in Java Networking?,A type of server socket,A secure connection,A small packet of data sent over a network,A serialized object,C,,medium,web:Examveda.com https://www.examveda.com/java-program/practice-mcq-question-on-java-serialization-and-networking/?page=2,
Java,java serialization and networking,"In Java Networking, what is the purpose of the `DatagramPacket` class?",To handle HTTP requests,To represent a packet of data for use with UDP communication,To serialize objects,None of These,B,,medium,web:Examveda.com https://www.examveda.com/java-program/practice-mcq-question-on-java-serialization-and-networking/?page=2,
Java,java serialization and networking,Which class in Java Networking is used for reading and writing streams of bytes?,`HttpURLConnection`,`ServerSocket`,`InputStream` and `OutputStream`,`Socket`,C,,medium,web:Examveda.com https://www.examveda.com/java-program/practice-mcq-question-on-java-serialization-and-networking/?page=2,
Java,java serialization and networking,What is the purpose of the `URLConnection` class in Java Networking?,To handle exceptions in networking,To represent a UDP socket,To serialize objects,To represent a connection to a resource on the internet,D,,medium,web:Examveda.com https://www.examveda.com/java-program/practice-mcq-question-on-java-serialization-and-networking/?page=2,
Java,java serialization and networking,Which protocol is commonly used for file transfer in Java Networking?,FTP (File Transfer Protocol),SMTP (Simple Mail Transfer Protocol),HTTP (Hypertext Transfer Protocol),UDP (User Datagram Protocol),A,,medium,web:Examveda.com https://www.examveda.com/java-program/practice-mcq-question-on-java-serialization-and-networking/?page=2,
Java,java serialization and networking,"In Java Networking, what is the purpose of the `MulticastSocket` class?",To serialize objects,To establish a secure socket connection,To handle HTTP requests,To send and receive multicast datagrams,D,,medium,web:Examveda.com https://www.examveda.com/java-program/practice-mcq-question-on-java-serialization-and-networking/?page=2,
Java,java serialization and networking,What is a multicast in Java Networking?,Sending data to a single recipient,Broadcasting data to all connected clients,Sending data to a group of interested receivers,A type of socket,C,,medium,web:Examveda.com https://www.examveda.com/java-program/practice-mcq-question-on-java-serialization-and-networking/?page=3,
Java,java serialization and networking,"In Java Serialization, what happens if a serialized class changes between serialization and deserialization?",The program crashes,An `InvalidClassException` is thrown,A warning message is displayed,None of These,B,,medium,web:Examveda.com https://www.examveda.com/java-program/practice-mcq-question-on-java-serialization-and-networking/?page=3,
Java,java serialization and networking,Which method is used to customize the serialization process in Java?,`customSerialize()` and `customDeserialize()`,`saveObject()` and `loadObject()`,`writeObject()` and `readObject()`,`serialize()` and `deserialize()`,C,,medium,web:Examveda.com https://www.examveda.com/java-program/practice-mcq-question-on-java-serialization-and-networking/?page=3,
Java,java serialization and networking,"In Java Serialization, what is the purpose of the `serialVersionUID` field?",To indicate that a class is serializable,To store serialized data,To handle exceptions during serialization,To provide a version number for the serialized class,D,,medium,web:Examveda.com https://www.examveda.com/java-program/practice-mcq-question-on-java-serialization-and-networking/?page=3,
Java,java serialization and networking,What is the purpose of the `java.net` package in Java?,It provides classes for network communication,It handles exceptions in networking,It provides GUI components,It is used for database operations,A,,medium,web:Examveda.com https://www.examveda.com/java-program/practice-mcq-question-on-java-serialization-and-networking/?page=3,
Java,java serialization and networking,Which Java class is used to represent a URL (Uniform Resource Locator)?,`URLEncode`,`URI`,`URLConnection`,`URL`,D,,medium,web:Examveda.com https://www.examveda.com/java-program/practice-mcq-question-on-java-serialization-and-networking/?page=3,
Java,java serialization and networking,"In Java Networking, what is the purpose of the `ServerSocket` class?",To connect to a web server,To send emails,To listen for incoming client connections,To read from a file,C,,medium,web:Examveda.com https://www.examveda.com/java-program/practice-mcq-question-on-java-serialization-and-networking/?page=3,
Java,java serialization and networking,Which protocol is commonly used for web communication in Java Networking?,SMTP (Simple Mail Transfer Protocol),HTTP (Hypertext Transfer Protocol),UDP (User Datagram Protocol),None of These,B,,medium,web:Examveda.com https://www.examveda.com/java-program/practice-mcq-question-on-java-serialization-and-networking/?page=3,
Java,java serialization and networking,"In Java Networking, which class is used for creating a UDP socket?",`MulticastSocket`,`ServerSocket`,`DatagramSocket`,`Socket`,C,,medium,web:Examveda.com https://www.examveda.com/java-program/practice-mcq-question-on-java-serialization-and-networking/?page=3,
Java,java serialization and networking,What is the primary use of the `java.io` package in Java?,It handles exceptions in networking,It provides data structures for collections,It is used for GUI programming,It provides classes for input and output operations,D,,medium,web:Examveda.com https://www.examveda.com/java-program/practice-mcq-question-on-java-serialization-and-networking/?page=3,
Java,java serialization and networking,Which of these methods is used to know the full URL of an URL object?,fullHost(),getHost(),ExternalForm(),toExternalForm(),D,,medium,web:Examveda.com https://www.examveda.com/java-program/practice-mcq-question-on-java-serialization-and-networking/?page=4,
Java,java serialization and networking,"What will be the output of the following Java program? 
import java.io.*;
class Chararrayinput
{
 public static void main(String[] args) 
 {
 String obj = ""abcdefgh"";
 int length = obj.length();
 char c[] = new char[length];
 obj.getChars(0, length, c, 0);
 CharArrayReader input1 = new CharArrayReader(c);
 CharArrayReader input2 = new CharArrayReader(c, 1, 4);
 int i;
 int j;
 try 
 {
while ((i = input1.read()) == (j = input2.read()))
 {
 System.out.print((char)i);
 }
 } 
 catch (IOException e) 
 {
 e.printStackTrace();
 }
}
}",abc,abcd,abcde,None of the mentioned,D,,medium,web:Examveda.com https://www.examveda.com/java-program/practice-mcq-question-on-java-serialization-and-networking/?page=4,
Java,java serialization and networking,Which of these is a process of writing the state of an object to a byte stream?,Serialization,Externalization,File Filtering,All of the mentioned,A,,medium,web:Examveda.com https://www.examveda.com/java-program/practice-mcq-question-on-java-serialization-and-networking/?page=4,
Java,java serialization and networking,Which of these methods is used to make raw MIME formatted string?,parse(),toString(),getString(),parseString(),A,,medium,web:Examveda.com https://www.examveda.com/java-program/practice-mcq-question-on-java-serialization-and-networking/?page=4,
Java,java serialization and networking,Which of these method is used to start a server thread?,run(),start(),runThread(),startThread(),A,,medium,web:Examveda.com https://www.examveda.com/java-program/practice-mcq-question-on-java-serialization-and-networking/?page=4,
Java,java serialization and networking,Which of these method of httpd class is used to write UrlCacheEntry object into local disk?,writeDiskCache(),writetoDisk(),writeCache(),writeDiskEntry(),A,,medium,web:Examveda.com https://www.examveda.com/java-program/practice-mcq-question-on-java-serialization-and-networking/?page=4,
Java,java serialization and networking,Which of the following methods is used to avoid serialization of new class whose super class already implements Serialization?,writeObject(),readWriteObject(),writeReadObject(),unSerializaedObject(),A,,medium,web:Examveda.com https://www.examveda.com/java-program/practice-mcq-question-on-java-serialization-and-networking/?page=4,
Java,java serialization and networking,Which of these class is used for operating on request from the client to the server?,http,httpDecoder,httpConnection,httpd,D,,medium,web:Examveda.com https://www.examveda.com/java-program/practice-mcq-question-on-java-serialization-and-networking/?page=4,
Java,java serialization and networking,Which of these is a wrapper around everything associated with a reply from an http server?,HTTP,HttpResponse,HttpRequest,httpserver,B,,medium,web:Examveda.com https://www.examveda.com/java-program/practice-mcq-question-on-java-serialization-and-networking/?page=4,
Java,java serialization and networking,What is serialization?,Turning object in memory into stream of bytes,Turning stream of bytes into an object in memory,Turning object in memory into stream of bits,Turning stream of bits into an object in memory,A,,medium,web:Examveda.com https://www.examveda.com/java-program/practice-mcq-question-on-java-serialization-and-networking/?page=5,
Java,java serialization and networking,"What will be the output of the following Java code? 
import java.io.*;
class streams 
{
 public static void main(String[] args)
 {
 try 
 {
 FileOutputStream fos = new FileOutputStream(""serial"");
 ObjectOutputStream oos = new ObjectOutputStream(fos);
 oos.writeInt(5);
 oos.flush();
 oos.close();
 }
 catch(Exception e)
 {
 System.out.println(""Serialization"" + e);
 System.exit(0);
 }
 try
 {
 int z;
 FileInputStream fis = new FileInputStream(""serial"");
 ObjectInputStream ois = new ObjectInputStream(fis);
 z = ois.readInt();
 ois.close();
 System.out.println(x); 
 }
 catch (Exception e) 
 {
 System.out.print(""deserialization"");
 System.exit(0);
 }
 }
}",5,void,serialization,deserialization,A,,medium,web:Examveda.com https://www.examveda.com/java-program/practice-mcq-question-on-java-serialization-and-networking/?page=5,
Java,java serialization and networking,How many ports of TCP/IP are reserved for specific protocols?,10,1024,2048,512,B,,medium,web:Examveda.com https://www.examveda.com/java-program/practice-mcq-question-on-java-serialization-and-networking/?page=5,
Java,java serialization and networking,"What will be the output of the following Java program? 
import java.io.*;
class serialization 
{
 public static void main(String[] args) 
 {
 try 
 {
 Myclass object1 = new Myclass(""Hello"", -7, 2.1e10);
 FileOutputStream fos = new FileOutputStream(""serial"");
 ObjectOutputStream oos = new ObjectOutputStream(fos);
 oos.writeObject(object1);
 oos.flush();
 oos.close();
 }
 catch(Exception e) 
 {
 System.out.println(""Serialization"" + e);
 System.exit(0);
 }
 try
 {
 int x;
 FileInputStream fis = new FileInputStream(""serial"");
 ObjectInputStream ois = new ObjectInputStream(fis);
 x = ois.readInt();
 ois.close();
 System.out.println(x); 
 }
 catch (Exception e)
 {
 System.out.print(""deserialization"");
 System.exit(0);
 }
 }
}
class Myclass implements Serializable
{
String s;
int i;
double d;
 Myclass(String s, int i, double d)
 {
 this.d = d;
 this.i = i;
 this.s = s;
}
}",-7,Hello,2.1E10,deserialization,D,,medium,web:Examveda.com https://www.examveda.com/java-program/practice-mcq-question-on-java-serialization-and-networking/?page=5,
Java,java serialization and networking,Which of these interface extends DataOutput interface?,Serializable,Externalization,ObjectOutput,ObjectInput,C,,medium,web:Examveda.com https://www.examveda.com/java-program/practice-mcq-question-on-java-serialization-and-networking/?page=5,
Java,java serialization and networking,Which of these is a standard for communicating multimedia content over email?,http,https,Mime,httpd,C,,medium,web:Examveda.com https://www.examveda.com/java-program/practice-mcq-question-on-java-serialization-and-networking/?page=5,
Java,java serialization and networking,"What will be the output of the following Java code? 
import java.io.*;
class serialization
{
 public static void main(String[] args)
 {
 try
 {
 Myclass object1 = new Myclass(""Hello"", -7, 2.1e10);
 FileOutputStream fos = new FileOutputStream(""serial"");
 ObjectOutputStream oos = new ObjectOutputStream(fos);
 oos.writeObject(object1);
 oos.flush();
 oos.close();
 }
 catch(Exception e)
 {
 System.out.println(""Serialization"" + e);
 System.exit(0);
 }
 try
 {
 int x;
 FileInputStream fis = new FileInputStream(""serial"");
 ObjectInputStream ois = new ObjectInputStream(fis);
 x = ois.readInt();
 ois.close();
 System.out.println(x); 
 }
 catch (Exception e)
 {
 System.out.print(""deserialization"");
 System.exit(0);
 }
 }
}
class Myclass implements Serializable
{
String s;
int i;
double d;
Myclass(String s, int i, double d)
 {
 this.d = d;
 this.i = i;
 this.s = s;
}
}",-7,Hello,2.1E10,deserialization,D,,medium,web:Examveda.com https://www.examveda.com/java-program/practice-mcq-question-on-java-serialization-and-networking/?page=5,
Java,java serialization and networking,What type of members are not serialized?,Private,Protected,Static,Throwable,C,,medium,web:Examveda.com https://www.examveda.com/java-program/practice-mcq-question-on-java-serialization-and-networking/?page=5,
Java,java serialization and networking,Which of these interface extends DataInput interface?,Serializable,Externalization,ObjectOutput,ObjectInput,D,,medium,web:Examveda.com https://www.examveda.com/java-program/practice-mcq-question-on-java-serialization-and-networking/?page=5,
Java,java serialization and networking,Which of these class is used to access actual bits or content information of a URL?,URL,URLDecoder,URLConnection,All of the mentioned,D,,medium,web:Examveda.com https://www.examveda.com/java-program/practice-mcq-question-on-java-serialization-and-networking/?page=6,
Java,java serialization and networking,"What will be the output of the following Java program? 
import java.net.*;
public class networking 
{
 public static void main(String[] args) throws UnknownHostException 
 {
 InetAddress obj1 = InetAddress.getByName(""cisco.com"");
 InetAddress obj2 = InetAddress.getByName(""example.com"");
 boolean x = obj1.equals(obj2); 
 System.out.print(x);
 }
}",0,1,true,false,D,,medium,web:Examveda.com https://www.examveda.com/java-program/practice-mcq-question-on-java-serialization-and-networking/?page=6,
Java,java serialization and networking,Which of these method of DatagramPacket class is used to find the destination address?,findAddress(),getAddress(),Address(),whois(),B,,medium,web:Examveda.com https://www.examveda.com/java-program/practice-mcq-question-on-java-serialization-and-networking/?page=6,
Java,java serialization and networking,"What will be the output of the following Java program? 
import java.net.*;
class networking 
{
 public static void main(String[] args) throws UnknownHostException 
 {
 InetAddress obj1 = InetAddress.getByName(""example.com"");
 InetAddress obj2 = InetAddress.getByName(""example.com"");
 boolean x = obj1.equals(obj2); 
 System.out.print(x);
 }
}",0,1,true,false,C,,medium,web:Examveda.com https://www.examveda.com/java-program/practice-mcq-question-on-java-serialization-and-networking/?page=6,
Java,java serialization and networking,Which of these method of DatagramPacket is used to find the port number?,port(),getPort(),findPort(),recievePort(),B,,medium,web:Examveda.com https://www.examveda.com/java-program/practice-mcq-question-on-java-serialization-and-networking/?page=6,
Java,java serialization and networking,Which of these variables stores the number of hits that are successfully served out of cache?,hits,hitstocache,hits_to_cache,hits.to.cache,D,,medium,web:Examveda.com https://www.examveda.com/java-program/practice-mcq-question-on-java-serialization-and-networking/?page=6,
Java,java serialization and networking,"What will be the output of the following Java program? 
import java.io.*;
class streams
{
 public static void main(String[] args)
 {
 try
 {
 FileOutputStream fos = new FileOutputStream(""serial"");
 ObjectOutputStream oos = new ObjectOutputStream(fos);
 oos.writeFloat(3.5);
 oos.flush();
 oos.close();
 }
 catch(Exception e)
 {
 System.out.println(""Serialization"" + e);
 System.exit(0);
 }
 try
 {
 FileInputStream fis = new FileInputStream(""serial"");
 ObjectInputStream ois = new ObjectInputStream(fis);
 System.out.println(ois.available()); 
 }
 catch (Exception e) 
 {
 System.out.print(""deserialization"");
 System.exit(0);
 }
 }
}",1,2,3,4,D,,medium,web:Examveda.com https://www.examveda.com/java-program/practice-mcq-question-on-java-serialization-and-networking/?page=6,
Java,java serialization and networking,What is deserialization?,Turning object in memory into stream of bytes,Turning stream of bytes into an object in memory,Turning object in memory into stream of bits,Turning stream of bits into an object in memory,B,,medium,web:Examveda.com https://www.examveda.com/java-program/practice-mcq-question-on-java-serialization-and-networking/?page=6,
Java,java serialization and networking,"What will be the output of the following Java program? 
import java.net.*;
class networking
{
 public static void main(String[] args) throws Exception 
 {
 URL obj = new URL(""https://www.example.com/javamcq"");
 URLConnection obj1 = obj.openConnection();
 int len = obj1.getContentLength();
 System.out.print(len);
 }
} 
Note: Host URL is having length of content 127.",126,127,Compilation Error,Runtime Error,B,,medium,web:Examveda.com https://www.examveda.com/java-program/practice-mcq-question-on-java-serialization-and-networking/?page=6,
Java,java serialization and networking,Which of these method of MimeHeader is used to return the string equivalent of the values stores on MimeHeader?,string(),toString(),convertString(),getString(),B,,medium,web:Examveda.com https://www.examveda.com/java-program/practice-mcq-question-on-java-serialization-and-networking/?page=7,
Java,java serialization and networking,Which of these is an instance variable of class httpd?,port,cache,log,All of the mentioned,D,,medium,web:Examveda.com https://www.examveda.com/java-program/practice-mcq-question-on-java-serialization-and-networking/?page=7,
Java,java serialization and networking,Which of these exceptions is thrown by URL class's constructors?,URLNotFound,URLSourceNotFound,MalformedURLException,URLNotFoundException,C,,medium,web:Examveda.com https://www.examveda.com/java-program/practice-mcq-question-on-java-serialization-and-networking/?page=7,
Java,java serialization and networking,"What will be the output of the following Java program? 
import java.net.*;
class networking
{
 public static void main(String[] args) throws MalformedURLException 
 {
 URL obj = new URL(""https://www.example.com/javamcq"");
 System.out.print(obj.getHost());
 }
}",example,example.com,www.example.com,https://www.example.com/javamcq,C,,medium,web:Examveda.com https://www.examveda.com/java-program/practice-mcq-question-on-java-serialization-and-networking/?page=7,
Java,java serialization and networking,Which of these class must be used to send a datagram packets over a connection?,InetAdress,DatagramPacket,DatagramSocket,All of the mentioned,D,,medium,web:Examveda.com https://www.examveda.com/java-program/practice-mcq-question-on-java-serialization-and-networking/?page=7,
Java,java serialization and networking,Which of these process occur automatically by the java runtime system?,Serialization,Garbage collection,File Filtering,All of the mentioned,A,,medium,web:Examveda.com https://www.examveda.com/java-program/practice-mcq-question-on-java-serialization-and-networking/?page=7,
Java,java serialization and networking,"What will be the output of the following Java program? 
import java.net.*;
class networking 
{
 public static void main(String[] args) throws MalformedURLException 
 {
 URL obj = new URL(""https://www.example.com/javamcq"");
 System.out.print(obj.toExternalForm());
 }
}",example,example.com,www.example.com,https://www.example.com/javamcq,D,,medium,web:Examveda.com https://www.examveda.com/java-program/practice-mcq-question-on-java-serialization-and-networking/?page=7,
Java,java serialization and networking,Which of these is a bundle of information passed between machines?,Mime,Cache,Datagrams,DatagramSocket,C,,medium,web:Examveda.com https://www.examveda.com/java-program/practice-mcq-question-on-java-serialization-and-networking/?page=7,
Java,java serialization and networking,"What will be the output of the following Java program? 
import java.io.*;
class streams
{
 public static void main(String[] args)
 {
 try
 {
 FileOutputStream fos = new FileOutputStream(""serial"");
 ObjectOutputStream oos = new ObjectOutputStream(fos);
 oos.writeFloat(3.5);
 oos.flush();
 oos.close();
 }
 catch(Exception e)
 {
 System.out.println(""Serialization"" + e);
 System.exit(0);
 }
 try
 {
 FileInputStream fis = new FileInputStream(""serial"");
 ObjectInputStream ois = new ObjectInputStream(fis);
 ois.close();
 System.out.println(ois.available()); 
 }
 catch (Exception e)
 {
 System.out.print(""deserialization"");
 System.exit(0);
 }
 }
}",1,2,3,0,D,,medium,web:Examveda.com https://www.examveda.com/java-program/practice-mcq-question-on-java-serialization-and-networking/?page=8,
Java,java serialization and networking,Which of these methods of httpd class is used to read data from the stream?,getDta(),GetResponse(),getStream(),getRawRequest(),D,,medium,web:Examveda.com https://www.examveda.com/java-program/practice-mcq-question-on-java-serialization-and-networking/?page=8,
Java,java serialization and networking,Which of these package contains classes and interfaces for networking?,java.io,java.util,java.net,java.network,C,,medium,web:Examveda.com https://www.examveda.com/java-program/practice-mcq-question-on-java-serialization-and-networking/?page=8,
Java,java serialization and networking,"What will be the output of the following Java program? 
import java.io.FileOutputStream; 
public class FileOutputStreamExample
{ 
 public static void main(String args[])
 { 
 try
 { 
 FileOutputStream fout=new FileOutputStream(""D:\\example.txt""); 
 String s=""Welcome to India.""; 
 byte b[]=s.getBytes();//converting string into byte array 
 fout.write(b); 
 fout.close(); 
 System.out.println(""Success""); 
 } catch(Exception e){System.out.println(e);} 
 } 
}","""Success"" to the output and ""Welcome to India"" to the file","only ""Welcome to India"" to the file",compile time error,No Output,A,,medium,web:Examveda.com https://www.examveda.com/java-program/practice-mcq-question-on-java-serialization-and-networking/?page=8,
Java,java serialization and networking,"What will be the output of the following Java program? 
import java.io.*;
class serialization 
{
 public static void main(String[] args) 
 {
 try 
 {
 Myclass object1 = new Myclass(""Hello"", -7, 2.1e10);
 FileOutputStream fos = new FileOutputStream(""serial"");
 ObjectOutputStream oos = new ObjectOutputStream(fos);
 oos.writeObject(object1);
 oos.flush();
 oos.close();
 }
 catch(Exception e) 
 {
 System.out.println(""Serialization"" + e);
 System.exit(0);
 }
 try 
 {
 Myclass object2;
 FileInputStream fis = new FileInputStream(""serial"");
 ObjectInputStream ois = new ObjectInputStream(fis);
 object2 = (Myclass)ois.readObject();
 ois.close();
 System.out.println(object2); 
 }
 catch (Exception e) 
 {
 System.out.print(""deserialization"" + e);
 System.exit(0);
 }
 }
}
class Myclass implements Serializable 
{
String s;
int i;
double d;
 Myclass (String s, int i, double d)
 {
 this.d = d;
 this.i = i;
 this.s = s;
}
}",s=Hello; i=-7; d=2.1E10,Hello; -7; 2.1E10,s; i; 2.1E10,Serialization,A,,medium,web:Examveda.com https://www.examveda.com/java-program/practice-mcq-question-on-java-serialization-and-networking/?page=8,
Java,java serialization and networking,"If member does not implement serialization, which exception would be thrown?",RuntimeException,SerializableException,NotSerializableException,UnSerializedException,C,,medium,web:Examveda.com https://www.examveda.com/java-program/practice-mcq-question-on-java-serialization-and-networking/?page=8,
Java,java serialization and networking,How many bits are in a single IP address?,8,16,32,64,C,,medium,web:Examveda.com https://www.examveda.com/java-program/practice-mcq-question-on-java-serialization-and-networking/?page=8,
Java,java serialization and networking,Which of these transfer protocol must be used so that URL can be accessed by URLConnection class object?,http,https,Any Protocol can be used,None of the mentioned,A,,medium,web:Examveda.com https://www.examveda.com/java-program/practice-mcq-question-on-java-serialization-and-networking/?page=8,
Java,java serialization and networking,"What will be the output of the following Java code? 
import java.net.*;
class networking 
{
 public static void main(String[] args) throws MalformedURLException 
 {
 URL obj = new URL(""https://www.example.com/javamcq"");
 System.out.print(obj.getProtocol());
 }
}",http,https,www,com,B,"The correct answer is Option B: https. 
Let's break down why: 
The code uses the java.net.URL class, which is designed to work with URLs (Uniform Resource Locators). 
A URL is essentially an address for a resource on the internet, like a webpage. 
The line URL obj = new URL(""https://www.example.com/javamcq""); creates a new URL object named 'obj'. This object represents the URL ""https://www.example.com/javamcq"". 
The obj.getProtocol() method is called. This method specifically extracts the protocol part of the URL. 
The protocol is the first part of a URL that indicates how the data will be transferred. Common protocols are ""http"" and ""https"". 
In the given URL ""https://www.example.com/javamcq"", the protocol is ""https"". 
Therefore, obj.getProtocol() will return ""https"", which is then printed to the console using System.out.print().
 

 
 
 
 



 
 
 
 
 
 
 
 
 
 
 
 
 
1
2
3
4
5
6
7
8
9",medium,web:Examveda.com https://www.examveda.com/java-program/practice-mcq-question-on-java-serialization-and-networking/?page=8,
Java,java serialization and networking,Which of these class extend InputStream class?,ObjectStream,ObjectInputStream,ObjectOutput,ObjectInput,B,,medium,web:Examveda.com https://www.examveda.com/java-program/practice-mcq-question-on-java-serialization-and-networking/?page=9,
Java,java serialization and networking,Which of these is a process of extracting/removing the state of an object from a stream?,Serialization,Externalization,File Filtering,Deserialization,D,,medium,web:Examveda.com https://www.examveda.com/java-program/practice-mcq-question-on-java-serialization-and-networking/?page=9,
Java,java serialization and networking,"What will be the output of the following Java program? 
import java.net.*;
class networking 
{
 public static void main(String[] args) throws Exception 
 {
 URL obj = new URL(""https://www.example.com/javamcq"");
 URLConnection obj1 = obj.openConnection();
 System.out.print(obj1.getContentType());
 }
} 
Note: Host URL is written in html and simple text.",html,text,html/text,text/html,D,,medium,web:Examveda.com https://www.examveda.com/java-program/practice-mcq-question-on-java-serialization-and-networking/?page=9,
Java,java serialization and networking,Which of these class is used to encapsulate IP address and DNS?,DatagramPacket,URL,InetAddress,ContentHandler,C,,medium,web:Examveda.com https://www.examveda.com/java-program/practice-mcq-question-on-java-serialization-and-networking/?page=9,
Java,java serialization and networking,What does URL stands for?,Uniform Resource Locator,Uniform Resource Latch,Universal Resource Locator,Universal Resource Latch,A,,medium,web:Examveda.com https://www.examveda.com/java-program/practice-mcq-question-on-java-serialization-and-networking/?page=9,
Java,java serialization and networking,Which of these data member of HttpResponse class is used to store the response from an http server?,status,address,statusResponse,statusCode,D,,medium,web:Examveda.com https://www.examveda.com/java-program/practice-mcq-question-on-java-serialization-and-networking/?page=9,
Java,java serialization and networking,Which of these method of httpd class is used to get report on each hit to HTTP server?,log(),logEntry(),logHttpd(),logResponse(),B,,medium,web:Examveda.com https://www.examveda.com/java-program/practice-mcq-question-on-java-serialization-and-networking/?page=9,
Java,java serialization and networking,Which of these is a protocol for breaking and sending packets to an address across a network?,TCP/IP,DNS,Socket,Proxy Server,A,,medium,web:Examveda.com https://www.examveda.com/java-program/practice-mcq-question-on-java-serialization-and-networking/?page=9,
Java,java serialization and networking,Which of these class is used to create servers that listen for either local or remote client programs?,httpServer,ServerSockets,MimeHeader,HttpResponse,B,,medium,web:Examveda.com https://www.examveda.com/java-program/practice-mcq-question-on-java-serialization-and-networking/?page=10,
Java,java serialization and networking,How many methods Serializable has?,1,2,3,0,D,,medium,web:Examveda.com https://www.examveda.com/java-program/practice-mcq-question-on-java-serialization-and-networking/?page=10,
Java,java serialization and networking,Which API gets the SocketAddress (usually IP address + port number) of the remote host that this packet is being sent to or is coming from.,getSocketAddress(),getAddress(),address(),none of the mentioned,A,,medium,web:Examveda.com https://www.examveda.com/java-program/practice-mcq-question-on-java-serialization-and-networking/?page=10,
Java,java serialization and networking,Which of the following methods is not used while Serialization and DeSerialization?,readObject(),readExternal(),readWriteObject(),writeObject(),C,,medium,web:Examveda.com https://www.examveda.com/java-program/practice-mcq-question-on-java-serialization-and-networking/?page=10,
Java,java serialization and networking,"What will be the output of the following Java program? 
import java.net.*;
class networking 
{
 public static void main(String[] args) throws UnknownHostException 
 {
 InetAddress obj1 = InetAddress.getByName(""cisco.com"");
 System.out.print(obj1.getHostName());
 }
}",cisco,cisco.com,www.cisco.com,none of the mentioned,B,,medium,web:Examveda.com https://www.examveda.com/java-program/practice-mcq-question-on-java-serialization-and-networking/?page=10,
Java,java serialization and networking,Which of these process occur automatically by java run time system?,Serialization,Memory allocation,Deserialization,All of the mentioned,D,,medium,web:Examveda.com https://www.examveda.com/java-program/practice-mcq-question-on-java-serialization-and-networking/?page=10,
Java,java serialization and networking,"What will be the output of the following Java program? 
import java.io.*;
class streams
{
 public static void main(String[] args) 
 {
 try
 {
 FileOutputStream fos = new FileOutputStream(""serial"");
 ObjectOutputStream oos = new ObjectOutputStream(fos);
 oos.writeFloat(3.5);
 oos.flush();
 oos.close();
 }
 catch(Exception e)
 {
 System.out.println(""Serialization"" + e);
 System.exit(0);
 }
 try 
 {
 float x;
 FileInputStream fis = new FileInputStream(""serial"");
 ObjectInputStream ois = new ObjectInputStream(fis);
 x = ois.readInt();
 ois.close();
 System.out.println(x); 
 }
 catch (Exception e)
 {
 System.out.print(""deserialization"");
 System.exit(0);
 }
 }
}",3,3.5,serialization,deserialization,B,,medium,web:Examveda.com https://www.examveda.com/java-program/practice-mcq-question-on-java-serialization-and-networking/?page=10,
Java,java serialization and networking,Which of these is a method of ObjectInput interface used to deserialize an object from a stream?,int read(),void close(),Object readObject(),Object WriteObject(),C,,medium,web:Examveda.com https://www.examveda.com/java-program/practice-mcq-question-on-java-serialization-and-networking/?page=10,
Java,java serialization and networking,Which of these method of DatagramPacket is used to obtain the byte array of data contained in a datagram?,getData(),getBytes(),getArray(),recieveBytes(),A,,medium,web:Examveda.com https://www.examveda.com/java-program/practice-mcq-question-on-java-serialization-and-networking/?page=10,
Java,java serialization and networking,"What will be the output of the following Java program? 
import java.net.*;
class networking 
{
 public static void main(String[] args) throws MalformedURLException 
 {
 URL obj = new URL(""https://www.example.com/javamcq"");
 System.out.print(obj.getPort());
 }
}",1,0,-1,garbage value,C,,medium,web:Examveda.com https://www.examveda.com/java-program/practice-mcq-question-on-java-serialization-and-networking/?page=10,
Java,java autoboxing,What is autoboxing in Java?,The automatic conversion of primitive types to their corresponding wrapper classes,The process of creating a new box,A feature for manually converting wrapper classes to primitive types,A feature for boxing objects,A,,medium,web:Examveda.com https://www.examveda.com/java-program/practice-mcq-question-on-java-autoboxing/,
Java,java autoboxing,Which primitive type corresponds to the `Integer` wrapper class in Java?,`char`,`boolean`,`float`,`int`,D,,medium,web:Examveda.com https://www.examveda.com/java-program/practice-mcq-question-on-java-autoboxing/,
Java,java autoboxing,What is the primary benefit of autoboxing in Java?,It improves memory management,It reduces code complexity,It simplifies code by automatically converting between primitive types and their corresponding wrapper classes,It speeds up code execution,C,,medium,web:Examveda.com https://www.examveda.com/java-program/practice-mcq-question-on-java-autoboxing/,
Java,java autoboxing,"In Java, which classes are used for autoboxing and unboxing operations?","Exception classes (e.g., `RuntimeException`)","Wrapper classes (e.g., `Integer`, `Double`)","Collection classes (e.g., `ArrayList`, `HashMap`)",None of These,B,,medium,web:Examveda.com https://www.examveda.com/java-program/practice-mcq-question-on-java-autoboxing/,
Java,java autoboxing,What happens if you try to unbox a `null` reference in Java?,It throws a `ClassCastException`,It returns `null`,It throws a `NullPointerException`,It returns the default value for the primitive type,C,,medium,web:Examveda.com https://www.examveda.com/java-program/practice-mcq-question-on-java-autoboxing/,
Java,java autoboxing,Which operator is used for autoboxing and unboxing in Java?,`==`,`+`,`&`,`=`,D,,medium,web:Examveda.com https://www.examveda.com/java-program/practice-mcq-question-on-java-autoboxing/,
Java,java autoboxing,Which of the following statements is true about autoboxing in Java?,Autoboxing is introduced in Java 5.0 and later versions,Autoboxing requires explicit casting,Autoboxing is used only for primitive types,Autoboxing is not used in Java,A,,medium,web:Examveda.com https://www.examveda.com/java-program/practice-mcq-question-on-java-autoboxing/,
Java,java autoboxing,"In Java, which method can be used to perform unboxing?",`.compareTo()`,`.equals()`,`.valueOf()`,`.intValue()`,D,,medium,web:Examveda.com https://www.examveda.com/java-program/practice-mcq-question-on-java-autoboxing/,
Java,java autoboxing,"What is the result of the following code in Java? 
Integer x = 5; 
Integer y = 5; 
System.out.println(x == y);",`false`,Compilation error,`true`,Runtime error,C,,medium,web:Examveda.com https://www.examveda.com/java-program/practice-mcq-question-on-java-autoboxing/,
Java,java autoboxing,Which of the following is an example of autoboxing in Java?,"`String text = ""Hello"";`",`Integer num = 42;`,`Double result = 3.14;`,None of These,B,,medium,web:Examveda.com https://www.examveda.com/java-program/practice-mcq-question-on-java-autoboxing/,
Java,java autoboxing,"What is the result of the following code in Java? 
Integer a = 1000; 
Integer b = 1000; 
System.out.println(a == b);",Runtime error,Compilation error,`false`,`true`,C,,medium,web:Examveda.com https://www.examveda.com/java-program/practice-mcq-question-on-java-autoboxing/?page=2,
Java,java autoboxing,"In Java, which of the following is a valid autoboxing conversion?",`String` to `Integer`,`Integer` to `double`,`boolean` to `String`,`int` to `Integer`,D,,medium,web:Examveda.com https://www.examveda.com/java-program/practice-mcq-question-on-java-autoboxing/?page=2,
Java,java autoboxing,What is autounboxing in Java?,The automatic conversion of wrapper classes to their corresponding primitive types,The process of converting a string to an integer,A feature for boxing objects,A feature for manually converting wrapper classes to primitive types,A,,medium,web:Examveda.com https://www.examveda.com/java-program/practice-mcq-question-on-java-autoboxing/?page=2,
Java,java autoboxing,"In Java, which method can be used to perform autounboxing?",`.valueOf()`,`.equals()`,`.intValue()`,`.compareTo()`,C,,medium,web:Examveda.com https://www.examveda.com/java-program/practice-mcq-question-on-java-autoboxing/?page=2,
Java,java autoboxing,"What is the result of the following code in Java? 
Double x = 3.5; 
Double y = 3.5; 
System.out.println(x.equals(y));",Compilation error,`true`,Runtime error,None of These,B,,medium,web:Examveda.com https://www.examveda.com/java-program/practice-mcq-question-on-java-autoboxing/?page=2,
Java,java autoboxing,"In Java, what is the result of the expression `Integer.valueOf(10) + Integer.valueOf(20)`?",Runtime error,Compilation error,`30`,`1020`,C,,medium,web:Examveda.com https://www.examveda.com/java-program/practice-mcq-question-on-java-autoboxing/?page=2,
Java,java autoboxing,Which wrapper class corresponds to the `char` primitive type in Java?,`String`,`Integer`,`Float`,`Character`,D,,medium,web:Examveda.com https://www.examveda.com/java-program/practice-mcq-question-on-java-autoboxing/?page=2,
Java,java autoboxing,"What is the result of the following code in Java? 
Integer a = 100; 
int b = a;","`No error, it compiles successfully`",`Compilation error`,`Runtime error`,`NullPointerException`,A,,medium,web:Examveda.com https://www.examveda.com/java-program/practice-mcq-question-on-java-autoboxing/?page=2,
Java,java autoboxing,"In Java, which method can be used to convert a string to an integer?",`Integer.toString()`,`String.valueOf()`,`Integer.valueOf()`,`Integer.parseInt()`,D,,medium,web:Examveda.com https://www.examveda.com/java-program/practice-mcq-question-on-java-autoboxing/?page=2,
Java,java autoboxing,"What is the result of the following code in Java? 
Integer num = null; 
int result = num + 5;",`5`,`null`,`Compilation error`,`Runtime error`,C,,medium,web:Examveda.com https://www.examveda.com/java-program/practice-mcq-question-on-java-autoboxing/?page=3,
Java,java autoboxing,"In Java, which of the following is an example of autounboxing?","`String text = ""Hello"";`","`int value = Integer.parseInt(""42"");`",`Double result = 3.14;`,None of These,D,"Autounboxing in Java refers to the automatic conversion of a wrapper class object to its corresponding primitive type.
 
For example, converting an Integer object to an int, or a Double object to a double.
 
Let's examine the options:
 
Option A: String text = ""Hello""; — This is just assigning a String literal to a String variable, not related to autounboxing.
 
Option B: int value = Integer.parseInt(""42""); — This parses a String to a primitive int, but it does not involve autounboxing because no wrapper object is involved.
 
Option C: Double result = 3.14; — This is an example of autoboxing (primitive to wrapper), not autounboxing.
 
Since none of the options demonstrate converting a wrapper object to a primitive type, the correct answer is None of These.",medium,web:Examveda.com https://www.examveda.com/java-program/practice-mcq-question-on-java-autoboxing/?page=3,
Java,java autoboxing,"In Java, what is the result of the expression `new Integer(5) == 5`?",`false`,Compilation error,Runtime error,`true`,D,,medium,web:Examveda.com https://www.examveda.com/java-program/practice-mcq-question-on-java-autoboxing/?page=3,
Java,java autoboxing,"What is the result of the following code in Java? 
Integer x = 1000; 
Integer y = 1000; 
System.out.println(x.equals(y));",`false`,Compilation error,`true`,Runtime error,C,,medium,web:Examveda.com https://www.examveda.com/java-program/practice-mcq-question-on-java-autoboxing/?page=3,
Java,java autoboxing,"In Java, what is the result of the expression `new Integer(5).equals(5)`?",Compilation error,`true`,Runtime error,None of These,B,,medium,web:Examveda.com https://www.examveda.com/java-program/practice-mcq-question-on-java-autoboxing/?page=3,
Java,java autoboxing,"What is the result of the following code in Java? 
Integer num1 = 100; 
Integer num2 = 100; 
System.out.println(num1 == num2);",Runtime error,Compilation error,`true`,`false`,C,,medium,web:Examveda.com https://www.examveda.com/java-program/practice-mcq-question-on-java-autoboxing/?page=3,
Java,java autoboxing,"In Java, what is the result of the expression `Integer.valueOf(10).equals(Integer.valueOf(10))`?",`false`,Compilation error,Runtime error,`true`,D,,medium,web:Examveda.com https://www.examveda.com/java-program/practice-mcq-question-on-java-autoboxing/?page=3,
Java,java autoboxing,JUnits are used for which type of testing?,Unit Testing,Integration Testing,System Testing,Blackbox Testing,A,,medium,web:Examveda.com https://www.examveda.com/java-program/practice-mcq-question-on-java-autoboxing/?page=4,
Java,java autoboxing,Which of the below statement about JUnit is false?,It is an open source framework,It provides an annotation to identify test methods,It provides test runners for running test,They cannot be run automatically,D,,medium,web:Examveda.com https://www.examveda.com/java-program/practice-mcq-question-on-java-autoboxing/?page=4,
Java,java autoboxing,Which of the below is an incorrect annotation with respect to JUnits?,@Test,@BeforeClass,@Junit,@AfterEach,C,,medium,web:Examveda.com https://www.examveda.com/java-program/practice-mcq-question-on-java-autoboxing/?page=4,
Java,java autoboxing,Which of these is not a mocking framework?,EasyMock,Mockito,PowerMock,MockJava,D,,medium,web:Examveda.com https://www.examveda.com/java-program/practice-mcq-question-on-java-autoboxing/?page=4,
Java,java autoboxing,Which method is used to verify the actual and expected results in Junits?,assert(),equals(),==,isEqual(),A,,medium,web:Examveda.com https://www.examveda.com/java-program/practice-mcq-question-on-java-autoboxing/?page=4,
Java,java autoboxing,What does assertSame() method use for assertion?,equals() method,isEqual() method,==,compare() method,C,,medium,web:Examveda.com https://www.examveda.com/java-program/practice-mcq-question-on-java-autoboxing/?page=4,
Java,java autoboxing,How to let junits know that they need to be run using PowerMock?,@PowerMock,@RunWith(PowerMock),@RunWith(Junits),@RunWith(PowerMockRunner.class),D,,medium,web:Examveda.com https://www.examveda.com/java-program/practice-mcq-question-on-java-autoboxing/?page=4,
Java,java autoboxing,How can we simulate if then behavior in Junits?,if{..} else{..},if(..){..} else{..},Mockito.when(...).thenReturn(...);,Mockito.if(..).then(..);,C,,medium,web:Examveda.com https://www.examveda.com/java-program/practice-mcq-question-on-java-autoboxing/?page=4,
Java,java autoboxing,What is used to inject mock fields into the tested object automatically?,@InjectMocks,@Inject,@InjectMockObject,@Mock,A,,medium,web:Examveda.com https://www.examveda.com/java-program/practice-mcq-question-on-java-autoboxing/?page=4,
Java,java autoboxing,How can junits be implemented using maven?,"<dependency>
 <groupId>junit</groupId>
 <artifactId>junit</artifactId>
 <version>4.8.1</version>
</dependency>","<dependency>
 <groupId>org.junit</groupId>
 <artifactId>junit</artifactId>
 <version>4.8.1</version>
</dependency>","<dependency>
 <groupId>mock.junit</groupId>
 <artifactId>junit</artifactId>
 <version>4.8.1</version>
</dependency>","<dependency>
 <groupId>junits</groupId>
 <artifactId>junit</artifactId>
 <version>4.8.1</version>
</dependency>",A,,medium,web:Examveda.com https://www.examveda.com/java-program/practice-mcq-question-on-java-autoboxing/?page=4,
Java,java autoboxing,Which of the following is not introduced with Java 8?,Stream API,Serialization,Spliterator,Lambda Expression,B,,medium,web:Examveda.com https://www.examveda.com/java-program/practice-mcq-question-on-java-autoboxing/?page=5,
Java,java autoboxing,What is the purpose of BooleanSupplier function interface?,represents supplier of Boolean-valued results,returns Boolean-valued result,There is no such function interface,returns null if Boolean is passed as argument,A,,medium,web:Examveda.com https://www.examveda.com/java-program/practice-mcq-question-on-java-autoboxing/?page=5,
Java,java autoboxing,What is the return type of lambda expression?,String,Object,void,Function,D,,medium,web:Examveda.com https://www.examveda.com/java-program/practice-mcq-question-on-java-autoboxing/?page=5,
Java,java autoboxing,Which is the new method introduced in java 8 to iterate over a collection?,for (String i : StringList),foreach (String i : StringList),StringList.forEach(),List.for(),C,,medium,web:Examveda.com https://www.examveda.com/java-program/practice-mcq-question-on-java-autoboxing/?page=5,
Java,java autoboxing,What are the two types of Streams offered by java 8?,sequential and parallel,sequential and random,parallel and random,random and synchronized,A,,medium,web:Examveda.com https://www.examveda.com/java-program/practice-mcq-question-on-java-autoboxing/?page=5,
Java,java autoboxing,Which feature of java 8 enables us to create a work stealing thread pool using all available processors at its target?,workPool,newWorkStealingPool,threadPool,workThreadPool,B,,medium,web:Examveda.com https://www.examveda.com/java-program/practice-mcq-question-on-java-autoboxing/?page=5,
Java,java autoboxing,What does Files.lines(Path path) do?,It reads all the files at the path specified as a String,It reads all the lines from a file as a Stream,It reads the filenames at the path specified,It counts the number of lines for files at the path specified,B,,medium,web:Examveda.com https://www.examveda.com/java-program/practice-mcq-question-on-java-autoboxing/?page=5,
Java,java autoboxing,What is Optional object used for?,Optional is used for optional runtime argument,Optional is used for optional spring profile,Optional is used to represent null with absent value,Optional means it's not mandatory for method to return object,C,,medium,web:Examveda.com https://www.examveda.com/java-program/practice-mcq-question-on-java-autoboxing/?page=5,
Java,java autoboxing,What is the substitute of Rhino javascript engine in Java 8?,Nashorn,V8,Inscript,Narcissus,A,,medium,web:Examveda.com https://www.examveda.com/java-program/practice-mcq-question-on-java-autoboxing/?page=5,
Java,java autoboxing,What does SAM stand for in the context of Functional Interface?,Single Ambivalue Method,Single Abstract Method,Simple Active Markup,Simple Abstract Markup,B,,medium,web:Examveda.com https://www.examveda.com/java-program/practice-mcq-question-on-java-autoboxing/?page=5,
Java,java autoboxing,Which method is used to create a directory with fileattributes?,Path.create(),Path.createDirectory(),"Files.createDirectory(path, fileAttributes)",Files.create(fileAttributes),C,,medium,web:Examveda.com https://www.examveda.com/java-program/practice-mcq-question-on-java-autoboxing/?page=6,
Java,java autoboxing,Which method can be used to check fileAccessiblity?,isReadable(path),isWritable(path),isExecutable(path),"isReadable(path), isWritable(path), and isExecutable(path)",D,,medium,web:Examveda.com https://www.examveda.com/java-program/practice-mcq-question-on-java-autoboxing/?page=6,
Java,java autoboxing,How can we delete all files in a directory?,Files.delete(path),Files.deleteDir(),Directory.delete(),Directory.delete(path),A,,medium,web:Examveda.com https://www.examveda.com/java-program/practice-mcq-question-on-java-autoboxing/?page=6,
Java,java autoboxing,How to copy the file from one location to other?,"Files.copy(source, target)","Path.copy(source, target)",source.copy(target),Files.createCopy(target),A,,medium,web:Examveda.com https://www.examveda.com/java-program/practice-mcq-question-on-java-autoboxing/?page=6,
Java,java autoboxing,How can we get the size of specified file?,capacity(path),size(path),length(path),Path.size(),B,,medium,web:Examveda.com https://www.examveda.com/java-program/practice-mcq-question-on-java-autoboxing/?page=6,
Java,java autoboxing,How to read entire file in one line using java 8?,Files.readAllLines(),Files.read(),Files.readFile(),Files.lines(),A,,medium,web:Examveda.com https://www.examveda.com/java-program/practice-mcq-question-on-java-autoboxing/?page=6,
Java,java autoboxing,How can we create a symbolic link to file?,createLink(),createSymLink(),createSymbolicLink(),createTempLink(),C,,medium,web:Examveda.com https://www.examveda.com/java-program/practice-mcq-question-on-java-autoboxing/?page=6,
Java,java autoboxing,How can we filter lines based on content?,lines.filter(),filter(lines),lines.contains(filter),lines.select(),A,,medium,web:Examveda.com https://www.examveda.com/java-program/practice-mcq-question-on-java-autoboxing/?page=6,
Java,java autoboxing,Which jar provides FileUtils which contains methods for file operations?,file,apache commons,file commons,dir,B,,medium,web:Examveda.com https://www.examveda.com/java-program/practice-mcq-question-on-java-autoboxing/?page=6,
Java,java autoboxing,Which feature of java 7 allows to not explicitly close IO resource?,try catch finally,IOException,AutoCloseable,Streams,C,,medium,web:Examveda.com https://www.examveda.com/java-program/practice-mcq-question-on-java-autoboxing/?page=6,
Java,java autoboxing,Which of the following is not a core interface of Hibernate?,Configuration,Criteria,SessionManagement,Session,C,,medium,web:Examveda.com https://www.examveda.com/java-program/practice-mcq-question-on-java-autoboxing/?page=7,
Java,java autoboxing,Which of the following methods returns proxy object?,loadDatabase(),getDatabase(),load(),get(),C,,medium,web:Examveda.com https://www.examveda.com/java-program/practice-mcq-question-on-java-autoboxing/?page=7,
Java,java autoboxing,Which of the following methods hits database always?,load(),loadDatabase(),getDatabase(),get(),D,,medium,web:Examveda.com https://www.examveda.com/java-program/practice-mcq-question-on-java-autoboxing/?page=7,
Java,java autoboxing,Which of the following method is used inside session only?,merge(),update(),end(),kill(),B,,medium,web:Examveda.com https://www.examveda.com/java-program/practice-mcq-question-on-java-autoboxing/?page=7,
Java,java autoboxing,Which of the following is not a state of object in Hibernate?,Attached(),Detached(),Persistent(),Transient(),A,,medium,web:Examveda.com https://www.examveda.com/java-program/practice-mcq-question-on-java-autoboxing/?page=7,
Java,java autoboxing,Which of the following is not an inheritance mapping strategies?,Table per hierarchy,Table per concrete class,Table per subclass,Table per class,D,,medium,web:Examveda.com https://www.examveda.com/java-program/practice-mcq-question-on-java-autoboxing/?page=7,
Java,java autoboxing,Which of the following is not an advantage of using Hibernate Query Language?,Database independent,Easy to write query,No need to learn SQL,Difficult to implement,D,,medium,web:Examveda.com https://www.examveda.com/java-program/practice-mcq-question-on-java-autoboxing/?page=7,
Java,java autoboxing,In which file database table configuration is stored?,.dbm,.hbm,.ora,.sql,B,,medium,web:Examveda.com https://www.examveda.com/java-program/practice-mcq-question-on-java-autoboxing/?page=7,
Java,java autoboxing,Which of the following is not an advantage of Hibernate Criteria API?,Allows to use aggregate functions,Cannot order the result set,Allows to fetch only selected columns of result,Can add conditions while fetching results,B,,medium,web:Examveda.com https://www.examveda.com/java-program/practice-mcq-question-on-java-autoboxing/?page=7,
Java,java autoboxing,What does Liskov substitution principle specify?,parent class can be substituted by child class,child class can be substituted by parent class,parent class cannot be substituted by child class,No classes can be replaced by each other,A,,medium,web:Examveda.com https://www.examveda.com/java-program/practice-mcq-question-on-java-autoboxing/?page=8,
Java,java autoboxing,"What will be the correct option of the following Java code snippet? 
interface ICust 
{
}
class RegularCustomer implements ICust 
{
}
class OneTimeCustomer implements ICust 
{
}",ICust can be replaced with RegularCustomer,RegularCustomer can be replaced with OneTimeCustomer,OneTimeCustomer can be replaced with RegularCustomer,We can instantiate objects of ICust,A,,medium,web:Examveda.com https://www.examveda.com/java-program/practice-mcq-question-on-java-autoboxing/?page=8,
Java,java autoboxing,"What will be the output of the following Java code snippet? 
public class Shape 
{
 public int area()
 {
 return 1;
 }
}
public class Square extends Shape 
{
 public int area()
 {
 return 2;
 }
}
class Main() 
{
 public static void main(String[] args)
 {
 Shape shape = new Shape();
 Square square = new Square();
 shape = square;
 System.out.println(shape.area());
 }
}",Compilation failure,Runtime failure,1,2,D,,medium,web:Examveda.com https://www.examveda.com/java-program/practice-mcq-question-on-java-autoboxing/?page=8,
Java,java autoboxing,"What will be the output of the following Java code snippet? 
public class Shape 
{
 public int area()
 {
 return 1;
 }
}
public class Rectangle extends Shape 
{
 public int area()
 {
 return 3;
 }
}
class Main() 
{
 public static void main(String[] args)
 {
 Shape shape = new Shape();
 Rectangle rect = new Rectangle();
 shape = rect;
 System.out.println(shape.area());
 }
}",Compilation failure,3,1,2,B,,medium,web:Examveda.com https://www.examveda.com/java-program/practice-mcq-question-on-java-autoboxing/?page=8,
Java,java autoboxing,"What will be the output of the following Java code? 
public class Shape 
{
 public int area()
 {
 return 1;
 }
}
public class Square extends Shape 
{
 public int area()
 {
 return 2;
 }
}
class Main() 
{
 public static void main(String[] args)
 {
 Shape shape = new Shape();
 Square square = new Square();
 square = shape;
 System.out.println(square.area());
 }
}",Compilation failure,3,1,2,A,,medium,web:Examveda.com https://www.examveda.com/java-program/practice-mcq-question-on-java-autoboxing/?page=8,
Java,java autoboxing,"What will be the output of the following Java code? 
public class Shape 
{
 public int area()
 {
 return 1;
 }
}
public class Square extends Shape 
{
 public int area()
 {
 return 2;
 }
}
public class Rectangle extends Shape 
{
 public int area()
 {
 return 3;
 }
}
class Main() 
{
 public static void main(String[] args)
 {
 Shape shape = new Shape();
 Square square = new Square();
 Rectangle rect = new Rectangle();
 rect = (Rectangle)shape;
 System.out.println(square.area());
 }
}",Compilation failure,3,Runtime Exception,2,C,,medium,web:Examveda.com https://www.examveda.com/java-program/practice-mcq-question-on-java-autoboxing/?page=8,
Java,java autoboxing,"What will be the output of the following Java code? 
public class Shape 
{
 public int area()
 {
 return 1;
 }
}
public class Square extends Shape 
{
 public int area()
 {
 return 2;
 }
}
public class Rectangle extends Shape 
{
 public int area()
 {
 return 3;
 }
}
class Main() 
{
 public static void main(String[] args)
 {
 Shape shape = new Shape();
 Square square = new Square();
 Rectangle rect = new Rectangle();
 rect = (Rectangle)square;
 System.out.println(square.area());
 }
}",Compilation failure,3,Runtime Exception,2,A,,medium,web:Examveda.com https://www.examveda.com/java-program/practice-mcq-question-on-java-autoboxing/?page=8,
Java,java autoboxing,"What will be the output of the following Java code? 
public class Shape 
{
 public int area()
 {
 return 1;
 }
}
public class Square extends Shape 
{
 public int area()
 {
 return 2;
 }
}
public class Rectangle extends Shape 
{
 public int area()
 {
 return 3;
 }
}
public static void main(String[] args)
{
 Shape shape = new Square();
 shape = new Rectangle();
 System.out.println(shape.area());
}",Compilation failure,3,Runtime Exception,2,B,,medium,web:Examveda.com https://www.examveda.com/java-program/practice-mcq-question-on-java-autoboxing/?page=8,
Java,java autoboxing,"What will be the output of the following Java code? 
public class Shape 
{
 public int area()
 {
 return 1;
 }
}
public class Square extends Shape 
{
 public int area()
 {
 return 2;
 }
}
public class Rectangle extends Shape 
{
 public int area()
 {
 return 3;
 }
}
public static void main(String[] args)
{
 Shape square = new Square();
 Shape rect = new Rectangle();
 square = rect;
 System.out.println(square.area());
}",Compilation failure,3,Runtime Exception,2,B,,medium,web:Examveda.com https://www.examveda.com/java-program/practice-mcq-question-on-java-autoboxing/?page=8,
Java,java autoboxing,What should the return type of method where there is no return value?,Null,Empty collection,Singleton collection,Empty String,B,,medium,web:Examveda.com https://www.examveda.com/java-program/practice-mcq-question-on-java-autoboxing/?page=9,
Java,java autoboxing,What data structure should be used when number of elements is fixed?,Array,Array list,Vector,Set,A,,medium,web:Examveda.com https://www.examveda.com/java-program/practice-mcq-question-on-java-autoboxing/?page=9,
Java,java autoboxing,What causes the program to exit abruptly and hence its usage should be minimalistic?,Try,Finally,Exit,Catch,C,,medium,web:Examveda.com https://www.examveda.com/java-program/practice-mcq-question-on-java-autoboxing/?page=9,
Java,java autoboxing,"Which of the following is good coding practice to determine oddity? 
i) 
public boolen abc(int num)
{
 return num % 2 == 1;
} 
ii) 
public boolean xyz(int num)
{
 return (num & 1)!= 0;
 }",i,ii,(i) causes compilation error,(ii) causes compilation error,B,,medium,web:Examveda.com https://www.examveda.com/java-program/practice-mcq-question-on-java-autoboxing/?page=9,
Java,java autoboxing,Which one of the following causes memory leak?,Release database connection when querying is complete,Use Finally block as much as possible,Release instances stored in static tables,Not using Finally block often,D,,medium,web:Examveda.com https://www.examveda.com/java-program/practice-mcq-question-on-java-autoboxing/?page=9,
Java,java autoboxing,Which of the following is a best practice to measure time taken by a process for execution?,System.currentTimeMillis(),System.nanoTime(),System.getCurrentTime(),System.getProcessingTime(),B,,medium,web:Examveda.com https://www.examveda.com/java-program/practice-mcq-question-on-java-autoboxing/?page=9,
Java,java autoboxing,"What one of the following is best practice to handle Null Pointer exception? 
i) int noOfStudents = line.listStudents().count; 
ii) int noOfStudents = getCountOfStudents(line); 
public int getCountOfStudents(List line)
{
if(line != null)
 {
if(line.listOfStudents() != null)
 {
 return line.listOfStudents().size();
}
}
throw new NullPointerException(""List is empty"");
}",Option (i),Option (ii),Compilation Error,Option (ii) gives incorrect result,B,,medium,web:Examveda.com https://www.examveda.com/java-program/practice-mcq-question-on-java-autoboxing/?page=9,
Java,java autoboxing,Which of the below is true about java class structure?,The class name should start with lowercase,The class should have thousands of lines of code,The class should only contain those attribute and functionality which it should; hence keeping it short,The class attributes and methods should be public,C,,medium,web:Examveda.com https://www.examveda.com/java-program/practice-mcq-question-on-java-autoboxing/?page=9,
Java,java autoboxing,Which of the below is false about java coding?,variable names should be short,variable names should be such that they avoid ambiguity,test case method names should be created as english sentences without spaces,class constants should be used when we want to share data between class methods,A,,medium,web:Examveda.com https://www.examveda.com/java-program/practice-mcq-question-on-java-autoboxing/?page=9,
Java,java autoboxing,Which is better in terms of performance for iterating an array?,for(int i=0; i<100; i++),for(int i=99; i>=0; i-),for(int i=100; i<0; i++),for(int i=99; i>0; i++),B,,medium,web:Examveda.com https://www.examveda.com/java-program/practice-mcq-question-on-java-autoboxing/?page=9,
Java,generics in java,What is the main purpose of generics in Java?,To enable type-safe collections and eliminate type casting,To increase program execution speed,To simplify the syntax of Java code,To improve memory management,A,,medium,web:Examveda.com https://www.examveda.com/java-program/practice-mcq-question-on-generics-in-java/,
Java,generics in java,Which symbol is used to denote a generic type parameter in Java?,`&`,`@`,`#`,``,D,,medium,web:Examveda.com https://www.examveda.com/java-program/practice-mcq-question-on-generics-in-java/,
Java,generics in java,"In a generic class, what does the wildcard `` represent?",A wildcard type,A specific class,An unknown type,An exception type,C,,medium,web:Examveda.com https://www.examveda.com/java-program/practice-mcq-question-on-generics-in-java/,
Java,generics in java,What is the benefit of using generics with collections in Java?,It allows collections to store any type of elements,It ensures type safety by allowing only specific types of elements,It reduces the size of collections,None of These,B,,medium,web:Examveda.com https://www.examveda.com/java-program/practice-mcq-question-on-generics-in-java/,
Java,generics in java,What does the `E` represent in generic class declarations in Java?,Extends type,Enum type,Element type,Exception type,C,,medium,web:Examveda.com https://www.examveda.com/java-program/practice-mcq-question-on-generics-in-java/,
Java,generics in java,"In Java generics, what is the purpose of the `` syntax?",It allows any type to be used as a generic,It specifies an enum type,It specifies a generic exception type,It restricts the generic type to be a subclass of `SomeClass`,D,,medium,web:Examveda.com https://www.examveda.com/java-program/practice-mcq-question-on-generics-in-java/,
Java,generics in java,What is type erasure in Java generics?,The process of removing generic type information at compile time,The process of adding generic type information at runtime,The process of converting generics to non-generic code,The process of checking type compatibility,A,,medium,web:Examveda.com https://www.examveda.com/java-program/practice-mcq-question-on-generics-in-java/,
Java,generics in java,Which of the following is a generic class in Java?,`HashMap`,`Integer`,`String`,`ArrayList`,D,,medium,web:Examveda.com https://www.examveda.com/java-program/practice-mcq-question-on-generics-in-java/,
Java,generics in java,What is the purpose of the `? super T` wildcard in Java generics?,It restricts the use of the `super` keyword,It represents an unknown type,It allows you to specify that the type must be a superclass of `T`,It allows any type to be used as a generic,C,,medium,web:Examveda.com https://www.examveda.com/java-program/practice-mcq-question-on-generics-in-java/,
Java,generics in java,"In Java generics, what is the purpose of the diamond operator (`<>`)?",It specifies a superclass,It simplifies the instantiation of generic classes,It indicates a generic exception,None of These,B,,medium,web:Examveda.com https://www.examveda.com/java-program/practice-mcq-question-on-generics-in-java/,
Java,generics in java,Which keyword is used to define generic methods in Java?,`class`,`method`,``,`generic`,C,,medium,web:Examveda.com https://www.examveda.com/java-program/practice-mcq-question-on-generics-in-java/?page=2,
Java,generics in java,What is the purpose of the `` wildcard in a method parameter in Java generics?,It restricts the method to accept only primitive types,It specifies a return type,It represents an unknown type,It allows the method to accept arguments of any type,D,,medium,web:Examveda.com https://www.examveda.com/java-program/practice-mcq-question-on-generics-in-java/?page=2,
Java,generics in java,"What is the result of the following Java code? 
List list = new ArrayList<>(); 
list.add(""Hello"");",Compilation error,Runtime error,Successful addition,No output,A,,medium,web:Examveda.com https://www.examveda.com/java-program/practice-mcq-question-on-generics-in-java/?page=2,
Java,generics in java,"In Java, which exception is thrown when there is a type mismatch due to generics?",`MismatchedException`,`TypeMismatchException`,`NullPointerException`,`ClassCastException`,D,,medium,web:Examveda.com https://www.examveda.com/java-program/practice-mcq-question-on-generics-in-java/?page=2,
Java,generics in java,What is the purpose of the `extends` keyword in Java generics?,It specifies an exception type,It indicates the superclass of a class,It restricts the generic type to be a subclass or the same as the specified type,It has no meaning in generics,C,,medium,web:Examveda.com https://www.examveda.com/java-program/practice-mcq-question-on-generics-in-java/?page=2,
Java,generics in java,"What does the term ""type parameter"" mean in Java generics?",A generic exception,A placeholder for a data type,A specific data type,None of These,B,,medium,web:Examveda.com https://www.examveda.com/java-program/practice-mcq-question-on-generics-in-java/?page=2,
Java,generics in java,"In Java generics, what is the purpose of the `? extends T` wildcard?",It represents an unknown type,It allows any type to be used as a generic,It restricts the generic type to be a subclass or the same as `T`,It specifies a return type,C,,medium,web:Examveda.com https://www.examveda.com/java-program/practice-mcq-question-on-generics-in-java/?page=2,
Java,generics in java,Which of the following is a valid use of generics in Java?,`String text = new String();`,`List list = new ArrayList();`,`HashMap map = new HashMap();`,`ArrayList list = new ArrayList();`,D,,medium,web:Examveda.com https://www.examveda.com/java-program/practice-mcq-question-on-generics-in-java/?page=2,
Java,generics in java,"What is the result of the following Java code? 
List list = new ArrayList<>(); 
list.add(new Integer(10));",Compilation error,Runtime error,Successful addition,No output,A,,medium,web:Examveda.com https://www.examveda.com/java-program/practice-mcq-question-on-generics-in-java/?page=2,
Java,generics in java,"In Java generics, what is the purpose of the `? super T` wildcard?",It allows any type to be used as a generic,It represents an unknown type,It restricts the use of the `super` keyword,It allows you to specify that the type must be a superclass of `T`,D,,medium,web:Examveda.com https://www.examveda.com/java-program/practice-mcq-question-on-generics-in-java/?page=2,
Java,generics in java,What is the primary advantage of using generics in Java?,Reduced memory usage,Faster execution of code,Enhanced type safety and readability of code,Compatibility with older Java versions,C,,medium,web:Examveda.com https://www.examveda.com/java-program/practice-mcq-question-on-generics-in-java/?page=3,
Java,generics in java,What is the purpose of the `get(int index)` method in a generic list in Java?,To check if an element exists at the specified index,To remove an element at the specified index,To retrieve an element at the specified index,To add an element at the specified index,C,,medium,web:Examveda.com https://www.examveda.com/java-program/practice-mcq-question-on-generics-in-java/?page=3,
Java,generics in java,"In Java generics, what is the purpose of the `Pair` class?",To define a generic interface,To implement a generic exception,To represent a generic collection,To store a pair of values with different types,D,,medium,web:Examveda.com https://www.examveda.com/java-program/practice-mcq-question-on-generics-in-java/?page=3,
Java,generics in java,"What does the term ""type erasure"" mean in Java generics?",The removal of generic type information at compile time,The addition of generic type information at runtime,The process of checking types at runtime,The automatic casting of types,A,,medium,web:Examveda.com https://www.examveda.com/java-program/practice-mcq-question-on-generics-in-java/?page=3,
Java,generics in java,"In Java, which generic class is commonly used for creating key-value pairs?",`Set`,`List`,`Pair`,`Map`,D,,medium,web:Examveda.com https://www.examveda.com/java-program/practice-mcq-question-on-generics-in-java/?page=3,
Java,generics in java,"What is the result of the following Java code? 
List list = new ArrayList<>(); 
list.add(new Object());",Runtime error,Successful addition,Compilation error,No output,C,,medium,web:Examveda.com https://www.examveda.com/java-program/practice-mcq-question-on-generics-in-java/?page=3,
Java,generics in java,"In Java generics, what is the purpose of the `Enum` interface?",To implement a generic exception,To represent an enumeration type,To create a generic class,None of These,B,,medium,web:Examveda.com https://www.examveda.com/java-program/practice-mcq-question-on-generics-in-java/?page=3,
Java,generics in java,"What does the term ""bounded type parameter"" mean in Java generics?",A type parameter that specifies a return type,A type parameter that uses the `` wildcard,A type parameter that has a specific upper or lower bound,A type parameter that has no bounds,C,,medium,web:Examveda.com https://www.examveda.com/java-program/practice-mcq-question-on-generics-in-java/?page=3,
Java,generics in java,"In Java, what is the result of the expression `List list = new ArrayList<>();`?",It creates a list of objects,Compilation error,Runtime error,It creates a list of strings,D,,medium,web:Examveda.com https://www.examveda.com/java-program/practice-mcq-question-on-generics-in-java/?page=3,
Java,generics in java,Which of these instance cannot be created?,Integer instance,Generic class instance,Generic type instance,Collection instances,C,,medium,web:Examveda.com https://www.examveda.com/java-program/practice-mcq-question-on-generics-in-java/?page=4,
Java,generics in java,"What will be the output of the following Java program? 
import java.util.*;
class Output
{
 public static double sumOfList(List<? extends Number> list) 
 {
 double s = 0.0;
 for (Number n : list)
 s += n.doubleValue();
 return s;
 }
 public static void main(String args[])
 {
 List<Double> ld = Arrays.asList(1.2, 2.3, 3.5);
 System.out.println(sumOfList(ld));
 }
}",5.0,7.0,8.0,6.0,B,,medium,web:Examveda.com https://www.examveda.com/java-program/practice-mcq-question-on-generics-in-java/?page=4,
Java,generics in java,Which of these data type cannot be type parameterized?,Array,List,Map,Set,A,,medium,web:Examveda.com https://www.examveda.com/java-program/practice-mcq-question-on-generics-in-java/?page=4,
Java,generics in java,What are generic methods?,Generic methods are the methods defined in a generic class,Generic methods are the methods that extend generic class methods,Generic methods are methods that introduce their own type parameters,Generic methods are methods that take void parameters,C,,medium,web:Examveda.com https://www.examveda.com/java-program/practice-mcq-question-on-generics-in-java/?page=4,
Java,generics in java,"What will be the output of the following Java program? 
import java.util.*;
public class genericstack <E>
{
 Stack <E> stk = new Stack <E>();
public void push(E obj)
 {
 stk.push(obj);
}
 public E pop()
 {
 E obj = stk.pop();
 return obj;
}
}
class Output
{
 public static void main(String args[])
 {
 genericstack <Integer> gs = new genericstack<Integer>();
 gs.push(36);
 System.out.println(gs.pop());
 }
}",0,36,Runtime Error,Compilation Error,B,,medium,web:Examveda.com https://www.examveda.com/java-program/practice-mcq-question-on-generics-in-java/?page=4,
Java,generics in java,Which of these Exception handlers cannot be type parameterized?,catch,throw,throws,all of the mentioned,D,,medium,web:Examveda.com https://www.examveda.com/java-program/practice-mcq-question-on-generics-in-java/?page=4,
Java,generics in java,"What will be the output of the following Java program? 
import java.util.*;
public class genericstack <E>
{
 Stack <E> stk = new Stack <E>();
 public void push(E obj)
 {
 stk.push(obj);
}
public E pop()
 {
 E obj = stk.pop();
 return obj;
}
}
class Output 
{
 public static void main(String args[]) 
 {
 genericstack <String> gs = new genericstack<String>();
 gs.push(""Hello"");
 System.out.print(gs.pop() + "" "");
 genericstack <Integer> gs = new genericstack<Integer>();
 gs.push(36);
 System.out.println(gs.pop());
 }
}",Error,Hello,36,Hello 36,D,,medium,web:Examveda.com https://www.examveda.com/java-program/practice-mcq-question-on-generics-in-java/?page=4,
Java,generics in java,"What will be the output of the following Java code? 
import java.util.*;
public class genericstack <E>
{
 Stack <E> stk = new Stack <E>();
public void push(E obj)
 {
 stk.push(obj);
}
public E pop()
 {
 E obj = stk.pop();
 return obj;
}
}
class Output
{
 public static void main(String args[])
 {
 genericstack <String> gs = new genericstack<String>();
 gs.push(""Hello"");
 System.out.print(gs.pop() + "" "");
 genericstack <Integer> gs = new genericstack<Integer>();
 gs.push(36);
 System.out.println(gs.pop());
 }
}",Error,Hello,36,Hello 36,D,,medium,web:Examveda.com https://www.examveda.com/java-program/practice-mcq-question-on-generics-in-java/?page=4,
Java,generics in java,Which of these keywords is used to upper bound a wildcard?,stop,bound,extends,implements,C,,medium,web:Examveda.com https://www.examveda.com/java-program/practice-mcq-question-on-generics-in-java/?page=4,
Java,generics in java,Which of these is wildcard symbol?,?,!,%,&,A,,medium,web:Examveda.com https://www.examveda.com/java-program/practice-mcq-question-on-generics-in-java/?page=5,
Java,generics in java,"What will be the output of the following Java program? 
import java.util.*;
class Output
{
 public static void addNumbers(List<? super Integer> list)
 {
 for (int i = 1; i <= 10; i++)
 {
 list.add(i);
 }
 }
 public static void main(String args[])
 {
 List<Double> ld = Arrays.asList();
 addnumbers(10.4);
 System.out.println(""getList(2)"");
 }
}",1,2,3,6,A,,medium,web:Examveda.com https://www.examveda.com/java-program/practice-mcq-question-on-generics-in-java/?page=5,
Java,generics in java,Which of these is an correct way making a list that is upper bounded by class Number?,List<? extends Number>,List<extends ? Number>,List(? extends Number),List(? UpperBounds Number),A,,medium,web:Examveda.com https://www.examveda.com/java-program/practice-mcq-question-on-generics-in-java/?page=5,
Java,generics in java,"What will be the output of the following Java program? 
public class BoxDemo
{
 public static <U> void addBox(U u, 
 java.util.List<Box<U>> boxes)
 {
 Box<U> box = new Box<>();
 box.set(u);
 boxes.add(box);
 }
 public static <U> void outputBoxes(java.util.List<Box<U>> boxes)
 {
 int counter = 0;
 for (Box<U> box: boxes)
 {
 U boxContents = box.get();
 System.out.println(""Box #"" + counter + "" contains ["" + boxContents.toString() + ""]"");
 counter++;
 }
 }
 public static void main(String[] args)
 {
 java.util.ArrayList<Box<Integer>> listOfIntegerBoxes = new java.util.ArrayList<>();
 BoxDemo.<Integer>addBox(Integer.valueOf(10), listOfIntegerBoxes);
 BoxDemo.outputBoxes(listOfIntegerBoxes);
 }
}",10,Box #0 [10],Box contains [10],Box #0 contains [10],D,,medium,web:Examveda.com https://www.examveda.com/java-program/practice-mcq-question-on-generics-in-java/?page=5,
Java,generics in java,"What will be the output of the following Java code? 
import java.util.*;
public class genericstack <E>
{
 Stack <E> stk = new Stack <E>();
public void push(E obj)
 {
 stk.push(obj);
}
public E pop()
 {
 E obj = stk.pop();
 return obj;
}
}
class Output
{
 public static void main(String args[])
 {
 genericstack <Integer> gs = new genericstack<Integer>();
 gs.push(36);
 System.out.println(gs.pop());
 }
}",0,36,Runtime Error,Compilation Error,B,,medium,web:Examveda.com https://www.examveda.com/java-program/practice-mcq-question-on-generics-in-java/?page=5,
Java,generics in java,Which of these type parameters is used for a generic methods to return and accept a number?,K,N,T,V,B,,medium,web:Examveda.com https://www.examveda.com/java-program/practice-mcq-question-on-generics-in-java/?page=5,
Java,generics in java,Which of the following cannot be Type parameterized?,Overloaded Methods,Generic methods,Class methods,Overriding methods,C,"Generics in Java are tied to the type of objects, meaning they work at the instance level. 
Static methods belong to the class itself and are shared across all instances. 
Since generics are resolved at the object level, type parameters cannot be directly used within static methods. 

Why the other options are incorrect: 

 Option A: Overloaded Methods 
 Overloaded methods can have different generic type parameters. 
 The compiler can differentiate them based on their method signatures, making generic type parameters valid for overloaded methods. 

 Option B: Generic methods 
 Generic methods explicitly use type parameters, and this is a common and valid usage of generics in Java. 

 Option D: Overriding methods 
 Methods with generic type parameters can be overridden. 
 The overridden method must respect the same type parameter or use a wildcard (?).",medium,web:Examveda.com https://www.examveda.com/java-program/practice-mcq-question-on-generics-in-java/?page=5,
Java,generics in java,"What will be the output of the following Java program? 
import java.util.*;
class Output
{
 public static double sumOfList(List<? extends Number> list)
 {
 double s = 0.0;
 for (Number n : list)
 s += n.doubleValue();
 return s;
 }
 public static void main(String args[])
 {
 List<Integer> li = Arrays.asList(1, 2, 3);
 System.out.println(sumOfList(li));
 }
}",0,4,5.0,6.0,D,,medium,web:Examveda.com https://www.examveda.com/java-program/practice-mcq-question-on-generics-in-java/?page=5,
Java,generics in java,Which of the following allows us to call generic methods as a normal method?,Type Interface,Interface,Inner class,All of the mentioned,A,,medium,web:Examveda.com https://www.examveda.com/java-program/practice-mcq-question-on-generics-in-java/?page=6,
Java,generics in java,"What will be the output of the following Java program? 
import java.util.*;
public class genericstack <E>
{
 Stack stk = new Stack <E>();
public void push(E obj) 
 {
 stk.push(obj);
}
public E pop() 
 {
 E obj = stk.pop();
 return obj;
}
}
class Output
{
 public static void main(String args[])
 {
 genericstack <String> gs = new genericstack();
 gs.push(""Hello"");
 System.out.println(gs.pop());
 }
}",H,Hello,Runtime Error,Compilation Error,B,,medium,web:Examveda.com https://www.examveda.com/java-program/practice-mcq-question-on-generics-in-java/?page=6,
Java,generics in java,Which of these type parameters is used for a generic methods to return and accept any type of object?,K,N,T,V,C,,medium,web:Examveda.com https://www.examveda.com/java-program/practice-mcq-question-on-generics-in-java/?page=6,
Java,generics in java,Which of the following keywords are used for lower bounding a wild card?,extends,super,class,lower,B,,medium,web:Examveda.com https://www.examveda.com/java-program/practice-mcq-question-on-generics-in-java/?page=6,
Java,generics in java,What is use of wildcards?,It is used in cases when type being operated upon is not known,It is used to make code more readable,It is used to access members of super class,It is used for type argument of generic method,A,,medium,web:Examveda.com https://www.examveda.com/java-program/practice-mcq-question-on-generics-in-java/?page=6,
Java,generics in java,Which of these types cannot be used to initiate a generic type?,Integer class,Float class,Primitive Types,Collections,C,,medium,web:Examveda.com https://www.examveda.com/java-program/practice-mcq-question-on-generics-in-java/?page=6,
Java,generics in java,"What will be the output of the following Java code? 
import java.util.*;
public class genericstack <E>
{
 Stack <E> stk = new Stack <E>();
public void push(E obj) 
 {
 stk.push(obj);
}
public E pop()
 {
 E obj = stk.pop();
 return obj;
}
}
class Output
{
 public static void main(String args[])
 {
 genericstack <String> gs = new genericstack<String>();
 gs.push(""Hello"");
 System.out.println(gs.pop());
 }
}",H,Hello,Runtime Error,Compilation Error,B,,medium,web:Examveda.com https://www.examveda.com/java-program/practice-mcq-question-on-generics-in-java/?page=6,
Java,generics in java,Which of these is an correct way of defining generic method?,"<T1, T2, ..., Tn> name(T1, T2, ..., Tn) { /* ... */ }","public <T1, T2, ..., Tn> name<T1, T2, ..., Tn> { /* ... */ }","class <T1, T2, ..., Tn> name[T1, T2, ..., Tn] { /* ... */ }","<T1, T2, ..., Tn> name{T1, T2, ..., Tn} { /* ... */ }",B,,medium,web:Examveda.com https://www.examveda.com/java-program/practice-mcq-question-on-generics-in-java/?page=7,
Java,java beans and jdbc,What is a JavaBean in Java?,A reusable software component that follows specific conventions,A type of coffee bean,A Java class used for file I/O,A Java keyword,A,,medium,web:Examveda.com https://www.examveda.com/java-program/practice-mcq-question-on-java-beans-and-jdbc/,
Java,java beans and jdbc,Which file extension is commonly used for JavaBean files?,`.bean`,`.jar`,`.class`,`.java`,D,,medium,web:Examveda.com https://www.examveda.com/java-program/practice-mcq-question-on-java-beans-and-jdbc/,
Java,java beans and jdbc,"In JavaBeans, what is the purpose of the getter method?",To set the value of a property,To create a new instance of a bean,To retrieve the value of a property,To execute a SQL query,C,,medium,web:Examveda.com https://www.examveda.com/java-program/practice-mcq-question-on-java-beans-and-jdbc/,
Java,java beans and jdbc,What is the role of the `javabeans.Introspector` class in JavaBeans?,It represents a JavaBean interface,"It allows you to examine the properties, events, and methods of a bean",It handles database connections,None of These,B,,medium,web:Examveda.com https://www.examveda.com/java-program/practice-mcq-question-on-java-beans-and-jdbc/,
Java,java beans and jdbc,Which of the following is a valid property name for a JavaBean?,`@property`,`customerName`,`user_name`,`123property`,C,,medium,web:Examveda.com https://www.examveda.com/java-program/practice-mcq-question-on-java-beans-and-jdbc/,
Java,java beans and jdbc,What is JDBC in Java?,Java Data Binding and Conversion,Java Development Kit for Beans,Java Design for Concurrent programming,"Java Database Connectivity, a Java API for database access",D,,medium,web:Examveda.com https://www.examveda.com/java-program/practice-mcq-question-on-java-beans-and-jdbc/,
Java,java beans and jdbc,Which Java package contains the JDBC classes and interfaces?,`java.sql`,`java.beans`,`java.jdbc`,`java.db`,A,,medium,web:Examveda.com https://www.examveda.com/java-program/practice-mcq-question-on-java-beans-and-jdbc/,
Java,java beans and jdbc,What is the purpose of the JDBC `DriverManager` class?,To manage JavaBeans properties,To manage event handling in Java,To manage the JavaBean lifecycle,To manage a list of database drivers,D,,medium,web:Examveda.com https://www.examveda.com/java-program/practice-mcq-question-on-java-beans-and-jdbc/,
Java,java beans and jdbc,What does the JDBC `Connection` interface represent?,A connection to the internet,A connection to a remote server,A connection to a database,A connection to a JavaBean,C,,medium,web:Examveda.com https://www.examveda.com/java-program/practice-mcq-question-on-java-beans-and-jdbc/,
Java,java beans and jdbc,Which of the following is NOT a valid JDBC driver type?,`Type 3`,`Type 1`,`Type 4`,None of These,B,,medium,web:Examveda.com https://www.examveda.com/java-program/practice-mcq-question-on-java-beans-and-jdbc/,
Java,java beans and jdbc,What is the purpose of the JDBC `PreparedStatement` interface?,To create a JavaBean,To manage JDBC drivers,To execute parameterized SQL queries,To establish a connection to a database,C,,medium,web:Examveda.com https://www.examveda.com/java-program/practice-mcq-question-on-java-beans-and-jdbc/?page=2,
Java,java beans and jdbc,"In JDBC, what is the purpose of the `ResultSet` interface?",To manage the database connection,To update the database schema,To create a new table in the database,To represent the result set of a database query,D,,medium,web:Examveda.com https://www.examveda.com/java-program/practice-mcq-question-on-java-beans-and-jdbc/?page=2,
Java,java beans and jdbc,What is the primary role of a JDBC `DataSource`?,To provide a pooled connection to the database,To define JavaBean properties,To execute SQL queries,To create JavaBeans,A,,medium,web:Examveda.com https://www.examveda.com/java-program/practice-mcq-question-on-java-beans-and-jdbc/?page=2,
Java,java beans and jdbc,Which of the following statements is true about JDBC transactions?,JDBC transactions are used to store images,JDBC transactions are not supported in Java,JDBC transactions are used for creating JavaBeans,JDBC transactions are used to ensure data consistency in a database,D,,medium,web:Examveda.com https://www.examveda.com/java-program/practice-mcq-question-on-java-beans-and-jdbc/?page=2,
Java,java beans and jdbc,What is the role of the `java.sql.DriverManager` class in JDBC?,To manage JavaBeans lifecycle,To create new databases,To manage database drivers and establish database connections,To manage JavaBeans properties,C,,medium,web:Examveda.com https://www.examveda.com/java-program/practice-mcq-question-on-java-beans-and-jdbc/?page=2,
Java,java beans and jdbc,What is the role of the JDBC `Statement` interface?,To manage JavaBean events,To execute SQL queries against a database,To create JavaBeans,None of These,B,,medium,web:Examveda.com https://www.examveda.com/java-program/practice-mcq-question-on-java-beans-and-jdbc/?page=2,
Java,java beans and jdbc,Which of the following statements is true about JDBC `ResultSetMetaData`?,It represents a database connection,It is used for JavaBeans properties,It provides information about the columns in a `ResultSet`,It executes SQL queries,C,,medium,web:Examveda.com https://www.examveda.com/java-program/practice-mcq-question-on-java-beans-and-jdbc/?page=2,
Java,java beans and jdbc,What is the purpose of the JDBC `CallableStatement` interface?,To manage JavaBean properties,To create custom exceptions,To execute SQL queries,To execute stored procedures in a database,D,,medium,web:Examveda.com https://www.examveda.com/java-program/practice-mcq-question-on-java-beans-and-jdbc/?page=2,
Java,java beans and jdbc,"In JDBC, what is a database connection pool?",A pool of pre-established database connections,A pool of JavaBean instances,A pool of Java classes,A pool of database tables,A,,medium,web:Examveda.com https://www.examveda.com/java-program/practice-mcq-question-on-java-beans-and-jdbc/?page=2,
Java,java beans and jdbc,Which of the following is NOT a valid method to close a JDBC `Connection`?,`commit()`,`rollback()`,`shutdown()`,`close()`,D,,medium,web:Examveda.com https://www.examveda.com/java-program/practice-mcq-question-on-java-beans-and-jdbc/?page=2,
Java,java beans and jdbc,What is the purpose of the JDBC `Batch` processing feature?,To manage JavaBean lifecycle,To create JavaBean properties,To execute multiple SQL statements as a batch,To establish database connections,C,,medium,web:Examveda.com https://www.examveda.com/java-program/practice-mcq-question-on-java-beans-and-jdbc/?page=3,
Java,java beans and jdbc,Which SQL statement is used to insert data into a database table in JDBC?,`DELETE FROM`,`INSERT INTO`,`SELECT`,None of These,B,,medium,web:Examveda.com https://www.examveda.com/java-program/practice-mcq-question-on-java-beans-and-jdbc/?page=3,
Java,java beans and jdbc,"In JDBC, what is the primary purpose of the `Driver` interface?",To create JavaBeans,To execute SQL queries,To define the contract for database drivers,To define JavaBean properties,C,,medium,web:Examveda.com https://www.examveda.com/java-program/practice-mcq-question-on-java-beans-and-jdbc/?page=3,
Java,java beans and jdbc,Which of the following is NOT a valid method to execute an SQL query in JDBC?,`executeUpdate()`,`execute()`,`executeBatch()`,`executeQuery()`,C,"executeUpdate(): This method is used to execute SQL statements that update the database, such as INSERT, UPDATE, or DELETE statements. It returns an integer representing the number of rows affected by the query. 
execute(): This method can be used to execute any SQL statement, and it returns a boolean. The returned value is true if the result is a ResultSet object; otherwise, it returns false. 
executeBatch(): This method is used to execute a batch of SQL statements. It sends multiple SQL statements to the database for execution as a batch and returns an array of update counts. It is not used to execute a single SQL query. 
executeQuery(): This method is used to execute SQL queries that retrieve data from the database, such as SELECT statements. It returns a ResultSet object containing the data produced by the query. 
Therefore, executeBatch() is not a valid method to execute a single SQ",medium,web:Examveda.com https://www.examveda.com/java-program/practice-mcq-question-on-java-beans-and-jdbc/?page=3,
Java,java beans and jdbc,"In JDBC, what is the purpose of the `java.sql.SQLException` class?",To handle database-related exceptions,To manage JavaBean properties,To execute SQL queries,To create JavaBeans,A,,medium,web:Examveda.com https://www.examveda.com/java-program/practice-mcq-question-on-java-beans-and-jdbc/?page=3,
Java,java beans and jdbc,What is the primary role of the JDBC `ConnectionPoolDataSource` interface?,To execute SQL queries,To manage JavaBean events,To define JavaBean properties,To provide a connection pool for JDBC,D,,medium,web:Examveda.com https://www.examveda.com/java-program/practice-mcq-question-on-java-beans-and-jdbc/?page=3,
Java,java beans and jdbc,Which of the following is a valid way to handle exceptions in JDBC?,Using JavaBeans to handle exceptions,Using `throws` statements in SQL queries,Using try-catch blocks to catch `SQLException`,Using `break` statements in SQL queries,C,,medium,web:Examveda.com https://www.examveda.com/java-program/practice-mcq-question-on-java-beans-and-jdbc/?page=3,
Java,java beans and jdbc,What is the primary purpose of the JDBC `RowSet` interface?,To manage JavaBean lifecycle,To represent a set of rows from a database,To execute SQL queries,None of These,B,,medium,web:Examveda.com https://www.examveda.com/java-program/practice-mcq-question-on-java-beans-and-jdbc/?page=3,
Java,java beans and jdbc,"In JDBC, what is the purpose of the `java.sql.SQLWarning` class?",To create JavaBeans,To execute SQL queries,To provide warnings about database operations,To define JavaBean properties,C,,medium,web:Examveda.com https://www.examveda.com/java-program/practice-mcq-question-on-java-beans-and-jdbc/?page=3,
Java,java beans and jdbc,Which of the following is a valid method to retrieve data from a JDBC `ResultSet`?,`setInt(String columnName)`,`updateRow(int rowIndex)`,`executeQuery()`,`getString(int columnIndex)`,D,,medium,web:Examveda.com https://www.examveda.com/java-program/practice-mcq-question-on-java-beans-and-jdbc/?page=3,
Java,java beans and jdbc,Which design pattern works on data and action taken based on data provided?,Command pattern,Singleton pattern,MVC pattern,Facade pattern,A,,medium,web:Examveda.com https://www.examveda.com/java-program/practice-mcq-question-on-java-beans-and-jdbc/?page=4,
Java,java beans and jdbc,Which of the following is used to limit the number of rows returned?,setMaxRows(int i),setMinRows(int i),getMaxrows(int i),getMinRows(int i),A,,medium,web:Examveda.com https://www.examveda.com/java-program/practice-mcq-question-on-java-beans-and-jdbc/?page=4,
Java,java beans and jdbc,How to specify autowiring by name?,@Qualifier,@Type,@Constructor,@Name,A,,medium,web:Examveda.com https://www.examveda.com/java-program/practice-mcq-question-on-java-beans-and-jdbc/?page=4,
Java,java beans and jdbc,Which design pattern provides a single class which provides simplified methods required by client and delegates call to those methods?,Adapter pattern,Builder pattern,Facade pattern,Prototype pattern,C,,medium,web:Examveda.com https://www.examveda.com/java-program/practice-mcq-question-on-java-beans-and-jdbc/?page=4,
Java,java beans and jdbc,Which of the following contains both date and time?,java.io.date,java.sql.date,java.util.date,java.util.dateTime,D,,medium,web:Examveda.com https://www.examveda.com/java-program/practice-mcq-question-on-java-beans-and-jdbc/?page=4,
Java,java beans and jdbc,Which of the following is not a JDBC connection isolation levels?,TRANSACTION_NONE,TRANSACTION_READ_COMMITTED,TRANSACTION_REPEATABLE_READ,TRANSACTION_NONREPEATABLE_READ,D,,medium,web:Examveda.com https://www.examveda.com/java-program/practice-mcq-question-on-java-beans-and-jdbc/?page=4,
Java,java beans and jdbc,What is the attribute of java bean to specify scope of bean to have single instance per Spring IOC?,prototype,singleton,request,session,B,,medium,web:Examveda.com https://www.examveda.com/java-program/practice-mcq-question-on-java-beans-and-jdbc/?page=4,
Java,java beans and jdbc,Which attribute is used to specify destroy method?,destroy,destroy-method,destruction,destruction-method,B,,medium,web:Examveda.com https://www.examveda.com/java-program/practice-mcq-question-on-java-beans-and-jdbc/?page=4,
Java,java beans and jdbc,Which of the below author is not a part of GOF (Gang of Four)?,Erich Gamma,Gang Pattern,Richard Helm,Ralph Johnson,B,,medium,web:Examveda.com https://www.examveda.com/java-program/practice-mcq-question-on-java-beans-and-jdbc/?page=4,
Java,java beans and jdbc,Which design pattern ensures that only one object of particular class gets created?,Singleton pattern,Filter pattern,State pattern,Bridge pattern,A,,medium,web:Examveda.com https://www.examveda.com/java-program/practice-mcq-question-on-java-beans-and-jdbc/?page=5,
Java,java beans and jdbc,Which of the following is used to call stored procedure?,Statement,PreparedStatement,CallableStatment,CalledStatement,C,,medium,web:Examveda.com https://www.examveda.com/java-program/practice-mcq-question-on-java-beans-and-jdbc/?page=5,
Java,java beans and jdbc,Which of the following is correct error when loading JAR file with duplicate name?,java.io.NullPointerException,java.lang.ClassNotFound,java.lang.ClassFormatError,java.lang.DuplicateClassError,C,,medium,web:Examveda.com https://www.examveda.com/java-program/practice-mcq-question-on-java-beans-and-jdbc/?page=5,
Java,java beans and jdbc,Which of the below is not a valid classification of design pattern?,Creational patterns,Structural patterns,Behavioural patterns,Java patterns,D,,medium,web:Examveda.com https://www.examveda.com/java-program/practice-mcq-question-on-java-beans-and-jdbc/?page=5,
Java,java beans and jdbc,Which attribute is used to specify initialization method?,init,init-method,initialization,initialization-method,B,,medium,web:Examveda.com https://www.examveda.com/java-program/practice-mcq-question-on-java-beans-and-jdbc/?page=5,
Java,java beans and jdbc,Which of the following is advantage of using PreparedStatement in Java?,Slow performance,Encourages SQL injection,Prevents SQL injection,More memory usage,C,,medium,web:Examveda.com https://www.examveda.com/java-program/practice-mcq-question-on-java-beans-and-jdbc/?page=5,
Java,java beans and jdbc,Which of the below is not a valid design pattern?,Singleton,Factory,Command,Java,D,,medium,web:Examveda.com https://www.examveda.com/java-program/practice-mcq-question-on-java-beans-and-jdbc/?page=5,
Java,java beans and jdbc,Which of the following is not an Enterprise Beans type?,Doubleton,Singleton,Stateful,Stateless,A,,medium,web:Examveda.com https://www.examveda.com/java-program/practice-mcq-question-on-java-beans-and-jdbc/?page=5,
Java,java beans and jdbc,Which of the following is not a feature of Beans?,Introspection,Events,Persistence,Serialization,D,,medium,web:Examveda.com https://www.examveda.com/java-program/practice-mcq-question-on-java-beans-and-jdbc/?page=5,
Java,java beans and jdbc,Which of the following is method of JDBC batch process?,setBatch(),deleteBatch(),removeBatch(),addBatch(),D,,medium,web:Examveda.com https://www.examveda.com/java-program/practice-mcq-question-on-java-beans-and-jdbc/?page=6,
Java,java beans and jdbc,Which of the following is advantage of using JDBC connection pool?,Slow performance,Using more memory,Using less memory,Better performance,D,,medium,web:Examveda.com https://www.examveda.com/java-program/practice-mcq-question-on-java-beans-and-jdbc/?page=6,
Java,java beans and jdbc,What does MVC pattern stands for?,Mock View Control,Model view Controller,Mock View Class,Model View Class,B,,medium,web:Examveda.com https://www.examveda.com/java-program/practice-mcq-question-on-java-beans-and-jdbc/?page=6,
Java,java beans and jdbc,Which design pattern represents a way to access all the objects in a collection?,Iterator pattern,Facade pattern,Builder pattern,Bridge pattern,A,,medium,web:Examveda.com https://www.examveda.com/java-program/practice-mcq-question-on-java-beans-and-jdbc/?page=6,
Java,java beans and jdbc,Which design pattern suggests multiple classes through which request is passed and multiple but only relevant classes carry out operations on the request?,Singleton pattern,Chain of responsibility pattern,State pattern,Bridge pattern,B,,medium,web:Examveda.com https://www.examveda.com/java-program/practice-mcq-question-on-java-beans-and-jdbc/?page=6,
Java,java beans and jdbc,Which of the following is not true about Java beans?,Implements java.io.Serializable interface,Extends java.io.Serializable class,Provides no argument constructor,Provides setter and getter methods for its properties,B,,medium,web:Examveda.com https://www.examveda.com/java-program/practice-mcq-question-on-java-beans-and-jdbc/?page=6,
Java,java beans and jdbc,Which of the following is used to rollback a JDBC transaction?,rollback(),rollforward(),deleteTransaction(),RemoveTransaction(),A,,medium,web:Examveda.com https://www.examveda.com/java-program/practice-mcq-question-on-java-beans-and-jdbc/?page=6,
Java,java beans and jdbc,What does setAutoCommit(false) do?,commits transaction after each query,explicitly commits transaction,does not commit transaction automatically after each query,never commits transaction,C,,medium,web:Examveda.com https://www.examveda.com/java-program/practice-mcq-question-on-java-beans-and-jdbc/?page=6,
Java,java beans and jdbc,Which file separator should be used by MANIFEST file?,/,\,-,//,A,,medium,web:Examveda.com https://www.examveda.com/java-program/practice-mcq-question-on-java-beans-and-jdbc/?page=6,
Java,java beans and jdbc,Which one of the following contains date information?,java.sql.TimeStamp,java.sql.Time,java.io.Time,java.io.TimeStamp,A,,medium,web:Examveda.com https://www.examveda.com/java-program/practice-mcq-question-on-java-beans-and-jdbc/?page=6,
Java,java server and servlet,What is a servlet in Java?,A Java program that runs on the server to handle client requests,A type of coffee bean,A Java class used for file I/O,A Java keyword,A,,medium,web:Examveda.com https://www.examveda.com/java-program/practice-mcq-question-on-java-server-and-servlet/,
Java,java server and servlet,Which of the following is a valid method in the `HttpServlet` class in Java?,`handleRequest()`,`runServlet()`,`execute()`,`doGet()`,D,,medium,web:Examveda.com https://www.examveda.com/java-program/practice-mcq-question-on-java-server-and-servlet/,
Java,java server and servlet,What is the purpose of the `web.xml` file in a Java web application?,To define JavaBean properties,To execute SQL queries,To configure servlet mappings and other web application settings,To create JavaBeans,C,,medium,web:Examveda.com https://www.examveda.com/java-program/practice-mcq-question-on-java-server-and-servlet/,
Java,java server and servlet,"In Java Servlets, what is the purpose of the `HttpServletRequest` object?",To create JavaBean properties,To encapsulate the client's request information,To manage JavaBean events,None of These,B,,medium,web:Examveda.com https://www.examveda.com/java-program/practice-mcq-question-on-java-server-and-servlet/,
Java,java server and servlet,Which of the following is true about session management in Java Servlets?,Sessions are managed using SQL queries,Sessions are not supported in Java Servlets,Sessions can be maintained using cookies or URL rewriting,Sessions can only be managed using cookies,C,,medium,web:Examveda.com https://www.examveda.com/java-program/practice-mcq-question-on-java-server-and-servlet/,
Java,java server and servlet,What is the role of the `HttpServletResponse` object in Java Servlets?,To execute SQL queries,To create JavaBeans,To manage JavaBean properties,To encapsulate the response sent to the client,D,,medium,web:Examveda.com https://www.examveda.com/java-program/practice-mcq-question-on-java-server-and-servlet/,
Java,java server and servlet,Which HTTP method is typically used for retrieving data from a server in Java Servlets?,`GET`,`POST`,`PUT`,`DELETE`,A,,medium,web:Examveda.com https://www.examveda.com/java-program/practice-mcq-question-on-java-server-and-servlet/,
Java,java server and servlet,"In Java Servlets, what is the purpose of the `ServletContext` object?",To execute SQL queries,To manage JavaBean lifecycle,To define JavaBean properties,To provide access to application-wide resources,D,,medium,web:Examveda.com https://www.examveda.com/java-program/practice-mcq-question-on-java-server-and-servlet/,
Java,java server and servlet,What is the purpose of the `doPost()` method in Java Servlets?,To handle HTTP GET requests,To define JavaBean properties,To handle HTTP POST requests,To manage JavaBean events,C,,medium,web:Examveda.com https://www.examveda.com/java-program/practice-mcq-question-on-java-server-and-servlet/,
Java,java server and servlet,"In Java Servlets, what is the primary function of the `RequestDispatcher` interface?",To manage JavaBean properties,To forward a request from one servlet to another,To execute SQL queries,None of These,B,,medium,web:Examveda.com https://www.examveda.com/java-program/practice-mcq-question-on-java-server-and-servlet/,
Java,java server and servlet,What is the role of the `init()` method in Java Servlets?,To handle HTTP requests,To create JavaBean properties,To initialize the servlet,To define JavaBean lifecycle,C,,medium,web:Examveda.com https://www.examveda.com/java-program/practice-mcq-question-on-java-server-and-servlet/?page=2,
Java,java server and servlet,"Which of the following is true about servlet containers (e.g., Tomcat)?",They are used for creating JavaBeans,They are responsible for executing SQL queries,They handle JavaBean properties,They manage the lifecycle of servlets,D,,medium,web:Examveda.com https://www.examveda.com/java-program/practice-mcq-question-on-java-server-and-servlet/?page=2,
Java,java server and servlet,"What does the term ""URL mapping"" refer to in Java Servlets?",Associating a URL pattern with a servlet,Mapping a URL to a JavaBean,Mapping a URL to a database table,Mapping a URL to a Java class,A,,medium,web:Examveda.com https://www.examveda.com/java-program/practice-mcq-question-on-java-server-and-servlet/?page=2,
Java,java server and servlet,Which of the following is NOT a standard HTTP status code in Java Servlets?,`500 Internal Server Error`,`403 Forbidden`,`200 OK`,`404 Not Found`,D,,medium,web:Examveda.com https://www.examveda.com/java-program/practice-mcq-question-on-java-server-and-servlet/?page=2,
Java,java server and servlet,What is the purpose of the `web.xml` `` element in a Java web application?,To define JavaBean properties,To execute SQL queries,To map a URL pattern to a servlet,To create JavaBeans,C,,medium,web:Examveda.com https://www.examveda.com/java-program/practice-mcq-question-on-java-server-and-servlet/?page=2,
Java,java server and servlet,What is a servlet container in Java web applications?,A database for JavaBeans,Software that manages the execution of servlets,A Java keyword,None of These,B,,medium,web:Examveda.com https://www.examveda.com/java-program/practice-mcq-question-on-java-server-and-servlet/?page=2,
Java,java server and servlet,"In Java Servlets, what is the purpose of the `doFilter()` method in the `Filter` interface?",To create JavaBeans,To execute SQL queries,To perform filtering tasks on requests and responses,To define JavaBean properties,C,,medium,web:Examveda.com https://www.examveda.com/java-program/practice-mcq-question-on-java-server-and-servlet/?page=2,
Java,java server and servlet,What is the purpose of the `context-param` element in the `web.xml` file of a Java web application?,To define JavaBean properties,To execute SQL queries,To create JavaBeans,To define context-specific parameters,D,,medium,web:Examveda.com https://www.examveda.com/java-program/practice-mcq-question-on-java-server-and-servlet/?page=2,
Java,java server and servlet,Which Java package contains the core classes and interfaces for servlets?,`javax.servlet`,`java.beans`,`java.jdbc`,`java.db`,A,,medium,web:Examveda.com https://www.examveda.com/java-program/practice-mcq-question-on-java-server-and-servlet/?page=2,
Java,java server and servlet,What is the role of the `HttpSession` interface in Java Servlets?,To create JavaBeans,To execute SQL queries,To define JavaBean properties,To provide session management capabilities,D,,medium,web:Examveda.com https://www.examveda.com/java-program/practice-mcq-question-on-java-server-and-servlet/?page=2,
Java,java server and servlet,Which HTTP method is used for updating data on the server in Java Servlets?,`GET`,`PUT`,`POST`,`DELETE`,C,,medium,web:Examveda.com https://www.examveda.com/java-program/practice-mcq-question-on-java-server-and-servlet/?page=3,
Java,java server and servlet,"In Java Servlets, what is the purpose of the `HttpServletRequestWrapper` class?",To manage JavaBean events,To wrap an existing `HttpServletRequest`,To execute SQL queries,None of These,B,,medium,web:Examveda.com https://www.examveda.com/java-program/practice-mcq-question-on-java-server-and-servlet/?page=3,
Java,java server and servlet,What is the purpose of the `init-param` element in the `web.xml` file of a Java web application?,To create JavaBeans,To execute SQL queries,To define initialization parameters for a servlet,To define JavaBean properties,C,,medium,web:Examveda.com https://www.examveda.com/java-program/practice-mcq-question-on-java-server-and-servlet/?page=3,
Java,java server and servlet,Which of the following is true about session tracking in Java Servlets?,Sessions can only be tracked using cookies,Sessions are not supported in Java Servlets,Sessions are tracked using SQL queries,"Sessions can be tracked using cookies, URL rewriting, and hidden form fields",D,,medium,web:Examveda.com https://www.examveda.com/java-program/practice-mcq-question-on-java-server-and-servlet/?page=3,
Java,java server and servlet,"In Java Servlets, what is the purpose of the `HttpServletResponseWrapper` class?",To wrap an existing `HttpServletResponse`,To create JavaBeans,To manage JavaBean properties,To execute SQL queries,A,,medium,web:Examveda.com https://www.examveda.com/java-program/practice-mcq-question-on-java-server-and-servlet/?page=3,
Java,java server and servlet,What is the primary function of the `destroy()` method in Java Servlets?,To handle HTTP requests,To create JavaBean properties,To define JavaBean lifecycle,To clean up resources and finalize the servlet,D,,medium,web:Examveda.com https://www.examveda.com/java-program/practice-mcq-question-on-java-server-and-servlet/?page=3,
Java,java server and servlet,"What does the term ""servlet context"" refer to in Java Servlets?",The context in which JavaBean properties are defined,The context in which SQL queries are executed,The environment in which a servlet runs,The context in which JavaBeans are created,C,,medium,web:Examveda.com https://www.examveda.com/java-program/practice-mcq-question-on-java-server-and-servlet/?page=3,
Java,java server and servlet,"In Java Servlets, what is the purpose of the `javax.servlet.Filter` interface?",To define JavaBean properties,To execute SQL queries,To create JavaBeans,To perform filtering tasks on requests and responses,D,,medium,web:Examveda.com https://www.examveda.com/java-program/practice-mcq-question-on-java-server-and-servlet/?page=3,
Java,java server and servlet,Which part stores the program arguments and startup parameters?,debug configuration,run configuration,launch configuration,project configuration,C,,medium,web:Examveda.com https://www.examveda.com/java-program/practice-mcq-question-on-java-server-and-servlet/?page=4,
Java,java server and servlet,What is the storage capacity of single cookie?,2048 MB,2048 bytes,4095 bytes,4095 MB,C,,medium,web:Examveda.com https://www.examveda.com/java-program/practice-mcq-question-on-java-server-and-servlet/?page=4,
Java,java server and servlet,Which of the following code is used to get an attribute in a HTTP Session object in servlets?,session.getAttribute(String name),session.alterAttribute(String name),session.updateAttribute(String name),session.setAttribute(String name),A,,medium,web:Examveda.com https://www.examveda.com/java-program/practice-mcq-question-on-java-server-and-servlet/?page=4,
Java,java server and servlet,How is the dynamic interception of requests and responses to transform the information done?,servlet container,servlet config,servlet context,servlet filter,D,,medium,web:Examveda.com https://www.examveda.com/java-program/practice-mcq-question-on-java-server-and-servlet/?page=4,
Java,java server and servlet,What is debugging an application which runs on another java virtual machine on another machine?,virtual debugging,remote debugging,machine debugging,compiling debugging,B,,medium,web:Examveda.com https://www.examveda.com/java-program/practice-mcq-question-on-java-server-and-servlet/?page=4,
Java,java server and servlet,Which of the following code retrieves the body of the request as binary data?,DataInputStream data = new InputStream(),DataInputStream data = response.getInputStream(),DataInputStream data = request.getInputStream(),DataInputStream data = request.fetchInputStream(),C,,medium,web:Examveda.com https://www.examveda.com/java-program/practice-mcq-question-on-java-server-and-servlet/?page=4,
Java,java server and servlet,Which key helps to step out of the caller of currently executed method?,F3,F5,F7,F8,C,,medium,web:Examveda.com https://www.examveda.com/java-program/practice-mcq-question-on-java-server-and-servlet/?page=4,
Java,java server and servlet,Which of the below is not a javascript framework for UI?,Vaadin,AngularJS,KendoUI,Springcore,D,,medium,web:Examveda.com https://www.examveda.com/java-program/practice-mcq-question-on-java-server-and-servlet/?page=4,
Java,java server and servlet,What is the difference between servlets and applets? i. Servlets execute on Server; Applets execute on browser ii. Servlets have no GUI; Applet has GUI iii. Servlets creates static web pages; Applets creates dynamic web pages iv. Servlets can handle only a single request; Applet can handle multiple requests,"i, ii, iii are correct","i, ii are correct","i, iii are correct","i, ii, iii, iv are correct",B,,medium,web:Examveda.com https://www.examveda.com/java-program/practice-mcq-question-on-java-server-and-servlet/?page=4,
Java,java server and servlet,What happens when the value of variable change?,changed value pop on the screen,variable changes are printed in logs,dump of variable changes are printed on the screen on end of execution,variable tab shows variables highlighted when values change,D,,medium,web:Examveda.com https://www.examveda.com/java-program/practice-mcq-question-on-java-server-and-servlet/?page=4,
Java,java server and servlet,How can we take input text from user in HTML page?,input tag,inoutBufferedReader tag,meta tag,scanner tag,A,,medium,web:Examveda.com https://www.examveda.com/java-program/practice-mcq-question-on-java-server-and-servlet/?page=5,
Java,java server and servlet,How are java web applications packaged?,jar,war,zip,both jar and war,D,,medium,web:Examveda.com https://www.examveda.com/java-program/practice-mcq-question-on-java-server-and-servlet/?page=5,
Java,java server and servlet,What does local IP address start with?,10.X.X.X,172.X.X.X,192.168.X.X,"10.X.X.X, 172.X.X.X, or 192.168.X.X",D,,medium,web:Examveda.com https://www.examveda.com/java-program/practice-mcq-question-on-java-server-and-servlet/?page=5,
Java,java server and servlet,Which of the below can be used to debug front end of a web application?,Junit,Fitnesse,Firebug,Mockito,C,,medium,web:Examveda.com https://www.examveda.com/java-program/practice-mcq-question-on-java-server-and-servlet/?page=5,
Java,java server and servlet,How can we move from one desired step to another step?,breakpoints,System.out.println,logger.log,logger.error,A,,medium,web:Examveda.com https://www.examveda.com/java-program/practice-mcq-question-on-java-server-and-servlet/?page=5,
Java,java server and servlet,How does applet and servlet communicate?,HTTP,HTTPS,FTP,HTTP Tunneling,D,,medium,web:Examveda.com https://www.examveda.com/java-program/practice-mcq-question-on-java-server-and-servlet/?page=5,
Java,java server and servlet,Which component can be used for sending messages from one application to another?,server,client,mq,webapp,C,,medium,web:Examveda.com https://www.examveda.com/java-program/practice-mcq-question-on-java-server-and-servlet/?page=5,
Java,java server and servlet,Which method is used to get three-letter abbreviation for locale's country in servlets?,Request.getISO3Country(),Locale.getISO3Country(),Response.getISO3Country(),Local.retrieveISO3Country(),A,,medium,web:Examveda.com https://www.examveda.com/java-program/practice-mcq-question-on-java-server-and-servlet/?page=5,
Java,java server and servlet,What happens if ServerSocket is not able to listen on the specified port?,The system exits gracefully with appropriate message,The system will wait till port is free,IOException is thrown when opening the socket,PortOccupiedException is thrown,C,,medium,web:Examveda.com https://www.examveda.com/java-program/practice-mcq-question-on-java-server-and-servlet/?page=5,
Java,java server and servlet,Which of the following is true about servlets?,Servlets execute within the address space of web server,Servlets are platform-independent because they are written in java,Servlets can use the full functionality of the Java class libraries,"Servlets execute within the address space of web server, platform independent and uses the functionality of java class libraries",D,,medium,web:Examveda.com https://www.examveda.com/java-program/practice-mcq-question-on-java-server-and-servlet/?page=6,
Java,java server and servlet,Which view allows us to delete and deactivate breakpoints and watchpoints?,breakpoint view,variable view,debug view,logger view,A,,medium,web:Examveda.com https://www.examveda.com/java-program/practice-mcq-question-on-java-server-and-servlet/?page=6,
Java,java server and servlet,Which mode allows us to run program interactively while watching source code and variables during execution?,safe mode,debug mode,successfully run mode,exception mode,B,,medium,web:Examveda.com https://www.examveda.com/java-program/practice-mcq-question-on-java-server-and-servlet/?page=6,
Java,java server and servlet,What is the java method for ping?,hostReachable(),ping(),isReachable(),portBusy(),C,,medium,web:Examveda.com https://www.examveda.com/java-program/practice-mcq-question-on-java-server-and-servlet/?page=6,
Java,java server and servlet,Which class provides system independent server side implementation?,Socket,ServerSocket,Server,ServerReader,B,,medium,web:Examveda.com https://www.examveda.com/java-program/practice-mcq-question-on-java-server-and-servlet/?page=6,
Java,java server and servlet,Which perspective is used to run a program in debug view?,java perspective,eclipse perspective,debug perspective,jdbc perspective,C,,medium,web:Examveda.com https://www.examveda.com/java-program/practice-mcq-question-on-java-server-and-servlet/?page=6,
Java,java server and servlet,How constructor can be used for a servlet?,Initialization,Constructor function,Initialization and Constructor function,Setup() method,C,,medium,web:Examveda.com https://www.examveda.com/java-program/practice-mcq-question-on-java-server-and-servlet/?page=6,
Java,java server and servlet,What does MIME stand for?,Multipurpose Internet Messaging Extension,Multipurpose Internet Mail Extension,Multipurpose Internet Media Extension,Multipurpose Internet Mass Extension,B,,medium,web:Examveda.com https://www.examveda.com/java-program/practice-mcq-question-on-java-server-and-servlet/?page=6,
Java,java server and servlet,How can we connect to database in a web application?,oracle sql developer,toad,JDBC template,mysql,C,,medium,web:Examveda.com https://www.examveda.com/java-program/practice-mcq-question-on-java-server-and-servlet/?page=6,
Java,java server and servlet,Servlet are used to program which component in a web application?,client,server,tomcat,applet,B,,medium,web:Examveda.com https://www.examveda.com/java-program/practice-mcq-question-on-java-server-and-servlet/?page=6,
Java,java server and servlet,Which of the below are common network protocols?,TCP,UDP,TCP and UDP,CNP,C,,medium,web:Examveda.com https://www.examveda.com/java-program/practice-mcq-question-on-java-server-and-servlet/?page=7,
Java,java server and servlet,What type of protocol is HTTP?,stateless,stateful,transfer protocol,information protocol,A,,medium,web:Examveda.com https://www.examveda.com/java-program/practice-mcq-question-on-java-server-and-servlet/?page=7,
Java,java server and servlet,How to deep dive into the execution of a method from a method call?,F3,F5,F7,F8,B,,medium,web:Examveda.com https://www.examveda.com/java-program/practice-mcq-question-on-java-server-and-servlet/?page=7,
Java,java server and servlet,Which are the session tracking techniques? i. URL rewriting ii. Using sessi iii.Using response object iv. Using hidden fields v. Using cookies vi. Using servlet object,"i, ii, iii, vi","i, ii, iv, v","i, vi, iii, v","i, ii, iii, v",B,,medium,web:Examveda.com https://www.examveda.com/java-program/practice-mcq-question-on-java-server-and-servlet/?page=7,
Java,java server and servlet,What does bind() method of ServerSocket offer?,binds the serversocket to a specific address (IP Address and port),binds the server and client browser,binds the server socket to the JVM,binds the port to the JVM,A,,medium,web:Examveda.com https://www.examveda.com/java-program/practice-mcq-question-on-java-server-and-servlet/?page=7,
Java,java server and servlet,How does eclipse provide the capability for debugging browser actions?,internal web browser,chrome web browser,firefox web browser,internet explorer browser,A,,medium,web:Examveda.com https://www.examveda.com/java-program/practice-mcq-question-on-java-server-and-servlet/?page=7,
Java,java server and servlet,When destroy() method of a filter is called?,The destroy() method is called only once at the end of the life cycle of a filter,The destroy() method is called after the filter has executed doFilter method,The destroy() method is called only once at the begining of the life cycle of a filter,The destroyer() method is called after the filter has executed,A,,medium,web:Examveda.com https://www.examveda.com/java-program/practice-mcq-question-on-java-server-and-servlet/?page=7,
Java,java server and servlet,Which class represents an Internet Protocol address?,InetAddress,Address,IP Address,TCP Address,A,,medium,web:Examveda.com https://www.examveda.com/java-program/practice-mcq-question-on-java-server-and-servlet/?page=7,
Java,java server and servlet,What happens if IP Address of host cannot be determined?,The system exit with no message,UnknownHostException is thrown,IOException is thrown,Temporary IP Address is assigned,B,,medium,web:Examveda.com https://www.examveda.com/java-program/practice-mcq-question-on-java-server-and-servlet/?page=7,
Java,"session management, jsp and api",What is session management in a Java web application?,The process of maintaining user-specific data across multiple requests,The process of starting a web server,A type of coffee bean,A Java keyword,A,,medium,"web:Examveda.com https://www.examveda.com/java-program/practice-mcq-question-on-session-management,-jsp-and-api/",
Java,"session management, jsp and api",Which HTTP method is typically used to create a new session in Java web applications?,`SESSION`,`PUT`,`GET`,`POST`,D,,medium,"web:Examveda.com https://www.examveda.com/java-program/practice-mcq-question-on-session-management,-jsp-and-api/",
Java,"session management, jsp and api",What is the purpose of the `HttpSession` object in Java web applications?,To define JavaBean properties,To execute SQL queries,To store session-specific data between client requests,To create JavaBeans,C,,medium,"web:Examveda.com https://www.examveda.com/java-program/practice-mcq-question-on-session-management,-jsp-and-api/",
Java,"session management, jsp and api","In JSP (JavaServer Pages), what is the purpose of the `` scriptlet tag?",To create JavaBean properties,To embed Java code within the JSP page,To manage JavaBean events,None of These,B,,medium,"web:Examveda.com https://www.examveda.com/java-program/practice-mcq-question-on-session-management,-jsp-and-api/",
Java,"session management, jsp and api",What is the primary role of the JavaServer Pages Standard Tag Library (JSTL)?,To create JavaBeans,To execute SQL queries,To simplify JSP development by providing custom tags for common tasks,To define JavaBean properties,C,,medium,"web:Examveda.com https://www.examveda.com/java-program/practice-mcq-question-on-session-management,-jsp-and-api/",
Java,"session management, jsp and api","In JSP, what is the `` action used for?",To define JavaBean properties,To execute SQL queries,To create JavaBeans,To include the content of another resource in the current JSP page,D,,medium,"web:Examveda.com https://www.examveda.com/java-program/practice-mcq-question-on-session-management,-jsp-and-api/",
Java,"session management, jsp and api",What is the purpose of the JavaServer Pages Expression Language (EL)?,To simplify the retrieval and manipulation of data in JSP pages,To define JavaBean properties,To execute SQL queries,To create JavaBeans,A,,medium,"web:Examveda.com https://www.examveda.com/java-program/practice-mcq-question-on-session-management,-jsp-and-api/",
Java,"session management, jsp and api",What is the role of the `javax.servlet.http.HttpSessionBindingListener` interface?,To define JavaBean properties,To execute SQL queries,To listen for changes in session attribute values,To create JavaBeans,C,,medium,"web:Examveda.com https://www.examveda.com/java-program/practice-mcq-question-on-session-management,-jsp-and-api/",
Java,"session management, jsp and api","In JSP, what is the purpose of the `` action?",To execute SQL queries,To declare and instantiate a JavaBean,To manage JavaBean events,None of These,B,,medium,"web:Examveda.com https://www.examveda.com/java-program/practice-mcq-question-on-session-management,-jsp-and-api/",
Java,"session management, jsp and api",Which of the following is true about JSP implicit objects?,They are used to execute SQL queries,They are used to define JavaBean properties,They are predefined objects available in JSP without any declaration,They are defined using ``,C,,medium,"web:Examveda.com https://www.examveda.com/java-program/practice-mcq-question-on-session-management,-jsp-and-api/?page=2",
Java,"session management, jsp and api",What is the purpose of the `javax.servlet.jsp.PageContext` object in JSP?,To define JavaBean properties,To execute SQL queries,To create JavaBeans,To provide access to various objects and services in the JSP environment,D,,medium,"web:Examveda.com https://www.examveda.com/java-program/practice-mcq-question-on-session-management,-jsp-and-api/?page=2",
Java,"session management, jsp and api","In JSP, what is the role of the `` action?",To forward the request to another resource,To define JavaBean properties,To execute SQL queries,To create JavaBeans,A,,medium,"web:Examveda.com https://www.examveda.com/java-program/practice-mcq-question-on-session-management,-jsp-and-api/?page=2",
Java,"session management, jsp and api",What is the purpose of the `javax.servlet.jsp.JspException` class in JSP?,To create JavaBeans,To execute SQL queries,To define JavaBean properties,To represent exceptions that occur during JSP execution,D,,medium,"web:Examveda.com https://www.examveda.com/java-program/practice-mcq-question-on-session-management,-jsp-and-api/?page=2",
Java,"session management, jsp and api","What does the term ""JSP tag"" refer to in JavaServer Pages?",A custom tag used to insert Java code into a JSP page,A type of coffee bean,A predefined XML tag used in JSP for specific actions,A Java keyword,C,,medium,"web:Examveda.com https://www.examveda.com/java-program/practice-mcq-question-on-session-management,-jsp-and-api/?page=2",
Java,"session management, jsp and api",What is the purpose of the `` tag in JSTL (JavaServer Pages Standard Tag Library)?,To execute SQL queries,To iterate over a collection and generate HTML output,To create JavaBeans,None of These,B,,medium,"web:Examveda.com https://www.examveda.com/java-program/practice-mcq-question-on-session-management,-jsp-and-api/?page=2",
Java,"session management, jsp and api","In Java web applications, what is the purpose of the `HttpSessionListener` interface?",To create JavaBeans,To execute SQL queries,To listen for session creation and destruction events,To define JavaBean properties,C,,medium,"web:Examveda.com https://www.examveda.com/java-program/practice-mcq-question-on-session-management,-jsp-and-api/?page=2",
Java,"session management, jsp and api",What is the `` tag used for in JSP?,There is no such tag in JSP,To define JavaBean properties,To manage JavaBean events,To declare and execute Java code within a JSP page,D,,medium,"web:Examveda.com https://www.examveda.com/java-program/practice-mcq-question-on-session-management,-jsp-and-api/?page=2",
Java,"session management, jsp and api","In JSP, what is the purpose of the `` tag in JSTL (JavaServer Pages Standard Tag Library)?",To create JavaBeans,To execute SQL queries,To define JavaBean properties,To conditionally include content in the JSP page,D,,medium,"web:Examveda.com https://www.examveda.com/java-program/practice-mcq-question-on-session-management,-jsp-and-api/?page=2",
Java,"session management, jsp and api",What is the role of the `javax.servlet.jsp.tagext.TagSupport` class in JSP custom tag development?,It defines JavaBean properties,It executes SQL queries,It provides default implementations for common tag methods,It creates JavaBeans,C,,medium,"web:Examveda.com https://www.examveda.com/java-program/practice-mcq-question-on-session-management,-jsp-and-api/?page=3",
Java,"session management, jsp and api",What is the primary purpose of the `HttpSessionBindingEvent` class in Java web applications?,To execute SQL queries,To provide information about session attribute binding events,To create JavaBeans,None of These,B,,medium,"web:Examveda.com https://www.examveda.com/java-program/practice-mcq-question-on-session-management,-jsp-and-api/?page=3",
Java,"session management, jsp and api","In Java Servlets, what is the purpose of the `javax.servlet.http.HttpSessionActivationListener` interface?",To create JavaBeans,To execute SQL queries,To define JavaBean properties,To listen for session activation and passivation events,D,,medium,"web:Examveda.com https://www.examveda.com/java-program/practice-mcq-question-on-session-management,-jsp-and-api/?page=3",
Java,"session management, jsp and api","What does the term ""JSP EL"" stand for in JavaServer Pages?",Java Server Page Elements,Java Servlet Page Language,JSP Expression Language,Java Script Page Element,C,,medium,"web:Examveda.com https://www.examveda.com/java-program/practice-mcq-question-on-session-management,-jsp-and-api/?page=3",
Java,"session management, jsp and api",What is the purpose of the `javax.servlet.http.HttpSessionBindingEvent` class in Java web applications?,To define JavaBean properties,To execute SQL queries,To create JavaBeans,To represent events related to session attribute binding and unbinding,D,,medium,"web:Examveda.com https://www.examveda.com/java-program/practice-mcq-question-on-session-management,-jsp-and-api/?page=3",
Java,"session management, jsp and api",Which of the following is stored at client side?,URL rewriting,Hidden form fields,SSL sessions,Cookies,D,,medium,"web:Examveda.com https://www.examveda.com/java-program/practice-mcq-question-on-session-management,-jsp-and-api/?page=4",
Java,"session management, jsp and api",Which object stores references to the request and response objects?,sessionContext,pageContext,HttpSession,sessionAttribute,B,,medium,"web:Examveda.com https://www.examveda.com/java-program/practice-mcq-question-on-session-management,-jsp-and-api/?page=4",
Java,"session management, jsp and api",What is the difference between AutoCloseable and Closeable?,Closeable is an interface and AutoCloseable is a concrete class,Closeable throws IOException; AutoCloseable throws Exception,Closeable is a concept; AutoCloseable is an implementation,Closeable throws Exception; AutoCloseable throws IOException,B,,medium,"web:Examveda.com https://www.examveda.com/java-program/practice-mcq-question-on-session-management,-jsp-and-api/?page=4",
Java,"session management, jsp and api","""request"" is instance of which one of the following classes?",Request,HttpRequest,HttpServletRequest,ServletRequest,C,,medium,"web:Examveda.com https://www.examveda.com/java-program/practice-mcq-question-on-session-management,-jsp-and-api/?page=4",
Java,"session management, jsp and api",Which is mandatory in <jsp:useBean /> tag?,"id, class","id, type","type, property","type,id",A,,medium,"web:Examveda.com https://www.examveda.com/java-program/practice-mcq-question-on-session-management,-jsp-and-api/?page=4",
Java,"session management, jsp and api",Which version of java added Flushable interface?,java SE 7,java SE 8,java SE 6,java SE 5,D,,medium,"web:Examveda.com https://www.examveda.com/java-program/practice-mcq-question-on-session-management,-jsp-and-api/?page=4",
Java,"session management, jsp and api",Which of the following is not a directive in JSP?,page directive,include directive,taglib directive,command directive,D,,medium,"web:Examveda.com https://www.examveda.com/java-program/practice-mcq-question-on-session-management,-jsp-and-api/?page=4",
Java,"session management, jsp and api",Which of the below is a child interface of Autocloseable?,Closeable,Close,Auto,Cloneable,A,,medium,"web:Examveda.com https://www.examveda.com/java-program/practice-mcq-question-on-session-management,-jsp-and-api/?page=4",
Java,"session management, jsp and api",Which of the following action variable is used to include a file in JSP?,jsp:setProperty,jsp:getProperty,jsp:include,jsp:plugin,C,,medium,"web:Examveda.com https://www.examveda.com/java-program/practice-mcq-question-on-session-management,-jsp-and-api/?page=5",
Java,"session management, jsp and api",What is used to get class name in reflection?,getClass().getName(),getClass().getFields(),getClass().getDeclaredFields(),new getClass(),A,,medium,"web:Examveda.com https://www.examveda.com/java-program/practice-mcq-question-on-session-management,-jsp-and-api/?page=5",
Java,"session management, jsp and api",How can we invalidate a session?,session.discontinue(),session.invalidate(),session.disconnect(),session.falsify(),B,,medium,"web:Examveda.com https://www.examveda.com/java-program/practice-mcq-question-on-session-management,-jsp-and-api/?page=5",
Java,"session management, jsp and api",Which page directive should be used in JSP to generate a PDF page?,contentType,generatePdf,typePDF,contentPDF,A,,medium,"web:Examveda.com https://www.examveda.com/java-program/practice-mcq-question-on-session-management,-jsp-and-api/?page=5",
Java,"session management, jsp and api","What will be the output of the following Java code snippet? 
try (InputStream is = ...) 
{
 // do stuff with is...
} 
catch (IOException e) 
{
 // handle exception
}",Runtime Error,IOException,Compilation Error,Runs successfully,D,,medium,"web:Examveda.com https://www.examveda.com/java-program/practice-mcq-question-on-session-management,-jsp-and-api/?page=5",
Java,"session management, jsp and api",Which of the following is not a marker interface?,Serializable,Cloneable,Remote,Reader,D,,medium,"web:Examveda.com https://www.examveda.com/java-program/practice-mcq-question-on-session-management,-jsp-and-api/?page=5",
Java,"session management, jsp and api",What are the components of a marker interface?,Fields and methods,"No fields, only methods","Fields, no methods","No fields, No methods",D,,medium,"web:Examveda.com https://www.examveda.com/java-program/practice-mcq-question-on-session-management,-jsp-and-api/?page=5",
Java,"session management, jsp and api",How method can be invoked on unknown object?,obj.getClass().getDeclaredMethod(),obj.getClass().getDeclaredField(),obj.getClass().getMethod(),obj.getClass().getObject(),C,,medium,"web:Examveda.com https://www.examveda.com/java-program/practice-mcq-question-on-session-management,-jsp-and-api/?page=5",
Java,"session management, jsp and api",Which method creates unique fields in the HTML which are not shown to the user?,User authentication,URL writing,HTML Hidden field,HTML invisible field,C,,medium,"web:Examveda.com https://www.examveda.com/java-program/practice-mcq-question-on-session-management,-jsp-and-api/?page=5",
Java,"session management, jsp and api",Java code is embedded under which tag in JSP?,Declaration,Scriptlet,Expression,Comment,B,,medium,"web:Examveda.com https://www.examveda.com/java-program/practice-mcq-question-on-session-management,-jsp-and-api/?page=6",
Java,"session management, jsp and api",Which of the below is not a session tracking method?,URL rewriting,History,Cookies,SSL sessions,B,,medium,"web:Examveda.com https://www.examveda.com/java-program/practice-mcq-question-on-session-management,-jsp-and-api/?page=6",
Java,"session management, jsp and api",Autocloseable was introduced in which Java version?,java SE 7,java SE 8,java SE 6,java SE 4,A,,medium,"web:Examveda.com https://www.examveda.com/java-program/practice-mcq-question-on-session-management,-jsp-and-api/?page=6",
Java,"session management, jsp and api",Which is not a directive?,include,page,export,useBean,C,,medium,"web:Examveda.com https://www.examveda.com/java-program/practice-mcq-question-on-session-management,-jsp-and-api/?page=6",
Java,"session management, jsp and api",Which object is used by spring for authentication?,ContextHolder,SecurityHolder,AnonymousHolder,SecurityContextHolder,D,,medium,"web:Examveda.com https://www.examveda.com/java-program/practice-mcq-question-on-session-management,-jsp-and-api/?page=6",
Java,"session management, jsp and api",Which option is true about session scope?,Objects are accessible only from the page in which they are created,Objects are accessible only from the pages which are in same session,Objects are accessible only from the pages which are processing the same request,Objects are accessible only from the pages which reside in same application,B,,medium,"web:Examveda.com https://www.examveda.com/java-program/practice-mcq-question-on-session-management,-jsp-and-api/?page=6",
Java,"session management, jsp and api",How private field can be called using reflection?,getDeclaredFields,getDeclaredMethods,getMethods,getFields,A,,medium,"web:Examveda.com https://www.examveda.com/java-program/practice-mcq-question-on-session-management,-jsp-and-api/?page=6",
Java,"session management, jsp and api",AutoCloseable and Flushable are part of which package?,Autocloseable java.lang; Flushable java.io,Autocloseable java.io; Flushable java.lang,Autocloseable and Flushable java.io,Autocloseable and Flushable java.lang,A,,medium,"web:Examveda.com https://www.examveda.com/java-program/practice-mcq-question-on-session-management,-jsp-and-api/?page=7",
Java,"session management, jsp and api",It is a good practise to not throw which exception in close() method of autocloseable?,IOException,CustomException,InterruptedException,CloseException,C,,medium,"web:Examveda.com https://www.examveda.com/java-program/practice-mcq-question-on-session-management,-jsp-and-api/?page=7",
Java,"session management, jsp and api",Which attribute uniquely identification element?,ID,Class,Name,Scope,A,,medium,"web:Examveda.com https://www.examveda.com/java-program/practice-mcq-question-on-session-management,-jsp-and-api/?page=7",
Java,"session management, jsp and api",What is not the advantage of Reflection?,Examine a class's field and method at runtime,Construct an object for a class at runtime,Examine a class's field at compile time,Examine an object's class at runtime,C,,medium,"web:Examveda.com https://www.examveda.com/java-program/practice-mcq-question-on-session-management,-jsp-and-api/?page=7",
Java,"session management, jsp and api",What is the alternative of using finally to close resource?,catch block,autocloseable interface to be implemented,try block,throw Exception,B,,medium,"web:Examveda.com https://www.examveda.com/java-program/practice-mcq-question-on-session-management,-jsp-and-api/?page=7",
Java,"session management, jsp and api",How to get the class object of associated class using Reflection?,"Class.forName(""className"")","Class.name(""className"")",className.getClass(),className.getClassName(),A,,medium,"web:Examveda.com https://www.examveda.com/java-program/practice-mcq-question-on-session-management,-jsp-and-api/?page=7",
Java,"session management, jsp and api","What does Class.forName(""myreflection.Foo"").getInstance() return?",An array of Foo objects,class object of Foo,Calls the getInstance() method of Foo class,Foo object,D,,medium,"web:Examveda.com https://www.examveda.com/java-program/practice-mcq-question-on-session-management,-jsp-and-api/?page=7",
Java,"session management, jsp and api",Which of the following leads to high network traffic?,URL rewriting,Hidden form fields,SSL sessions,Cookies,A,,medium,"web:Examveda.com https://www.examveda.com/java-program/practice-mcq-question-on-session-management,-jsp-and-api/?page=7",
Java,"session management, jsp and api",What is the use of Flushable interface?,Flushes this stream by writing any buffered output to the underlying stream,Flushes this stream and starts reading again,Flushes this connection and closes it,Flushes this stream and throws FlushException,A,,medium,"web:Examveda.com https://www.examveda.com/java-program/practice-mcq-question-on-session-management,-jsp-and-api/?page=7",
Java,"session management, jsp and api",What is the maximum size of cookie?,4 KB,4 MB,4 bytes,40 KB,A,,medium,"web:Examveda.com https://www.examveda.com/java-program/practice-mcq-question-on-session-management,-jsp-and-api/?page=8",
Java,"session management, jsp and api",Which one is the correct order of phases in JSP life cycle?,"Initialization, Cleanup, Compilation, Execution","Initialization, Compilation, Cleanup, Execution","Compilation, Initialization, Execution, Cleanup","Cleanup, Compilation, Initialization, Execution",C,,medium,"web:Examveda.com https://www.examveda.com/java-program/practice-mcq-question-on-session-management,-jsp-and-api/?page=8",
Java,"session management, jsp and api",Which tag is used to set a value of a JavaBean?,<c:set>,<c:param>,<c:choose>,<c:forward>,A,,medium,"web:Examveda.com https://www.examveda.com/java-program/practice-mcq-question-on-session-management,-jsp-and-api/?page=8",
Java,"session management, jsp and api",Application is instance of which class?,javax.servlet.Application,javax.servlet.HttpContext,javax.servlet.Context,javax.servlet.ServletContext,D,,medium,"web:Examveda.com https://www.examveda.com/java-program/practice-mcq-question-on-session-management,-jsp-and-api/?page=8",
Java,"session management, jsp and api",Which of the following is used for session migration?,Persisting the session in database,URL rewriting,Create new database connection,Kill session from multiple sessions,A,,medium,"web:Examveda.com https://www.examveda.com/java-program/practice-mcq-question-on-session-management,-jsp-and-api/?page=8",
Java,"session management, jsp and api","What does foo.getClass().getMethod(""doSomething"", null) return?",doSomething method instance,"Method is returned and we can call the method as method.invoke(foo,null);",Class object,Exception is thrown,B,,medium,"web:Examveda.com https://www.examveda.com/java-program/practice-mcq-question-on-session-management,-jsp-and-api/?page=8",
Java,"session management, jsp and api",Which of the following is not true about session?,All users connect to the same session,All users have same session variable,Default timeout value for session variable is 20 minutes,New session cannot be created for a new user,C,,medium,"web:Examveda.com https://www.examveda.com/java-program/practice-mcq-question-on-session-management,-jsp-and-api/?page=8",
Java,"session management, jsp and api",How private method can be called using reflection?,getDeclaredFields,getDeclaredMethods,getMethods,getFields,B,,medium,"web:Examveda.com https://www.examveda.com/java-program/practice-mcq-question-on-session-management,-jsp-and-api/?page=8",
Java,"session management, jsp and api","""out"" is implicit object of which class?",javax.servlet.jsp.PrintWriter,javax.servlet.jsp.SessionWriter,javax.servlet.jsp.SessionPrinter,javax.servlet.jsp.JspWriter,D,,medium,"web:Examveda.com https://www.examveda.com/java-program/practice-mcq-question-on-session-management,-jsp-and-api/?page=8",
Java,application lifecycle and annotation,What is the purpose of the `@WebServlet` annotation in a Java web application?,To declare a servlet and its mapping,To define JavaBean properties,To execute SQL queries,To create JavaBeans,A,,medium,web:Examveda.com https://www.examveda.com/java-program/practice-mcq-question-on-application-lifecycle-and-annotation/,
Java,application lifecycle and annotation,"In a Java web application, what is the role of the `ServletContext` object?",It creates JavaBeans,It executes SQL queries,It defines JavaBean properties,It provides access to application-wide information and resources,D,,medium,web:Examveda.com https://www.examveda.com/java-program/practice-mcq-question-on-application-lifecycle-and-annotation/,
Java,application lifecycle and annotation,What is the primary purpose of the `@PostConstruct` annotation in Java EE applications?,To define JavaBean properties,To execute SQL queries,To specify a method to be executed after an instance is created and its dependencies are injected,To create JavaBeans,C,,medium,web:Examveda.com https://www.examveda.com/java-program/practice-mcq-question-on-application-lifecycle-and-annotation/,
Java,application lifecycle and annotation,"In Java EE applications, what is the purpose of the `@Resource` annotation?",To execute SQL queries,To specify a resource to be injected into a component,To create JavaBeans,None of These,B,,medium,web:Examveda.com https://www.examveda.com/java-program/practice-mcq-question-on-application-lifecycle-and-annotation/,
Java,application lifecycle and annotation,What is the `web.xml` deployment descriptor used for in a Java web application?,To create JavaBeans,To execute SQL queries,To configure web application settings and servlet mappings,To define JavaBean properties,C,,medium,web:Examveda.com https://www.examveda.com/java-program/practice-mcq-question-on-application-lifecycle-and-annotation/,
Java,application lifecycle and annotation,"In a Java web application, what is the purpose of the `@WebListener` annotation?",To define JavaBean properties,To execute SQL queries,To create JavaBeans,To declare a listener class for various events in the web application,D,,medium,web:Examveda.com https://www.examveda.com/java-program/practice-mcq-question-on-application-lifecycle-and-annotation/,
Java,application lifecycle and annotation,What is the role of the `ServletContextListener` interface in Java web applications?,To listen for context initialization and destruction events,To define JavaBean properties,To execute SQL queries,To create JavaBeans,A,,medium,web:Examveda.com https://www.examveda.com/java-program/practice-mcq-question-on-application-lifecycle-and-annotation/,
Java,application lifecycle and annotation,Which annotation is used to specify that a method should be invoked after a session is invalidated in a Java web application?,`@WebListener`,`@Resource`,`@PostConstruct`,`@PreDestroy`,D,,medium,web:Examveda.com https://www.examveda.com/java-program/practice-mcq-question-on-application-lifecycle-and-annotation/,
Java,application lifecycle and annotation,What is the purpose of the `@PreDestroy` annotation in Java EE applications?,To define JavaBean properties,To execute SQL queries,To specify a method to be executed before an instance is removed by the container,To create JavaBeans,C,,medium,web:Examveda.com https://www.examveda.com/java-program/practice-mcq-question-on-application-lifecycle-and-annotation/,
Java,application lifecycle and annotation,"In a Java EE application, what is the role of the `@EJB` annotation?",To execute SQL queries,To inject an EJB (Enterprise JavaBean) component,To create JavaBeans,None of These,B,,medium,web:Examveda.com https://www.examveda.com/java-program/practice-mcq-question-on-application-lifecycle-and-annotation/,
Java,application lifecycle and annotation,Which annotation is used to declare a filter in a Java web application?,`@Resource`,`@WebListener`,`@WebFilter`,`@WebServlet`,C,,medium,web:Examveda.com https://www.examveda.com/java-program/practice-mcq-question-on-application-lifecycle-and-annotation/?page=2,
Java,application lifecycle and annotation,"In a Java web application, what is the purpose of the `@ContextConfiguration` annotation?",To define JavaBean properties,To execute SQL queries,To create JavaBeans,To configure the application's context,D,,medium,web:Examveda.com https://www.examveda.com/java-program/practice-mcq-question-on-application-lifecycle-and-annotation/?page=2,
Java,application lifecycle and annotation,What is the primary role of the `ServletContextEvent` class in Java web applications?,To encapsulate events related to the `ServletContext`,To define JavaBean properties,To execute SQL queries,To create JavaBeans,A,,medium,web:Examveda.com https://www.examveda.com/java-program/practice-mcq-question-on-application-lifecycle-and-annotation/?page=2,
Java,application lifecycle and annotation,Which annotation is used to specify a custom error page in a Java web application?,`@WebListener`,`@WebFilter`,`@WebServlet`,`@ErrorPage`,D,,medium,web:Examveda.com https://www.examveda.com/java-program/practice-mcq-question-on-application-lifecycle-and-annotation/?page=2,
Java,application lifecycle and annotation,"In Java EE applications, what is the purpose of the `@PersistenceContext` annotation?",To define JavaBean properties,To execute SQL queries,To inject a container-managed persistence context into a component,To create JavaBeans,C,,medium,web:Examveda.com https://www.examveda.com/java-program/practice-mcq-question-on-application-lifecycle-and-annotation/?page=2,
Java,application lifecycle and annotation,What does the `@Singleton` annotation indicate in Java EE applications?,To execute SQL queries,That a class should be instantiated only once per application,To create JavaBeans,None of These,B,,medium,web:Examveda.com https://www.examveda.com/java-program/practice-mcq-question-on-application-lifecycle-and-annotation/?page=2,
Java,application lifecycle and annotation,"In Java web applications, what is the purpose of the `@RequestScoped` annotation?",To create JavaBeans,To execute SQL queries,To indicate that a bean's scope is limited to a single HTTP request,To define JavaBean properties,C,,medium,web:Examveda.com https://www.examveda.com/java-program/practice-mcq-question-on-application-lifecycle-and-annotation/?page=2,
Java,application lifecycle and annotation,What is the purpose of the `@WebInitParam` annotation in a servlet declaration?,To define JavaBean properties,To execute SQL queries,To create JavaBeans,To specify initialization parameters for a servlet,D,,medium,web:Examveda.com https://www.examveda.com/java-program/practice-mcq-question-on-application-lifecycle-and-annotation/?page=2,
Java,application lifecycle and annotation,"In Java EE applications, what is the primary role of the `@MessageDriven` annotation?",To indicate that a class is a message-driven bean (MDB),To define JavaBean properties,To execute SQL queries,To create JavaBeans,A,,medium,web:Examveda.com https://www.examveda.com/java-program/practice-mcq-question-on-application-lifecycle-and-annotation/?page=2,
Java,application lifecycle and annotation,Which annotation is used to specify a custom error page for a specific exception type in a Java web application?,`@WebListener`,`@WebServlet`,`@WebFilter`,`@ErrorPage`,D,,medium,web:Examveda.com https://www.examveda.com/java-program/practice-mcq-question-on-application-lifecycle-and-annotation/?page=2,
Java,application lifecycle and annotation,What is the purpose of the `@Produces` annotation in Java EE applications?,To define JavaBean properties,To execute SQL queries,To specify the media type produced by a resource method,To create JavaBeans,C,,medium,web:Examveda.com https://www.examveda.com/java-program/practice-mcq-question-on-application-lifecycle-and-annotation/?page=3,
Java,application lifecycle and annotation,"In a Java web application, what is the role of the `@MultipartConfig` annotation?",To execute SQL queries,To enable support for file uploads in a servlet,To create JavaBeans,None of These,B,,medium,web:Examveda.com https://www.examveda.com/java-program/practice-mcq-question-on-application-lifecycle-and-annotation/?page=3,
Java,application lifecycle and annotation,What is the purpose of the `@AroundInvoke` annotation in Java EE applications?,To create JavaBeans,To execute SQL queries,To intercept business method invocations,To define JavaBean properties,C,,medium,web:Examveda.com https://www.examveda.com/java-program/practice-mcq-question-on-application-lifecycle-and-annotation/?page=3,
Java,application lifecycle and annotation,"In a Java EE application, what is the primary role of the `@Stateless` annotation?",To define JavaBean properties,To execute SQL queries,To create JavaBeans,To indicate that a class is a stateless session bean,D,,medium,web:Examveda.com https://www.examveda.com/java-program/practice-mcq-question-on-application-lifecycle-and-annotation/?page=3,
Java,application lifecycle and annotation,Which annotation is used to specify the URL pattern for a servlet in a Java web application?,`@WebServlet`,`@WebFilter`,`@WebListener`,`@RequestMapping`,A,,medium,web:Examveda.com https://www.examveda.com/java-program/practice-mcq-question-on-application-lifecycle-and-annotation/?page=3,
Java,application lifecycle and annotation,What is the purpose of the `@PersistenceUnit` annotation in Java EE applications?,To create JavaBeans,To execute SQL queries,To define JavaBean properties,To inject a reference to a persistence unit,D,,medium,web:Examveda.com https://www.examveda.com/java-program/practice-mcq-question-on-application-lifecycle-and-annotation/?page=3,
Java,application lifecycle and annotation,"In Java web applications, what is the purpose of the `@SessionScoped` annotation?",To define JavaBean properties,To execute SQL queries,To indicate that a bean's scope is limited to a user session,To create JavaBeans,C,,medium,web:Examveda.com https://www.examveda.com/java-program/practice-mcq-question-on-application-lifecycle-and-annotation/?page=3,
Java,application lifecycle and annotation,Which annotation is used to declare a listener for HTTP session events in a Java web application?,`@WebServlet`,`@WebListener`,`@RequestScoped`,None of These,B,,medium,web:Examveda.com https://www.examveda.com/java-program/practice-mcq-question-on-application-lifecycle-and-annotation/?page=3,
Java,application lifecycle and annotation,What is the purpose of the `@Path` annotation in JAX-RS (Java API for RESTful Web Services) applications?,To create JavaBeans,To execute SQL queries,To specify the base URI for a resource class or method,To define JavaBean properties,C,,medium,web:Examveda.com https://www.examveda.com/java-program/practice-mcq-question-on-application-lifecycle-and-annotation/?page=3,
Java,application lifecycle and annotation,"In Java EE applications, what does the `@Remote` annotation indicate?",To define JavaBean properties,To execute SQL queries,To create JavaBeans,That a bean exposes a remote business interface,D,,medium,web:Examveda.com https://www.examveda.com/java-program/practice-mcq-question-on-application-lifecycle-and-annotation/?page=3,
Java,application lifecycle and annotation,Which version of Java introduced annotation?,Java 5,Java 6,Java 7,Java 8,A,,medium,web:Examveda.com https://www.examveda.com/java-program/practice-mcq-question-on-application-lifecycle-and-annotation/?page=4,
Java,application lifecycle and annotation,Which of the below is a source code management tool?,Jenkins,Maven,Git,Hudson,C,,medium,web:Examveda.com https://www.examveda.com/java-program/practice-mcq-question-on-application-lifecycle-and-annotation/?page=4,
Java,application lifecycle and annotation,Which one of the following annotations is not used in Hibernate?,@Entity,@Column,@Basic,@Query,D,,medium,web:Examveda.com https://www.examveda.com/java-program/practice-mcq-question-on-application-lifecycle-and-annotation/?page=4,
Java,application lifecycle and annotation,Which one of the following is not an annotation used by Junit with Junit4?,@Test,@BeforeClass,@AfterClass,@Ignored,D,,medium,web:Examveda.com https://www.examveda.com/java-program/practice-mcq-question-on-application-lifecycle-and-annotation/?page=4,
Java,application lifecycle and annotation,Using which annotation non visible or private method can be tested?,@VisibleForTesting,@NonVisibleForTesting,@Visible,@NonVisible,A,,medium,web:Examveda.com https://www.examveda.com/java-program/practice-mcq-question-on-application-lifecycle-and-annotation/?page=4,
Java,application lifecycle and annotation,Which file is used to specify the packaging cycle?,build.xml,pom.xml,dependency.xml,version.xml,A,,medium,web:Examveda.com https://www.examveda.com/java-program/practice-mcq-question-on-application-lifecycle-and-annotation/?page=4,
Java,application lifecycle and annotation,Which one of the following is not ID generating strategy using @GeneratedValue annotation?,Auto,Manual,Identity,Sequence,B,,medium,web:Examveda.com https://www.examveda.com/java-program/practice-mcq-question-on-application-lifecycle-and-annotation/?page=4,
Java,application lifecycle and annotation,Which file is used to define dependency in maven?,build.xml,pom.xml,dependency.xml,version.xml,B,,medium,web:Examveda.com https://www.examveda.com/java-program/practice-mcq-question-on-application-lifecycle-and-annotation/?page=4,
Java,application lifecycle and annotation,Annotation type definition looks similar to which of the following?,Method,Class,Interface,Field,C,,medium,web:Examveda.com https://www.examveda.com/java-program/practice-mcq-question-on-application-lifecycle-and-annotation/?page=5,
Java,application lifecycle and annotation,Which command can be used to check maven version?,mvn -ver,maven -ver,maven -version,mvn -version,D,,medium,web:Examveda.com https://www.examveda.com/java-program/practice-mcq-question-on-application-lifecycle-and-annotation/?page=5,
Java,application lifecycle and annotation,Which of the following annotation is used to avoid execution of Junits?,@NoTest,@explicit,@avoid,@ignore,D,,medium,web:Examveda.com https://www.examveda.com/java-program/practice-mcq-question-on-application-lifecycle-and-annotation/?page=5,
Java,application lifecycle and annotation,Which of below is not a dependency management tool?,Ant,Maven,Gradle,Jenkins,D,,medium,web:Examveda.com https://www.examveda.com/java-program/practice-mcq-question-on-application-lifecycle-and-annotation/?page=5,
Java,application lifecycle and annotation,Which maven plugin creates the project structure?,dependency,properties,archetype,execution,C,,medium,web:Examveda.com https://www.examveda.com/java-program/practice-mcq-question-on-application-lifecycle-and-annotation/?page=5,
Java,application lifecycle and annotation,Which of the following is not pre defined annotation in Java?,@Deprecated,@Overriden,@SafeVarags,@FunctionInterface,B,,medium,web:Examveda.com https://www.examveda.com/java-program/practice-mcq-question-on-application-lifecycle-and-annotation/?page=5,
Java,application lifecycle and annotation,Which of the following is not true for Ant?,It is a tool box,It provides lifecycle management,It is procedural,It doesn't have formal conventions,B,,medium,web:Examveda.com https://www.examveda.com/java-program/practice-mcq-question-on-application-lifecycle-and-annotation/?page=5,
Java,application lifecycle and annotation,Which environment variable is used to specify the path to maven?,JAVA_HOME,PATH,MAVEN_HOME,CLASSPATH,C,,medium,web:Examveda.com https://www.examveda.com/java-program/practice-mcq-question-on-application-lifecycle-and-annotation/?page=5,
Java,application lifecycle and annotation,Which is the Parent class of annotation class?,Class,Object,Main,Super,B,,medium,web:Examveda.com https://www.examveda.com/java-program/practice-mcq-question-on-application-lifecycle-and-annotation/?page=5,
Java,application lifecycle and annotation,Which of the following is not a maven goal?,clean,package,install,debug,D,,medium,web:Examveda.com https://www.examveda.com/java-program/practice-mcq-question-on-application-lifecycle-and-annotation/?page=5,
Java,miscellaneous in java,Which design pattern is used to create objects without exposing the instantiation logic to the client?,Factory Method,Singleton,Builder,Prototype,A,,medium,web:Examveda.com https://www.examveda.com/java-program/practice-mcq-question-on-miscellaneous-in-java/,
Java,miscellaneous in java,"In Java, which keyword is used to explicitly call the superclass constructor?",parent(),extends,this(),super(),D,,medium,web:Examveda.com https://www.examveda.com/java-program/practice-mcq-question-on-miscellaneous-in-java/,
Java,miscellaneous in java,"What is the output of the following code snippet in Java? `System.out.println(""5 + 2 = "" + 5 + 2);`",5 + 2 = 7,7,5 + 2 = 52,Compilation Error,C,,medium,web:Examveda.com https://www.examveda.com/java-program/practice-mcq-question-on-miscellaneous-in-java/,
Java,miscellaneous in java,What is the purpose of the `hashCode()` method in Java's Object class?,To execute SQL queries,To return a unique identifier for an object,To create JavaBeans,None of These,B,,medium,web:Examveda.com https://www.examveda.com/java-program/practice-mcq-question-on-miscellaneous-in-java/,
Java,miscellaneous in java,Which Java keyword is used to prevent a method or class from being overridden or extended?,private,static,final,abstract,C,,medium,web:Examveda.com https://www.examveda.com/java-program/practice-mcq-question-on-miscellaneous-in-java/,
Java,miscellaneous in java,"What is the result of the following code in Java? `System.out.println(Math.min(Double.MIN_VALUE, 0.0));`",Double.MIN_VALUE,`00,Infinity,0,D,,medium,web:Examveda.com https://www.examveda.com/java-program/practice-mcq-question-on-miscellaneous-in-java/,
Java,miscellaneous in java,Which collection in Java does not allow duplicate elements?,Set,List,Map,Queue,A,,medium,web:Examveda.com https://www.examveda.com/java-program/practice-mcq-question-on-miscellaneous-in-java/,
Java,miscellaneous in java,What does the `volatile` keyword in Java do?,Marks a variable as immutable,Allows multiple threads to access a variable simultaneously,Defines a constant variable,Ensures that a variable is always read from main memory,D,,medium,web:Examveda.com https://www.examveda.com/java-program/practice-mcq-question-on-miscellaneous-in-java/,
Java,miscellaneous in java,"In Java, which exception is thrown when attempting to divide by zero?",NullPointerException,ArrayIndexOutOfBoundsException,ArithmeticException,IllegalArgumentException,C,,medium,web:Examveda.com https://www.examveda.com/java-program/practice-mcq-question-on-miscellaneous-in-java/,
Java,miscellaneous in java,Which Java data type is used to store a single 16-bit Unicode character?,int,char,short,None of These,B,,medium,web:Examveda.com https://www.examveda.com/java-program/practice-mcq-question-on-miscellaneous-in-java/,
Java,miscellaneous in java,What does the `break` statement do in a Java loop?,Skips the current iteration and continues with the next iteration,Restarts the loop from the beginning,Exits the loop prematurely and continues with the next statement after the loop,Ends the program execution,C,,medium,web:Examveda.com https://www.examveda.com/java-program/practice-mcq-question-on-miscellaneous-in-java/?page=2,
Java,miscellaneous in java,Which Java class is used to read input from the keyboard?,InputStreamReader,BufferedReader,System.in,Scanner,D,,medium,web:Examveda.com https://www.examveda.com/java-program/practice-mcq-question-on-miscellaneous-in-java/?page=2,
Java,miscellaneous in java,What is the default value of a member variable (field) of an object in Java if it is not explicitly initialized?,"Depends on the data type (e.g., 0 for int, null for objects)",Compilation Error,1,False,A,,medium,web:Examveda.com https://www.examveda.com/java-program/practice-mcq-question-on-miscellaneous-in-java/?page=2,
Java,miscellaneous in java,"In Java, what is the purpose of the `StringBuilder` class?",To create JavaBeans,To execute SQL queries,To define JavaBean properties,To create and manipulate mutable strings efficiently,D,,medium,web:Examveda.com https://www.examveda.com/java-program/practice-mcq-question-on-miscellaneous-in-java/?page=2,
Java,miscellaneous in java,Which operator in Java is used for short-circuit logical AND?,||,|,&&,&,C,,medium,web:Examveda.com https://www.examveda.com/java-program/practice-mcq-question-on-miscellaneous-in-java/?page=2,
Java,miscellaneous in java,Which Java annotation is used for marking a method as a JUnit test case?,@TestMethod,@Test,@JUnit,None of These,B,,medium,web:Examveda.com https://www.examveda.com/java-program/practice-mcq-question-on-miscellaneous-in-java/?page=2,
Java,miscellaneous in java,"In Java, what is the purpose of the `equals` method in the Object class?",To create JavaBeans,To execute SQL queries,To compare two objects for equality,To define JavaBean properties,C,,medium,web:Examveda.com https://www.examveda.com/java-program/practice-mcq-question-on-miscellaneous-in-java/?page=2,
Java,miscellaneous in java,Which type of exception is thrown by the Java Virtual Machine (JVM) when an arithmetic operation results in a value too large for the data type?,ArithmeticException,NullPointerException,OverflowException,StackOverflowError,D,,medium,web:Examveda.com https://www.examveda.com/java-program/practice-mcq-question-on-miscellaneous-in-java/?page=2,
Java,miscellaneous in java,What is the purpose of the `StringBuffer` class in Java?,To create and manipulate mutable strings efficiently,To define JavaBean properties,To execute SQL queries,To create JavaBeans,A,,medium,web:Examveda.com https://www.examveda.com/java-program/practice-mcq-question-on-miscellaneous-in-java/?page=2,
Java,miscellaneous in java,Which Java keyword is used to declare a constant?,var,static,const,final,D,,medium,web:Examveda.com https://www.examveda.com/java-program/practice-mcq-question-on-miscellaneous-in-java/?page=2,
Java,miscellaneous in java,"What is the output of the following code in Java? `System.out.println(""Hello"" + 1 + 2 + 3);`",6,Hello6,Hello123,Compilation Error,C,,medium,web:Examveda.com https://www.examveda.com/java-program/practice-mcq-question-on-miscellaneous-in-java/?page=3,
Java,miscellaneous in java,"In Java, what is the purpose of the `compareTo` method in the Comparable interface?",To execute SQL queries,To compare two objects for order,To create JavaBeans,None of These,B,,medium,web:Examveda.com https://www.examveda.com/java-program/practice-mcq-question-on-miscellaneous-in-java/?page=3,
Java,miscellaneous in java,Which data structure in Java is based on the Last-In-First-Out (LIFO) principle?,HashSet,LinkedList,Stack,Queue,C,,medium,web:Examveda.com https://www.examveda.com/java-program/practice-mcq-question-on-miscellaneous-in-java/?page=3,
Java,miscellaneous in java,What is the default value of a local variable in Java if it is not explicitly initialized?,0 (zero),Null,True,There is no default value; it must be initialized before use,D,,medium,web:Examveda.com https://www.examveda.com/java-program/practice-mcq-question-on-miscellaneous-in-java/?page=3,
Java,miscellaneous in java,Which Java operator is used to perform bitwise AND between two integers?,&,&&,|,^,A,,medium,web:Examveda.com https://www.examveda.com/java-program/practice-mcq-question-on-miscellaneous-in-java/?page=3,
Java,miscellaneous in java,What does the `finally` block in a Java `try-catch-finally` construct do?,It creates JavaBeans,It executes SQL queries,It defines JavaBean properties,"It contains code that is always executed, regardless of whether an exception is thrown or not",D,,medium,web:Examveda.com https://www.examveda.com/java-program/practice-mcq-question-on-miscellaneous-in-java/?page=3,
Java,miscellaneous in java,"In Java, which collection is typically implemented as a dynamic array that can grow or shrink in size?",HashMap,HashSet,ArrayList,LinkedList,C,,medium,web:Examveda.com https://www.examveda.com/java-program/practice-mcq-question-on-miscellaneous-in-java/?page=3,
Java,miscellaneous in java,What is the purpose of the `@Override` annotation in Java?,To execute SQL queries,To indicate that a method is intended to override a method in a superclass,To create JavaBeans,None of These,B,,medium,web:Examveda.com https://www.examveda.com/java-program/practice-mcq-question-on-miscellaneous-in-java/?page=3,
Java,miscellaneous in java,"In Java, what is the role of the `System.arraycopy` method?",To create JavaBeans,To execute SQL queries,To copy a range of elements from one array to another,To define JavaBean properties,C,,medium,web:Examveda.com https://www.examveda.com/java-program/practice-mcq-question-on-miscellaneous-in-java/?page=3,
Java,miscellaneous in java,Which Java operator is used to perform a logical NOT operation?,~,&&,||,!,D,,medium,web:Examveda.com https://www.examveda.com/java-program/practice-mcq-question-on-miscellaneous-in-java/?page=3,
Java,miscellaneous in java,Which Java keyword is used to create a new instance of a class?,new,create,instance,class,A,,medium,web:Examveda.com https://www.examveda.com/java-program/practice-mcq-question-on-miscellaneous-in-java/?page=4,
Java,miscellaneous in java,"In Java, what is the purpose of the `NullPointerException`?",To create JavaBeans,To execute SQL queries,To define JavaBean properties,It is thrown when an attempt is made to access an object that is null,D,,medium,web:Examveda.com https://www.examveda.com/java-program/practice-mcq-question-on-miscellaneous-in-java/?page=4,
Java,miscellaneous in java,What is the purpose of the `try-with-resources` statement in Java?,To define JavaBean properties,To execute SQL queries,"To automatically close resources like streams, files, or sockets",To create JavaBeans,C,,medium,web:Examveda.com https://www.examveda.com/java-program/practice-mcq-question-on-miscellaneous-in-java/?page=4,
Java,miscellaneous in java,Which Java operator is used for short-circuit logical OR?,&,||,&&,None of These,B,,medium,web:Examveda.com https://www.examveda.com/java-program/practice-mcq-question-on-miscellaneous-in-java/?page=4,
Java,miscellaneous in java,"In Java, what does the `System.exit(0);` statement do?",It creates JavaBeans,It executes SQL queries,It terminates the Java Virtual Machine (JVM),It defines JavaBean properties,C,,medium,web:Examveda.com https://www.examveda.com/java-program/practice-mcq-question-on-miscellaneous-in-java/?page=4,
Java,miscellaneous in java,"What is the output of the following code snippet in Java? `System.out.println(""Java"".substring(0, 2));`",J,ava,Compilation Error,Ja,D,,medium,web:Examveda.com https://www.examveda.com/java-program/practice-mcq-question-on-miscellaneous-in-java/?page=4,
Java,miscellaneous in java,Which Java exception is thrown when an array index is out of bounds?,ArrayIndexOutOfBoundsException,IndexOutOfBoundsException,ArrayOutOfBoundsError,OutOfBoundsException,A,,medium,web:Examveda.com https://www.examveda.com/java-program/practice-mcq-question-on-miscellaneous-in-java/?page=4,
Java,miscellaneous in java,"In Java, which data type represents a sequence of characters and is enclosed in double quotes?",double,int,char,String,D,,medium,web:Examveda.com https://www.examveda.com/java-program/practice-mcq-question-on-miscellaneous-in-java/?page=4,
Java,miscellaneous in java,What is the primary purpose of the `finally` block in a Java exception handling structure?,To define JavaBean properties,To execute SQL queries,"To ensure that certain code is always executed, regardless of whether an exception is thrown or not",To create JavaBeans,C,,medium,web:Examveda.com https://www.examveda.com/java-program/practice-mcq-question-on-miscellaneous-in-java/?page=4,
Java,miscellaneous in java,Which Java keyword is used to declare a class method that can be called without creating an instance of the class?,this,static,super,None of These,B,,medium,web:Examveda.com https://www.examveda.com/java-program/practice-mcq-question-on-miscellaneous-in-java/?page=4,
Java,miscellaneous in java,What is the result of the following code in Java? `System.out.println(5 / 0);`,Compilation Error,Infinity,It throws an ArithmeticException,0,C,,medium,web:Examveda.com https://www.examveda.com/java-program/practice-mcq-question-on-miscellaneous-in-java/?page=5,
Java,miscellaneous in java,What does the `break` statement do when used in a `switch` statement in Java?,It exits the `switch` statement and continues with the next statement after it,It ends the program execution,It restarts the `switch` statement from the beginning,It skips the current case and continues with the next case,A,,medium,web:Examveda.com https://www.examveda.com/java-program/practice-mcq-question-on-miscellaneous-in-java/?page=5,
Java,miscellaneous in java,Which Java keyword is used to explicitly specify that a variable cannot be changed after it is assigned a value?,immutable,static,const,final,D,,medium,web:Examveda.com https://www.examveda.com/java-program/practice-mcq-question-on-miscellaneous-in-java/?page=5,
Java,miscellaneous in java,What is the purpose of the `String.format()` method in Java?,To define JavaBean properties,To execute SQL queries,To format strings based on a format string and arguments,To create JavaBeans,C,,medium,web:Examveda.com https://www.examveda.com/java-program/practice-mcq-question-on-miscellaneous-in-java/?page=5,
Java,miscellaneous in java,Which Java keyword is used to define a constant interface?,const,final,constant,None of These,B,,medium,web:Examveda.com https://www.examveda.com/java-program/practice-mcq-question-on-miscellaneous-in-java/?page=5,
Java,miscellaneous in java,What is the purpose of the `@SuppressWarnings` annotation in Java?,To create JavaBeans,To execute SQL queries,To suppress compiler warnings for specific code,To define JavaBean properties,C,,medium,web:Examveda.com https://www.examveda.com/java-program/practice-mcq-question-on-miscellaneous-in-java/?page=5,
Java,miscellaneous in java,"In Java, which collection class does not allow duplicate elements and is typically implemented as a binary tree?",HashSet,ArrayList,LinkedList,TreeSet,D,,medium,web:Examveda.com https://www.examveda.com/java-program/practice-mcq-question-on-miscellaneous-in-java/?page=5,
Java,miscellaneous in java,"What is the result of the following code in Java? `System.out.println(10 > 5 ? ""true"" : ""false"");`",true,false,Compilation Error,Runtime Error,A,,medium,web:Examveda.com https://www.examveda.com/java-program/practice-mcq-question-on-miscellaneous-in-java/?page=5,
Java,miscellaneous in java,"In Java, which exception is thrown when an attempt is made to access an array element with an index that is negative or greater than or equal to the array size?",OutOfBoundsException,ArrayOutOfBoundsError,IndexOutOfBoundsException,ArrayIndexOutOfBoundsException,D,,medium,web:Examveda.com https://www.examveda.com/java-program/practice-mcq-question-on-miscellaneous-in-java/?page=5,
Java,miscellaneous in java,Which Java keyword is used to define a subclass that inherits from another class?,implements,inherits,extends,subclass,C,,medium,web:Examveda.com https://www.examveda.com/java-program/practice-mcq-question-on-miscellaneous-in-java/?page=6,
Java,miscellaneous in java,What does the `super` keyword refer to in Java?,It executes SQL queries,It refers to the superclass of the current class,It creates JavaBeans,None of These,B,,medium,web:Examveda.com https://www.examveda.com/java-program/practice-mcq-question-on-miscellaneous-in-java/?page=6,
Java,miscellaneous in java,"In Java, what is the purpose of the `transient` keyword when applied to an instance variable?",To create JavaBeans,To execute SQL queries,It indicates that the variable should not be serialized,To define JavaBean properties,C,,medium,web:Examveda.com https://www.examveda.com/java-program/practice-mcq-question-on-miscellaneous-in-java/?page=6,
Java,miscellaneous in java,"What is the output of the following code snippet in Java? `System.out.println(Math.pow(2, 3));`",6,2,Compilation Error,8,D,,medium,web:Examveda.com https://www.examveda.com/java-program/practice-mcq-question-on-miscellaneous-in-java/?page=6,
Java,miscellaneous in java,Which Java operator is used to perform a bitwise XOR operation between two integers?,^,&&,||,&,A,,medium,web:Examveda.com https://www.examveda.com/java-program/practice-mcq-question-on-miscellaneous-in-java/?page=6,
Java,miscellaneous in java,What is the purpose of the `instanceof` operator in Java?,To create JavaBeans,To execute SQL queries,To define JavaBean properties,To check if an object is an instance of a particular class or interface,D,,medium,web:Examveda.com https://www.examveda.com/java-program/practice-mcq-question-on-miscellaneous-in-java/?page=6,
Java,miscellaneous in java,"In Java, which exception is thrown when an object is accessed before it has been initialized?",InitializationException,ObjectNotInitializedException,NullPointerException,NullReferenceException,C,,medium,web:Examveda.com https://www.examveda.com/java-program/practice-mcq-question-on-miscellaneous-in-java/?page=6,
Java,miscellaneous in java,Which Java class is used to represent an ordered collection of elements?,Map,List,Queue,None of These,B,,medium,web:Examveda.com https://www.examveda.com/java-program/practice-mcq-question-on-miscellaneous-in-java/?page=6,
Java,miscellaneous in java,What is the purpose of the `synchronized` keyword in Java?,To create JavaBeans,To execute SQL queries,To create a synchronized block of code for multithreading,To define JavaBean properties,C,,medium,web:Examveda.com https://www.examveda.com/java-program/practice-mcq-question-on-miscellaneous-in-java/?page=6,
Java,miscellaneous in java,"In Java, what does the `this` keyword refer to?",It defines JavaBean properties,It executes SQL queries,It creates JavaBeans,It refers to the current instance of the class,D,,medium,web:Examveda.com https://www.examveda.com/java-program/practice-mcq-question-on-miscellaneous-in-java/?page=6,
Java,miscellaneous in java,What is true of final class?,Final class cause compilation failure,Final class cannot be instantiated,Final class cause runtime failure,Final class cannot be inherited,D,,medium,web:Examveda.com https://www.examveda.com/java-program/practice-mcq-question-on-miscellaneous-in-java/?page=7,
Java,miscellaneous in java,Which of these cannot be declared static?,class,object,variable,method,B,,medium,web:Examveda.com https://www.examveda.com/java-program/practice-mcq-question-on-miscellaneous-in-java/?page=7,
Java,miscellaneous in java,"What will be the output of the following Java snippet, if compiled and executed with command line ""hello there""? 
public class abc
{
 String[] xyz;
 
 public static void main(String argv[])
 {
 xyz=argv;
 }
 
 public void runMethod()
 {
 System.out.println(argv[1]);
 }
}",Compile time error,"Output would be ""hello""","Output would be ""there""","Output would be ""hello there""",A,,medium,web:Examveda.com https://www.examveda.com/java-program/practice-mcq-question-on-miscellaneous-in-java/?page=7,
Java,miscellaneous in java,How many copies of static and class variables are created when 10 objects are created of a class?,"1, 10","10, 10","10, 1","1, 1",A,,medium,web:Examveda.com https://www.examveda.com/java-program/practice-mcq-question-on-miscellaneous-in-java/?page=7,
Java,miscellaneous in java,"What will be the output of the following Java code snippet running with ""java demo I write java code""? 
public class demo
{
 public static void main(String args[])
 {
 System.out.println(args[0]+""""+args[args.length-1]);
 }
}","The snippet compiles, runs and prints ""java demo""","The snippet compiles, runs and prints ""java code""","The snippet compiles, runs and prints ""demo code""","The snippet compiles, runs and prints ""I code""",D,,medium,web:Examveda.com https://www.examveda.com/java-program/practice-mcq-question-on-miscellaneous-in-java/?page=7,
Java,miscellaneous in java,"What will be the output of the following Java program? 
class equality 
{
 int x;
 int y;
 boolean isequal()
 {
 return(x == y); 
 } 
} 
class Output 
{
 public static void main(String args[]) 
 {
 equality obj = new equality();
 obj.x = 5;
 obj.y = 5;
 System.out.println(obj.isequal);
 } 
}",false,true,0,1,B,,medium,web:Examveda.com https://www.examveda.com/java-program/practice-mcq-question-on-miscellaneous-in-java/?page=7,
Java,miscellaneous in java,What happens if constructor of class A is made private?,Any class can instantiate objects of class A,Objects of class A can be instantiated only within the class where it is declared,Inherited class can instantiate objects of class A,classes within the same package as class A can instantiate objects of class A,B,,medium,web:Examveda.com https://www.examveda.com/java-program/practice-mcq-question-on-miscellaneous-in-java/?page=7,
Java,miscellaneous in java,Which of the following modifier means a particular variable cannot be accessed within the package?,private,public,protected,default,A,,medium,web:Examveda.com https://www.examveda.com/java-program/practice-mcq-question-on-miscellaneous-in-java/?page=7,
Java,miscellaneous in java,Which of these methods must be made static?,main(),delete(),run(),finalize(),A,,medium,web:Examveda.com https://www.examveda.com/java-program/practice-mcq-question-on-miscellaneous-in-java/?page=8,
Java,miscellaneous in java,"What will be the output of the following Java program? 
class Output 
{
 public static void main(String args[])
 {
 int arr[] = {1, 2, 3, 4, 5};
 for ( int i = 0; i < arr.length - 2; ++i)
 System.out.println(arr[i] + "" "");
 } 
}",1 2,1 2 3,1 2 3 4,1 2 3 4 5,B,,medium,web:Examveda.com https://www.examveda.com/java-program/practice-mcq-question-on-miscellaneous-in-java/?page=8,
Java,miscellaneous in java,What is the process of defining more than one method in a class differentiated by parameters?,Function overriding,Function overloading,Function doubling,None of the mentioned,B,,medium,web:Examveda.com https://www.examveda.com/java-program/practice-mcq-question-on-miscellaneous-in-java/?page=8,
Java,miscellaneous in java,How can a protected modifier be accessed?,accessible only within the class,accessible only within package,accessible within package and outside the package but through inheritance only,accessible by all,C,,medium,web:Examveda.com https://www.examveda.com/java-program/practice-mcq-question-on-miscellaneous-in-java/?page=8,
Java,miscellaneous in java,"What will be the output of the following Java program? 
class string_class 
{
 public static void main(String args[])
 {
 String obj = ""I LIKE JAVA""; 
 System.out.println(obj.length());
 }
}",9,10,11,12,C,,medium,web:Examveda.com https://www.examveda.com/java-program/practice-mcq-question-on-miscellaneous-in-java/?page=8,
Java,miscellaneous in java,Which of these keywords is used to prevent content of a variable from being modified?,final,last,constant,static,A,,medium,web:Examveda.com https://www.examveda.com/java-program/practice-mcq-question-on-miscellaneous-in-java/?page=8,
Java,miscellaneous in java,"What will be the output of the following Java program? 
class box 
{
 int width;
 int height;
 int length;
 int volume;
 void volume() 
 {
 volume = width * height * length;
 } 
 void volume(int x) 
 {
 volume = x;
 }
} 
class Output 
{ 
 public static void main(String args[]) 
 {
 box obj = new box();
 obj.height = 1;
 obj.length = 5;
 obj.width = 5;
 obj.volume(5);
 System.out.println(obj.volume); 
 } 
}",0,5,25,26,B,,medium,web:Examveda.com https://www.examveda.com/java-program/practice-mcq-question-on-miscellaneous-in-java/?page=8,
Java,miscellaneous in java,How do we pass command line argument in Eclipse?,Arguments tab,Variable tab,Cannot pass command line argument in eclipse,Environment variable tab,A,,medium,web:Examveda.com https://www.examveda.com/java-program/practice-mcq-question-on-miscellaneous-in-java/?page=8,
Java,miscellaneous in java,Which is the modifier when there is none mentioned explicitly?,protected,private,public,default,D,,medium,web:Examveda.com https://www.examveda.com/java-program/practice-mcq-question-on-miscellaneous-in-java/?page=8,
Java,miscellaneous in java,"What will be the output of the following Java program? 
class string_class 
{
 public static void main(String args[])
 {
 String obj = ""I LIKE JAVA""; 
 System.out.println(obj.charAt(3));
 } 
}",I,L,K,E,A,,medium,web:Examveda.com https://www.examveda.com/java-program/practice-mcq-question-on-miscellaneous-in-java/?page=9,
Java,miscellaneous in java,Which annotation is used to represent command line input and assigned to correct data type?,@Input,@Variable,@Command Line,@Parameter,D,,medium,web:Examveda.com https://www.examveda.com/java-program/practice-mcq-question-on-miscellaneous-in-java/?page=9,
Java,miscellaneous in java,"What will be the output of the following Java program? 
class access
{
 public int x;
static int y;
 void cal(int a, int b)
 {
 x += a ;
 y += b;
 } 
} 
class static_specifier 
{
 public static void main(String args[])
 {
 access obj1 = new access();
 access obj2 = new access(); 
 obj1.x = 0;
 obj1.y = 0;
 obj1.cal(1, 2);
 obj2.x = 0;
 obj2.cal(2, 3);
 System.out.println(obj1.x + "" "" + obj2.y); 
 }
}",1 2,2 3,3 2,1 5,D,,medium,web:Examveda.com https://www.examveda.com/java-program/practice-mcq-question-on-miscellaneous-in-java/?page=9,
Java,miscellaneous in java,"What will be the output of the following Java snippet, if compiled and executed with command line argument ""java abc 1 2 3""? 
public class abc
{
 static public void main(String [] xyz)
 {
 for(int n=1;n<xyz.length; n++)
 {
 System.out.println(xyz[n]+"""");
 }
 }
}",1 2,2 3,1 2 3,Compilation error,B,,medium,web:Examveda.com https://www.examveda.com/java-program/practice-mcq-question-on-miscellaneous-in-java/?page=9,
Java,miscellaneous in java,Can command line arguments be converted into int automatically if required?,Yes,No,Compiler Dependent,Only ASCII characters can be converted,B,,medium,web:Examveda.com https://www.examveda.com/java-program/practice-mcq-question-on-miscellaneous-in-java/?page=9,
Java,miscellaneous in java,"What will be the output of the following Java program? 
class string_class 
{
 public static void main(String args[])
 {
 String obj = ""hello"";
 String obj1 = ""world""; 
 String obj2 = obj;
 obj2 = "" world"";
 System.out.println(obj + "" "" + obj2);
 }
}",hello hello,world world,hello world,world hello,C,,medium,web:Examveda.com https://www.examveda.com/java-program/practice-mcq-question-on-miscellaneous-in-java/?page=9,
Java,miscellaneous in java,"What will be the output of the following Java program? 
class area 
{
 int width;
 int length;
 int height;
 area() 
 {
 width = 5;
 length = 6;
 height = 1;
 }
 void volume() 
 {
 volume = width * height * length;
 } 
} 
class cons_method 
{
 public static void main(String args[]) 
 {
 area obj = new area();
 obj.volume();
 System.out.println(obj.volume);
 } 
}",0,1,25,30,D,,medium,web:Examveda.com https://www.examveda.com/java-program/practice-mcq-question-on-miscellaneous-in-java/?page=9,
Java,miscellaneous in java,Arrays in Java are implemented as?,class,object,variable,none of the mentioned,B,,medium,web:Examveda.com https://www.examveda.com/java-program/practice-mcq-question-on-miscellaneous-in-java/?page=9,
Java,miscellaneous in java,Which class allows parsing of command line arguments?,Args,JCommander,Command Line,Input,B,,medium,web:Examveda.com https://www.examveda.com/java-program/practice-mcq-question-on-miscellaneous-in-java/?page=9,
Java,miscellaneous in java,"What will be the output of the following Java program? 
class string_class 
{
 public static void main(String args[])
 {
 String obj = ""hello"";
 String obj1 = ""world""; 
 String obj2 = ""hello"";
 System.out.println(obj.equals(obj1) + "" "" + obj.equals(obj2));
 }
}",false false,true true,true false,false true,D,,medium,web:Examveda.com https://www.examveda.com/java-program/practice-mcq-question-on-miscellaneous-in-java/?page=9,
Java,miscellaneous in java,"What will be the output of the following Java program, Command line exceution is done as - ""java Output This is a command Line""? 
class Output 
{
 public static void main(String args[]) 
 {
 System.out.print(args[3]);
 }
}",java,is,This,command,D,,medium,web:Examveda.com https://www.examveda.com/java-program/practice-mcq-question-on-miscellaneous-in-java/?page=10,
Java,miscellaneous in java,"What will be the output of the following Java code snippet run as $ java Demo -length 512 -breadth 2 -h 3? 
class Demo {
 @Parameter(names={""--length""})
 int length;
 
 @Parameter(names={""--breadth""})
 int breadth;
 
 @Parameter(names={""--height"",""-h""})
 int height;
 
 public static void main(String args[]) 
 {
 Demo demo = new Demo();
 new JCommander(demo, args);
 demo.run();
 }
 
 public void run() 
 {
 System.out.println(length+"" ""+ breadth+"" ""+height);
 }
}",2 512 3,2 2 3,512 2 3,512 512 3,C,,medium,web:Examveda.com https://www.examveda.com/java-program/practice-mcq-question-on-miscellaneous-in-java/?page=10,
Java,miscellaneous in java,"What will be the output of the following Java program? 
class string_demo 
{
 public static void main(String args[])
 {
 String obj = ""I"" + ""like"" + ""Java""; 
 System.out.println(obj); 
 }
}",I,like,Java,IlikeJava,D,,medium,web:Examveda.com https://www.examveda.com/java-program/practice-mcq-question-on-miscellaneous-in-java/?page=10,
Java,miscellaneous in java,"What will be the output of the following Java program? 
class Output 
{
 static void main(String args[]) 
 { 
 int x , y = 1;
 x = 10;
 if(x != 10 && x / 0 == 0)
 System.out.println(y);
 else
 System.out.println(++y);
 } 
}",1,2,Runtime Error,Compilation Error,D,"This Java program defines a class named ""Output"" with a main method. Inside the main method, it declares two integer variables, x and y, and initializes y to 1. Then, it assigns the value 10 to x.
 
In the if statement, the condition x != 10 && x / 0 == 0 is evaluated. Since x is indeed equal to 10, the first part of the condition, x != 10, evaluates to false.
 
However, Java short-circuits the logical AND operator (&&), meaning if the left operand is false, the right operand is not evaluated. Thus, x / 0 == 0 is not executed because of the short-circuiting behavior.
 
Therefore, the else block is executed, which increments the value of y by 1 using the pre-increment operator (++y).
 
So, the output of the program will be 2. 
Therefore, the correct answer is Option B: 2.",medium,web:Examveda.com https://www.examveda.com/java-program/practice-mcq-question-on-miscellaneous-in-java/?page=10,
Java,miscellaneous in java,Which of these can be used to differentiate two or more methods having the same name?,Parameters data type,Number of parameters,Return type of method,All of the mentioned,D,,medium,web:Examveda.com https://www.examveda.com/java-program/practice-mcq-question-on-miscellaneous-in-java/?page=10,
Java,miscellaneous in java,Which of these is the method which is executed first before execution of any other thing takes place in a program?,main method,finalize method,static method,private method,C,,medium,web:Examveda.com https://www.examveda.com/java-program/practice-mcq-question-on-miscellaneous-in-java/?page=10,
Java,miscellaneous in java,Which one of the following is not an access modifier?,Public,Private,Protected,Void,D,,medium,web:Examveda.com https://www.examveda.com/java-program/practice-mcq-question-on-miscellaneous-in-java/?page=10,
Java,miscellaneous in java,How many arguments can be passed to main()?,Infinite,Only 1,System Dependent,None of the mentioned,A,,medium,web:Examveda.com https://www.examveda.com/java-program/practice-mcq-question-on-miscellaneous-in-java/?page=10,
