subject,topic,question,option_a,option_b,option_c,option_d,correct_letter,explanation,difficulty,source,tags
Web Technologies & Internet / PHP,basic and variables,The development environment offers which standard construct for data validation,Super controlled loop constructs,Case sensitivity check,Validation constructs,All of the mentioned,D,"All these facilities are available in JavaScript. Additionally, all development environments provide syntax to create and use memory variables, constants, and functions.",medium,web:Examveda.com https://www.examveda.com/javascript/practice-mcq-question-on-basic-and-variables/,
Web Technologies & Internet / PHP,basic and variables,The main purpose of a “Live Wire” in NetScape is to,Create linkage between client side and server side,"Permit server side, JavaScript code, to connect to RDBMS",Support only non relational database,To interpret JavaScript code,B,A Live Wire database driver also supports a number of non-relational databases.,medium,web:Examveda.com https://www.examveda.com/javascript/practice-mcq-question-on-basic-and-variables/,
Web Technologies & Internet / PHP,basic and variables,The script tag must be placed in,head,head and body,title and head,all of the mentioned,B,"If the script tag is placed after the body tag, then, it will not be evaluated at all. Also, it is always recommended and effective to use the script snippet in the <head> tag.",medium,web:Examveda.com https://www.examveda.com/javascript/practice-mcq-question-on-basic-and-variables/,
Web Technologies & Internet / PHP,basic and variables,A JavaScript program developed on a Unix Machine,will throw errors and exceptions,must be restricted to a Unix Machine only,will work perfectly well on a Windows Machine,will be displayed as a JavaScript text on the browser,C,,medium,web:Examveda.com https://www.examveda.com/javascript/practice-mcq-question-on-basic-and-variables/,
Web Technologies & Internet / PHP,basic and variables,JavaScript is ideal to,make computations in HTML simpler,minimize storage requirements on the web server,increase the download time for the client,none of the mentioned,B,"To minimize storage requirements, JavaScript is always a better say.",medium,web:Examveda.com https://www.examveda.com/javascript/practice-mcq-question-on-basic-and-variables/,
Web Technologies & Internet / PHP,basic and variables,Which attribute is used to specify that the script is executed when the page has finished parsing ( only for external scripts ),parse,a sync,defer,type,C,"In order to load a page, the browser must parse the contents of all script tags, which adds additional time to the page load) By minimizing the amount of JavaScript needed to render the page, and deferring parsing of unneeded JavaScript until it needs to be executed, you can reduce the initial load time of your page.",medium,web:Examveda.com https://www.examveda.com/javascript/practice-mcq-question-on-basic-and-variables/,
Web Technologies & Internet / PHP,basic and variables,JavaScript Code can be called by using,RMI,Triggering Event,Preprocessor,Function/Method,D,,medium,web:Examveda.com https://www.examveda.com/javascript/practice-mcq-question-on-basic-and-variables/,
Web Technologies & Internet / PHP,basic and variables,JavaScript can be written,directly into JS file and included into HTML,directly on the server page,directly into HTML pages,all of the mentioned,D,"JavaScript is a versatile programming language that can be written in various ways depending on the context and requirements. The correct answer is all of the mentioned options. 

Let's break down each option: 

 Option A, ""directly into JS file and included into HTML,"" refers to writing JavaScript code in a separate JS file with a .js extension and then linking that file to an HTML page using the script tag. This is a common approach to organize and reuse JavaScript code. 
 Option B, ""directly on the server page,"" implies writing JavaScript code within a server-side scripting language like PHP, ASP, or Node.js. In this case, the JavaScript code is processed on the server before sending the response to the client. 
 Option C, ""directly into HTML pages,"" involves writing JavaScript code directly within the script tags in an HTML file. This allows for inline scripting and is suitable for s",medium,web:Examveda.com https://www.examveda.com/javascript/practice-mcq-question-on-basic-and-variables/,
Web Technologies & Internet / PHP,basic and variables,Which of the following Attribute is used to include External JS code inside your HTML Document,src,ext,script,link,A,A ”src” attribute could be used to add any external code into the HTML document.,medium,web:Examveda.com https://www.examveda.com/javascript/practice-mcq-question-on-basic-and-variables/,
Web Technologies & Internet / PHP,basic and variables,A proper scripting language is a,High level programming language,Assembly level programming language,Machinen level programming language,Low level programming language,A,,medium,web:Examveda.com https://www.examveda.com/javascript/practice-mcq-question-on-basic-and-variables/,
Web Technologies & Internet / PHP,basic and variables,The type of a variable that is volatile is,Volatile variable,Mutable variable,Immutable variable,Dynamic variable,B,The variables whose values can be changed are called mutable variable types.,medium,web:Examveda.com https://www.examveda.com/javascript/practice-mcq-question-on-basic-and-variables/?page=2,
Web Technologies & Internet / PHP,basic and variables,The generalised syntax for a real number representation is,[digits][.digits][(E|e)[(+|-)]digits],[digits][+digits][(E|e)[(+|-)]digits],[digits][(E|e)[(+|-)]digits],[.digits][digits][(E|e)[(+|-)]digits],A,"Floating-point literals may also be represented using exponential notation: a real number followed by the letter e (or E), followed by an optional plus or minus sign, followed by an integer exponent. This notation represents the real number multiplied by 10 to the power of the exponent.",medium,web:Examveda.com https://www.examveda.com/javascript/practice-mcq-question-on-basic-and-variables/?page=2,
Web Technologies & Internet / PHP,basic and variables,"When there is an indefinite or an infinity value during an arithmetic value computation, javascript",Prints an exception error,Prints an overflow error,Displays “Infinity”,Prints the value as such,C,"When the result of a numeric operation is larger than the largest representable number (overflow), the result is a special infinity value, which JavaScript prints as Infinity. Similarly, when a negative value becomes larger than the largest representable negative number, the result is negative infinity, printed as -Infinity. The infinite values behave as you would expect: adding, subtracting, multiplying, or dividing them by anything results in an infinite value (possibly with the sign reversed.",medium,web:Examveda.com https://www.examveda.com/javascript/practice-mcq-question-on-basic-and-variables/?page=2,
Web Technologies & Internet / PHP,basic and variables,Which of the following is not considered as an error in JavaScript?,Syntax error,Missing of semicolons,Division by zero,All of the mentioned,C,"Division by zero is not an error in JavaScript: it simply returns infinity or negative infinity. There is one exception, however: zero divided by zero does not have a welldefined value, and the result of this operation is the special not-a-number value, printed as NaN.",medium,web:Examveda.com https://www.examveda.com/javascript/practice-mcq-question-on-basic-and-variables/?page=2,
Web Technologies & Internet / PHP,basic and variables,The escape sequence ‘f’ stands for,Floating numbers,Representation of functions that returns a value,f is not present in JavaScript,Form feed,D,f is the JavaScript escape sequence that stands for Form feed (u000C).,medium,web:Examveda.com https://www.examveda.com/javascript/practice-mcq-question-on-basic-and-variables/?page=2,
Web Technologies & Internet / PHP,basic and variables,The snippet that has to be used to check if “a” is not equal to “null” is,if(a!=null),if (!a),if(a!null),if(a!==null),D,The not-equal operator !== compares o to null and evaluates to either true or false.,medium,web:Examveda.com https://www.examveda.com/javascript/practice-mcq-question-on-basic-and-variables/?page=2,
Web Technologies & Internet / PHP,basic and variables,The statement a===b refers to,"Both a and b are equal in value, type and reference address",Both a and b are equal in value,Both a and b are equal in value and type,There is no such statement,C,"a==b returns a true if a and b refer to the same objec ,so they are equal, else it returns a false.",medium,web:Examveda.com https://www.examveda.com/javascript/practice-mcq-question-on-basic-and-variables/?page=2,
Web Technologies & Internet / PHP,basic and variables,Assume that we have to convert “false” that is a non-string to string. The command that we use is (without invoking the “new” operator),false.toString(),String(false),String newvariable=”false”,Both false.toString() and String(false),D,"A non-string can be converted in two ways without using a new operator. false.toString() and String(false). 

 
 
 
 



 
 
 
 
 
 
 
 
 
 
 
 
 
1
2
3
4
5
6
7
8
9

 
 
 
 
 
 
 
 
 
 

 
 

 -->
 
 
 


 

-->
 
 
 Copyright © 2026 Examveda.com
 
 
 
 
 
 
 
 
 
 About Us |
 Terms & Condition |
 Privacy Policy |
 Contact Us",medium,web:Examveda.com https://www.examveda.com/javascript/practice-mcq-question-on-basic-and-variables/?page=2,
Web Technologies & Internet / PHP,basic and variables,"Consider the following snippet code
var string1 = ”123”;
var intvalue = 123;
alert( string1 + intvalue );",123246,246,123123,Exception,C,,medium,web:Examveda.com https://www.examveda.com/javascript/practice-mcq-question-on-basic-and-variables/?page=3,
Web Technologies & Internet / PHP,basic and variables,A function definition expression can be called,Function prototype,Function literal,Function definition,Function declaration,B,A function definition expression is a “function literal” in the same way that an object initializer is an “object literal.” A Function definition expression typically consists of the keyword function followed by a comma-separated list of zero or more identifiers (the parameter names) in parentheses and a block of JavaScript code (the function body) in curly braces.,medium,web:Examveda.com https://www.examveda.com/javascript/practice-mcq-question-on-basic-and-variables/?page=3,
Web Technologies & Internet / PHP,basic and variables,The property of a primary expression is,stand-alone expressions,basic expressions containing all necessary functions,contains variable references alone,complex expressions,A,"The simplest expressions, known as primary expressions, are those that stand alone — they do not include any simpler expressions. Primary expressions in JavaScript are constant or literal values, certain laguage keywords, and variable references.",medium,web:Examveda.com https://www.examveda.com/javascript/practice-mcq-question-on-basic-and-variables/?page=3,
Web Technologies & Internet / PHP,basic and variables,"Consider the following statements
var text = ""testing: 1, 2, 3""; // Sample text
var pattern = /d+/g // Matches all instances of one or more digits",text==pattern,text.equals(pattern),text.test(pattern),pattern.test(text),D,The given pattern is applied on the text given in the parenthesis.,medium,web:Examveda.com https://www.examveda.com/javascript/practice-mcq-question-on-basic-and-variables/?page=3,
Web Technologies & Internet / PHP,basic and variables,The JavaScript’s syntax calling ( or executing ) a function or method is called,Primary expression,Functional expression,Invocation expression,Property Access Expression,C,An invocation expression is JavaScript’s syntax for calling (or executing) a function or method) It starts with a function expression that identifies the function to be called.,medium,web:Examveda.com https://www.examveda.com/javascript/practice-mcq-question-on-basic-and-variables/?page=3,
Web Technologies & Internet / PHP,basic and variables,"What kind of an expression is “new Point(2,3)”?",Primary Expression,Object Creation Expression,Invocation Expression,Constructor Calling Expression,B,An object creation expression creates a new object and invokes a function (called a constructor) to initialize the properties of that object. Object creation expressions are like invocation expressions except that they are prefixed with the keyword new.,medium,web:Examveda.com https://www.examveda.com/javascript/practice-mcq-question-on-basic-and-variables/?page=3,
Web Technologies & Internet / PHP,basic and variables,Which of the operator is used to test if a particular property exists or not?,in,exist,within,exists,A,The operator “in” tests whether a particular property exists.,medium,web:Examveda.com https://www.examveda.com/javascript/practice-mcq-question-on-basic-and-variables/?page=3,
Web Technologies & Internet / PHP,basic and variables,"Among the following, which one is a ternary operator?",+,:,–,?:,D,"A ternary operator is a conditional operator that takes three operands. 
In JavaScript, ?: is the ternary operator. 
It is used for conditional expressions. 
The syntax is condition ? expr1 : expr2. 
Options +, :, and - are not ternary operators.",medium,web:Examveda.com https://www.examveda.com/javascript/practice-mcq-question-on-basic-and-variables/?page=3,
Web Technologies & Internet / PHP,basic and variables,"“An expression that can legally appear on the left side of an assignment expression.” is a well known explanation for variables, properties of objects, and elements of arrays. They are called",Properties,Prototypes,Lvalue,Definition,C,"lvalue is a historical term that means “an expression that can legally appear on the left side of an assignment expression.” In JavaScript, variables, properties of objects, and elements of arrays are lvalues.",medium,web:Examveda.com https://www.examveda.com/javascript/practice-mcq-question-on-basic-and-variables/?page=3,
Web Technologies & Internet / PHP,basic and variables,JavaScript is a _______________ language,Object-Oriented,High-level,Assembly-language,Object-Based,D,"JavaScript is not a full-blown OOP (Object-Oriented Programming) language, such as Java or PHP, but it is an object-based language. 

 
 
 
 



 
 
 
 
 
 
 
 
 
 
 
 
 
1
2
3
4
5
6
7
8
9

 
 
 
 
 
 
 
 
 
 

 
 

 -->
 
 
 


 

-->
 
 
 Copyright © 2026 Examveda.com
 
 
 
 
 
 
 
 
 
 About Us |
 Terms & Condition |
 Privacy Policy |
 Contact Us",medium,web:Examveda.com https://www.examveda.com/javascript/practice-mcq-question-on-basic-and-variables/?page=3,
Web Technologies & Internet / PHP,basic and variables,"The output for the following code snippet would most appropriately be
var a=5 , b=1
var obj = { a : 10 }
with(obj) 
{
 alert(b)
}",10,Error,1,5,C,"The interpreter checks obj for property b, fails and takes it from outside of with.",medium,web:Examveda.com https://www.examveda.com/javascript/practice-mcq-question-on-basic-and-variables/?page=4,
Web Technologies & Internet / PHP,basic and variables,A conditional expression is also called a,Alternate to if-else,Immediate if,If-then-else statement,None of the mentioned,B,"A conditional expression in JavaScript is also known as an immediate if or ternary operator. The correct answer is option B. 

Let's understand the other options: 

 Option A, ""Alternate to if-else,"" is not an accurate description of a conditional expression. While a conditional expression can be used as an alternative to if-else in certain cases, it is not its primary name. 
 Option C, ""If-then-else statement,"" is not the commonly used term for a conditional expression. It is more commonly used to refer to the traditional if-else statement structure. 
 Option D, ""None of the mentioned,"" is incorrect because a conditional expression does have a specific name. 

Therefore, option B, ""Immediate if,"" is the correct answer as it accurately describes the conditional expression in JavaScript. It is called ""immediate"" because it allows for a concise way of expressing a condition and immediately",medium,web:Examveda.com https://www.examveda.com/javascript/practice-mcq-question-on-basic-and-variables/?page=4,
Web Technologies & Internet / PHP,basic and variables,"Which is a more efficient code snippet ? 
Code 1 :
for(var num=10;num>=1;num--)
{
 document.writeln(num);
}",Code 1,Code 2,Both Code 1 and Code 2,Cannot Compare,A,A for loop is always more efficient because it encapsules two individual statements(initialization and expression) within the braces.,medium,web:Examveda.com https://www.examveda.com/javascript/practice-mcq-question-on-basic-and-variables/?page=4,
Web Technologies & Internet / PHP,basic and variables,A statement block is a,conditional block,block that contains a single statement,Both conditional block and single statement,block that combines multiple statements into a single compound statement,D,A statement block is a block that combines more than one statements into a single compound statement for ease.,medium,web:Examveda.com https://www.examveda.com/javascript/practice-mcq-question-on-basic-and-variables/?page=4,
Web Technologies & Internet / PHP,basic and variables,"When an empty statement is encountered, a JavaScript interpreter",Ignores the statement,Prompts to complete the statement,Throws an error,Throws an exception,A,The JavaScript interpreter takes no action when it executes an empty statement. The empty statement is occasionally useful when you want to create a loop that has an empty body.,medium,web:Examveda.com https://www.examveda.com/javascript/practice-mcq-question-on-basic-and-variables/?page=4,
Web Technologies & Internet / PHP,basic and variables,The “var” and “function” are,Keywords,Declaration statements,Datatypes,Prototypes,B,The var and function are declaration statements—they declare or define variables and functions. These statements define identifiers (variable and function names) that can be used elsewhere in your program and assign values to those identifiers.,medium,web:Examveda.com https://www.examveda.com/javascript/practice-mcq-question-on-basic-and-variables/?page=4,
Web Technologies & Internet / PHP,basic and variables,"Consider the following statements
switch(expression)
{
 statements
}",==,equals,equal,===,D,"When a switch executes, it computes the value of expression and then looks for a case label whose expression evaluates to the same value (where sameness is determined by the === operator).",medium,web:Examveda.com https://www.examveda.com/javascript/practice-mcq-question-on-basic-and-variables/?page=4,
Web Technologies & Internet / PHP,basic and variables,"Consider the following statements
var count = 0;
while (count 10) 
{
 console.log(count);
 count++;
}",The values of count is logged or stored in a particular location or storage,The value of count from 0 to 9 is displayed in the console,An error is displayed,An exception is thrown,B,,medium,web:Examveda.com https://www.examveda.com/javascript/practice-mcq-question-on-basic-and-variables/?page=4,
Web Technologies & Internet / PHP,basic and variables,The enumeration order becomes implementation dependent and non-interoperable if :,If the object inherits enumerable properties,The object does not have the properties present in the integer array indices,The delete keyword is never used,Object.defineProperty() is not used,A,,medium,web:Examveda.com https://www.examveda.com/javascript/practice-mcq-question-on-basic-and-variables/?page=4,
Web Technologies & Internet / PHP,basic and variables,"Consider the following code snippet
function printArray(a) 
{
 var len = a.length, i = 0;
 if (len == 0)
 console.log(""Empty Array"");
 else 
 {
 do 
 {
 console.log(a[i]);
 } while (++i len);
 }
}",Prints the numbers in the array in order,Prints the numbers in the array in the reverse order,Prints 0 to the length of the array,Prints “Empty Array”,A,"The do/while loop is less commonly used when compared to the while loop. Here, it prints from the array in the given order.",medium,web:Examveda.com https://www.examveda.com/javascript/practice-mcq-question-on-basic-and-variables/?page=5,
Web Technologies & Internet / PHP,basic and variables,What are the three important manipulations done in a for loop on a loop variable?,"Updation, Incrementation, Initialization","Initialization,Testing, Updation","Testing, Updation, Testing","Initialization,Testing, Incrementation",B,"In a for loop, the initialization, the test, and the update are the three crucial manipulations of a loop variable.",medium,web:Examveda.com https://www.examveda.com/javascript/practice-mcq-question-on-basic-and-variables/?page=5,
Web Technologies & Internet / PHP,basic and variables,"Consider the following code snippet
function tail(o) 
{ 
 for (; o.next; o = o.next) ;
 return o;
}","No, this will throw an exception as only numerics can be used in a for loop","No, this will not iterate","Yes, this will work","No, this will result in a runtime error with the message “Cannot use Linked List”",C,The above code uses a for loop to traverse a linked list data structure and return the last object in the list. This will perfectly work.,medium,web:Examveda.com https://www.examveda.com/javascript/practice-mcq-question-on-basic-and-variables/?page=5,
Web Technologies & Internet / PHP,basic and variables,One of the special feature of an interpreter in reference with the for loop is that,"Before each iteration, the interpreter evaluates the variable expression and assigns the name of the property",The iterations can be infinite when an interpreter is used,The body of the loop is executed only once,All of the mentioned,A,"Before each iteration, the interpreter evaluates the variable expression and assigns the name of the property (a string value) to it.",medium,web:Examveda.com https://www.examveda.com/javascript/practice-mcq-question-on-basic-and-variables/?page=5,
Web Technologies & Internet / PHP,basic and variables,What will happen if the body of a for/in loop deletes a property that has not yet been enumerated?,The property will be stored in a cache,The loop will not run,That property will not be enumerated,All of the mentioned,C,"If the body of a for/in loop deletes a property that has not yet been enumerated, that property will not be enumerated. If the body of the loop defines new properties on the object, those properties will generally not be enumerated.",medium,web:Examveda.com https://www.examveda.com/javascript/practice-mcq-question-on-basic-and-variables/?page=5,
Web Technologies & Internet / PHP,basic and variables,What will be the step of the interpreter in a jump statement when an exception is thrown?,The interpreter stops its work,The interpreter throws another exception,The interpreter jumps to the nearest enclosing exception handler,None of the mentioned,C,"When an exception is thrown in a jump statement, the interpreter jumps to the nearest enclosing exception handler, which may be in the same function or up the call stack in an invoking function.",medium,web:Examveda.com https://www.examveda.com/javascript/practice-mcq-question-on-basic-and-variables/?page=5,
Web Technologies & Internet / PHP,basic and variables,"Consider the following code snippet
while (a != 0)
{
 if (spam>a == 1) 
 continue;
 else 
 a++;
}",The continue keyword restarts the loop,The continue keyword skips the next iteration,The continue keyword skips the rest of the statements in that iteration,None of the mentioned,C,"Instead of exiting a loop like the break keyword, the continue keyword moves to the next iteration from the place encountered.",medium,web:Examveda.com https://www.examveda.com/javascript/practice-mcq-question-on-basic-and-variables/?page=5,
Web Technologies & Internet / PHP,basic and variables,"Consider the following code snippet

function f(o) 
{
 if (o === undefined) debugger;
}",It does nothing but a simple breakpoint,It debugs the error in that statement and restarts the statement’s execution,It is used as a keyword that debugs the entire program at once,All of the mentioned,A,"The debugger statement normally does nothing. If, however, a debugger program is available and is running, then an implementation may (but is not required to) perform some kind of debugging action. In practice, this statement acts like a breakpoint: execution of JavaScript code stops and you can use the debugger to print variable’s values.",medium,web:Examveda.com https://www.examveda.com/javascript/practice-mcq-question-on-basic-and-variables/?page=5,
Web Technologies & Internet / PHP,basic and variables,"Among the keywords below, which one is not a statement?",debugger,with,if,use strict,D,"use strict is a directive introduced in ECMAScript5. Directives are not statements because it does not include any language keywords. Also, it can appear only at the start of a script or at the start of a function body, before any real statemenst have appeared.",medium,web:Examveda.com https://www.examveda.com/javascript/practice-mcq-question-on-basic-and-variables/?page=5,
Web Technologies & Internet / PHP,basic and variables,"The unordered collection of properties, each of which has a name and a value is called",String,Object,Serialized Object,All of the mentioned,B,"An object is an unordered collection of properties, each of which has a name and a value. Property names are strings, so we can say that objects map strings to values. 

 
 
 
 



 
 
 
 
 
 
 
 
 
 
 
 
 
1
2
3
4
5
6
7
8
9

 
 
 
 
 
 
 
 
 
 

 
 

 -->
 
 
 


 

-->
 
 
 Copyright © 2026 Examveda.com
 
 
 
 
 
 
 
 
 
 About Us |
 Terms & Condition |
 Privacy Policy |
 Contact Us",medium,web:Examveda.com https://www.examveda.com/javascript/practice-mcq-question-on-basic-and-variables/?page=5,
Web Technologies & Internet / PHP,basic and variables,The object has three object attributes namely,"Class, parameters, object’s extensible flag","Prototype, class, objects’ parameters","Prototype, class, object’s extensible flag","Native object, Classes and Interfacces and Object’s extensible flag",C,"Every object has three associated object attributes : 
1. An object’s prototype is a reference to another object from which properties are inherited. 
2. An object’s class is a string that caegorizes the type of an object. 
3. An object’s extensible flag specifies whether new properties may be added to the object.",medium,web:Examveda.com https://www.examveda.com/javascript/practice-mcq-question-on-basic-and-variables/?page=6,
Web Technologies & Internet / PHP,basic and variables,"Consider the following code snippet :
var book = {
 ""main title"": ""JavaScript"", 
 'sub-title': ""The Definitive Guide"", 
 ""for"": ""all audiences"", 
 author: { 
 firstname: ""David"", 
 surname: ""Flanagan"" 
 }
 };",properties,property values,property names,objects,C,firstname and surname are the property names. The value of that particular property is itself an object. That is why these property names are unquoted.,medium,web:Examveda.com https://www.examveda.com/javascript/practice-mcq-question-on-basic-and-variables/?page=6,
Web Technologies & Internet / PHP,basic and variables,A linkage of series of prototype objects is called as :,prototype stack,prototype chain,prototype class,prototypes,B,"Consider an example, Date.prototype inherits properties from Object.prototype, so a Date object created by new Date() inherits properties from both Date.prototype and Object.prototype. This linked series of prototype objects is known as prototype chain.",medium,web:Examveda.com https://www.examveda.com/javascript/practice-mcq-question-on-basic-and-variables/?page=6,
Web Technologies & Internet / PHP,basic and variables,"Consider the below given syntax 
book[datatype]=assignment_value;",An integer,A String,An object,None of the mentioned,B,"When using square bracket notation, the expression inside the square brackets must evaluate to a sting or a value that can be converted to a string.",medium,web:Examveda.com https://www.examveda.com/javascript/practice-mcq-question-on-basic-and-variables/?page=6,
Web Technologies & Internet / PHP,basic and variables,"To determine whether one object is the prototype of (or is part of the prototype chain of) another object, one should use the",isPrototypeOf() method,equals() method,=== operator,none of the mentioned,A,"To determine whether one object is the prototype of (or is part of the prototype chain of) another object, one should use the isPrototype() method. To find out if p is the prototype of o write p.isPrototypeOf(o).",medium,web:Examveda.com https://www.examveda.com/javascript/practice-mcq-question-on-basic-and-variables/?page=6,
Web Technologies & Internet / PHP,basic and variables,"Consider the following code snippet
function f() {};",Function f,A custom constructor,Prototype of a function,Not valid,B,The above code snippet defines a custom constructor.,medium,web:Examveda.com https://www.examveda.com/javascript/practice-mcq-question-on-basic-and-variables/?page=6,
Web Technologies & Internet / PHP,basic and variables,The purpose of extensible attribute is to,make all of the own properties of that object nonconfigurable,to configure and bring a writable property,“lock down” objects into a known state and prevent outside tampering,all of the mentioned,C,The purpose of the extensible attribute is to be able to “lock down” objects into a known state and prevent outside tampering.,medium,web:Examveda.com https://www.examveda.com/javascript/practice-mcq-question-on-basic-and-variables/?page=6,
Web Technologies & Internet / PHP,basic and variables,"Identify the process done in the below code snippet
o = {x:1, y:{z:[false,null,""""]}}; 
s = JSON.stringify(o); 
p = JSON.parse(s);",Object Encapsulation,Object Serialization,Object Abstraction,Object Encoding,B,Object serialization is the process of converting an object’s state to a string from which it can later be restored.,medium,web:Examveda.com https://www.examveda.com/javascript/practice-mcq-question-on-basic-and-variables/?page=6,
Web Technologies & Internet / PHP,basic and variables,The basic purpose of the toLocaleString() is to,return a localised object representation,return a parsed string,return a local time in the string format,return a localized string representation of the object,D,,medium,web:Examveda.com https://www.examveda.com/javascript/practice-mcq-question-on-basic-and-variables/?page=6,
Web Technologies & Internet / PHP,basic and variables,Javascript is _________ language.,Programming,Application,None of These,Scripting,D,,medium,web:Examveda.com https://www.examveda.com/javascript/practice-mcq-question-on-basic-and-variables/?page=6,
Web Technologies & Internet / PHP,basic and variables,JavaScript is ______ Side Scripting Language.,Server,Browser,ISP,None of These,B,,medium,web:Examveda.com https://www.examveda.com/javascript/practice-mcq-question-on-basic-and-variables/?page=7,
Web Technologies & Internet / PHP,basic and variables,JavaScript is designed for following purpose,To Style HTML Pages,To Execute Query Related to DB on Server,To add interactivity to HTML Pages.,To Perform Server Side Scripting Opertion,C,,medium,web:Examveda.com https://www.examveda.com/javascript/practice-mcq-question-on-basic-and-variables/?page=7,
Web Technologies & Internet / PHP,basic and variables,JavaScript Code is written inside file having extension __________.,.javascript,.jsc,.jvs,.js,D,,medium,web:Examveda.com https://www.examveda.com/javascript/practice-mcq-question-on-basic-and-variables/?page=7,
Web Technologies & Internet / PHP,basic and variables,Local Browser used for validations on the Web Pages uses __________.,CSS,JS,HTML,Java,B,,medium,web:Examveda.com https://www.examveda.com/javascript/practice-mcq-question-on-basic-and-variables/?page=7,
Web Technologies & Internet / PHP,basic and variables,JavaScript Code can be called by using _________.,RMI,Triggering Event,Preprocessor,Function / Method,D,,medium,web:Examveda.com https://www.examveda.com/javascript/practice-mcq-question-on-basic-and-variables/?page=7,
Web Technologies & Internet / PHP,basic and variables,Which attribute is used to specifies that the script is executed when the page has finished parsing (only for external scripts),parse,async,defer,type,C,,medium,web:Examveda.com https://www.examveda.com/javascript/practice-mcq-question-on-basic-and-variables/?page=7,
Web Technologies & Internet / PHP,basic and variables,Which was the first browser to support JavaScript ?,IE,Netscape,Mozilla Firefox,Google Chrome,B,,medium,web:Examveda.com https://www.examveda.com/javascript/practice-mcq-question-on-basic-and-variables/?page=7,
Web Technologies & Internet / PHP,basic and variables,JavaScript is invented by ________.,"Helsinki, Linus",W3 Group,Brendan Eich,James Gosling,C,,medium,web:Examveda.com https://www.examveda.com/javascript/practice-mcq-question-on-basic-and-variables/?page=8,
Web Technologies & Internet / PHP,basic and variables,JavaScript was invented at _______ Lab.,AT&T Bell LAb,Google Lab,Sun Microsystem,Netscape,D,,medium,web:Examveda.com https://www.examveda.com/javascript/practice-mcq-question-on-basic-and-variables/?page=8,
Web Technologies & Internet / PHP,basic and variables,Variable can hold ________ value at a time.,Multiple,Single,None of these,Double,B,,medium,web:Examveda.com https://www.examveda.com/javascript/practice-mcq-question-on-basic-and-variables/?page=8,
Web Technologies & Internet / PHP,basic and variables,Integer Variable is declared using following syntax in JavaScript.,int num;,Integer num;,var num;,None of the above,C,,medium,web:Examveda.com https://www.examveda.com/javascript/practice-mcq-question-on-basic-and-variables/?page=8,
Web Technologies & Internet / PHP,basic and variables,We can declare ___________ at a time. Select most appropriate option.,One or more Variables,More than One Variables,One Variable Only,None of these,A,,medium,web:Examveda.com https://www.examveda.com/javascript/practice-mcq-question-on-basic-and-variables/?page=8,
Web Technologies & Internet / PHP,basic and variables,"Spaces,Punctuation marks are called as __________ Symbols in JavaScript.",Punctual,None of these,Mandetory,Special,D,,medium,web:Examveda.com https://www.examveda.com/javascript/practice-mcq-question-on-basic-and-variables/?page=8,
Web Technologies & Internet / PHP,basic and variables,Initialization of variable can be done by writing _____ operator in between variable name and operand value.,EQUALS,=,VALUE,==,B,,medium,web:Examveda.com https://www.examveda.com/javascript/practice-mcq-question-on-basic-and-variables/?page=8,
Web Technologies & Internet / PHP,basic and variables,Multiple Declarations of variables are separated by ___________ symbol.,Comma,Semicolon,Asterisk,Colon,A,,medium,web:Examveda.com https://www.examveda.com/javascript/practice-mcq-question-on-basic-and-variables/?page=8,
Web Technologies & Internet / PHP,basic and variables,Variable declared inside JavaScript Function will be called as ____________.,Local Variables,Global Variables,Area Variables,Reference Variables,A,,medium,web:Examveda.com https://www.examveda.com/javascript/practice-mcq-question-on-basic-and-variables/?page=9,
Web Technologies & Internet / PHP,array and function,"Consider the code snippet given below
var count = [1,,3];",The omitted value takes “undefined”,This results in an error,This results in an exception,None of the mentioned,A,"If you omit a value from an array literal, the omitted element is given the value.",medium,web:Examveda.com https://www.examveda.com/javascript/practice-mcq-question-on-array-and-function/,
Web Technologies & Internet / PHP,array and function,"Consider the following code snippet
var a1 = [,,,]; 
var a2 = new Array(3); 
"">0 in a1 
0 in a2",true false,false true,true true,None of the above,A,a1 has an element with index 0 and a2 has no element with index 0.,medium,web:Examveda.com https://www.examveda.com/javascript/practice-mcq-question-on-array-and-function/,
Web Technologies & Internet / PHP,array and function,The pop() method of the array does which of the following task ?,decrements the total length by 1,increments the total length by 1,prints the first element but no effect on the length,None of the mentioned,A,Arrays have a pop() method (it works with push()) that reduces the length of an array by 1 but also returns the value of the deleted element.,medium,web:Examveda.com https://www.examveda.com/javascript/practice-mcq-question-on-array-and-function/,
Web Technologies & Internet / PHP,array and function,"Consider the following code snippet :
if (!a[i]) continue ;",Skips the undefined elements,Skips the non existent elements,Skips the null elements,All of the mentioned,D,,medium,web:Examveda.com https://www.examveda.com/javascript/practice-mcq-question-on-array-and-function/,
Web Technologies & Internet / PHP,array and function,What will happen if reverse() and join() methods are used simultaneously ?,Reverses and stores in the same array,Reverses and concatenates the elements of the array,Reverses,All of the mentioned,A,The reverse() followed by a join() will reverse the respective array and will store the reversed array in the memory.,medium,web:Examveda.com https://www.examveda.com/javascript/practice-mcq-question-on-array-and-function/,
Web Technologies & Internet / PHP,array and function,"Consider the following code snippet :
var a = [1,2,3,4,5];
a.slice(0,3);","Returns [1,2,3]","Returns [4,5]","Returns [1,2,3,4]","Returns [1,2,3,4,5]",A,,medium,web:Examveda.com https://www.examveda.com/javascript/practice-mcq-question-on-array-and-function/,
Web Technologies & Internet / PHP,array and function,"Consider the following code snippet :
var a = []; 
a.unshift(1); 
a.unshift(22);
a.shift(); 
a.unshift(3,[4,5]); 
a.shift(); 
a.shift();
a.shift();",1,"[4,5]","[3,4,5]",Exception is thrown,A,"The unshift() and shift() methods behave much like push() and pop(), except that they insert and remove elements from the beginning of an array rather than from the end. unshift() adds an element or elements to the beginning of the array, shifts the existing array elements up to higher indexes to make room, and returns the new length of the array. shift() removes and returns the first element of the array, shifting all subsequent elements down one place to occupy the newly vacant space at the start of the array.",medium,web:Examveda.com https://www.examveda.com/javascript/practice-mcq-question-on-array-and-function/,
Web Technologies & Internet / PHP,array and function,The primary purpose of the array map() function is that it,maps the elements of another array into itself,passes each element of the array and returns the necessary mapped elements,"passes each element of the array on which it is invoked to the function you specify, and returns an array containing the values returned by that function",None of the mentioned,C,"The map() method passes each element of the array on which it is invoked to the functionyou specify, and returns an array containing the values returned by that function.",medium,web:Examveda.com https://www.examveda.com/javascript/practice-mcq-question-on-array-and-function/,
Web Technologies & Internet / PHP,array and function,The reduce and reduceRight methods follow a common operation called,filter and fold,inject and fold,finger and fold,fold,B,,medium,web:Examveda.com https://www.examveda.com/javascript/practice-mcq-question-on-array-and-function/,
Web Technologies & Internet / PHP,array and function,The method or operator used to identify the array is,isarrayType(),==,===,typeof,D,"The typeof property is used to identify the array type. 

 
 
 
 



 
 
 
 
 
 
 
 
 
 
 
 
 1
2
3
4

 
 
 
 
 
 
 
 
 
 

 
 

 -->
 
 
 


 

-->
 
 
 Copyright © 2026 Examveda.com
 
 
 
 
 
 
 
 
 
 About Us |
 Terms & Condition |
 Privacy Policy |
 Contact Us",medium,web:Examveda.com https://www.examveda.com/javascript/practice-mcq-question-on-array-and-function/,
Web Technologies & Internet / PHP,array and function,The function definitions in JavaScript begins with,Identifier and Parantheses,Return type and Identifier,"Return type, Function keyword, Identifier and Parantheses",Identifier and Return type,A,The function definitions begin with the keyword function followed by an identifier that names the function and a pair of parantheses around a comma-separated list of zero or more identifiers.,medium,web:Examveda.com https://www.examveda.com/javascript/practice-mcq-question-on-array-and-function/?page=2,
Web Technologies & Internet / PHP,array and function,"Consider the following code snippet
function printprops(o) 
{
 for(var p in o)
 console.log(p + "": "" + o[p] + ""n"");
}",Prints the contents of each property of o,Returns undefined,All of the mentioned,None of the mentioned,B,The above code snippet returns undefined.,medium,web:Examveda.com https://www.examveda.com/javascript/practice-mcq-question-on-array-and-function/?page=2,
Web Technologies & Internet / PHP,array and function,When does the function name become optional in JavaScript?,When the function is defined as a looping statement,When the function is defined as expressions,When the function is predefined,All of the mentioned,B,The function name is optional for functions defined as expressions. A function declaration statement actually declares a variable and assigns a function object to it.,medium,web:Examveda.com https://www.examveda.com/javascript/practice-mcq-question-on-array-and-function/?page=2,
Web Technologies & Internet / PHP,array and function,What is the purpose of a return statement in a function?,"Returns the value and continues executing rest of the statements, if any",Returns the value and stops the program,Returns the value and stops executing the function,Stops executing the function and returns the value,D,The return statement causes the function to stop executing and to return the value of its expression (if any) to the caller.,medium,web:Examveda.com https://www.examveda.com/javascript/practice-mcq-question-on-array-and-function/?page=2,
Web Technologies & Internet / PHP,array and function,What will happen if a return statement does not have an associated expression?,It returns the value 0,It will throw an exception,It returns the undefined value,None of the mentioned,C,"If the return statement does not have an associated expression, it returns the undefined value.",medium,web:Examveda.com https://www.examveda.com/javascript/practice-mcq-question-on-array-and-function/?page=2,
Web Technologies & Internet / PHP,array and function,A function with no return value is called,Procedures,Method,Static function,Dynamic function,A,Functions with no return value are sometimes called procedures.,medium,web:Examveda.com https://www.examveda.com/javascript/practice-mcq-question-on-array-and-function/?page=2,
Web Technologies & Internet / PHP,array and function,"Consider the following code snippet
function hypotenuse(a, b) 
{
 function square(x) 
 { 
 return x*x; 
 }
 return Math.sqrt(square(a) + square(b));
}",Sum of square of a and b,Square of sum of a and b,Sum of a and b square,None of the mentioned,A,"The above code snippet contains nested function in which the function hypotenuse(a,b) has another function inside its scope, function square(x). The interesting thing about nested functions is their variable scoping rules. They can acceess the parameters and variables of the function (or functions) they are nested within.",medium,web:Examveda.com https://www.examveda.com/javascript/practice-mcq-question-on-array-and-function/?page=2,
Web Technologies & Internet / PHP,array and function,"Which of the following is the correct code for invoking a function without this keyword at all, and also too determine whether the strict mode is in effect?",var strict = (function { return this; });,mode strict = (function() { return !this; }());,var strict = (function() { return !this; }());,mode strict = (function { });,C,The above code defines and invokes a function to determine if we’re in strict mode.,medium,web:Examveda.com https://www.examveda.com/javascript/practice-mcq-question-on-array-and-function/?page=2,
Web Technologies & Internet / PHP,array and function,Which is an equivalent code to invoke a function m of class o that expects two arguments x and y?,"o(x,y);",o.m(x) && o.m(y);,"m(x,y);","o.m(x,y);",D,"The code above is an invocation expression: it includes a function expression o.m and two argument expressions, x and y.",medium,web:Examveda.com https://www.examveda.com/javascript/practice-mcq-question-on-array-and-function/?page=2,
Web Technologies & Internet / PHP,array and function,"Consider the following code snippet :
var grand_Total=eval(""10*10+5"");",10*10+5,105 as a string,105 as an integer value,Exception is thrown,C,"Even if the string value passed as a parameter to eval does represent a numeric value the use of eval() results in an error being generated. 

 
 
 
 



 
 
 
 
 
 
 
 
 
 
 
 
 
1
2
3
4

 
 
 
 
 
 
 
 
 
 

 
 

 -->
 
 
 


 

-->
 
 
 Copyright © 2026 Examveda.com
 
 
 
 
 
 
 
 
 
 About Us |
 Terms & Condition |
 Privacy Policy |
 Contact Us",medium,web:Examveda.com https://www.examveda.com/javascript/practice-mcq-question-on-array-and-function/?page=2,
Web Technologies & Internet / PHP,array and function,Do functions in JavaScript necessarily return a value ?,It is mandatory,Not necessary,Few functions return values by default,All of the mentioned,C,,medium,web:Examveda.com https://www.examveda.com/javascript/practice-mcq-question-on-array-and-function/?page=3,
Web Technologies & Internet / PHP,array and function,"Consider the following code snippet :
var tensquared = (function(x) {return x*x;}(10));","Yes, perfectly",Error,Exception will be thrown,Memory leak,A,Function name is optional for functions defined as expressions. Function expressions are sometimes defined and immediately invoked.,medium,web:Examveda.com https://www.examveda.com/javascript/practice-mcq-question-on-array-and-function/?page=3,
Web Technologies & Internet / PHP,array and function,"Consider the following code snippet :
var string2Num=parseInt(""123xyz"");",123,123xyz,Exception,NaN,B,The parseInt() function returns the first integer contained in the string or 0 if the string does not begin with an integer.,medium,web:Examveda.com https://www.examveda.com/javascript/practice-mcq-question-on-array-and-function/?page=3,
Web Technologies & Internet / PHP,array and function,"If you have a function f and an object o, you can define a method named m of o with",o.m=m.f;,o.m=f;,o=f.m;,o=f;,A,"A method is nothing more than a JavaScript function that is stored in a property of an object. If you have a function f and an object o, you can define a method named m of o with the following line: 
o.m = f;",medium,web:Examveda.com https://www.examveda.com/javascript/practice-mcq-question-on-array-and-function/?page=3,
Web Technologies & Internet / PHP,array and function,"For the below mentioned code snippet:
var o = new Object();",var o = Object();,var o;,var o= new Object;,Object o=new Object();,C,You can always omit a pair of empty parentheses in a constructor invocation.,medium,web:Examveda.com https://www.examveda.com/javascript/practice-mcq-question-on-array-and-function/?page=3,
Web Technologies & Internet / PHP,array and function,"What is the difference between the two lines given below ?
!!(obj1 && obj2);
(obj1 && obj2);",Both the lines result in a boolean value “True”,Both the lines result in a boolean value “False”,Both the lines checks just for the existence of the object alone,The first line results in a real boolean value whereas the second line merely checks for the existence of the objects,D,,medium,web:Examveda.com https://www.examveda.com/javascript/practice-mcq-question-on-array-and-function/?page=3,
Web Technologies & Internet / PHP,array and function,"Consider the following code snippet :
var c = counter(), d = counter(); 
c.count()
d.count() 
c.reset() 
c.count() 
d.count()",1,0,Null,Undefined,A,The state stored in d is 1 because d was not reset.,medium,web:Examveda.com https://www.examveda.com/javascript/practice-mcq-question-on-array-and-function/?page=3,
Web Technologies & Internet / PHP,array and function,"Consider the following code snippet :
var c = counter(), d = counter(); 
function constfuncs() 
{
 var funcs = [];
 for(var i = 0; i 10; i++)
 funcs[i] = function() { return i; };
 return funcs;
}
var funcs = constfuncs();
funcs[5]()",9,0,10,None of the mentioned,C,"The code above creates 10 closures, and stores them in an array. The closures are all defined within the same invocation of the function, so they share access to the variable i. When constfuncs() returns, the value of the variable i is 10, and all 10 closures share this value. Therefore, all the functions in the returned array of functions return the same value.",medium,web:Examveda.com https://www.examveda.com/javascript/practice-mcq-question-on-array-and-function/?page=3,
Web Technologies & Internet / PHP,array and function,What kind of scoping does JavaScript use?,Literal,Lexical,Segmental,Sequential,B,"Like most modern programming languages, JavaScript uses lexical scoping. This means that functions are executed using the variable scope that was in effect when they were defined, not the variable scope that is in effect when they are invoked.",medium,web:Examveda.com https://www.examveda.com/javascript/practice-mcq-question-on-array-and-function/?page=3,
Web Technologies & Internet / PHP,array and function,What must be done in order to implement Lexical Scoping?,Get the object,Dereference the current scope chain,Reference the current scope chain,None of the mentioned,C,"In order to implement lexical scoping, the internal state of a JavaScript function object must include not only the code of the function but also a reference to the current scope chain. 

 
 
 
 



 
 
 
 
 
 
 
 
 
 
 
 
 
1
2
3
4

 
 
 
 
 
 
 
 
 
 

 
 

 -->
 
 
 


 

-->
 
 
 Copyright © 2026 Examveda.com
 
 
 
 
 
 
 
 
 
 About Us |
 Terms & Condition |
 Privacy Policy |
 Contact Us",medium,web:Examveda.com https://www.examveda.com/javascript/practice-mcq-question-on-array-and-function/?page=3,
Web Technologies & Internet / PHP,array and function,What is a closure?,Function objects,Scope where function’s variables are resolved,Both Function objects and Scope where function’s variables are resolved,None of the mentioned,C,A combination of a function object and a scope (a set of variable bindings) in which the function’s variables are resolved is called a closure.,medium,web:Examveda.com https://www.examveda.com/javascript/practice-mcq-question-on-array-and-function/?page=4,
Web Technologies & Internet / PHP,array and function,Which of the following are examples of closures?,Objects,Variables,Functions,All of the mentioned,D,"Technically, all JavaScript functions are closures: they are objects, and they have a scope chain associated with them.",medium,web:Examveda.com https://www.examveda.com/javascript/practice-mcq-question-on-array-and-function/?page=4,
Web Technologies & Internet / PHP,array and function,Which of the following uses a lot of CPU cycles?,GUI,Statically generated graphics,Dynamically generated graphics,All of the mentioned,C,Dynamically generating graphics from real-time data uses a lot of CPU cycles.,medium,web:Examveda.com https://www.examveda.com/javascript/practice-mcq-question-on-array-and-function/?page=4,
Web Technologies & Internet / PHP,array and function,"Consider the following code snippet :
var scope = ""global scope"";
function checkscope() {
var scope = ""local scope""; 
function f() 
{ 
 return scope; 
}
return f;",Returns value null,Returns exception,Returns the value in scope,None of the mentioned,C,The above code snippet returns the value in scope.,medium,web:Examveda.com https://www.examveda.com/javascript/practice-mcq-question-on-array-and-function/?page=4,
Web Technologies & Internet / PHP,array and function,What is the fundamental rule of lexical scoping?,Functions are declared in the scope,Functions are executed using scope chain,All of the mentioned,None of the mentioned,B,The fundamental rule of lexical scoping is that the JavaScript functions are executed using the scope chain that was in effect when they were defined.,medium,web:Examveda.com https://www.examveda.com/javascript/practice-mcq-question-on-array-and-function/?page=4,
Web Technologies & Internet / PHP,array and function,What is the opposite approach to the lexical scoping?,Literal scoping,Static scoping,Dynamic scoping,Generic scoping,C,The opposite approach to the lexical scoping is the dynamic scoping.,medium,web:Examveda.com https://www.examveda.com/javascript/practice-mcq-question-on-array-and-function/?page=4,
Web Technologies & Internet / PHP,array and function,What is the purpose of the dynamic scoping?,Variables can be declared outside the scope,Variables must be declared outside the scope,Variables cannot be declared outside the scope,None of the mentioned,A,Dynamic scoping creates variables that can be called from outside the block of code in which they are defined. A variable declared in this fashion is sometimes called a public variable.,medium,web:Examveda.com https://www.examveda.com/javascript/practice-mcq-question-on-array-and-function/?page=4,
Web Technologies & Internet / PHP,array and function,Which of the algorithmic languages is lexical scoping standardized in?,Ada,Pascal,Modula2,All of the mentioned,D,"Lexical scoping is standardized in all algorithmic languages (ALGOL), such as Ada, Pascal, and Modula2. Additionally, it is used in modern functional languages like ML and Haskel. 

 
 
 
 



 
 
 
 
 
 
 
 
 
 
 
 
 
1
2
3
4
 
 
 
 
 
 
 
 
 
 

 
 

 -->
 
 
 


 

-->
 
 
 Copyright © 2026 Examveda.com
 
 
 
 
 
 
 
 
 
 About Us |
 Terms & Condition |
 Privacy Policy |
 Contact Us",medium,web:Examveda.com https://www.examveda.com/javascript/practice-mcq-question-on-array-and-function/?page=4,
Web Technologies & Internet / PHP,classes and modules,The behaviour of the instances present of a class inside a method is defined by,Method,Classes,Interfaces,Classes and Interfaces,B,The behaviour of the instance of a class is defined by the class and is shared by all instances.,medium,web:Examveda.com https://www.examveda.com/javascript/practice-mcq-question-on-classes-and-modules/,
Web Technologies & Internet / PHP,classes and modules,The keyword or the property that you use to refer to an object through which they were invoked is,from,to,this,object,C,The ‘this’ keyword is used to refer to the object through which the properties or methods were invoked. This use of ‘this’ is a fundamental characteristic of the methods of any class.,medium,web:Examveda.com https://www.examveda.com/javascript/practice-mcq-question-on-classes-and-modules/,
Web Technologies & Internet / PHP,classes and modules,"Consider the following code snippet :
var o = new F();
o.constructor === F",false,true,0,1,B,The result is true: the constructor property specifies the class.,medium,web:Examveda.com https://www.examveda.com/javascript/practice-mcq-question-on-classes-and-modules/,
Web Technologies & Internet / PHP,classes and modules,The basic difference between JavaScript and Java is,There is no difference,Functions are considered as fields,Variables are specific,"Functions are values, and there is no hard distinction between methods and fields",D,"The basic difference between JavaScript and Java is that the functions are values, and there is no hard distinction between methods and fields.",medium,web:Examveda.com https://www.examveda.com/javascript/practice-mcq-question-on-classes-and-modules/,
Web Technologies & Internet / PHP,classes and modules,The meaning for Augmenting classes is that,objects inherit prototype properties even in dynamic state,objects inherit prototype properties only in dynamic state,objects inherit prototype properties in static state,None of the mentioned,A,"JavaScript’s prototype-based inheritance mechanism is dynamic: an object inherits properties from its prototype, even if the prototype changes after the object is created. This means that we can augment JavaScript classes simply by adding new methods to their prototype objects.",medium,web:Examveda.com https://www.examveda.com/javascript/practice-mcq-question-on-classes-and-modules/,
Web Technologies & Internet / PHP,classes and modules,The property of JSON() method is:,it can be invoked manually as object.JSON(),it will be automatically invoked by the compiler,it is invoked automatically by the JSON.stringify() method,it cannot be invoked in any form,C,"The JSON format is intended for serialization of data structures and can handle JavaScript primitive values, arrays, and plain objects. It does not know about classes, and when serializing an object, it ignores the object’s prototype and constructor. If you call JSON.stringify() on a Range or Complex object, for example, it returns a string like {“from”:1, “to”:3} or {“r”:1, “i”:-1}.",medium,web:Examveda.com https://www.examveda.com/javascript/practice-mcq-question-on-classes-and-modules/,
Web Technologies & Internet / PHP,classes and modules,"When a class B can extend another class A, we say that",A is the superclass and B is the subclass,B is the superclass and A is the subclass,Both A and B are the superclass,Both A and B are the subclass,A,"Instances of B inherit all the instance methods of A. The class B can define its own instance methods, some of which may override methods of the same name defined by class A.",medium,web:Examveda.com https://www.examveda.com/javascript/practice-mcq-question-on-classes-and-modules/,
Web Technologies & Internet / PHP,classes and modules,"If A is the superclass and B is the subclass, then subclass inherting the superclass can be represented as",B=inherit(A);,B=A.inherit();,B.prototype=inherit(A);,B.prototype=inherit(A.prototype);,C,The subclass B inherits the prototype of the class A.,medium,web:Examveda.com https://www.examveda.com/javascript/practice-mcq-question-on-classes-and-modules/,
Web Technologies & Internet / PHP,classes and modules,The snippet that filters the filtered set is,"var t=new FilteredSet(s, {function(s) {return !(x instanceof Set);});",var t=new FilteredSet{function(s) {return !(x instanceof Set);});,"var t=new FilteredSet(s, {function(s) {return (x instanceof Set);});","var t=new FilteredSet(s, {function(s) {return x;});",A,,medium,web:Examveda.com https://www.examveda.com/javascript/practice-mcq-question-on-classes-and-modules/,
Web Technologies & Internet / PHP,classes and modules,The method that can be used to create new properties and also to modify the attributes of existing properties is,Object.defineProperty(),Object.defineProperties(),Both Object.defineProperty() and Object.defineProperties(),None of the mentioned,C,"When used to define new properties, any attributes you omit default to false. Therefore, both Object.defineProperty() and Object.defineProperties() can be used to create and modify the attributes. 

 
 
 
 



 
 
 
 
 
 
 
 
 
 
 
 
 1
2
3
4
5
6
7

 
 
 
 
 
 
 
 
 
 

 
 

 -->
 
 
 


 

-->
 
 
 Copyright © 2026 Examveda.com
 
 
 
 
 
 
 
 
 
 About Us |
 Terms & Condition |
 Privacy Policy |
 Contact Us",medium,web:Examveda.com https://www.examveda.com/javascript/practice-mcq-question-on-classes-and-modules/,
Web Technologies & Internet / PHP,classes and modules,The four kinds of class members are,"Instance methods, Instance fields, Static method, Dynamic method","Instance fields, Instance methods, Class fields, Class methods","Instance fields, Non-instance fields, Dynamic methods, Global methods","Global methods, Local methods, Dynamic methods, Static methods",B,"The four kinds of class members are Instance fields, Instance methods, Class fields, Class methods.",medium,web:Examveda.com https://www.examveda.com/javascript/practice-mcq-question-on-classes-and-modules/?page=2,
Web Technologies & Internet / PHP,classes and modules,The properties of the objects act like different kinds of class members. They are,"Public object, Private object, Protected object","Constructor object, Function object, Destructor object","Constructor object, Prototype object, Instance object","Instance method, Static object, Dynamic object",C,"In JavaScript, there are three different objects involved inany class definition, and the properties of these three objects act like different kinds of class members namely, Constructor object, Prototype object, and Instance object.",medium,web:Examveda.com https://www.examveda.com/javascript/practice-mcq-question-on-classes-and-modules/?page=2,
Web Technologies & Internet / PHP,classes and modules,"The object whose properties are inherited by all instances of the class, and properties whose values are functions behaving like instance methods of the class, is",Instance object,Constructor object,Destructor object,Prototype object,D,"The properties of the prototype object are inhertied by all instances of the class, and properties whose values are functions behave like instance methods of the class.",medium,web:Examveda.com https://www.examveda.com/javascript/practice-mcq-question-on-classes-and-modules/?page=2,
Web Technologies & Internet / PHP,classes and modules,Which are usually variables that are used internally in object methods and also are globally visible variables?,Object properties,Variable properties,Method properties,Internal properties,B,"The variable properties are usually variables that are used internally in the objects methods, but can also be globally visible variables that are used through the page.",medium,web:Examveda.com https://www.examveda.com/javascript/practice-mcq-question-on-classes-and-modules/?page=2,
Web Technologies & Internet / PHP,classes and modules,The class that represents the regular expressions is,RegExpObj,RegExpClass,RegExp,StringExp,C,"The JavaScript RegExp class represents regular expressions, and both string and RegExp define methods that use regular expressions.",medium,web:Examveda.com https://www.examveda.com/javascript/practice-mcq-question-on-classes-and-modules/?page=2,
Web Technologies & Internet / PHP,classes and modules,Which is the correct code that returns a complex number that is the complex conjugate of this one?,"Complex.prototype.conj = function() { return new Complex(this.r, -this.i); };","Complex.prototype.conj = function() { return Complex(this.r, -this.i); };","Complex.prototype.conj = function() { return (this.r, -this.i); };","Complex.prototype.conj = function() { new Complex(this.r, -this.i); };",A,The above code snippet returns a complex number that is the complex conjugate of this one.,medium,web:Examveda.com https://www.examveda.com/javascript/practice-mcq-question-on-classes-and-modules/?page=2,
Web Technologies & Internet / PHP,classes and modules,How can we make methods available on all objects?,Object.add(methods),Object.methods(add),Object.add.methods(…),Object.prototype,D,"It is possible to add methods to Object.prototype, making them available on all objects. This is not recommended, however, because prior to ECMAScript5, there is no way to make these add-on methods nonenumerable, and if you add properties to Object.prototype, those properties will be reported by all for/in loops.",medium,web:Examveda.com https://www.examveda.com/javascript/practice-mcq-question-on-classes-and-modules/?page=2,
Web Technologies & Internet / PHP,classes and modules,What is the procedure to add methods to HTMLElement so that they will be inherited by the objects that represent the HTML tags in the current document?,HTMLElement.prototype(…),HTMLElement.prototype,HTML.addmethods(),HTML.elements(add),B,"It is implementation-dependent whether classes defined by the host environment (such as the web browser) can be augmented using Object.prototype. In many web browsers, for example, you can add methods to HTMLElement.prototype and those methods will be inherited by the objects that represent the HTML tags in the current document.",medium,web:Examveda.com https://www.examveda.com/javascript/practice-mcq-question-on-classes-and-modules/?page=2,
Web Technologies & Internet / PHP,classes and modules,You can refresh the webpage in JavaScript by using,window.reload,location.reload,window.refresh,page.refresh,B,One can refresh the webpage in JavaScript by using location.reload.,medium,web:Examveda.com https://www.examveda.com/javascript/practice-mcq-question-on-classes-and-modules/?page=2,
Web Technologies & Internet / PHP,classes and modules,The functions provide() and require() of Dojo toolkit and Google’s Closure library are used for,declaring and loading modules,loading and declaring modules,declaring modules,none of the mentioned,A,"Both the Dojo toolkit and Google’s Closure library define provide() and require() functions for declaring and loading modules. 

 
 
 
 



 
 
 
 
 
 
 
 
 
 
 
 
 
1
2
3
4
5
6
7

 
 
 
 
 
 
 
 
 
 

 
 

 -->
 
 
 


 

-->
 
 
 Copyright © 2026 Examveda.com
 
 
 
 
 
 
 
 
 
 About Us |
 Terms & Condition |
 Privacy Policy |
 Contact Us",medium,web:Examveda.com https://www.examveda.com/javascript/practice-mcq-question-on-classes-and-modules/?page=2,
Web Technologies & Internet / PHP,classes and modules,The maximum number of global symbols a module can define is,2,3,1,4,C,"Generally, the various modules are allowed to run in the pristine (or near pristine) environment that it expects. The modules should minimize the number of global symbols they define – ideally, no module should define more than one.",medium,web:Examveda.com https://www.examveda.com/javascript/practice-mcq-question-on-classes-and-modules/?page=3,
Web Technologies & Internet / PHP,classes and modules,"To define each of the set classes as a property of the sets object (namespace) for the module, the statement is",sets = sets.AbstractEnumerableSet.extend();,sets.SingletonSet = sets.AbstractEnumerableSet.extend(...);,sets.SingletonSet = sets.extend(...);,sets = sets.extend(...);,B,"The sets object is the namespace for the module, and we define each of the set classes as a property of this object.",medium,web:Examveda.com https://www.examveda.com/javascript/practice-mcq-question-on-classes-and-modules/?page=3,
Web Technologies & Internet / PHP,classes and modules,"Consider the following statement
var Set = sets.Set;
var s = new Set(1,2,3);",The programmer imports at once the frequently used values into the global namespace,"There is no efficiency quotient, the programmer tries to make it inefficient",The programmer needs to import the Sets everytime he wants to use it,All of the mentioned,A,A programmer can import frequently used values into the global namespace. A programmer who was going to make frequent use of the Set class from the sets namespace might import the class like that.,medium,web:Examveda.com https://www.examveda.com/javascript/practice-mcq-question-on-classes-and-modules/?page=3,
Web Technologies & Internet / PHP,classes and modules,The scope of a function is also called as,The function’s scope,Module function,Modulated function,Private function,B,"The scope of a function can be used as a private namespace for a module. Therefore, the scope of a function is called a module function.",medium,web:Examveda.com https://www.examveda.com/javascript/practice-mcq-question-on-classes-and-modules/?page=3,
Web Technologies & Internet / PHP,classes and modules,Modules that have more than one item in their API can,Assign itself to a global variable,Invoke another module of the same kind,Return a namespace object,None of the above,C,Modules that have more than one item in their API can return a namespace object.,medium,web:Examveda.com https://www.examveda.com/javascript/practice-mcq-question-on-classes-and-modules/?page=3,
Web Technologies & Internet / PHP,classes and modules,The provides() function and the exportsobject are used to,Register the module’s API and Store their API,Store the module’s API and register their API,Store the module’s API,None of the mentioned,A,"Frameworks that define module loading systems may have other methods of exporting a module’s API. There may be a provides() function for modules to register their API, or an exports object into which modules must store their API.",medium,web:Examveda.com https://www.examveda.com/javascript/practice-mcq-question-on-classes-and-modules/?page=3,
Web Technologies & Internet / PHP,classes and modules,"Consider the following code snippet
var sets = com.davidflanagan.collections.sets;",Importing a single module,Importing a module partially,Importing a namespace,Importing the entire module,D,"Rather than importing individual classes, a programmer might import the entire module to the global namespace.",medium,web:Examveda.com https://www.examveda.com/javascript/practice-mcq-question-on-classes-and-modules/?page=3,
Web Technologies & Internet / PHP,classes and modules,The properties() method is a,Enumerable method,Non-enumerable method,Operational method,None of the mentioned,B,The properties() method is a non-enumerable method.,medium,web:Examveda.com https://www.examveda.com/javascript/practice-mcq-question-on-classes-and-modules/?page=3,
Web Technologies & Internet / PHP,classes and modules,What can be done in order to avoid creation of global variables in JavaScript?,To use a method that defines all the variables,To use an object that has the reference to all the variables,To use an object as its namespace,To use global functions,C,"One way for a module to avoid the creation of global variables is to use an object as its namespace. Instead of defining global functions and variables, it stores the functions and values as properties of an object (which may be referenced to a global variable).",medium,web:Examveda.com https://www.examveda.com/javascript/practice-mcq-question-on-classes-and-modules/?page=3,
Web Technologies & Internet / PHP,classes and modules,The ‘$’ present in the RegExp object is called a,character,matcher,metacharacter,metadata,C,"The ‘S’ is a special metacharacter that matches the end of a string. 

 
 
 
 



 
 
 
 
 
 
 
 
 
 
 
 
 
1
2
3
4
5
6
7

 
 
 
 
 
 
 
 
 
 

 
 

 -->
 
 
 


 

-->
 
 
 Copyright © 2026 Examveda.com
 
 
 
 
 
 
 
 
 
 About Us |
 Terms & Condition |
 Privacy Policy |
 Contact Us",medium,web:Examveda.com https://www.examveda.com/javascript/practice-mcq-question-on-classes-and-modules/?page=3,
Web Technologies & Internet / PHP,classes and modules,"Consider the following statement containing regular expressions
var text = ""testing: 1, 2, 3""; 
var pattern = /d+/g;",text==pattern,text.equals(pattern),text.test(pattern),pattern.test(text),D,The given pattern is applied on the text given in the paranthesis.,medium,web:Examveda.com https://www.examveda.com/javascript/practice-mcq-question-on-classes-and-modules/?page=4,
Web Technologies & Internet / PHP,classes and modules,The regular expression to match any one character not between the brackets is,[…],[^],[^…],[D],C,The [^…] character class is used to match or draw any one character not between the brackets.,medium,web:Examveda.com https://www.examveda.com/javascript/practice-mcq-question-on-classes-and-modules/?page=4,
Web Technologies & Internet / PHP,classes and modules,What does /[^(]* regular expression indicate ?,Match one or more characters that are not open paranthesis,Match zero or more characters that are open paranthesis,Match zero or more characters that are not open paranthesis,Match one or more characters that are open paranthesis,C,"We should always be careful while using * and ? as repetition characters as they may match zero instances of whatever precedes them, they are allowed to match nothing.",medium,web:Examveda.com https://www.examveda.com/javascript/practice-mcq-question-on-classes-and-modules/?page=4,
Web Technologies & Internet / PHP,classes and modules,What will be the result when non greedy repetition is used on the pattern /a+?b/ ?,Matches the letter b preceded by the fewest number of a’s possible,Matches the letter b preceded by any number of a,"Matches letter a preceded by letter b, in the stack order",None of the mentioned,A,Using non greedy repetition may not always produce the results you expect. /a+?b/ matches the letter b preceded by the fewest number of a’s possible.,medium,web:Examveda.com https://www.examveda.com/javascript/practice-mcq-question-on-classes-and-modules/?page=4,
Web Technologies & Internet / PHP,classes and modules,What does the subexpression /java(script)?/ result in ?,It matches “java” followed by the optional “script”,It matches “java” followed by any number of “script”,It matches “java” followed by a minimum of one “script”,None of the mentioned,A,The subexpression /java(script)?/ matches “java” followed by the optional “script”.,medium,web:Examveda.com https://www.examveda.com/javascript/practice-mcq-question-on-classes-and-modules/?page=4,
Web Technologies & Internet / PHP,classes and modules,What is the most essential purpose of parantheses in regular expressions ?,Define pattern matching techniques,Define subpatterns within the complete pattern,Define portion of strings in the regular expression,All of the mentioned,B,"When a regular expression is successfullyy matched against a target string, it is possible to extract the portions of the target string that matched any particular paranthesized subpattern. The essential purpose of parantheses in regular expressions is to define subpatterns within the complete pattern.",medium,web:Examveda.com https://www.examveda.com/javascript/practice-mcq-question-on-classes-and-modules/?page=4,
Web Technologies & Internet / PHP,classes and modules,The method that performs the search-and-replace operation to strings for pattern matching is,searchandreplace(),add(),edit(),replace(),B,The replace() method performs a search-and-replace operation. It takes a regular expression as its first argument and a replacement string as its second argument.,medium,web:Examveda.com https://www.examveda.com/javascript/practice-mcq-question-on-classes-and-modules/?page=4,
Web Technologies & Internet / PHP,classes and modules,What would be the result of the following statement in JavaScript using regular expression methods ?,Returns [“123″”456″”789”],"Returns [“123″,”456″,”789”]","Returns [1,2,3,4,5,6,7,8,9]",Throws an exception,B,"The split() method can take regular expressions as its arguments. The split() method generally breaks the string on which it is called into an array of substrings, using the argument as a separator.",medium,web:Examveda.com https://www.examveda.com/javascript/practice-mcq-question-on-classes-and-modules/?page=4,
Web Technologies & Internet / PHP,classes and modules,The Crockford’s subset doesnot include which function in JavaScript?,eval(),coeval(),equal(),equivalent(),A,The Crockford’s subset does not include the with and continue statements or the eval() function. It defines functions using function definition expressions only and does not include the function definition statement.,medium,web:Examveda.com https://www.examveda.com/javascript/practice-mcq-question-on-classes-and-modules/?page=4,
Web Technologies & Internet / PHP,classes and modules,Why does JavaScript subset disallow == and !=?,It uses bitwise checking,It uses === and !== instead,It uses equals() and notequals() instead,None of the mentioned,B,"The subset does not include the comma operator, the bitwise operators, or the ++ and — operators. It also disallows == and != because of the type conversion they perform, requiring use of === and !== instead. 

 
 
 
 



 
 
 
 
 
 
 
 
 
 
 
 
 
1
2
3
4
5
6
7

 
 
 
 
 
 
 
 
 
 

 
 

 -->
 
 
 


 

-->
 
 
 Copyright © 2026 Examveda.com
 
 
 
 
 
 
 
 
 
 About Us |
 Terms & Condition |
 Privacy Policy |
 Contact Us",medium,web:Examveda.com https://www.examveda.com/javascript/practice-mcq-question-on-classes-and-modules/?page=4,
Web Technologies & Internet / PHP,classes and modules,What is being imposed on each subset to ensure that it conforms to the subset?,A parser to parse the code,A parser that parses and adds to the subset,A static verifier that parses code,All of the mentioned,C,Each subset is coupled with a static verifier that parses code to ensure that it conforms to the subset.,medium,web:Examveda.com https://www.examveda.com/javascript/practice-mcq-question-on-classes-and-modules/?page=5,
Web Technologies & Internet / PHP,classes and modules,Why was “The Good Parts” designed as a language subset in JavaScript?,To improve programmer flexibility,To balance the work load of the programmer,To create an in-built compiler and interpreter,To improve programmer productivity,D,The Good Parts is a language subset designed for aesthetic reasons and with a desire to improve programmer productivity. There is a larger class of subsets that have been designed for the purpose of safely running untrusted JavaScript in a secure container or “sandbox”.,medium,web:Examveda.com https://www.examveda.com/javascript/practice-mcq-question-on-classes-and-modules/?page=5,
Web Technologies & Internet / PHP,classes and modules,Which is the subset that is a secure container designed for the purpose of safely running untrusted JavaScript?,Sandbox,The Good Parts,Both Sandbox and Good Parts,None of the mentioned,A,There is a larger class of subsets that have been designed for the purpose of safely running untrusted JavaScript in a secure container or “sandbox”.,medium,web:Examveda.com https://www.examveda.com/javascript/practice-mcq-question-on-classes-and-modules/?page=5,
Web Technologies & Internet / PHP,classes and modules,Why is the this keyword forbidden in JavaScript?,Highly memory consuming,Functions should access the global objects,Functions should not access the global objects,Very inefficient to use,C,The this keyword is forbidden or restricted because functions (in non-strict mode) can access the global object through this. Preventing access to the global object is one of the key purposes of any sandboxing system.,medium,web:Examveda.com https://www.examveda.com/javascript/practice-mcq-question-on-classes-and-modules/?page=5,
Web Technologies & Internet / PHP,classes and modules,Which are the two functions that are not allowed in any secure subset?,evaluate() and restrict(),eval() and the Function() constructor,debugger() and test(),eval() and debugger(),B,"eval() and the Function() constructor are not allowed in any secure subset because they allow the execution of arbitrary strings of code, and these strings cannot be statically analyzed.",medium,web:Examveda.com https://www.examveda.com/javascript/practice-mcq-question-on-classes-and-modules/?page=5,
Web Technologies & Internet / PHP,classes and modules,Which is the object that defines methods that allow complete control over page content?,The client-side document object,The server-side document object,Both client-side and server-side document object,None of the mentioned,A,The client-side document object defines methods that allow complete control over page content.,medium,web:Examveda.com https://www.examveda.com/javascript/practice-mcq-question-on-classes-and-modules/?page=5,
Web Technologies & Internet / PHP,classes and modules,Which was one of the first security subsets proposed?,FBJS,Caja,dojox.secure,ADSafe,D,"ADsafe was one of the first security subsets proposed) It was created by Douglas Crockford (who also defined The Good Parts subset).ADsafe relies on static verification only, and it uses JSLint as its verifier. It forbids access to most global variables and defines an ADSAFE variable that provides access to a secure API, including special-purpose DOM methods. ADsafe is not in wide use, but it was an influential proof-of-concept that influenced other secure subsets.",medium,web:Examveda.com https://www.examveda.com/javascript/practice-mcq-question-on-classes-and-modules/?page=5,
Web Technologies & Internet / PHP,classes and modules,Which is the subset that transforms web content into secure modules that can be safely hosted on a web page?,Microsoft Web Sandbox,ADsafe,Caja,dojox.secure,D,"Caja is Google’s open-source secure subset. Caja (Spanish for “box”) defines two language subsets. Cajita (“little box”) is a narrow subset like that used by ADsafe and dojox.secure. Valija (“suitcase” or “baggage”) is a much broader language that is close to regular ECMAScript 5 strict mode (with the removal of eval()). Caja itself is the name of the compiler that transforms (or “cajoles”) web content (HTML, CSS, and JavaScript code) into secure modules that can be safely hosted on a web page without being able to affect the page as a whole or other modules on the page.",medium,web:Examveda.com https://www.examveda.com/javascript/practice-mcq-question-on-classes-and-modules/?page=5,
Web Technologies & Internet / PHP,classes and modules,"Consider the following code snippet
const pi=3.14;
var pi=4;
console.log(pi);",This will flash an error,Prints 4,Prints 3.14,Ambiguity,A,The above code snippet will flash an error. Attempts to alter the value or re-declaration causes errors.,medium,web:Examveda.com https://www.examveda.com/javascript/practice-mcq-question-on-classes-and-modules/?page=5,
Web Technologies & Internet / PHP,classes and modules,The let keyword can be used,"in a for or for/in loop, as a substitute for var","as a block statement, to define new variables",to define variables that are scoped to a single expression,all of the mentioned,D,"The let keyword can be used in four ways : 
1. as a variable declaration like var; 
2. in a for or for/in loop, as a substitute for var; 
3. as a block statement, to define new variables and explicitly delimit their scope; and 
4. to define variables that are scoped to a single expression. 

 
 
 
 



 
 
 
 
 
 
 
 
 
 
 
 
 
1
2
3
4
5
6
7

 
 
 
 
 
 
 
 
 
 

 
 

 -->
 
 
 


 

-->
 
 
 Copyright © 2026 Examveda.com
 
 
 
 
 
 
 
 
 
 About Us |
 Terms & Condition |
 Privacy Policy |
 Contact Us",medium,web:Examveda.com https://www.examveda.com/javascript/practice-mcq-question-on-classes-and-modules/?page=5,
Web Technologies & Internet / PHP,classes and modules,The main difference between the variables declared with var and with let is,var is confined to a particular function but let is not,let is confined to a particular function but var is not,var defines values based on conditions but let does not,none of the mentioned,B,"Variables declared with var are defined throughout the enclosing function. Variables declared with let are defined only within the closest enclosing block (and any blocks nested within it, of course).",medium,web:Examveda.com https://www.examveda.com/javascript/practice-mcq-question-on-classes-and-modules/?page=6,
Web Technologies & Internet / PHP,classes and modules,"Consider the following code snippet
function oddsums(n) 
{
 let total = 0, result=[]; 
 for(let x = 1; x n; x++) 
 { 
 let odd = 2*x-1; 
 total += odd;
 result.push(total);
 }
 return result;
}","Returns [1,4,9,16,25]","Returns [1,2,3,4,5]","Returns [3,6,9,12,15]","Returns [1,3,5,7,9]",A,"The above code returns 1,4,9,16,25 which is the square of the first five natural numbers. Notice the usage of let keyword in the above code snippet.",medium,web:Examveda.com https://www.examveda.com/javascript/practice-mcq-question-on-classes-and-modules/?page=6,
Web Technologies & Internet / PHP,classes and modules,"Consider the following code snippet
console.log(p)",Zero,Null,ReferenceError,ValueNotFoundError,C,"In the above code snippet, p is not defined. Hence, it gives a ReferenceError.",medium,web:Examveda.com https://www.examveda.com/javascript/practice-mcq-question-on-classes-and-modules/?page=6,
Web Technologies & Internet / PHP,classes and modules,"Consider the following code snippet
let x=x+1;
console.log(x);",0,Null,ReferenceError,NaN,D,"Since x is a let variable and since x is undefined, so x+1 is NaN. Thus, the above code snippet prints NaN.",medium,web:Examveda.com https://www.examveda.com/javascript/practice-mcq-question-on-classes-and-modules/?page=6,
Web Technologies & Internet / PHP,classes and modules,"Consider the following code snippet
[x,y]=[y,x];",Throws exception,Swap the value of the two variables,Flashes an error,Creates a new reference object,C,The above code snippet swaps the value of the two variables.,medium,web:Examveda.com https://www.examveda.com/javascript/practice-mcq-question-on-classes-and-modules/?page=6,
Web Technologies & Internet / PHP,classes and modules,Which looping statement allows XML tags to appear in JavaScript programs and adds API for operating on XML data?,for loop,while loop,for/each loop,all of the mentioned,C,The for/each loop is a new looping statement standardized by E4X. E4X (ECMAScript for XML) is a language extension that allows XML tags to appear literally in JavaScript programs and adds syntax and API for operating on XML data.,medium,web:Examveda.com https://www.examveda.com/javascript/practice-mcq-question-on-classes-and-modules/?page=6,
Web Technologies & Internet / PHP,classes and modules,"Which exception does the Iterators throw from their next() method when there are no more values to iterate, that work on finite collections ?",ExitIteration,AbortIteration,Abort,StopIteration,D,"Iterators that work on finite collections throw StopIteration from their next() method when there are no more values to iterate. StopIteration is a property of the global object in JavaScript 1.7. Its value is an ordinary object (with no properties of its own) that is reserved for this special purpose of terminating iterations. Note, in particular,that StopIteration is not a constructor function like TypeError() or RangeError().",medium,web:Examveda.com https://www.examveda.com/javascript/practice-mcq-question-on-classes-and-modules/?page=6,
Web Technologies & Internet / PHP,classes and modules,Which method of the iterable object returns an iterator object for the collection?,iterator(),_iterator_(),_iteration_(),_return_iterator_(),B,An iterable object represents a collection of values that can be iterated. An iterable object must define a method named __iterator__() (with two underscores at the start and end of the name) which returns an iterator object for the collection.,medium,web:Examveda.com https://www.examveda.com/javascript/practice-mcq-question-on-classes-and-modules/?page=6,
Web Technologies & Internet / PHP,classes and modules,"Consider the following code snippet
let succ = function(x) x+1, yes = function() true, no = function() false;",Functional behaviour,Modular behaviour,No convenience,Shorthand expression,A,The functions defined in this way behave exactly like functions defined with curly braces and the return keyword.,medium,web:Examveda.com https://www.examveda.com/javascript/practice-mcq-question-on-classes-and-modules/?page=6,
Web Technologies & Internet / PHP,classes and modules,"Consider the following code snippet
data.sort(function(a,b),b-a);",Sort in the alphabetical order,Sort in the chronological order,Sort in reverse alphabetical order,Sort in reverse numerical order,D,"The above code snippet sorts an array in reverse numerical order. 

 
 
 
 



 
 
 
 
 
 
 
 
 
 
 
 
 
1
2
3
4
5
6
7

 
 
 
 
 
 
 
 
 
 

 
 

 -->
 
 
 


 

-->
 
 
 Copyright © 2026 Examveda.com
 
 
 
 
 
 
 
 
 
 About Us |
 Terms & Condition |
 Privacy Policy |
 Contact Us",medium,web:Examveda.com https://www.examveda.com/javascript/practice-mcq-question-on-classes-and-modules/?page=6,
Web Technologies & Internet / PHP,classes and modules,What is the code to be used to trim whitespaces ?,let trimmed = (l.trim() for (l in lines));,let trimmed = (trim(l));,let trimmed = l.trim();,let trimmed = for(l in lines));,A,We can use the above code to trim whitespaces and filter out comments and blank lines.,medium,web:Examveda.com https://www.examveda.com/javascript/practice-mcq-question-on-classes-and-modules/?page=7,
Web Technologies & Internet / PHP,classes and modules,What will be the reaction when a catch clause has no conditionals ?,Takes it to be 0,Takes it to be 1,Takes it to be true,Takes it to be false,C,"If a catch clause has no conditional, it behaves as if it has the conditional if true, and it is always triggered if no clause before it was triggered.",medium,web:Examveda.com https://www.examveda.com/javascript/practice-mcq-question-on-classes-and-modules/?page=7,
Web Technologies & Internet / PHP,classes and modules,When will the finally block be called?,When there is no exception,When the catch doesnot match,When there is exception,None of the mentioned,D,A finally block is called after try-catch execution.,medium,web:Examveda.com https://www.examveda.com/javascript/practice-mcq-question-on-classes-and-modules/?page=7,
Web Technologies & Internet / PHP,classes and modules,What is the return type of typeof for standard JavaScript objects?,xml,object,dom,html,B,"The typeof operator returns “object” for all standard JavaScript objects as functions are, and the typeof operator returns “xml”.",medium,web:Examveda.com https://www.examveda.com/javascript/practice-mcq-question-on-classes-and-modules/?page=7,
Web Technologies & Internet / PHP,classes and modules,"Which method to use while working with XML fragments, instead of XML()?",XMLInterface(),XMLClass(),XMLList(),XMLArray(),C,,medium,web:Examveda.com https://www.examveda.com/javascript/practice-mcq-question-on-classes-and-modules/?page=7,
Web Technologies & Internet / PHP,classes and modules,Which of the following is the descendant operator?,..,…,*,@,B,"The .. operator is the descendant operator; you can use it in place of the normal . member-access operator :
var names = pt..name;",medium,web:Examveda.com https://www.examveda.com/javascript/practice-mcq-question-on-classes-and-modules/?page=7,
Web Technologies & Internet / PHP,classes and modules,Which of the following is an example to perform the most common XML manipulations using the XML objects invocation?,insertChildBefore(),insertChildAfter(),appendChildAfter(…),appendChildBefore(…),A,"E4X is designed so that you can perform most common XML manipulations using language syntax. E4X also defines methods you can invoke on XML objects. Here, for example, is the insertChildBefore() method:",medium,web:Examveda.com https://www.examveda.com/javascript/practice-mcq-question-on-classes-and-modules/?page=7,
Web Technologies & Internet / PHP,classes and modules,What is the code required to delete all “weight” tags?,delete weight(pt).all;,delete pt.element[all];,delete pt;,delete pt..weight;,D,"Removing attributes and tags is very easy with the standard delete operator :
delete pt..weight; //delete all tags
 

 
 
 
 



 
 
 
 
 
 
 
 
 
 
 
 
 
1
2
3
4
5
6
7
 
 
 
 
 
 
 
 
 
 

 
 

 -->
 
 
 


 

-->
 
 
 Copyright © 2026 Examveda.com
 
 
 
 
 
 
 
 
 
 About Us |
 Terms & Condition |
 Privacy Policy |
 Contact Us",medium,web:Examveda.com https://www.examveda.com/javascript/practice-mcq-question-on-classes-and-modules/?page=7,
Web Technologies & Internet / PHP,server side and client side scripting,What are the events generated by the Node objects called?,generators,emitters,dispatchers,highevents,B,Node objects that generate events (known as event emitters) define an on() method for registering handlers.,medium,web:Examveda.com https://www.examveda.com/javascript/practice-mcq-question-on-server-side-and-client-side-scripting/,
Web Technologies & Internet / PHP,server side and client side scripting,What is the function used to deregister event handler ‘f’?,deleteAllListeners(name),"deleteListener(name,f)","removerListener(name,f)",removeAllListeners(name),C,,medium,web:Examveda.com https://www.examveda.com/javascript/practice-mcq-question-on-server-side-and-client-side-scripting/,
Web Technologies & Internet / PHP,server side and client side scripting,What is the function used to remove all handlers for name events?,deleteAllListeners(name),"deleteListener(name,f)","removerListener(name,f)",removeAllListeners(name),D,"The removeAllListeners(name) is used to remove all handlers from name events represented as : 
emitter.removeAllListeners(name)",medium,web:Examveda.com https://www.examveda.com/javascript/practice-mcq-question-on-server-side-and-client-side-scripting/,
Web Technologies & Internet / PHP,server side and client side scripting,Which function is a synonym for on()?,addListener(),listeners(),once(),add(),A,The on() method is used for registering handlers. addListener() is a synonym for on().,medium,web:Examveda.com https://www.examveda.com/javascript/practice-mcq-question-on-server-side-and-client-side-scripting/,
Web Technologies & Internet / PHP,server side and client side scripting,Which of the following is an event emitter?,once,process,listeners,on,B,"The process object is an event emitter. The Node defines other important globals under the process namespaces that contain properties of that object like version, argv, env, pid,getuid(), cwd(), chdir() and exit().",medium,web:Examveda.com https://www.examveda.com/javascript/practice-mcq-question-on-server-side-and-client-side-scripting/,
Web Technologies & Internet / PHP,server side and client side scripting,When do uncaught exceptions generate events?,When handlers are registered,When handlers are deregistered,When handler functions are called,When handlers do not have a matching catch clause,A,"Uncaught exceptions generate events, if any handlers are registered. Otherwise, the exception just makes Node print an error and exit.
process.on(""uncaughtException"", function(e) { console.log(Exception, e); });",medium,web:Examveda.com https://www.examveda.com/javascript/practice-mcq-question-on-server-side-and-client-side-scripting/,
Web Technologies & Internet / PHP,server side and client side scripting,Which among the following POSIX signals generate events?,SIGDOWN,SIGFLOAT,SIGINT,SIGSHORT,C,The SIGINT is a POSIX signal that generates event.,medium,web:Examveda.com https://www.examveda.com/javascript/practice-mcq-question-on-server-side-and-client-side-scripting/,
Web Technologies & Internet / PHP,server side and client side scripting,What is the method used to pause “data” events?,s.pause();,s.stop();,s.halt();,s.wait();,A,"The above code snippet is used to pause data events, for throttling uploads, e.g.",medium,web:Examveda.com https://www.examveda.com/javascript/practice-mcq-question-on-server-side-and-client-side-scripting/,
Web Technologies & Internet / PHP,server side and client side scripting,"When the “end” event fires on EOF when no more data will arrive, which function is called?","s.on(""data"",f);","s.on(""end"",f);","s.on(""error"",f);","s.on(""default"",f);",B,The above code snippet gets “end” event fired on EOF when no more data will arrive.,medium,web:Examveda.com https://www.examveda.com/javascript/practice-mcq-question-on-server-side-and-client-side-scripting/,
Web Technologies & Internet / PHP,server side and client side scripting,What will be the return value of the write() method when the Node cannot write the data immediately and has to buffer it internally?,0,1,True,False,D,"The write() method never blocks. If Node cannot write the data immediately and has to buffer it internally, the write() method returns false. 

 
 
 
 



 
 
 
 
 
 
 
 
 
 
 
 
 1
2
3
4
5
6
7
8

 
 
 
 
 
 
 
 
 
 

 
 

 -->
 
 
 


 

-->
 
 
 Copyright © 2026 Examveda.com
 
 
 
 
 
 
 
 
 
 About Us |
 Terms & Condition |
 Privacy Policy |
 Contact Us",medium,web:Examveda.com https://www.examveda.com/javascript/practice-mcq-question-on-server-side-and-client-side-scripting/,
Web Technologies & Internet / PHP,server side and client side scripting,Rhino is originated by,Microsoft,Mozilla,Apple,None of the mentioned,B,Rhino is free software from Mozilla.,medium,web:Examveda.com https://www.examveda.com/javascript/practice-mcq-question-on-server-side-and-client-side-scripting/?page=2,
Web Technologies & Internet / PHP,server side and client side scripting,Which of the following are global functions that are not part of core JavaScript?,spawn(f);,trim();,exult();,none of the mentioned,A,The spawn(f) runs f() or loads and executes file f in a new thread.,medium,web:Examveda.com https://www.examveda.com/javascript/practice-mcq-question-on-server-side-and-client-side-scripting/?page=2,
Web Technologies & Internet / PHP,server side and client side scripting,Which of the following reads the textual contents of a URL and returns as a string?,spawn(f);,"load(filename,…);",readFile(file);,readUrl(url);,D,Rhino defines a handful of important global functions that are not part of core JavaScript in which readUrl(url) reads the textual contents of a URL and return as a string.,medium,web:Examveda.com https://www.examveda.com/javascript/practice-mcq-question-on-server-side-and-client-side-scripting/?page=2,
Web Technologies & Internet / PHP,server side and client side scripting,Which Rhino command quits Rhino environment?,terminate(),exit(),quit(),close(),C,The quit() command makes Rhino exit.,medium,web:Examveda.com https://www.examveda.com/javascript/practice-mcq-question-on-server-side-and-client-side-scripting/?page=2,
Web Technologies & Internet / PHP,server side and client side scripting,Which is a useful way to try out small and simple Rhino programs and one-liners?,Starting an interative shell,Starting a one to one shell,Creating a thread to do simple programs,None of the mentioned,A,,medium,web:Examveda.com https://www.examveda.com/javascript/practice-mcq-question-on-server-side-and-client-side-scripting/?page=2,
Web Technologies & Internet / PHP,server side and client side scripting,Which is a more formal way of importing packages and classes as JavaScript objects?,import(java.util.*);,importClass(java.util.*);,import.Class(java.util.*);,Class.import(java.util.*);,B,"Because packages and classes are represented as JavaScript objects, you can assign themto variables to give them shorter names. But you can also more formally import them, if you want to:
importClass(java.util.HashMap); // Same as : var HashMap = java.util.HashMap",medium,web:Examveda.com https://www.examveda.com/javascript/practice-mcq-question-on-server-side-and-client-side-scripting/?page=2,
Web Technologies & Internet / PHP,server side and client side scripting,"Consider the following code snippet
var f = new java.io.File(""/tmp/test"");
var out = new java.io.FileWriter(f);
out instanceof java.io.Reader",Error,True,Exception,False,D,The output for the above code snippet is false as it is a writer and not a Reader.,medium,web:Examveda.com https://www.examveda.com/javascript/practice-mcq-question-on-server-side-and-client-side-scripting/?page=2,
Web Technologies & Internet / PHP,server side and client side scripting,What does Rhino do when the getter and setter methods exist?,It becomes JavaScript properties,Java classes are used to avoid them,Java classes & JavaScript properties,None of the mentioned,A,"Rhino allows JavaScript code to query and set the static fields of Java classes and the instance fields of Java objects. Java classes often avoid defining public fields in favor of getter and setter methods. When getter and setter methods exist, Rhino exposes them as JavaScript properties.",medium,web:Examveda.com https://www.examveda.com/javascript/practice-mcq-question-on-server-side-and-client-side-scripting/?page=2,
Web Technologies & Internet / PHP,server side and client side scripting,The JavaScript classes can be instantiated using _____ operator?,create,new,instantiate,create.new,B,"Just like the JavaScript classes use new operator to instantiate, so does the Java classes.",medium,web:Examveda.com https://www.examveda.com/javascript/practice-mcq-question-on-server-side-and-client-side-scripting/?page=2,
Web Technologies & Internet / PHP,server side and client side scripting,The new Java arrays can be created into a JavaScript programs using which of the following classes?,java.Array,java.lang.*,java.lang.Array,java.lang.reflect.Array,D,"There is no natural JavaScript syntax that Rhino can extend to allow JavaScript programs to create new Java arrays, so you have to do that using the java.lang.reflect.Array class. 

 
 
 
 



 
 
 
 
 
 
 
 
 
 
 
 
 
1
2
3
4
5
6
7
8

 
 
 
 
 
 
 
 
 
 

 
 

 -->
 
 
 


 

-->
 
 
 Copyright © 2026 Examveda.com
 
 
 
 
 
 
 
 
 
 About Us |
 Terms & Condition |
 Privacy Policy |
 Contact Us",medium,web:Examveda.com https://www.examveda.com/javascript/practice-mcq-question-on-server-side-and-client-side-scripting/?page=2,
Web Technologies & Internet / PHP,server side and client side scripting,Which is a fast C++ based JavaScript interpreter?,Node,Sockets,Processors,Closures,A,"Node is a fast C++-based JavaScript interpreter with bindings to the low-level Unix APIs for working with processes, files, network sockets, etc., and also to HTTP client and server APIs.",medium,web:Examveda.com https://www.examveda.com/javascript/practice-mcq-question-on-server-side-and-client-side-scripting/?page=3,
Web Technologies & Internet / PHP,server side and client side scripting,Why does the Node rely on event handlers?,APIs are synchronous,APIs are asynchronous,APIs are reusable,None of the mentioned,B,"Because the APIs are asynchronous, Node relies on event handlers, which are often implemented using nested functions and closures.",medium,web:Examveda.com https://www.examveda.com/javascript/practice-mcq-question-on-server-side-and-client-side-scripting/?page=3,
Web Technologies & Internet / PHP,server side and client side scripting,What is the command to run the node programs?,node(program.js),program.js,node program.js,node.program.js,C,"The node programs can be run with the command: 
node program.js",medium,web:Examveda.com https://www.examveda.com/javascript/practice-mcq-question-on-server-side-and-client-side-scripting/?page=3,
Web Technologies & Internet / PHP,server side and client side scripting,What is the alternative command used in Node for load()?,store(),module(),log(),require(),D,"Use require() instead of load(). It loads and executes (only once) the named module, returning an object that contains its exported symbols.",medium,web:Examveda.com https://www.examveda.com/javascript/practice-mcq-question-on-server-side-and-client-side-scripting/?page=3,
Web Technologies & Internet / PHP,server side and client side scripting,What is the command used for debugging output in Node?,print();,console.log(…);,debug(…);,execute(…);,B,Node defines console.log() for debugging output like browsers do.,medium,web:Examveda.com https://www.examveda.com/javascript/practice-mcq-question-on-server-side-and-client-side-scripting/?page=3,
Web Technologies & Internet / PHP,server side and client side scripting,What is the code to print hello one second from now?,"setTimeout(function() { console.log(""Hello World""); }, 1000);","setTimeout(function() { 1000, console.log(""Hello World""); });","setTimeout(function(1000) { console.log(""Hello World""); });","setTimeout(function() { console.log(""Hello World""); });",A,The above code snippet says hello one second from now.,medium,web:Examveda.com https://www.examveda.com/javascript/practice-mcq-question-on-server-side-and-client-side-scripting/?page=3,
Web Technologies & Internet / PHP,server side and client side scripting,"Among the below given functions, Node supports which of the following client-side timer functions?",getInterval(),Interval(),clearTime(),clearTimeout(),D,"Node supports the client-side timer functions set setTimeout(), setInterval(), clearTimeout(), and clearInterval().",medium,web:Examveda.com https://www.examveda.com/javascript/practice-mcq-question-on-server-side-and-client-side-scripting/?page=3,
Web Technologies & Internet / PHP,server side and client side scripting,The necessary globals of a node are defined under which namespace?,variables,system,process,using,C,Node defines other important globals under the process namespace.,medium,web:Examveda.com https://www.examveda.com/javascript/practice-mcq-question-on-server-side-and-client-side-scripting/?page=3,
Web Technologies & Internet / PHP,server side and client side scripting,Why does Node not block while waiting for operations to complete?,Static,Asynchronous,Synchronous,None of the mentioned,B,"Because Node’s functions and methods are asynchronous, they do not block while waiting for operations to complete.",medium,web:Examveda.com https://www.examveda.com/javascript/practice-mcq-question-on-server-side-and-client-side-scripting/?page=3,
Web Technologies & Internet / PHP,server side and client side scripting,Which is the method used for registering handlers?,on(),register(),add(),include(),A,"Node objects that generate events (known as event emitters) define an on() method for registering handlers. 

 
 
 
 



 
 
 
 
 
 
 
 
 
 
 
 
 
1
2
3
4
5
6
7
8

 
 
 
 
 
 
 
 
 
 

 
 

 -->
 
 
 


 

-->
 
 
 Copyright © 2026 Examveda.com
 
 
 
 
 
 
 
 
 
 About Us |
 Terms & Condition |
 Privacy Policy |
 Contact Us",medium,web:Examveda.com https://www.examveda.com/javascript/practice-mcq-question-on-server-side-and-client-side-scripting/?page=3,
Web Technologies & Internet / PHP,server side and client side scripting,The main purpose of JavaScript in web browser is to,Creating animations and other visual effects,User Interface,Visual effects,None of the mentioned,A,"JavaScript can help to facilitate that experience, for example by: 
1. Creating animations and other visual effects to subtly guide a user and help with page navigation 
2. Sorting the columns of a table to make it easier for a user to find what she needs 
3. Hiding certain content and revealing details progressively as the user “drills down” into that content",medium,web:Examveda.com https://www.examveda.com/javascript/practice-mcq-question-on-server-side-and-client-side-scripting/?page=4,
Web Technologies & Internet / PHP,server side and client side scripting,A JavaScript program can traverse and manipulate document content through,Element Object,Document Object,Both Element and Document Object,None of the mentioned,C,A JavaScript program can traverse and manipulate document content through the Document object and the Element objects it contains. It can alter the presentation of that content by scripting CSS styles and classes.,medium,web:Examveda.com https://www.examveda.com/javascript/practice-mcq-question-on-server-side-and-client-side-scripting/?page=4,
Web Technologies & Internet / PHP,server side and client side scripting,The behaviour of the document elements can be defined by,Using document object,Registering appropriate event handlers,Using element object,All of the mentioned,B,The JavaScript program can define the behavior of document elements by registering appropriate event handlers.,medium,web:Examveda.com https://www.examveda.com/javascript/practice-mcq-question-on-server-side-and-client-side-scripting/?page=4,
Web Technologies & Internet / PHP,server side and client side scripting,The service(s) that enables networking through scripted HTTP requests is,XMLHttpResponse,XMLRequest,XMLHttpRequest,All of the mentioned,C,"The best known advanced services is the XMLHttpRequest object, which enables networking through scripted HTTP requests.",medium,web:Examveda.com https://www.examveda.com/javascript/practice-mcq-question-on-server-side-and-client-side-scripting/?page=4,
Web Technologies & Internet / PHP,server side and client side scripting,The HTML5 specification includes,Data storage,Graphics APIs,Other APIs for web apps,All of the mentioned,D,"The HTML5 specification (which, at the time of this writing, is still in draft form) and related specifications are defining a number of other important APIs for web apps.
These include the data storage and graphics APIs.",medium,web:Examveda.com https://www.examveda.com/javascript/practice-mcq-question-on-server-side-and-client-side-scripting/?page=4,
Web Technologies & Internet / PHP,server side and client side scripting,Which of the following are not advanced services?,Data storage,Networking,XMLHttpRequest object,None of the mentioned,D,All the above mentioned are advanced services.,medium,web:Examveda.com https://www.examveda.com/javascript/practice-mcq-question-on-server-side-and-client-side-scripting/?page=4,
Web Technologies & Internet / PHP,server side and client side scripting,JavaScript code between a pair of “script” tags are called,Non-inline,External,Referenced,Inline,D,Inline code are those that are writeen between a pair of “script” tags.,medium,web:Examveda.com https://www.examveda.com/javascript/practice-mcq-question-on-server-side-and-client-side-scripting/?page=4,
Web Technologies & Internet / PHP,server side and client side scripting,Client-side JavaScript code is embedded within HTML documents in,A URL that uses the special javascript:encoding,A URL that uses the special javascript:stack,A URL that uses the special javascript:protocol,A URL that uses the special javascript:code,C,"The Client-side JavaScript code is embedded within HTML documents in four ways : 
1. Inline, between a pair of “script” tags 
2. From an external file specified by the src attribute of a “script” tag 
3. In an HTML event handler attribute, such as onclick or onmouseover 
4. In a URL that uses the special javascript: protocol.",medium,web:Examveda.com https://www.examveda.com/javascript/practice-mcq-question-on-server-side-and-client-side-scripting/?page=4,
Web Technologies & Internet / PHP,server side and client side scripting,What is the programming philosophy that argues that content and behaviour should as much as possible be kept separate?,Unobtrusive JavaScript,Obtrusive JavaScript,Inherited JavaScript,Modular JavaScript,A,"A programming philosophy known as unobtrusive JavaScript argues that content (HTML) and behavior (JavaScript code) should as much as possible be kept separate. According to this programming philosophy, JavaScript is best embedded in HTML documents using “script” elements with src attributes.",medium,web:Examveda.com https://www.examveda.com/javascript/practice-mcq-question-on-server-side-and-client-side-scripting/?page=4,
Web Technologies & Internet / PHP,server side and client side scripting,Which of the following communicates with server-side CGI scripts through HTML form submissions and can be written without the use of JavaScript?,Static Web Pages,Interactive Web Pages,Conditional Web Pages,None of the mentioned,B,"nteractive web pages that communicate with server-side CGI scripts through HTML form submissions were the original “web application” and can be written without the use of JavaScript. 

 
 
 
 



 
 
 
 
 
 
 
 
 
 
 
 
 
1
2
3
4
5
6
7
8

 
 
 
 
 
 
 
 
 
 

 
 

 -->
 
 
 


 

-->
 
 
 Copyright © 2026 Examveda.com
 
 
 
 
 
 
 
 
 
 About Us |
 Terms & Condition |
 Privacy Policy |
 Contact Us",medium,web:Examveda.com https://www.examveda.com/javascript/practice-mcq-question-on-server-side-and-client-side-scripting/?page=4,
Web Technologies & Internet / PHP,server side and client side scripting,Which of the following is a way of embedding Client-side JavaScript code within HTML documents?,From javascript:encoding,External file specified by the src attribute of a “script” tag,All of the mentioned,None of the mentioned,B,"The Client-side JavaScript code is embedded within HTML documents in four ways : 
1. Inline, between a pair of “script” tags 
2. From an external file specified by the src attribute of a “script” tag 
3. In an HTML event handler attribute, such as onclick or onmouseover 
4. In a URL that uses the special javascript: protocol.",medium,web:Examveda.com https://www.examveda.com/javascript/practice-mcq-question-on-server-side-and-client-side-scripting/?page=5,
Web Technologies & Internet / PHP,server side and client side scripting,When does JavaScript code appear inline within an HTML file?,Between the “script” tag,Outside the “script” tag,Between or Outside the “script” tag,None of the mentioned,A,JavaScript code can appear inline within an HTML file between the “script” tags.,medium,web:Examveda.com https://www.examveda.com/javascript/practice-mcq-question-on-server-side-and-client-side-scripting/?page=5,
Web Technologies & Internet / PHP,server side and client side scripting,Which character in JavaScript code will be interpreted as XML markup?,!,>,&,.,C,If your JavaScript code contains the,medium,web:Examveda.com https://www.examveda.com/javascript/practice-mcq-question-on-server-side-and-client-side-scripting/?page=5,
Web Technologies & Internet / PHP,server side and client side scripting,Which is the root element in a HTML document?,HTML,HEAD,SCRIPT,BODY,A,The “html” tag is the root element of any HTML document regardless of it containing a JavaScript code or not.,medium,web:Examveda.com https://www.examveda.com/javascript/practice-mcq-question-on-server-side-and-client-side-scripting/?page=5,
Web Technologies & Internet / PHP,server side and client side scripting,What is the code for getting the current time?,now = new Date();,var now = new Date();,var now = Date();,var now = new Date(current);,B,The above code determines the current time and stores it in the variable “now”.,medium,web:Examveda.com https://www.examveda.com/javascript/practice-mcq-question-on-server-side-and-client-side-scripting/?page=5,
Web Technologies & Internet / PHP,server side and client side scripting,What is the code to start displaying the time when document loads?,onload = displayTime;,window. = displayTime;,window.onload = displayTime;,window.onload = start;,C,The above code starts displaying the time when the document loads.,medium,web:Examveda.com https://www.examveda.com/javascript/practice-mcq-question-on-server-side-and-client-side-scripting/?page=5,
Web Technologies & Internet / PHP,server side and client side scripting,One of the main advantage of using src attribute is,It becomes self-cached,It makes the HTML file modular,It restricts manipulation in the HTML file,It simplifies the HTML files,D,"The main advantage of using the src attribute is that it simplifies your HTML files by allowing you to remove large blocks of JavaScript code from them—that is, it helps keep content and behavior separate.",medium,web:Examveda.com https://www.examveda.com/javascript/practice-mcq-question-on-server-side-and-client-side-scripting/?page=5,
Web Technologies & Internet / PHP,server side and client side scripting,What will be done if more than one page requires a file of JavaScript code?,Downloads that many times,Retrives from the browser cache,Must be re executed,None of the mentioned,B,"If a file of JavaScript code is shared by more than one page, it only needs to be downloaded once, by the first page that uses it—subsequent pages can retrieve it from the browser cache.",medium,web:Examveda.com https://www.examveda.com/javascript/practice-mcq-question-on-server-side-and-client-side-scripting/?page=5,
Web Technologies & Internet / PHP,server side and client side scripting,What is the default value of the type attribute?,text/css,text/javascript,text,xml,B,"The default value of the type attribute is “text/javascript”. You can specify this type explicitly if you want, but it is never necessary.",medium,web:Examveda.com https://www.examveda.com/javascript/practice-mcq-question-on-server-side-and-client-side-scripting/?page=5,
Web Technologies & Internet / PHP,server side and client side scripting,The language is commonly used to,Specify the user’s language,Specify the language going to be scripted,No longer in use,Specify the programmer’s favorable language,C,"The language attribute is deprecated and should no longer be used. 

 
 
 
 



 
 
 
 
 
 
 
 
 
 
 
 
 
1
2
3
4
5
6
7
8

 
 
 
 
 
 
 
 
 
 

 
 

 -->
 
 
 


 

-->
 
 
 Copyright © 2026 Examveda.com
 
 
 
 
 
 
 
 
 
 About Us |
 Terms & Condition |
 Privacy Policy |
 Contact Us",medium,web:Examveda.com https://www.examveda.com/javascript/practice-mcq-question-on-server-side-and-client-side-scripting/?page=5,
Web Technologies & Internet / PHP,server side and client side scripting,The word “document” mainly refers to,Dynamic Information,Static Information,Both Dynamic and Static Information,None of the mentioned,B,Some pages present static information and can be called documents.,medium,web:Examveda.com https://www.examveda.com/javascript/practice-mcq-question-on-server-side-and-client-side-scripting/?page=6,
Web Technologies & Internet / PHP,server side and client side scripting,Which object is the main entry point to all client-side JavaScript features and APIs?,Standard,Location,Window,Position,C,"The Window object is the main entry point to all client-side JavaScript features and APIs. It represents a web browser window or frame, and you can refer to it with the identifier window.",medium,web:Examveda.com https://www.examveda.com/javascript/practice-mcq-question-on-server-side-and-client-side-scripting/?page=6,
Web Technologies & Internet / PHP,server side and client side scripting,Which identifier is used to represent a web browser window or frame?,frames,window,location,frame,B,"The Window object is the main entry point to all client-side JavaScript features and APIs. It represents a web browser window or frame, and you can refer to it with the
identifier window.",medium,web:Examveda.com https://www.examveda.com/javascript/practice-mcq-question-on-server-side-and-client-side-scripting/?page=6,
Web Technologies & Internet / PHP,server side and client side scripting,Which property in the Window object is used to refer to a Location object?,position,area,window,location,D,"The Window object defines properties like location, which refers to a Location object that specifies the URL currently displayed in the window and allows a script to load a new URL into the window.",medium,web:Examveda.com https://www.examveda.com/javascript/practice-mcq-question-on-server-side-and-client-side-scripting/?page=6,
Web Technologies & Internet / PHP,server side and client side scripting,Which Window object method is used to display message in a dialog box?,alert(),prompt(),message(),none of the mentioned,A,"The Window object also defines methods like alert(), which displays a message in a dialog box.",medium,web:Examveda.com https://www.examveda.com/javascript/practice-mcq-question-on-server-side-and-client-side-scripting/?page=6,
Web Technologies & Internet / PHP,server side and client side scripting,The setTimeout() method is used to,Make the event sleep,Register a function to be invoked after a certain time,Invoke an event after a certain time,Time for iteration,B,"The setTimeout(), which registers a function to be invoked after a specified amount of time.",medium,web:Examveda.com https://www.examveda.com/javascript/practice-mcq-question-on-server-side-and-client-side-scripting/?page=6,
Web Technologies & Internet / PHP,server side and client side scripting,Which of the following is a global object?,Register,Location,Window,Position,C,"In client-side JavaScript, the Window object is also the global object. This means that the Window object is at the top of the scope chain and that its properties and methods are effectively global variables and global functions.",medium,web:Examveda.com https://www.examveda.com/javascript/practice-mcq-question-on-server-side-and-client-side-scripting/?page=6,
Web Technologies & Internet / PHP,server side and client side scripting,When will the window property come into play?,Representation convenience,Use as an extension of other objects,Use objects in the Window object,Refer to window object itself,D,"The Window object has a property named window that always refers to itself. You can use this property if you need to refer to the window object itself, but it is not usually necessary to use window if you just want to refer to access properties of the global window object.",medium,web:Examveda.com https://www.examveda.com/javascript/practice-mcq-question-on-server-side-and-client-side-scripting/?page=6,
Web Technologies & Internet / PHP,server side and client side scripting,Which is the property that represents the content displayed in the window?,document,content,window,frame,A,One of the most important properties of the Window object is document: it refers to a Document object that represents the content displayed in the window.,medium,web:Examveda.com https://www.examveda.com/javascript/practice-mcq-question-on-server-side-and-client-side-scripting/?page=6,
Web Technologies & Internet / PHP,server side and client side scripting,How to pick a document element based on the value of its id attribute?,getElementsbyId(),getElementbyId(),both getElementsbyId() and getElementbyId(),none of the mentioned,B,"The Document object has important methods such as getElementById(), which returns a single document element (representing an open/close pair of HTML tags and all of the content between them) based on the value of its id attribute. 

 
 
 
 



 
 
 
 
 
 
 
 
 
 
 
 
 
1
2
3
4
5
6
7
8

 
 
 
 
 
 
 
 
 
 

 
 

 -->
 
 
 


 

-->
 
 
 Copyright © 2026 Examveda.com
 
 
 
 
 
 
 
 
 
 About Us |
 Terms & Condition |
 Privacy Policy |
 Contact Us",medium,web:Examveda.com https://www.examveda.com/javascript/practice-mcq-question-on-server-side-and-client-side-scripting/?page=6,
Web Technologies & Internet / PHP,server side and client side scripting,What is the property to access the first child of a node?,timestamp.Child1,timestamp.Child(1),timestamp.Child(0),timestamp.firstChild,D,The first child of a node can be accessed using the firstChild property.,medium,web:Examveda.com https://www.examveda.com/javascript/practice-mcq-question-on-server-side-and-client-side-scripting/?page=7,
Web Technologies & Internet / PHP,server side and client side scripting,What are the properties supporting CSS styles for a document element?,style and font,style and className,size and style,className and font,B,Each Element object has style and className properties that allow scripts to specify CSS styles for a document element or to alter the CSS class names that apply to the element.,medium,web:Examveda.com https://www.examveda.com/javascript/practice-mcq-question-on-server-side-and-client-side-scripting/?page=7,
Web Technologies & Internet / PHP,server side and client side scripting,The style property belongs to while of the following object?,Element,Window,Location,None of the mentioned,A,Each Element object has style and className properties that allow scripts to specify CSS styles for a document element or to alter the CSS class names that apply to the element.,medium,web:Examveda.com https://www.examveda.com/javascript/practice-mcq-question-on-server-side-and-client-side-scripting/?page=7,
Web Technologies & Internet / PHP,server side and client side scripting,What is the purpose of the event handlers in the JavaScript?,Adds innerHTML page to the code,Performs handling of exceptions and occurences,Allows JavaScript code to alter the behaviour of windows,None of the mentioned,C,"Event handlers allow JavaScript code to alter the behavior of windows, of documents, and of the elements that make up those documents.",medium,web:Examveda.com https://www.examveda.com/javascript/practice-mcq-question-on-server-side-and-client-side-scripting/?page=7,
Web Technologies & Internet / PHP,server side and client side scripting,Which handler is triggered when the content of the document in the window is stable and ready for manipulation?,onload,manipulate,create,none of the mentioned,A,One of the most important event handlers is the onload handler of the Window object. It is triggered when the content of the document displayed in the window is stable and ready to be manipulated. JavaScript code is commonly wrapped within an onload event handler.,medium,web:Examveda.com https://www.examveda.com/javascript/practice-mcq-question-on-server-side-and-client-side-scripting/?page=7,
Web Technologies & Internet / PHP,server side and client side scripting,"When a program contains extensive use of event handlers, which of the following is necessary?",Modular functions,Nested functions,Split up programs,All of the mentioned,B,"Nested functions are common in client-side JavaScript, because of its extensive use of event handlers.",medium,web:Examveda.com https://www.examveda.com/javascript/practice-mcq-question-on-server-side-and-client-side-scripting/?page=7,
Web Technologies & Internet / PHP,server side and client side scripting,What is the code snippet to find all container elements with class “reveal”?,"var elements = document.getElementsByClassName(""reveal"");","var elements = document.getElementByClassName(""reveal"");","var elements = document.getElementByName(""reveal"");","var elements = document.getElementsClassName(""reveal"");",A,The above code snippet finds all container elements with class “reveal”.,medium,web:Examveda.com https://www.examveda.com/javascript/practice-mcq-question-on-server-side-and-client-side-scripting/?page=7,
Web Technologies & Internet / PHP,server side and client side scripting,What is the code snippet to update the content of the timestamp element when the user clicks on it?,timestamp.onLoad = function() { this.innerHTML = new Date().toString(); },timestamp.onclick = function() { this.innerHTML = new Date().toString(); },timestamp.onclick = function() { innerHTML = new Date().toString(); },None of the above,B,The above code snippet updates the content of the timestamp element when the user clicks on it.,medium,web:Examveda.com https://www.examveda.com/javascript/practice-mcq-question-on-server-side-and-client-side-scripting/?page=7,
Web Technologies & Internet / PHP,server side and client side scripting,Which of the following is not an object?,Element,Location,Position,Window,C,There is no object called Position.,medium,web:Examveda.com https://www.examveda.com/javascript/practice-mcq-question-on-server-side-and-client-side-scripting/?page=7,
Web Technologies & Internet / PHP,server side and client side scripting,What is the code snippet to change the class and let the stylesheet specify the details?,"timestamp.className = ""highlight"";","timestamp.className = ""change"";","timestamp.className = ""specify"";","timestamp.className = ""move"";",A,"The above code snippet changes the class and lets the stylesheet specify the details. 

 
 
 
 



 
 
 
 
 
 
 
 
 
 
 
 
 
1
2
3
4
5
6
7
8

 
 
 
 
 
 
 
 
 
 

 
 

 -->
 
 
 


 

-->
 
 
 Copyright © 2026 Examveda.com
 
 
 
 
 
 
 
 
 
 About Us |
 Terms & Condition |
 Privacy Policy |
 Contact Us",medium,web:Examveda.com https://www.examveda.com/javascript/practice-mcq-question-on-server-side-and-client-side-scripting/?page=7,
Web Technologies & Internet / PHP,server side and client side scripting,The libraries that build a new higher-level API for client-side programming is,Library,Framework,APIs,All of the mentioned,B,"Many web developers find it useful to build their web applications on top of a clientside framework library. These libraries are “frameworks” in the sense that they build a new higher-level API for client-side programming on top of the standard and proprietary APIs offered by web browsers: once you adopt a framework, your code needs to be written to use the APIs defined by that framework.",medium,web:Examveda.com https://www.examveda.com/javascript/practice-mcq-question-on-server-side-and-client-side-scripting/?page=8,
Web Technologies & Internet / PHP,server side and client side scripting,Which of the following is not a framework?,jQuery,.NET,JavaScript,None of the mentioned,C,"One of the most popular frameworks is jQuery. Here, JavaScript is a scripting language and not a framework.",medium,web:Examveda.com https://www.examveda.com/javascript/practice-mcq-question-on-server-side-and-client-side-scripting/?page=8,
Web Technologies & Internet / PHP,server side and client side scripting,Which of the following frameworks focuses on DOM and Ajax utilities?,jQuery,Prototype,Dojo,Both jQueryand Prototype,D,"The Prototype library focuses on DOM and Ajax utilities like jQuery does, and adds quite a few core-language utilities as well.",medium,web:Examveda.com https://www.examveda.com/javascript/practice-mcq-question-on-server-side-and-client-side-scripting/?page=8,
Web Technologies & Internet / PHP,server side and client side scripting,What is the purpose of Dojo framework?,Focuses on DOM and Ajax utilities,Advertises incredible depth,Ajax utilities,None of the mentioned,B,"Dojo is a large framework that advertises its “incredible depth.” It includes an extensive set of UI widgets, a package system, a data abstraction layer, and more.",medium,web:Examveda.com https://www.examveda.com/javascript/practice-mcq-question-on-server-side-and-client-side-scripting/?page=8,
Web Technologies & Internet / PHP,server side and client side scripting,Which is the in-house library of Yahoo!?,Dojo,YUI,Prototype,Closure,B,"YUI is the in-house library of Yahoo!, and it is used on their home page.",medium,web:Examveda.com https://www.examveda.com/javascript/practice-mcq-question-on-server-side-and-client-side-scripting/?page=8,
Web Technologies & Internet / PHP,server side and client side scripting,What does Dojo and YUI have in common?,Facilitates DOM utilities and UI Widgets,Doesnot facilitates DOM utilities and UI Widgets,Client-side library,None of the mentioned,A,"Like Dojo, it is a large, all-encompassing library with language utilities, DOM utilities, UI widgets, and so on. There are actually two incompatible versions of YUI, known as YUI 2 and YUI 3.",medium,web:Examveda.com https://www.examveda.com/javascript/practice-mcq-question-on-server-side-and-client-side-scripting/?page=8,
Web Technologies & Internet / PHP,server side and client side scripting,What are the two incompatible versions of YUI?,YUI1 and YUI2,YUI2 and YUI4,YUI1 and YUI3,YUI2 and YUI3,A,"Like Dojo, it is a large, all-encompassing library with language utilities, DOM utilities, UI widgets, and so on. There are actually two incompatible versions of YUI, known as YUI 2 and YUI 3.",medium,web:Examveda.com https://www.examveda.com/javascript/practice-mcq-question-on-server-side-and-client-side-scripting/?page=8,
Web Technologies & Internet / PHP,server side and client side scripting,Which of the following framework was used by Google for Gmail?,Dojo,GWT,Closure,YUI,D,"The Closure library is the client-side library that Google uses for Gmail, Google Docs, and other web applications. This library is intended to be used with the Closure compiler, which strips out unused library functions.",medium,web:Examveda.com https://www.examveda.com/javascript/practice-mcq-question-on-server-side-and-client-side-scripting/?page=8,
Web Technologies & Internet / PHP,server side and client side scripting,Which of the following is a web application API framework?,Dojo,YUI,GWT,All of the mentioned,C,"GWT, the Google Web Toolkit , is a completely different kind of client-side framework. It defines a web application API in Java and provides a compiler to translate your Java programs into compatible clientside JavaScript.",medium,web:Examveda.com https://www.examveda.com/javascript/practice-mcq-question-on-server-side-and-client-side-scripting/?page=8,
Web Technologies & Internet / PHP,server side and client side scripting,Which is more widely used than GWT in Google?,Closure,Dojo,Procedure,jQuery,A,"GWT, the Google Web Toolkit , is a completely different kind of client-side framework. It defines a web application API in Java and provides a compiler to translate your Java programs into compatible client-side JavaScript. GWT is used in some of Google’s products, but it is not as widelyused as their Closure library. 

 
 
 
 



 
 
 
 
 
 
 
 
 
 
 
 
 
1
2
3
4
5
6
7
8
 
 
 
 
 
 
 
 
 
 

 
 

 -->
 
 
 


 

-->
 
 
 Copyright © 2026 Examveda.com
 
 
 
 
 
 
 
 
 
 About Us |
 Terms & Condition |
 Privacy Policy |
 Contact Us",medium,web:Examveda.com https://www.examveda.com/javascript/practice-mcq-question-on-server-side-and-client-side-scripting/?page=8,
Web Technologies & Internet / PHP,document object model and event handling,Which function among the following lets to register a function to be invoked once?,setTimeout(),setTotaltime(),setInterval(),none of the mentioned,A,setTimeout() and setInterval() allow you to register a function to be invoked once or repeatedly after a specified amount of time has elapsed.,medium,web:Examveda.com https://www.examveda.com/javascript/practice-mcq-question-on-document-object-model-and-event-handling/,
Web Technologies & Internet / PHP,document object model and event handling,Which function among the following lets to register a function to be invoked repeatedly after a certain time?,setTimeout(),setTotaltime(),setInterval(),none of the mentioned,C,setTimeout() and setInterval() allow you to register a function to be invoked once or repeatedly after a specified amount of time has elapsed.,medium,web:Examveda.com https://www.examveda.com/javascript/practice-mcq-question-on-document-object-model-and-event-handling/,
Web Technologies & Internet / PHP,document object model and event handling,Which is the handler method used to invoke when uncaught JavaScript exceptions occur?,Onhalt,Onerror,Both onhalt and onerror,None of the mentioned,B,The onerror handler method can be registered to be invoked when uncaught JavaScript exceptions occur.,medium,web:Examveda.com https://www.examveda.com/javascript/practice-mcq-question-on-document-object-model-and-event-handling/,
Web Technologies & Internet / PHP,document object model and event handling,Which property is used to obtain browser vendor and version information?,modal,version,browser,navigator,D,The navigator property is used to obtain browser vendor and version information.,medium,web:Examveda.com https://www.examveda.com/javascript/practice-mcq-question-on-document-object-model-and-event-handling/,
Web Technologies & Internet / PHP,document object model and event handling,Which method receives the return value of setInterval() to cancel future invocations?,clearInvocation(),cancelInvocation(),clearInterval(),None of the mentioned,C,"Like setTimeout(), setInterval() returns a value that can be passed to clearInterval() to cancel any future invocations of the scheduled function.",medium,web:Examveda.com https://www.examveda.com/javascript/practice-mcq-question-on-document-object-model-and-event-handling/,
Web Technologies & Internet / PHP,document object model and event handling,The setTimeout() belongs to which object?,Element,Window,Location,None of the mentioned,B,The setTimeout() method of the Window object schedules a function to run after a specified number of milliseconds elapses.,medium,web:Examveda.com https://www.examveda.com/javascript/practice-mcq-question-on-document-object-model-and-event-handling/,
Web Technologies & Internet / PHP,document object model and event handling,Which method receives the return value of setTimeout() to cancel future invocations?,clearTimeout(),clearInterval(),clearSchedule(),none of the mentioned,A,setTimeout() returns a value that can be passed to clearTimeout() to cancel the execution of the scheduled function.,medium,web:Examveda.com https://www.examveda.com/javascript/practice-mcq-question-on-document-object-model-and-event-handling/,
Web Technologies & Internet / PHP,document object model and event handling,What will happen if we call setTimeout() with a time of 0 ms?,Placed in stack,Placed in queue,Will run continuously,None of the mentioned,B,"If you call setTimeout() with a time of 0 ms, the function you specify is not invoked right away. Instead, it is placed on a queue to be invoked “as soon as possible” after any currently pending event handlers finish running.",medium,web:Examveda.com https://www.examveda.com/javascript/practice-mcq-question-on-document-object-model-and-event-handling/,
Web Technologies & Internet / PHP,document object model and event handling,To which object does the location property belong?,Window,Position,Element,Location,A,"The location property of the Window object refers to a Location object, which represents the current URL of the document displayed in the window, and which also defines methods for making the window load a new document.",medium,web:Examveda.com https://www.examveda.com/javascript/practice-mcq-question-on-document-object-model-and-event-handling/,
Web Technologies & Internet / PHP,document object model and event handling,"What is the result of the following code snippet?
window.location === document.location",False,True,0,1,B,"The above code always results in a true value. 

 
 
 
 



 
 
 
 
 
 
 
 
 
 
 
 
 1
2
3
4
5
6
7
8
9
10

 
 
 
 
 
 
 
 
 Read More Section(Document Object Model and Event Handling)
 Each Section contains maximum 100 MCQs question on Document Object Model and Event Handling. To get more questions visit other sections.
 
 Document Object Model and Event Handling - Section 2
 
 


 
 
 
 

 
 

 -->
 
 
 


 

-->
 
 
 Copyright © 2026 Examveda.com
 
 
 
 
 
 
 
 
 
 About Us |
 Terms & Condition |
 Privacy Policy |
 Contact Us",medium,web:Examveda.com https://www.examveda.com/javascript/practice-mcq-question-on-document-object-model-and-event-handling/,
Web Technologies & Internet / PHP,document object model and event handling,The URL property belongs to which of the following object?,Document,Element,Location,All of the mentioned,A,"The Document object has a URL property, which is a static string that holds the URL of the document when it was first loaded.",medium,web:Examveda.com https://www.examveda.com/javascript/practice-mcq-question-on-document-object-model-and-event-handling/?page=2,
Web Technologies & Internet / PHP,document object model and event handling,What does the location property represent?,Current DOM object,Current URL,Both DOM object and URL,None of the mentioned,A,The location property of a window is a reference to a Location object; it represents the current URL of the document being displayed in that window.,medium,web:Examveda.com https://www.examveda.com/javascript/practice-mcq-question-on-document-object-model-and-event-handling/?page=2,
Web Technologies & Internet / PHP,document object model and event handling,Which among the following is not a property of the Location object?,protocol,host,hostee,hostname,C,"The various properties of the location object are the protocol, host, hostname, port, search, and hash.",medium,web:Examveda.com https://www.examveda.com/javascript/practice-mcq-question-on-document-object-model-and-event-handling/?page=2,
Web Technologies & Internet / PHP,document object model and event handling,What is the return type of the hash property?,Query string,Packets,String,Fragment identifier,D,"The hash property returns the “fragment identifier” portion of the URL, if there is one: a hash mark (#) followed by an element ID.",medium,web:Examveda.com https://www.examveda.com/javascript/practice-mcq-question-on-document-object-model-and-event-handling/?page=2,
Web Technologies & Internet / PHP,document object model and event handling,What is the function used to extract arguments from the search property of a URL?,urlArgs(),url(),hash(),none of the mentioned,A,The urgArgs() function can be used to extract arguments from the search property of a URL.,medium,web:Examveda.com https://www.examveda.com/javascript/practice-mcq-question-on-document-object-model-and-event-handling/?page=2,
Web Technologies & Internet / PHP,document object model and event handling,The decodeURIComponent() is defined by,Server-side JavaScript,Client-side JavaScript,Both Server-side and Client-side JavaScript,None of the mentioned,B,The decodeURIComponent() is a global function defined by client-side JavaScript.,medium,web:Examveda.com https://www.examveda.com/javascript/practice-mcq-question-on-document-object-model-and-event-handling/?page=2,
Web Technologies & Internet / PHP,document object model and event handling,Which is the method that removes the current document from the browsing history before laoding the new document?,modify(),assign(),replace(),remove(),C,"The replace() method is similar, but it removes the current document from the browsing history before loading the new document. When a script unconditionally loads a new document, the replace() method is often a better choice than assign().",medium,web:Examveda.com https://www.examveda.com/javascript/practice-mcq-question-on-document-object-model-and-event-handling/?page=2,
Web Technologies & Internet / PHP,document object model and event handling,Why is the replace() method better than the assign() method?,Reliable,Highly managable,More efficient,Handles unconditional loading,D,"The replace() method is similar, but it removes the current document from the browsing history before loading the new document. When a script unconditionally loads a new document, the replace() method is often a better choice than assign().",medium,web:Examveda.com https://www.examveda.com/javascript/practice-mcq-question-on-document-object-model-and-event-handling/?page=2,
Web Technologies & Internet / PHP,document object model and event handling,What is the purpose of the assign() method?,Only loading,Loading of window and display,Displays already present window,Unloading of window,B,The assign() method of the Location object makes the window load and display the document at the URL you specify.,medium,web:Examveda.com https://www.examveda.com/javascript/practice-mcq-question-on-document-object-model-and-event-handling/?page=2,
Web Technologies & Internet / PHP,document object model and event handling,The history property belongs to which object?,Element,Window,History,Location,C,"The history property of the Window object refers to the History object for the window. 

 
 
 
 



 
 
 
 
 
 
 
 
 
 
 
 
 
1
2
3
4
5
6
7
8
9
10

 
 
 
 
 
 
 
 
 Read More Section(Document Object Model and Event Handling)
 Each Section contains maximum 100 MCQs question on Document Object Model and Event Handling. To get more questions visit other sections.
 
 Document Object Model and Event Handling - Section 2
 
 


 
 
 
 

 
 

 -->
 
 
 


 

-->
 
 
 Copyright © 2026 Examveda.com
 
 
 
 
 
 
 
 
 
 About Us |
 Terms & Condition |
 Privacy Policy |
 Contact Us",medium,web:Examveda.com https://www.examveda.com/javascript/practice-mcq-question-on-document-object-model-and-event-handling/?page=2,
Web Technologies & Internet / PHP,document object model and event handling,What is the code snippet to go back to a history twice?,history(2);,history(-2);,history.go(-2);,history.go(2);,C,"The above code snippet goes back 2, like clicking the Back button twice.",medium,web:Examveda.com https://www.examveda.com/javascript/practice-mcq-question-on-document-object-model-and-event-handling/?page=3,
Web Technologies & Internet / PHP,document object model and event handling,"If the window has child windows, how will the browsing histories be affected?",Numerically interleaved,Chronologically interleaved,Both Numerically and Chronologically interleaved,None of the mentioned,B,"If a window contains child windows, the browsing histories of the child windows are chronologically interleaved with the history of the main window.",medium,web:Examveda.com https://www.examveda.com/javascript/practice-mcq-question-on-document-object-model-and-event-handling/?page=3,
Web Technologies & Internet / PHP,document object model and event handling,The length property belongs to which of the following objects?,Window,Element,History,Document,C,"The length property of the History object specifies the number of elements in the browsing history list, but for security reasons scripts are not allowed to access the stored URLs.",medium,web:Examveda.com https://www.examveda.com/javascript/practice-mcq-question-on-document-object-model-and-event-handling/?page=3,
Web Technologies & Internet / PHP,document object model and event handling,What is the datatype of the go() method’s parameter?,String,Integer,Double,Float,B,The go() method takes an integer argument and can skip any number of pages forward and backward in the history list.,medium,web:Examveda.com https://www.examveda.com/javascript/practice-mcq-question-on-document-object-model-and-event-handling/?page=3,
Web Technologies & Internet / PHP,document object model and event handling,What is the special feature of the modern web applications?,Can alter contents without loading document,Must load the document to manipulate,All of the mentioned,None of the mentioned,A,Modern web applications can dynamically alter their own content without loading a new document.,medium,web:Examveda.com https://www.examveda.com/javascript/practice-mcq-question-on-document-object-model-and-event-handling/?page=3,
Web Technologies & Internet / PHP,document object model and event handling,The navigator property belongs to which of the following object?,Document,Window,Navigator,Location,C,The navigator property of a Window object refers to a Navigator object that contains browser vendor and version number information.,medium,web:Examveda.com https://www.examveda.com/javascript/practice-mcq-question-on-document-object-model-and-event-handling/?page=3,
Web Technologies & Internet / PHP,document object model and event handling,What is the vendor-neutral synonym for navigator?,staticData,purposeInformation,dataInformation,clientInformation,D,IE supports clientInformation as a vendor-netural synonym for navigator.,medium,web:Examveda.com https://www.examveda.com/javascript/practice-mcq-question-on-document-object-model-and-event-handling/?page=3,
Web Technologies & Internet / PHP,document object model and event handling,Which is the preferred testing nowadays for scripting?,Software testing,Feature testing,Blackbox testing,Whitebox testing,B,"In the past, the Navigator object was commonly used by scripts to determine if they were running in Internet Explorer or Netscape. This “browser-sniffing” approach is problematic because it requires constant tweaking as new browsers and new versions of existing browsers are introduced. Today, feature testing is preferred: rather than making assumptions about particular browser versions and their features, you simply test for the feature (i.e., the method or property) you need.",medium,web:Examveda.com https://www.examveda.com/javascript/practice-mcq-question-on-document-object-model-and-event-handling/?page=3,
Web Technologies & Internet / PHP,document object model and event handling,Which of the below properties can be used for browser sniffing?,platform,appVersion,both platform and appVersion,none of the mentioned,C,The platform and appVersion can be used for browser sniffing.,medium,web:Examveda.com https://www.examveda.com/javascript/practice-mcq-question-on-document-object-model-and-event-handling/?page=3,
Web Technologies & Internet / PHP,document object model and event handling,Where is the information of the userAgent property located?,appId,appName,platform,appVersion,D,"The string that the browser sends in its USER-AGENT HTTP header. This property typically contains all the information in appVersion and may contain additional details as well. Like appVersion, there is no standard format. Since this property contains the most information, browser-sniffing code typically uses it. 

 
 
 
 



 
 
 
 
 
 
 
 
 
 
 
 
 
1
2
3
4
5
6
7
8
9
10

 
 
 
 
 
 
 
 
 Read More Section(Document Object Model and Event Handling)
 Each Section contains maximum 100 MCQs question on Document Object Model and Event Handling. To get more questions visit other sections.
 
 Document Object Model and Event Handling - Section 2
 
 


 
 
 
 

 
 

 -->
 
 
 


 

-->
 
 
 Copyright © 2026 Examveda.com
 
 
 
 
 
 
 
 
 
 About Us |
 Terms & Condition |
 Privacy Policy |
 Contact Us",medium,web:Examveda.com https://www.examveda.com/javascript/practice-mcq-question-on-document-object-model-and-event-handling/?page=3,
Web Technologies & Internet / PHP,document object model and event handling,Each tab in the single web browser window is called as,Browser Information,Browsing context,Both Browser Information & Browsing context,None of the mentioned,B,A single web browser window on your desktop may contain several tabs. Each tab is an independent browsing context.,medium,web:Examveda.com https://www.examveda.com/javascript/practice-mcq-question-on-document-object-model-and-event-handling/?page=4,
Web Technologies & Internet / PHP,document object model and event handling,Nested documents in the HTML can be done using,frame,nest,iframe,into,C,HTML documents may contain nested documents using an iframe element. An iframe creates a nested browsing context represented by a Window object of its own.,medium,web:Examveda.com https://www.examveda.com/javascript/practice-mcq-question-on-document-object-model-and-event-handling/?page=4,
Web Technologies & Internet / PHP,document object model and event handling,"What is the distinction made by the Client-side JavaScript between windows, tabs, iframes, and frames ?",They are all browsing contexts,They are all browsing informations,They are all Window contexts,They are all Window objects,A,"Client-side JavaScript makes very little distinction between windows, tabs, iframes, and frames: they are all browsing contexts, and to JavaScript, they are all Window objects.",medium,web:Examveda.com https://www.examveda.com/javascript/practice-mcq-question-on-document-object-model-and-event-handling/?page=4,
Web Technologies & Internet / PHP,document object model and event handling,"What is the distinction made by JavaScript between windows, tabs, iframes, and frames ?",They are all browsing contexts,They are all browsing informations,They are all Window contexts,They are all Window objects,D,"Client-side JavaScript makes very little distinction between windows, tabs, iframes, and frames: they are all browsing contexts, and to JavaScript, they are all Window objects.",medium,web:Examveda.com https://www.examveda.com/javascript/practice-mcq-question-on-document-object-model-and-event-handling/?page=4,
Web Technologies & Internet / PHP,document object model and event handling,A new web browser window can be opened using which method of the Window object ?,createtab(),Window.open(),open(),all of the mentioned,B,You can open a new web browser window with the open() method of the Window object. Window.open() loads a specified URL into a new or existing window and returns the Window object that represents that window.,medium,web:Examveda.com https://www.examveda.com/javascript/practice-mcq-question-on-document-object-model-and-event-handling/?page=4,
Web Technologies & Internet / PHP,document object model and event handling,What will happen if the first argument of open() is omitted?,Error Page,Remains in the same page,about:blank,None of the mentioned,B,"When the first argument of the open() is omitted, the about:blank is opened.",medium,web:Examveda.com https://www.examveda.com/javascript/practice-mcq-question-on-document-object-model-and-event-handling/?page=4,
Web Technologies & Internet / PHP,document object model and event handling,Which object serves as the global object at the top of the scope chain?,Hash,Property,Element,Window,D,The Window object serves as the global object at the top of the scope chain in client-side JavaScript.,medium,web:Examveda.com https://www.examveda.com/javascript/practice-mcq-question-on-document-object-model-and-event-handling/?page=4,
Web Technologies & Internet / PHP,document object model and event handling,Which is the property of a Window object that holids the name of the frame?,name,title,description,none of the mentioned,A,"The name property of a Window object holds the name of the frame, if it has one. This property is writable, and scripts can set it as desired.",medium,web:Examveda.com https://www.examveda.com/javascript/practice-mcq-question-on-document-object-model-and-event-handling/?page=4,
Web Technologies & Internet / PHP,document object model and event handling,When will the fourth argument to open() useful?,When the second argument names a retired window,When the first argument names an existing window,When the second argument names an existing window,When the first argument names a retired window,C,The fourth argument to open() is useful only when the second argument names an existing window. This fourth argument is a boolean value that indicates whether the URL specified as the first argument should replace the current entry in the window’s browsing history (true) or create a new entry in the window’s browsing history (false). Omitting this argument is the same as passing false.,medium,web:Examveda.com https://www.examveda.com/javascript/practice-mcq-question-on-document-object-model-and-event-handling/?page=4,
Web Technologies & Internet / PHP,document object model and event handling,The inner frame within a top-level window can be referred as,parent(parent),parent.parent,parent*parent,none of the mentioned,B,"If a frame is contained within another frame that is contained within a top-level window, that frame can refer to the top-level window as parent.parent. 

 
 
 
 



 
 
 
 
 
 
 
 
 
 
 
 
 
1
2
3
4
5
6
7
8
9
10

 
 
 
 
 
 
 
 
 Read More Section(Document Object Model and Event Handling)
 Each Section contains maximum 100 MCQs question on Document Object Model and Event Handling. To get more questions visit other sections.
 
 Document Object Model and Event Handling - Section 2
 
 


 
 
 
 

 
 

 -->
 
 
 


 

-->
 
 
 Copyright © 2026 Examveda.com
 
 
 
 
 
 
 
 
 
 About Us |
 Terms & Condition |
 Privacy Policy |
 Contact Us",medium,web:Examveda.com https://www.examveda.com/javascript/practice-mcq-question-on-document-object-model-and-event-handling/?page=4,
Web Technologies & Internet / PHP,document object model and event handling,The central object in a larger API is known as,Document Object Material,Document Object Model,Binary Object Model,None of the mentioned,B,"The Document object does not stand alone, however. It is the central object in a larger API, known as the Document Object Model, or DOM, for representing and manipulating document content.",medium,web:Examveda.com https://www.examveda.com/javascript/practice-mcq-question-on-document-object-model-and-event-handling/?page=5,
Web Technologies & Internet / PHP,document object model and event handling,The paragraph “p” is a part of,h1,body,html,Both body and html,D,The paragraph tag belongs to both html and body tags.,medium,web:Examveda.com https://www.examveda.com/javascript/practice-mcq-question-on-document-object-model-and-event-handling/?page=5,
Web Technologies & Internet / PHP,document object model and event handling,The node directly above a node is called,sibling,child,parent,ancestors,C,The node directly above a node is the parent of that node.,medium,web:Examveda.com https://www.examveda.com/javascript/practice-mcq-question-on-document-object-model-and-event-handling/?page=5,
Web Technologies & Internet / PHP,document object model and event handling,The Text and Comment is part of,CharacterData,Document,Attr,Element,A,The Text and Comment is part of the CharacterData Element.,medium,web:Examveda.com https://www.examveda.com/javascript/practice-mcq-question-on-document-object-model-and-event-handling/?page=5,
Web Technologies & Internet / PHP,document object model and event handling,The nodes that represent HTML elements are the,Subclass nodes,HTML nodes,Window nodes,Element nodes,D,The nodes that represent HTML elements are Element nodes.,medium,web:Examveda.com https://www.examveda.com/javascript/practice-mcq-question-on-document-object-model-and-event-handling/?page=5,
Web Technologies & Internet / PHP,document object model and event handling,Which of the following is/are of Text nodes?,Text,Comment,Both Text and Comment,None of the mentioned,C,"Both Text and Comment are basically strings of text, and these nodes are much like the Text nodes that represent the displaying text of a document.",medium,web:Examveda.com https://www.examveda.com/javascript/practice-mcq-question-on-document-object-model-and-event-handling/?page=5,
Web Technologies & Internet / PHP,document object model and event handling,Which is one of way to query a document for an element or elements?,With a specified id attribute,Matching the specified CSS selector,With the specified tag name,All of the mentioned,D,"he DOM defines a number of ways to select elements; you can query a document for an element or elements: 
1. with a specified id attribute; 
2. with a specified name attribute; 
3. with the specified tag name; 
4. with the specified CSS class or classes; or 
5. matching the specified CSS selector",medium,web:Examveda.com https://www.examveda.com/javascript/practice-mcq-question-on-document-object-model-and-event-handling/?page=5,
Web Technologies & Internet / PHP,document object model and event handling,Which of the following can be used to select HTML elements based on the value of their name attributes?,getElementByName(),getElementsByName(),getElementsName(),getElementName(),B,"To select HTML elements based on the value of their name attributes, you can use the getElementsByName() method of the Document object:
var radiobuttons = document.getElementsByName(""favorite_color"");",medium,web:Examveda.com https://www.examveda.com/javascript/practice-mcq-question-on-document-object-model-and-event-handling/?page=5,
Web Technologies & Internet / PHP,document object model and event handling,Which of the following property refers to the root element of the document?,documentElement,elementdocument,rootdocument,none of the mentioned,A,The documentElement property of the Document class refers to the root element of the document. This is always an HTML element.,medium,web:Examveda.com https://www.examveda.com/javascript/practice-mcq-question-on-document-object-model-and-event-handling/?page=5,
Web Technologies & Internet / PHP,document object model and event handling,The return type of getElementsByClassName() is,DOM,Document,Node,NodeList,D,"Like getElementsByTagName(), getElementsByClassName() can be invoked on both HTML documents and HTML elements, and it returns a live NodeList containing all matching descendants of the document or element. 

 
 
 
 



 
 
 
 
 
 
 
 
 
 
 
 
 
1
2
3
4
5
6
7
8
9
10

 
 
 
 
 
 
 
 
 Read More Section(Document Object Model and Event Handling)
 Each Section contains maximum 100 MCQs question on Document Object Model and Event Handling. To get more questions visit other sections.
 
 Document Object Model and Event Handling - Section 2
 
 


 
 
 
 

 
 

 -->
 
 
 


 

-->
 
 
 Copyright © 2026 Examveda.com
 
 
 
 
 
 
 
 
 
 About Us |
 Terms & Condition |
 Privacy Policy |
 Contact Us",medium,web:Examveda.com https://www.examveda.com/javascript/practice-mcq-question-on-document-object-model-and-event-handling/?page=5,
Web Technologies & Internet / PHP,document object model and event handling,Which syntax is used to describe elements in CSS?,Protectors,Selectors,Both Protectors and Selectors,None of the mentioned,B,"CSS stylesheets have a very powerful syntax, known as selectors, for describing elements or sets of elements within a document.",medium,web:Examveda.com https://www.examveda.com/javascript/practice-mcq-question-on-document-object-model-and-event-handling/?page=6,
Web Technologies & Internet / PHP,document object model and event handling,"What does the following code snippet mean?
#log>span",Span child after log declaration,Specific span child of id greater than log,Span child less than log,Any span child of the element with id as log,D,The above code snippet means that any span child of the element with id=”log”.,medium,web:Examveda.com https://www.examveda.com/javascript/practice-mcq-question-on-document-object-model-and-event-handling/?page=6,
Web Technologies & Internet / PHP,document object model and event handling,Which of the following is the ultiate element selection method?,querySelectorAll(),querySelector(),queryAll(),query(),A,querySelectorAll() is the ultimate element selection method: it is a very powerful technique by which client-side JavaScript programs can select the document elements that they are going to manipulate.,medium,web:Examveda.com https://www.examveda.com/javascript/practice-mcq-question-on-document-object-model-and-event-handling/?page=6,
Web Technologies & Internet / PHP,document object model and event handling,Which of the following is the Web application equivalent to querySelectorAll()?,#(),&(),$(),None of the mentioned,C,"Web applications based on jQuery use a portable, cross-browser equivalent to querySelectorAll() named $().",medium,web:Examveda.com https://www.examveda.com/javascript/practice-mcq-question-on-document-object-model-and-event-handling/?page=6,
Web Technologies & Internet / PHP,document object model and event handling,The C in CSS stands for,Continuous,Cascaded,Contentional,Cascading,D,The C in CSS stands for “cascading”. This term indicates that the style rules that apply to any given element in a document can come from a “cascade” of different sources.,medium,web:Examveda.com https://www.examveda.com/javascript/practice-mcq-question-on-document-object-model-and-event-handling/?page=6,
Web Technologies & Internet / PHP,document object model and event handling,The latest version of CSS is,CSS1,CSS2,CSS3,CSS4,C,The latest version of CSS is CSS3.,medium,web:Examveda.com https://www.examveda.com/javascript/practice-mcq-question-on-document-object-model-and-event-handling/?page=6,
Web Technologies & Internet / PHP,document object model and event handling,Which of the following is an example of a Shortcut Property?,border,font,text,all of the mentioned,D,"All of the above mentioned properties are shortcut properties. For example, the font-family, font-size, font-style, and font-weight properties can all be set at once using a single font property with a compound value:
font: bold italic 24pt helvetica;",medium,web:Examveda.com https://www.examveda.com/javascript/practice-mcq-question-on-document-object-model-and-event-handling/?page=6,
Web Technologies & Internet / PHP,document object model and event handling,Which of the following is the default positioning elements with CSS?,relative,static,absolute,none of the mentioned,B,"static is the default value and specifies that the element is positioned according to the normal flow of document content (for most Western languages, this is left to right and top to bottom).",medium,web:Examveda.com https://www.examveda.com/javascript/practice-mcq-question-on-document-object-model-and-event-handling/?page=6,
Web Technologies & Internet / PHP,document object model and event handling,Which property lays the element according to the normal flow?,relative,absolute,fixed,static,A,"When the position property is set to relative, an element is laid out according to the normal flow, and its position is then adjusted relative to its position in the normal flow.",medium,web:Examveda.com https://www.examveda.com/javascript/practice-mcq-question-on-document-object-model-and-event-handling/?page=6,
Web Technologies & Internet / PHP,document object model and event handling,Which of the following property allows you to specify an element’s position with respect to the browser window?,relative,fixed,static,absolute,B,"The fixed value allows you to specify an element’s position with respect to the browser window. Elements with fixed positioning are always visible and do not scroll with the rest of the document. Like absolutely positioned elements, fixed-position elements are independent of all others and are not part of the document flow. 

 
 
 
 



 
 
 
 
 
 
 
 
 
 
 
 
 
1
2
3
4
5
6
7
8
9
10

 
 
 
 
 
 
 
 
 Read More Section(Document Object Model and Event Handling)
 Each Section contains maximum 100 MCQs question on Document Object Model and Event Handling. To get more questions visit other sections.
 
 Document Object Model and Event Handling - Section 2
 
 


 
 
 
 

 
 

 -->
 
 
 


 

-->
 
 
 Copyright © 2026 Examveda.com
 
 
 
 
 
 
 
 
 
 About Us |
 Terms & Condition |
 Privacy Policy |
 Contact Us",medium,web:Examveda.com https://www.examveda.com/javascript/practice-mcq-question-on-document-object-model-and-event-handling/?page=6,
Web Technologies & Internet / PHP,document object model and event handling,The type that specifies what kind of event occured is,event type,even target,both event type and even target,none of the mentioned,A,"The event type is a string that specifies what kind of event occurred) The type “mousemove”, for example, means that the user moved the mouse.",medium,web:Examveda.com https://www.examveda.com/javascript/practice-mcq-question-on-document-object-model-and-event-handling/?page=7,
Web Technologies & Internet / PHP,document object model and event handling,Which is the object on which the event occured or with which the event is associated?,event type,event target,both event type and even target,none of the mentioned,B,"The event target is the object on which the event occurred or with which the event is associated. When we speak of an event, we must specify both the type and the target.",medium,web:Examveda.com https://www.examveda.com/javascript/practice-mcq-question-on-document-object-model-and-event-handling/?page=7,
Web Technologies & Internet / PHP,document object model and event handling,"In general, event handler is nothing but",function,interface,event,handler,A,"An event handler is in general, a function that handles or responds to an event.",medium,web:Examveda.com https://www.examveda.com/javascript/practice-mcq-question-on-document-object-model-and-event-handling/?page=7,
Web Technologies & Internet / PHP,document object model and event handling,When will the browser invoke the handler?,Program begins,Any event occurs,Specified event occurs,None of the mentioned,C,"When an event of the specified type occurs on the specified target, the browser invokes the handler.",medium,web:Examveda.com https://www.examveda.com/javascript/practice-mcq-question-on-document-object-model-and-event-handling/?page=7,
Web Technologies & Internet / PHP,document object model and event handling,Which property specifies the property of the event?,Type,Target,Manner,All of the mentioned,A,All event objects have a type property that specifies the event type.,medium,web:Examveda.com https://www.examveda.com/javascript/practice-mcq-question-on-document-object-model-and-event-handling/?page=7,
Web Technologies & Internet / PHP,document object model and event handling,The process by which the browser decides which objects to trigger event handlers on is,Event Triggering,Event Listening,Event Handling,Event propogation,D,Event propagation is the process by which the browser decides which objects to trigger event handlers on.,medium,web:Examveda.com https://www.examveda.com/javascript/practice-mcq-question-on-document-object-model-and-event-handling/?page=7,
Web Technologies & Internet / PHP,document object model and event handling,Which form of event propogation handles the registered container elements?,Event Propogation,Event Registration,Event Capturing,Default Actions,C,"Another form of event propogation, known as event capturing, handlers specially registered on container elements have the opportunity to intercept ( or “capture” ) events before they are delivered to their actual target.",medium,web:Examveda.com https://www.examveda.com/javascript/practice-mcq-question-on-document-object-model-and-event-handling/?page=7,
Web Technologies & Internet / PHP,document object model and event handling,The events that are directly tied to a specific input device are,Device-independent input events,Device-dependent input events,User interface events,State change events,B,"These are events that are directly tied to a specific input device, such as the mouse or keyboard) They include legacy event types such as “mousedown”, “mousemove”, “mouseup”, “keydown”, “keypress”, and “keyup” and also new touch specific events like “touchmove” and “gesturechange”.",medium,web:Examveda.com https://www.examveda.com/javascript/practice-mcq-question-on-document-object-model-and-event-handling/?page=7,
Web Technologies & Internet / PHP,document object model and event handling,The high-level events among the following events are,User interface events,Device-independent events,Device-dependent events,All of the mentioned,A,"UI events are higher-level events, often on HTML form elements that define a user interface for a web application. They include the focus event (when a text input field gains keyboard focus), the change event when the user changes the value displayed by a form element, and the submit event when the user clicks a Submit button in a form.",medium,web:Examveda.com https://www.examveda.com/javascript/practice-mcq-question-on-document-object-model-and-event-handling/?page=7,
Web Technologies & Internet / PHP,document object model and event handling,The events that are not directly tied to a specific input device are,User interface events,Device-independent events,Device-dependent events,All of the mentioned,B,"These are input events that are not directly tied to a specific input device. The click event, for example, indicates that a link or button (or other document element) has been activated) This is often done via a mouse click, but it could also be done by keyboard or (on touch-sensitive devices) by gesture. 

 
 
 
 



 
 
 
 
 
 
 
 
 
 
 
 
 
1
2
3
4
5
6
7
8
9
10

 
 
 
 
 
 
 
 
 Read More Section(Document Object Model and Event Handling)
 Each Section contains maximum 100 MCQs question on Document Object Model and Event Handling. To get more questions visit other sections.
 
 Document Object Model and Event Handling - Section 2
 
 


 
 
 
 

 
 

 -->
 
 
 


 

-->
 
 
 Copyright © 2026 Examveda.com
 
 
 
 
 
 
 
 
 
 About Us |
 Terms & Condition |
 Privacy Policy |
 Contact Us",medium,web:Examveda.com https://www.examveda.com/javascript/practice-mcq-question-on-document-object-model-and-event-handling/?page=7,
Web Technologies & Internet / PHP,document object model and event handling,The events that are not triggered directly by user activity are called,Device-independent input events,Device-dependent input events,User interface events,State change events,D,"Some events are not triggered directly by user activity, but by network or browser activity, and indicate some kind of lifecycle or state-related change. The load event, fired on the Window object when the document is fully loaded, is probably the most commonly used of these events.",medium,web:Examveda.com https://www.examveda.com/javascript/practice-mcq-question-on-document-object-model-and-event-handling/?page=8,
Web Technologies & Internet / PHP,document object model and event handling,The video and the audio belong to the,Timers and error handlers,API-Specific events,State change events,User interface events,B,"The HTML5 video and audio elements define a long list of associated event types such as “waiting”, “playing”, “seeking”, “volumechange”, and so on. These events are usually only of interest to web apps that want to define custom controls for video or audio playback.",medium,web:Examveda.com https://www.examveda.com/javascript/practice-mcq-question-on-document-object-model-and-event-handling/?page=8,
Web Technologies & Internet / PHP,document object model and event handling,The client-side JavaScript’s asynchronous programming model contains,Timers and error handlers,User interface events,State change events,API-specific events,A,Timers and error handlers are part of client-side JavaScript’s asynchronous programming model and are similar to events.,medium,web:Examveda.com https://www.examveda.com/javascript/practice-mcq-question-on-document-object-model-and-event-handling/?page=8,
Web Technologies & Internet / PHP,document object model and event handling,Which are the events that have default actions that can be canceled by event handlers?,Submit and form-related events,Reset and form-related events,Submit and reset events,None of the mentioned,C,"The submit and reset events have default actions that can be canceled by event handlers, and some click events do, too. The focus and blur events do not bubble, but all the other form events do.",medium,web:Examveda.com https://www.examveda.com/javascript/practice-mcq-question-on-document-object-model-and-event-handling/?page=8,
Web Technologies & Internet / PHP,document object model and event handling,The events that represents occurrences related to the browser window are,Window,Element,Display,Handlers,A,"Window events represent occurrences related to the browser window itself, rather than any specific document content displayed inside the window.",medium,web:Examveda.com https://www.examveda.com/javascript/practice-mcq-question-on-document-object-model-and-event-handling/?page=8,
Web Technologies & Internet / PHP,document object model and event handling,Which event is fired when a document and all of its external resources are fully loaded and displayed to the user?,Window,Load,Element,Handler,B,The load event is the most important of these events: it is fired when a document and all of its external resources (such as images) are fully loaded and displayed to the user.,medium,web:Examveda.com https://www.examveda.com/javascript/practice-mcq-question-on-document-object-model-and-event-handling/?page=8,
Web Technologies & Internet / PHP,document object model and event handling,Which is the alternative to the load event?,readychange,changestate,readystatechange,contentloader,C,"DOMContentLoaded and readystatechange are alternatives to the load event: they are triggered sooner, when the document and its elements are ready to manipulate, but before external resources are fully loaded.",medium,web:Examveda.com https://www.examveda.com/javascript/practice-mcq-question-on-document-object-model-and-event-handling/?page=8,
Web Technologies & Internet / PHP,document object model and event handling,Which is the opposite to the load event in JavaScript?,dontload,postload,preload,unload,D,"The unload event is the opposite of load: it is triggered when the user is navigating away from a document. An unload event handler might be used to save the user’s state, but it cannot be used to cancel navigation.",medium,web:Examveda.com https://www.examveda.com/javascript/practice-mcq-question-on-document-object-model-and-event-handling/?page=8,
Web Technologies & Internet / PHP,document object model and event handling,Which is the property that is triggered in response to JavaScript errors?,onexception,onmessage,onerror,none of the mentioned,C,"The onerror property of the Window object is something like an event handler, and it is triggered in response to JavaScript errors. It isn’t a true event handler, however, because it is invoked with different arguments.",medium,web:Examveda.com https://www.examveda.com/javascript/practice-mcq-question-on-document-object-model-and-event-handling/?page=8,
Web Technologies & Internet / PHP,document object model and event handling,Which event can be fired on any scrollable document element?,Window,Scroll,Load,Unload,B,"Scroll events can also be fired on any scrollable document element, such as those with the CSS overflow property set. 

 
 
 
 



 
 
 
 
 
 
 
 
 
 
 
 
 
1
2
3
4
5
6
7
8
9
10

 
 
 
 
 
 
 
 
 Read More Section(Document Object Model and Event Handling)
 Each Section contains maximum 100 MCQs question on Document Object Model and Event Handling. To get more questions visit other sections.
 
 Document Object Model and Event Handling - Section 2
 
 


 
 
 
 

 
 

 -->
 
 
 


 

-->
 
 
 Copyright © 2026 Examveda.com
 
 
 
 
 
 
 
 
 
 About Us |
 Terms & Condition |
 Privacy Policy |
 Contact Us",medium,web:Examveda.com https://www.examveda.com/javascript/practice-mcq-question-on-document-object-model-and-event-handling/?page=8,
Web Technologies & Internet / PHP,document object model and event handling,When are the mouse events generated?,When user clicks the mouse over a document,When user moves over a document,All of the mentioned,None of the mentioned,A,"Mouse events are generated when the user moves or clicks the mouse over a document. These events are triggered on the most deeply nested element that the mouse pointer is over, but they bubble up through the document.",medium,web:Examveda.com https://www.examveda.com/javascript/practice-mcq-question-on-document-object-model-and-event-handling/?page=9,
Web Technologies & Internet / PHP,document object model and event handling,The properties that specify the position and button state of the mouse are,clientX and clientY,clientY and clientX,altKey and ctrlKey,metaKey and shiftKey,A,The clientX and clientY properties specify the position of the mouse in window coordinates.,medium,web:Examveda.com https://www.examveda.com/javascript/practice-mcq-question-on-document-object-model-and-event-handling/?page=9,
Web Technologies & Internet / PHP,document object model and event handling,Which of the following keys are set to true when the keyboard modifier keys are held down?,altKey,ctrlKey,metaKey,all of the mentioned,D,"The altKey, ctrlKey, metaKey, and shiftKey properties are set to true when the corresponding keyboard modifier keys are held down.",medium,web:Examveda.com https://www.examveda.com/javascript/practice-mcq-question-on-document-object-model-and-event-handling/?page=9,
Web Technologies & Internet / PHP,document object model and event handling,How to detect and respond to mouse drags?,Registering a mouseover handler,Releasing a mousedown handler,Registering a mousedown handler,None of the mentioned,C,"By registering a mousedown handler that registers a mousemove handler, you can detect and respond to mouse drags. Doing this properly involves being able to capture mouse events so that you continue to receive mousemove events even when the mouse has moved out of the element it started in.",medium,web:Examveda.com https://www.examveda.com/javascript/practice-mcq-question-on-document-object-model-and-event-handling/?page=9,
Web Technologies & Internet / PHP,document object model and event handling,When is the mouseover event fired?,When mouse is moved over a new element,When mouse is clicked,When mouse is both moved and clicked,None of the mentioned,A,"When the user moves the mouse so that it goes over a new element, the browser fires a mouseover event on that element.",medium,web:Examveda.com https://www.examveda.com/javascript/practice-mcq-question-on-document-object-model-and-event-handling/?page=9,
Web Technologies & Internet / PHP,document object model and event handling,When is the mouseout event fired?,When mouse is no longer over an element,When mouse is over an element,When mouse is hovered,None of the mentioned,A,"When the mouse moves so that it is no longer over an element, the browser fires a mouseout event on that element.",medium,web:Examveda.com https://www.examveda.com/javascript/practice-mcq-question-on-document-object-model-and-event-handling/?page=9,
Web Technologies & Internet / PHP,document object model and event handling,The focus and blur events are also part of,Element events,Handler events,Window events,Scroll events,C,The focus and blur events are also used as Window events: they are triggered on a window when that browser window receives or loses keyboard focus from the operating system.,medium,web:Examveda.com https://www.examveda.com/javascript/practice-mcq-question-on-document-object-model-and-event-handling/?page=9,
Web Technologies & Internet / PHP,document object model and event handling,The element that can also register handlers for load and error events is,html,img,body,form,B,"Individual document elements, such as img elements, can also register handlers for load and error events.",medium,web:Examveda.com https://www.examveda.com/javascript/practice-mcq-question-on-document-object-model-and-event-handling/?page=9,
Web Technologies & Internet / PHP,document object model and event handling,The events that is emulated by the jQuery library are,focusarea and focusover,focusall and focusnone,focusdown and focusup,focusin and focusout,B,The jQuery library emulates focusin and focusout events for browsers that do not support them.,medium,web:Examveda.com https://www.examveda.com/javascript/practice-mcq-question-on-document-object-model-and-event-handling/?page=9,
Web Technologies & Internet / PHP,document object model and event handling,Which event is triggered sooner when the document and its elements are ready to manipulate?,DOMContentLoaded,readystatechange,Both DOMContentLoaded & readystatechange,None of the mentioned,C,"DOMContentLoaded and readystatechange are alternatives to the load event: they are triggered sooner, when the document and its elements are ready to manipulate, but before external resources are fully loaded. 

 
 
 
 



 
 
 
 
 
 
 
 
 
 
 
 
 
1
2
3
4
5
6
7
8
9
10

 
 
 
 
 
 
 
 
 Read More Section(Document Object Model and Event Handling)
 Each Section contains maximum 100 MCQs question on Document Object Model and Event Handling. To get more questions visit other sections.
 
 Document Object Model and Event Handling - Section 2
 
 


 
 
 
 

 
 

 -->
 
 
 


 

-->
 
 
 Copyright © 2026 Examveda.com
 
 
 
 
 
 
 
 
 
 About Us |
 Terms & Condition |
 Privacy Policy |
 Contact Us",medium,web:Examveda.com https://www.examveda.com/javascript/practice-mcq-question-on-document-object-model-and-event-handling/?page=9,
Web Technologies & Internet / PHP,document object model and event handling,DOM Level 3 Events standardizes which of the following events?,focusarea and focusover,focusall and focusnone,focusdown and focusup,focusin and focusout,D,The DOM Level 3 Events specification standardizes the focusin and focusout events as bubbling alternatives to the focus and blur events.,medium,web:Examveda.com https://www.examveda.com/javascript/practice-mcq-question-on-document-object-model-and-event-handling/?page=10,
Web Technologies & Internet / PHP,document object model and event handling,Which of the following are the unnecessary events currently?,DOMActivate,DOMFocusIn,DOMNodeInserted,All of the mentioned,D,"Browsers are still allowed to generate events like DOMActivate, DOMFocusIn, and DOMNodeInserted, but these are no longer required.",medium,web:Examveda.com https://www.examveda.com/javascript/practice-mcq-question-on-document-object-model-and-event-handling/?page=10,
Web Technologies & Internet / PHP,document object model and event handling,"Which object is passed as the argument to handlers for keydown, keyup, and keypress events?",KeyboardEvent,Key Event,Mouse Event,Alphabet Event,A,"What is new in the DOM Level 3 Events specification is standardized support for twodimensional mouse wheels via the wheel event and better support for text input events with a textinput event and with a new KeyboardEvent object that is passed as the argument to handlers for keydown, keyup, and keypress events.",medium,web:Examveda.com https://www.examveda.com/javascript/practice-mcq-question-on-document-object-model-and-event-handling/?page=10,
Web Technologies & Internet / PHP,document object model and event handling,Which property reports rotation around three different mouse wheel axes?,ctrlKey,alterX,alterY,deltaX,D,"A handler for a wheel event receives an event object with all the usual mouse event properties, and also deltaX, deltaY, and deltaZ properties that report rotation around three different mouse wheel axes.",medium,web:Examveda.com https://www.examveda.com/javascript/practice-mcq-question-on-document-object-model-and-event-handling/?page=10,
Web Technologies & Internet / PHP,document object model and event handling,Which of the following property specifies the string of text that was entered?,message,data,string,text,B,A textinput event handler has a data property that specifies the string of text that was entered.,medium,web:Examveda.com https://www.examveda.com/javascript/practice-mcq-question-on-document-object-model-and-event-handling/?page=10,
Web Technologies & Internet / PHP,document object model and event handling,Which of the following is defined by the specification?,dataMethod,input,inputMethod,inputdataMethod,C,"The specification defines an inputMethod property on the event object and a set of constants representing different kinds of text input (keyboard, paste or drop, handwriting or voice recognition, and so on).",medium,web:Examveda.com https://www.examveda.com/javascript/practice-mcq-question-on-document-object-model-and-event-handling/?page=10,
Web Technologies & Internet / PHP,document object model and event handling,Which two events will have the generated text for key events?,key and char,char and text,text and key,key and value,A,"For key events that generate printable characters, key and char will be equal to the generated text.",medium,web:Examveda.com https://www.examveda.com/javascript/practice-mcq-question-on-document-object-model-and-event-handling/?page=10,
Web Technologies & Internet / PHP,document object model and event handling,Which of the following are the drag and drop events?,drop,dragstart,both drop and dragstart,none of the mentioned,C,"The API defines the following seven event types : 
1. dragstart 
2. drag 
3. dragend 
4. dragenter 
5. dragover 
6. dragleave 
7. drop",medium,web:Examveda.com https://www.examveda.com/javascript/practice-mcq-question-on-document-object-model-and-event-handling/?page=10,
Web Technologies & Internet / PHP,document object model and event handling,Which property holds a DataTransfer object that contains information about the data being transferred and the formats in whichh it is available?,dataTransfer,transferData,dataExchange,exchangeData,A,"The property, dataTransfer, holds a DataTransfer object that contains information about the data being transferred and the formats in which it is available.",medium,web:Examveda.com https://www.examveda.com/javascript/practice-mcq-question-on-document-object-model-and-event-handling/?page=10,
Web Technologies & Internet / PHP,document object model and event handling,Which API allows scripts in a document from one server to exchange messages with scripts?,Cross-Document Messaging API,Web application API,Both Cross-Document Messaging API & Web application API,None of the mentioned,A,"The Cross-Document Messaging API allows scripts in a document from one server to exchange messages with scripts in a document from another server. This works around the limitations of the same-origin policy in a secure way. Each message that is sent triggers a message event on the Window of the receiving document. 

 
 
 
 



 
 
 
 
 
 
 
 
 
 
 
 
 
1
2
3
4
5
6
7
8
9
10
 
 
 
 
 
 
 
 
 Read More Section(Document Object Model and Event Handling)
 Each Section contains maximum 100 MCQs question on Document Object Model and Event Handling. To get more questions visit other sections.
 
 Document Object Model and Event Handling - Section 2
 
 


 
 
 
 

 
 

 -->
 
 
 


 

-->
 
 
 Copyright © 2026 Examveda.com
 
 
 
 
 
 
 
 
 
 About Us |
 Terms & Condition |
 Privacy Policy |
 Contact Us",medium,web:Examveda.com https://www.examveda.com/javascript/practice-mcq-question-on-document-object-model-and-event-handling/?page=10,
Web Technologies & Internet / PHP,graphics and rendering,What is the advantage of the code produced graphics being smaller than the images themselves?,Bandwidth saving,Increase in bandwidth,Dynamic advantages,None of the mentioned,A,"The code used to produce graphics on the client side is typically much smaller than the images themselves, creating a substantial bandwidth savings.",medium,web:Examveda.com https://www.examveda.com/javascript/practice-mcq-question-on-graphics-and-rendering/,
Web Technologies & Internet / PHP,graphics and rendering,Which HTML element is used to include images?,image,img,src,sourceimg,B,Web pages include images using the HTML img element.,medium,web:Examveda.com https://www.examveda.com/javascript/practice-mcq-question-on-graphics-and-rendering/,
Web Technologies & Internet / PHP,graphics and rendering,What is the purpose of image replacement?,To replace an image,To implement special effects,Removal of image rollovers,Implementation of image rollovers,D,"One common use for image replacement is to implement image rollovers, in which an image changes when the mouse pointer moves over it.",medium,web:Examveda.com https://www.examveda.com/javascript/practice-mcq-question-on-graphics-and-rendering/,
Web Technologies & Internet / PHP,graphics and rendering,When is JavaScript called obtrusive?,JavaScript code is medium sized,JavaScript code is so small,JavaScript code is so large,All of the mentioned,C,"When the amount of JavaScript code is so large that it effectively obscures the HTML, we call JavaScript as obtrusive.",medium,web:Examveda.com https://www.examveda.com/javascript/practice-mcq-question-on-graphics-and-rendering/,
Web Technologies & Internet / PHP,graphics and rendering,Which is a possible way of finding all the img elements in the document?,document(images),document.images[],document(img),all of the mentioned,B,The best suited option is document.image[] to find all img elements in the document.,medium,web:Examveda.com https://www.examveda.com/javascript/practice-mcq-question-on-graphics-and-rendering/,
Web Technologies & Internet / PHP,graphics and rendering,Which of the following elements are used to include audio?,audio,video,svg,all of the mentioned,A,The audio tag is used to include audio in the HTML document.,medium,web:Examveda.com https://www.examveda.com/javascript/practice-mcq-question-on-graphics-and-rendering/,
Web Technologies & Internet / PHP,graphics and rendering,Which of the following attributes are common to both audio and video?,enter,control,controls,all of the mentioned,C,Both audio and video support a controls attribute.,medium,web:Examveda.com https://www.examveda.com/javascript/practice-mcq-question-on-graphics-and-rendering/,
Web Technologies & Internet / PHP,graphics and rendering,Which of the following is not the property of the video tag?,width,height,breadth,none of the mentioned,C,The video tag does not contain a breadth property.,medium,web:Examveda.com https://www.examveda.com/javascript/practice-mcq-question-on-graphics-and-rendering/,
Web Technologies & Internet / PHP,graphics and rendering,Which of the following is the parameter used to invoke the Audio() constructor?,File type,Music type,Both File and Music,None of the mentioned,C,"The parameter type of the Audio() constructor is any file type that contains audio to be played. 

 
 
 
 



 
 
 
 
 
 
 
 
 
 
 
 
 1
2
3
4

 
 
 
 
 
 
 
 
 
 

 
 

 -->
 
 
 


 

-->
 
 
 Copyright © 2026 Examveda.com
 
 
 
 
 
 
 
 
 
 About Us |
 Terms & Condition |
 Privacy Policy |
 Contact Us",medium,web:Examveda.com https://www.examveda.com/javascript/practice-mcq-question-on-graphics-and-rendering/,
Web Technologies & Internet / PHP,graphics and rendering,What is the purpose of the canvas element?,Creates drawing surface,Exposes powerful drawing API to client-side JavaScript,Creates drawing surface & Exposes powerful drawing API to client-side JavaScript,None of the mentioned,C,The canvas element has no appearance of its own but creates a drawing surface within the document and exposes a powerful drawing API to client-side JavaScript.,medium,web:Examveda.com https://www.examveda.com/javascript/practice-mcq-question-on-graphics-and-rendering/?page=2,
Web Technologies & Internet / PHP,graphics and rendering,From which version of IE is canvas supported?,7,8,9,Not yet supported,C,"The canvas element is not supported by IE before IE9, but it can be reasonably well emulated in IE6, 7, and 8.",medium,web:Examveda.com https://www.examveda.com/javascript/practice-mcq-question-on-graphics-and-rendering/?page=2,
Web Technologies & Internet / PHP,graphics and rendering,Which method is used to obtain the “drawing context” object ?,getContext(),getObject(),get(),getDrawing(),A,"Most of the Canvas drawing API is defined not on the canvas element itself, but instead on a “drawing context” object obtained with the getContext() method of the canvas.",medium,web:Examveda.com https://www.examveda.com/javascript/practice-mcq-question-on-graphics-and-rendering/?page=2,
Web Technologies & Internet / PHP,graphics and rendering,What is the returning value of the getContext() method?,Drawing model,CanvasRenderingContext2D object,Context2D object,None of the mentioned,B,Call getContext() with the argument “2d” to obtain a CanvasRenderingContext2D object that you can use to draw two-dimensional graphics into the canvas. It is important to understand that the canvas element and its context object are two very different objects.,medium,web:Examveda.com https://www.examveda.com/javascript/practice-mcq-question-on-graphics-and-rendering/?page=2,
Web Technologies & Internet / PHP,graphics and rendering,How does SVG describe complex shapes?,Path of lines,Path of curves,Path of lines and curves,None of the mentioned,C,SVG describes complex shapes as a “path” of lines and curves that can be drawn or filled.,medium,web:Examveda.com https://www.examveda.com/javascript/practice-mcq-question-on-graphics-and-rendering/?page=2,
Web Technologies & Internet / PHP,graphics and rendering,Which is the method invoked to begin a path?,begin(),path(),createPath(),beginPath(),D,The beginPath() is used to begin a new path.,medium,web:Examveda.com https://www.examveda.com/javascript/practice-mcq-question-on-graphics-and-rendering/?page=2,
Web Technologies & Internet / PHP,graphics and rendering,Which is the method invoked to connect the last vertex back to the first?,closePath(),close(),connectlast(first),none of the mentioned,A,"The closePath() method connects the last vertex back to the first, thereby creating a path.",medium,web:Examveda.com https://www.examveda.com/javascript/practice-mcq-question-on-graphics-and-rendering/?page=2,
Web Technologies & Internet / PHP,graphics and rendering,Which of the following are not the properties of a canvas object?,fillStyle,strokeStyle,lineWidth,lineSize,D,There is no property called lineSize associated with the canvas object.,medium,web:Examveda.com https://www.examveda.com/javascript/practice-mcq-question-on-graphics-and-rendering/?page=2,
Web Technologies & Internet / PHP,graphics and rendering,Which of the following is a property used to check how crisp or fuzzy shadows are?,shadowColor,shadowBlur,strokeStyle,none of the mentioned,B,shadowBlur is used to check how crisp or fuzzy shadows are.,medium,web:Examveda.com https://www.examveda.com/javascript/practice-mcq-question-on-graphics-and-rendering/?page=2,
Web Technologies & Internet / PHP,graphics and rendering,How do you restore a saved coordinate system?,restore(),getback(),set(),none of the mentioned,A,"The saved coordinate system is restored by calling the method restore() associated with the canvas object. 

 
 
 
 



 
 
 
 
 
 
 
 
 
 
 
 
 
1
2
3
4

 
 
 
 
 
 
 
 
 
 

 
 

 -->
 
 
 


 

-->
 
 
 Copyright © 2026 Examveda.com
 
 
 
 
 
 
 
 
 
 About Us |
 Terms & Condition |
 Privacy Policy |
 Contact Us",medium,web:Examveda.com https://www.examveda.com/javascript/practice-mcq-question-on-graphics-and-rendering/?page=2,
Web Technologies & Internet / PHP,graphics and rendering,What is the purpose of a Rendering Engine?,Parsing objects in the page,Drawing all objects in the page,Both Parsing & Drawing all objects in the page,None of the mentioned,C,A Rendering Engine is generally used for parsing and drawing all of the objects in the page.,medium,web:Examveda.com https://www.examveda.com/javascript/practice-mcq-question-on-graphics-and-rendering/?page=3,
Web Technologies & Internet / PHP,graphics and rendering,What is the purpose of the JavaScript Engine?,Compiling the JavaScript,Interpreting the JavaScript,Both Compiling & Interpreting the JavaScript,None of the mentioned,B,The JavaScript Engine is generally used for interpreting the JavaScript.,medium,web:Examveda.com https://www.examveda.com/javascript/practice-mcq-question-on-graphics-and-rendering/?page=3,
Web Technologies & Internet / PHP,graphics and rendering,Which layer is used to handle the HTTP requests?,Network Layer,Transport Layer,Application Layer,Presentation Layer,A,The network layer is used to handle the HTTP requests.,medium,web:Examveda.com https://www.examveda.com/javascript/practice-mcq-question-on-graphics-and-rendering/?page=3,
Web Technologies & Internet / PHP,graphics and rendering,The User Interface is taken care by which layer?,Transport Layer,Network Layer,UI Layer,Presentation Layer,B,The UI Layer takes care of the User Interface.,medium,web:Examveda.com https://www.examveda.com/javascript/practice-mcq-question-on-graphics-and-rendering/?page=3,
Web Technologies & Internet / PHP,graphics and rendering,Which of the following browsers use Webkit?,Chrome,Internet Explorer,Safari,Both Chrome and Safari,D,"Webkit is what Chrome and Safari use, and is your target for most mobile web development since it is used as the layout or rendering engine for Android devices as well as mobile Safari for iOS devices and the Silk browser on Kindle Fires.",medium,web:Examveda.com https://www.examveda.com/javascript/practice-mcq-question-on-graphics-and-rendering/?page=3,
Web Technologies & Internet / PHP,graphics and rendering,Which of the following first developed Gecko?,Safari,Netscape,Opera,Internet Explorer,B,"Gecko was first developed at Netscape, before the Mozilla Project spun out as its own entity, as the successor to the original Netscape rendering engine, back in 1997.",medium,web:Examveda.com https://www.examveda.com/javascript/practice-mcq-question-on-graphics-and-rendering/?page=3,
Web Technologies & Internet / PHP,graphics and rendering,Which of the following render HTML?,Browsers,Email Clients,Web Components,All of the mentioned,D,"More tools than just browsers render HTML, including email clients and web components in other applications.",medium,web:Examveda.com https://www.examveda.com/javascript/practice-mcq-question-on-graphics-and-rendering/?page=3,
Web Technologies & Internet / PHP,graphics and rendering,SpiderMonkey was developed by,Firefox,Internet Explorer,Safari,Opera,A,SpiderMonkey is the JavaScript engine made by Mozilla that is used in Firefox.,medium,web:Examveda.com https://www.examveda.com/javascript/practice-mcq-question-on-graphics-and-rendering/?page=3,
Web Technologies & Internet / PHP,graphics and rendering,Carakan is used by which of the following browsers?,Firefox,Internet Explorer,Safari,Opera,D,"Opera uses Carakan, which was introduced in 2010.",medium,web:Examveda.com https://www.examveda.com/javascript/practice-mcq-question-on-graphics-and-rendering/?page=3,
Web Technologies & Internet / PHP,graphics and rendering,Which is the alternate name for JavaScriptCore that is used by Safari?,Nitro,SpiderMoney,Carakan,None of the mentioned,A,"Safari uses JavaScriptCore, sometimes called Nitro. 

 
 
 
 



 
 
 
 
 
 
 
 
 
 
 
 
 
1
2
3
4

 
 
 
 
 
 
 
 
 
 

 
 

 -->
 
 
 


 

-->
 
 
 Copyright © 2026 Examveda.com
 
 
 
 
 
 
 
 
 
 About Us |
 Terms & Condition |
 Privacy Policy |
 Contact Us",medium,web:Examveda.com https://www.examveda.com/javascript/practice-mcq-question-on-graphics-and-rendering/?page=3,
Web Technologies & Internet / PHP,graphics and rendering,What are the features of an interpreter?,Shared with other properties,Embedded in other tools,Shared with other properties & Embedded in other tools,None of the mentioned,C,"The interpreter can be shared with other properties, or embedded in other tools.",medium,web:Examveda.com https://www.examveda.com/javascript/practice-mcq-question-on-graphics-and-rendering/?page=4,
Web Technologies & Internet / PHP,graphics and rendering,Why is the total size of the page important?,Time taken to download,Size of IP packet should be less than 65500,Size of IP packet should be less than 65535,Size of IP packet should be greater than 65500,C,"The total size of the page is important, not just because of the time it takes to download, but because the maximum size of an IP packet is 65535 octets for IPv4 and IPv6.",medium,web:Examveda.com https://www.examveda.com/javascript/practice-mcq-question-on-graphics-and-rendering/?page=4,
Web Technologies & Internet / PHP,graphics and rendering,How will the HTTP GET request be sent from the browser?,Remote server,Local server,By itself,None of the mentioned,A,"Once the TCP/IP connection has been established, the browser sends an HTTP GET request over the connection to the remote server. The remote server finds the resource and returns it in an HTTP Response, the status of which is 200 to indicate a good response.",medium,web:Examveda.com https://www.examveda.com/javascript/practice-mcq-question-on-graphics-and-rendering/?page=4,
Web Technologies & Internet / PHP,graphics and rendering,"Once the TCP/IP connection has been established, the browser sends an HTTP GET request over the connection to the remote server. The remote server finds the resource and returns it in an HTTP Response, the status of which is 200 to indicate a good response.",HTTP Response,HTTP Request,Get Request,None of the mentioned,A,"The remote server finds the resource and returns it in an HTTP Response, the status of which is 200 to indicate a good response.",medium,web:Examveda.com https://www.examveda.com/javascript/practice-mcq-question-on-graphics-and-rendering/?page=4,
Web Technologies & Internet / PHP,graphics and rendering,Which layer is used to control the communication between the hardware in the network?,Network Access Layer,Internet Layer,Transport Layer,Presentation Layer,A,The Network Access layer controls the communication between the hardware in the network.,medium,web:Examveda.com https://www.examveda.com/javascript/practice-mcq-question-on-graphics-and-rendering/?page=4,
Web Technologies & Internet / PHP,graphics and rendering,Which layer is used to handle the network addressing and routing?,Network Access Layer,Internet Layer,Transport Layer,Presentation Layer,B,"The Internet layer handles network addressing and routing, getting IP and MAC addresses.",medium,web:Examveda.com https://www.examveda.com/javascript/practice-mcq-question-on-graphics-and-rendering/?page=4,
Web Technologies & Internet / PHP,graphics and rendering,The layer in which the TCP (or UDP) communication takes place is,Network Access Layer,Internet Layer,Transport Layer,Presentation Layer,C,The Transport layer is where our TCP (or UDP) communication takes place.,medium,web:Examveda.com https://www.examveda.com/javascript/practice-mcq-question-on-graphics-and-rendering/?page=4,
Web Technologies & Internet / PHP,graphics and rendering,Which layer handles the top-level communication?,Network Access Layer,Internet Layer,Transport Layer,Application Layer,D,"The Application layer handles the top-level communication that the client and servers use, like HTTP and SMTP for email clients.",medium,web:Examveda.com https://www.examveda.com/javascript/practice-mcq-question-on-graphics-and-rendering/?page=4,
Web Technologies & Internet / PHP,graphics and rendering,What are the various possessions in the three-way handshake by the TCP?,Synchronize,Synchronize-Acknowledge,Acknowledge message,All of the mentioned,D,"This handshake consists of a Synchronize, Synchronize-Acknowledge, and Acknowledge message to be passed between the browser and the remote server. This handshake allows the client to attempt communication, the server to acknowledge and accept the attempt, and the client to acknowledge that the attempt has been accepted.",medium,web:Examveda.com https://www.examveda.com/javascript/practice-mcq-question-on-graphics-and-rendering/?page=4,
Web Technologies & Internet / PHP,graphics and rendering,Arrange the TCP/IP model layers in the order from furthest to closest to the end user.,"Network Access Layer, Internet Layer, Application Layer, Transport Layer","Network Access Layer, Transport Layer, Internet Layer, Application Layer","Network Access Layer, Internet Layer, Transport Layer, Application Layer","Network Access Layer, Application Layer, Internet Layer, Transport Layer",C,"The four layers in the TCP/IP model are, in order from furthest to closest to the end user, the Network Access layer, the Internet layer, the Transport layer, and the Application layer. 

 
 
 
 



 
 
 
 
 
 
 
 
 
 
 
 
 
1
2
3
4
 
 
 
 
 
 
 
 
 
 

 
 

 -->
 
 
 


 

-->
 
 
 Copyright © 2026 Examveda.com
 
 
 
 
 
 
 
 
 
 About Us |
 Terms & Condition |
 Privacy Policy |
 Contact Us",medium,web:Examveda.com https://www.examveda.com/javascript/practice-mcq-question-on-graphics-and-rendering/?page=4,
Web Technologies & Internet / PHP,performance measures,How do we define the term Thread?,Device that controls input,Variable that controls movement,Controlled execution of applications,All of the mentioned,C,Threads are sequential units of controlled execution for applications.,medium,web:Examveda.com https://www.examveda.com/javascript/practice-mcq-question-on-performance-measures/,
Web Technologies & Internet / PHP,performance measures,What does the browser do to set up a TCP/IP connection?,TCP one-way handshake,TCP two-way handshake,TCP three-way handshake,None of the mentioned,C,The browser negotiates a TCP three-way handshake with the remote web server to set up a TCP/ IP connection.,medium,web:Examveda.com https://www.examveda.com/javascript/practice-mcq-question-on-performance-measures/,
Web Technologies & Internet / PHP,performance measures,What does the handshake pass between the browser and the remote server?,Synchronize,Accept,Reject,Decline,A,"The handshake consists of a Synchronize, Synchronize-Acknowledge, and Acknowledge message to be passed between the browser and the remote server.",medium,web:Examveda.com https://www.examveda.com/javascript/practice-mcq-question-on-performance-measures/,
Web Technologies & Internet / PHP,performance measures,How does the handshake help the server?,Acknowledge,Accept the attempt,Both Acknowledge and Accept the attempt,None of the mentioned,C,The handshake allows the server to acknowledge and accept the attempt.,medium,web:Examveda.com https://www.examveda.com/javascript/practice-mcq-question-on-performance-measures/,
Web Technologies & Internet / PHP,performance measures,What is the purpose of the transport layer?,TCP Communication takes place,UDP Communication takes place,Both TCP and UDP Communication takes place,None of the mentioned,C,The Transport layer is where our TCP (or UDP) communication takes place.,medium,web:Examveda.com https://www.examveda.com/javascript/practice-mcq-question-on-performance-measures/,
Web Technologies & Internet / PHP,performance measures,What does the status code 200 indicate?,Error in request,Error in response,Error in server,Successful,D,The status code 200 indicates a successful response from the server.,medium,web:Examveda.com https://www.examveda.com/javascript/practice-mcq-question-on-performance-measures/,
Web Technologies & Internet / PHP,performance measures,What does the status code 500 indicate?,Error in request,Error in response,Error in server,Successful,A,The status code 500 means that there was an error when trying to fulfill the request.,medium,web:Examveda.com https://www.examveda.com/javascript/practice-mcq-question-on-performance-measures/,
Web Technologies & Internet / PHP,performance measures,What does the application layer handle?,Top-level communication,Bottom-level communication,Both Top-level and Bottom-level communication,None of the mentioned,A,"The Application layer handles the top-level communication that the client and servers use, like HTTP and SMTP for email clients.",medium,web:Examveda.com https://www.examveda.com/javascript/practice-mcq-question-on-performance-measures/,
Web Technologies & Internet / PHP,performance measures,Which status code indicates that the server could not find the resource requested?,200,404,500,566,B,The status code 404 means that the server could not find the resource requested.,medium,web:Examveda.com https://www.examveda.com/javascript/practice-mcq-question-on-performance-measures/,
Web Technologies & Internet / PHP,performance measures,What is the maximum size of an IP packet for IPv4 or IPv6?,65540,65535,65577,67544,B,"The maximum size of an IP packet for IPv4 or IPv6 is 65535. 

 
 
 
 



 
 
 
 
 
 
 
 
 
 
 
 
 1
2
3
4
5
6
7

 
 
 
 
 
 
 
 
 
 

 
 

 -->
 
 
 


 

-->
 
 
 Copyright © 2026 Examveda.com
 
 
 
 
 
 
 
 
 
 About Us |
 Terms & Condition |
 Privacy Policy |
 Contact Us",medium,web:Examveda.com https://www.examveda.com/javascript/practice-mcq-question-on-performance-measures/,
Web Technologies & Internet / PHP,performance measures,How can we define the term Performance?,Speed of the input take in,Speed of the output display,Speed at which application functions,None of the mentioned,C,Performance refers to the speed at which an application functions. It is a multifaceted aspect of quality.,medium,web:Examveda.com https://www.examveda.com/javascript/practice-mcq-question-on-performance-measures/?page=2,
Web Technologies & Internet / PHP,performance measures,When is an application said to show a web performance?,Time to respond,Time to load,Time to send a request,All of the mentioned,B,"When we’re talking about web applications, the time it takes your application to be presented to your users is what we will call web performance.",medium,web:Examveda.com https://www.examveda.com/javascript/practice-mcq-question-on-performance-measures/?page=2,
Web Technologies & Internet / PHP,performance measures,When is an application said to show a runtime performance?,Speed of response to user,Speed of user request,All of the mentioned,None of the mentioned,A,The speed at which your application responds to your users’ interactions is what we’ll call runtime performance.,medium,web:Examveda.com https://www.examveda.com/javascript/practice-mcq-question-on-performance-measures/?page=2,
Web Technologies & Internet / PHP,performance measures,What does the span of time waiting for the page to be useful depend on?,Runtime performance,Web performance,Speed,None of the mentioned,B,The span of time that you are waiting for the page to be usable depends on web performance.,medium,web:Examveda.com https://www.examveda.com/javascript/practice-mcq-question-on-performance-measures/?page=2,
Web Technologies & Internet / PHP,performance measures,"In order to skip or seek to a desired location in a sound or video, which property becomes helpful?",audioSkip,currentTime,videoSkip,skiptoTime,B,"In addition to starting and stopping sound and video, you can skip (or “seek”) to a desired location within the media by setting the currentTime property.",medium,web:Examveda.com https://www.examveda.com/javascript/practice-mcq-question-on-performance-measures/?page=2,
Web Technologies & Internet / PHP,performance measures,"Which of following shows a better runtime performance for coalescing functionality, using functions, and using objects?",Firefox unwoundfun,Firefox UsingFunct,Firefox UsingObject,None of the mentioned,B,"When we compare the runtime performance for coalescing functionality, using functions, and using objects, the Firefox UsingFunct shows a better performance.",medium,web:Examveda.com https://www.examveda.com/javascript/practice-mcq-question-on-performance-measures/?page=2,
Web Technologies & Internet / PHP,performance measures,"Which of following shows a poorer runtime performance for coalescing functionality, using functions, and using objects?",Firefox unwoundfun,Firefox UsingFunct,Firefox UsingObject,None of the mentioned,A,"When we compare the runtime performance for coalescing functionality, using functions, and using objects, the Firefox UsingFunct shows a poorer performance.",medium,web:Examveda.com https://www.examveda.com/javascript/practice-mcq-question-on-performance-measures/?page=2,
Web Technologies & Internet / PHP,performance measures,In how many modes can the Closure compiler be run?,2,3,4,5,A,"Closure Compiler can be run in either of two modes: 
1. In Simple mode it mostly performs like most other minifiers, removing whitespace, line breaks, and comments
2. In Advanced mode it rewrites the JavaScript by renaming variables and functions from longer descriptive names to single letters to save file size, and it inlines functions, coalescing them into single functions wherever it determines that it can",medium,web:Examveda.com https://www.examveda.com/javascript/practice-mcq-question-on-performance-measures/?page=2,
Web Technologies & Internet / PHP,performance measures,What is the purpose of the advanced mode in the Closure compiler?,Removing the variables and other parameters,Renaming the variables and other parameters,Slight alteration to improve the runtime performance,None of the mentioned,B,"In Advanced mode, the Closure Compiler rewrites the JavaScript by renaming variables and functions from longer descriptive names to single letters to save file size, and it inlines functions, coalescing them into single functions wherever it determines that it can. 

 
 
 
 



 
 
 
 
 
 
 
 
 
 
 
 
 
1
2
3
4
5
6
7

 
 
 
 
 
 
 
 
 
 

 
 

 -->
 
 
 


 

-->
 
 
 Copyright © 2026 Examveda.com
 
 
 
 
 
 
 
 
 
 About Us |
 Terms & Condition |
 Privacy Policy |
 Contact Us",medium,web:Examveda.com https://www.examveda.com/javascript/practice-mcq-question-on-performance-measures/?page=2,
Web Technologies & Internet / PHP,performance measures,Firebug is an extension of which browser?,Mozilla,Chrome,IE,Opera,A,Firebug is an extension of Mozilla.,medium,web:Examveda.com https://www.examveda.com/javascript/practice-mcq-question-on-performance-measures/?page=3,
Web Technologies & Internet / PHP,performance measures,Firebug can be used to inspect,HTML,CSS,DOM,All of the mentioned,D,"Firebug is an extension for the Mozilla Firefox browser that allows you to debug and inspect HTML, CSS, the Document Object Model (DOM) and JavaScript.",medium,web:Examveda.com https://www.examveda.com/javascript/practice-mcq-question-on-performance-measures/?page=3,
Web Technologies & Internet / PHP,performance measures,Why do Web Developers use Firebug?,Track cookies,Track sessions,Both Track cookies and sessions,None of the mentioned,C,"Web developers use Firebug for the following reasons : 
1. Inspect the behavior of HTML/CSS, and modify style & layout with true WYSIWYG
2. Debug JavaScript
3. Detect performance of website
4. Track Cookies & Sessions",medium,web:Examveda.com https://www.examveda.com/javascript/practice-mcq-question-on-performance-measures/?page=3,
Web Technologies & Internet / PHP,performance measures,What are the goals for using Firebug?,Performance,Adaptability,Complexity,Reliability,A,"The goals for using Firebug is : 
1. Performance 
2. Modularity 
3. Shared code 
4. Compatibility",medium,web:Examveda.com https://www.examveda.com/javascript/practice-mcq-question-on-performance-measures/?page=3,
Web Technologies & Internet / PHP,performance measures,Which of the following is not a feature of the User Interface?,Skinnable Interface,Resizable Side Panel,Fixed Side Panel,Menu options,C,"The features present in the User Interface are : 
1. Port of Firebug’s Visual Object Representation (aka Reps) 
2. Recreation of Firebug 1.3 User Interface with pixel precision 
3. Menu options 
4. Resizable Side Panel 
5. Skinnable Interface",medium,web:Examveda.com https://www.examveda.com/javascript/practice-mcq-question-on-performance-measures/?page=3,
Web Technologies & Internet / PHP,performance measures,What is the default value of the property overrideConsole,1,true,0,false,B,The default value of the property overrideConsole is true.,medium,web:Examveda.com https://www.examveda.com/javascript/practice-mcq-question-on-performance-measures/?page=3,
Web Technologies & Internet / PHP,performance measures,Which of the following property(s) has a default value as false?,disableWhenFirebugActive,showIconWhenHidden,disableXHRListener,Both disableWhenFirebugActive & showIconWhenHidden,C,Only disableXHRListener property has a default value false. The properties disableWhenFirebugActive and showIconWhenHidden has a default value of true.,medium,web:Examveda.com https://www.examveda.com/javascript/practice-mcq-question-on-performance-measures/?page=3,
Web Technologies & Internet / PHP,performance measures,Which of the following action is possible in Firebug when used as a JavaScript Debugger and Profiler?,Pause execution in any line,Find Scripts easily,Find Scripts easily & also Pause execution in any line,None of the mentioned,C,"When Firebug is used as a JavaScript Debugger and Profiler, it can be used to find scripts easily and also pause the execution in any desired line.",medium,web:Examveda.com https://www.examveda.com/javascript/practice-mcq-question-on-performance-measures/?page=3,
Web Technologies & Internet / PHP,performance measures,How does PhantonJS use YSlow?,Queries,Statements,Command Line Prompt,Command Line Script,D,"Slow for PhantomJS is a command line script that allows page performance analysis from live URLs, unlike YSlow for Command Line (HAR) where a pre-generated HAR file is needed in order to analyze page performance.
 

 
 
 
 



 
 
 
 
 
 
 
 
 
 
 
 
 
1
2
3
4
5
6
7

 
 
 
 
 
 
 
 
 
 

 
 

 -->
 
 
 


 

-->
 
 
 Copyright © 2026 Examveda.com
 
 
 
 
 
 
 
 
 
 About Us |
 Terms & Condition |
 Privacy Policy |
 Contact Us",medium,web:Examveda.com https://www.examveda.com/javascript/practice-mcq-question-on-performance-measures/?page=3,
Web Technologies & Internet / PHP,performance measures,What are the two output formats YSlow uses?,"TAP, JUnit","JIT, TRD","JKP, RFD",None of the mentioned,A,YSlow for PhantomJS introduces new output formats for automated test frameworks: TAP (Test Anything Protocol) and JUnit.,medium,web:Examveda.com https://www.examveda.com/javascript/practice-mcq-question-on-performance-measures/?page=4,
Web Technologies & Internet / PHP,performance measures,"Initially, YSlow was an extension of which browser?",Chrome,Firefox,IE,Opera,B,"Intially, YSlow was an extension of Firefox.",medium,web:Examveda.com https://www.examveda.com/javascript/practice-mcq-question-on-performance-measures/?page=4,
Web Technologies & Internet / PHP,performance measures,Which of the following can be used for a deeper analysis of the web page’s performance?,WebPageTest,FireBug,YSlow,All of the mentioned,C,For a deeper analysis of a page’s web performance you can use YSlow.,medium,web:Examveda.com https://www.examveda.com/javascript/practice-mcq-question-on-performance-measures/?page=4,
Web Technologies & Internet / PHP,performance measures,How many rules are there in the YSlow version 2.0?,23,21,27,33,A,"There are totally 23 rules in the ruleset of YSlow (V2) namely : 
1. Minimize HTTP Requests 
2. Use a Content Delivery Network 
3. Avoid empty src or href 
4. Add an Expires or a Cache-Control Header 
5. Gzip Components 
6. Put StyleSheets at the Top 
7. Put Scripts at the Bottom 
8. Avoid CSS Expressions 
9. Make JavaScript and CSS External 
10. Reduce DNS Lookups 
11. Minify JavaScript and CSS 
12. Avoid Redirects 
13. Remove Duplicate Scripts 
14. Configure ETags 
15. Make AJAX Cacheable 
16. Use GET for AJAX Requests 
17. Reduce the Number of DOM Elements 
18. No 404s 
19. Reduce Cookie Size 
20. Use Cookie-Free Domains for Components 
21. Avoid Filters 
22. Do Not Scale Images in HTML 
23. Make favicon.ico Small and Cacheable",medium,web:Examveda.com https://www.examveda.com/javascript/practice-mcq-question-on-performance-measures/?page=4,
Web Technologies & Internet / PHP,performance measures,Which of the following is mandatory to run before running YSlow?,WebPageTest,FireBug,Both WebPageTest and FireBug,None of the mentioned,B,It is mandatory to run FireBug before running YSlow.,medium,web:Examveda.com https://www.examveda.com/javascript/practice-mcq-question-on-performance-measures/?page=4,
Web Technologies & Internet / PHP,performance measures,How does the YSlow for Mobile work as?,Bookwise,Booklet,Bookmaklet,All of the mentioned,C,The YSlow for Mobile works as bookmaklet.,medium,web:Examveda.com https://www.examveda.com/javascript/practice-mcq-question-on-performance-measures/?page=4,
Web Technologies & Internet / PHP,performance measures,"Which network allows you to distribute static assets like images, etc?",Content Delivery Network,Content Receiving Network,System Area Network,None of the mentioned,A,"A content delivery network (CDN) allows you to distribute your static assets like images, JavaScript files and stylesheets to geographically distributed servers. This gets the content of your page to your user’s browser faster.",medium,web:Examveda.com https://www.examveda.com/javascript/practice-mcq-question-on-performance-measures/?page=4,
Web Technologies & Internet / PHP,performance measures,When does WebPageTest become necessary?,To run any common website,To run private websites,To run QA testing,All of the mentioned,B,"If you want to run tests on web sites that are not publicly available—like a QA or development environment, or if you can only have your test results stored on your own servers because of legal or other reasons, then installing your own private instance of WebPagetest is the way to go.",medium,web:Examveda.com https://www.examveda.com/javascript/practice-mcq-question-on-performance-measures/?page=4,
Web Technologies & Internet / PHP,performance measures,What is the purpose of Auth tab in the testing platform?,To specify credentials,To authorize a page,To run the test,None of the mentioned,A,"In the Auth tab you can specify credentials to use if the web site uses HTTP authentication for access. 

 
 
 
 



 
 
 
 
 
 
 
 
 
 
 
 
 
1
2
3
4
5
6
7

 
 
 
 
 
 
 
 
 
 

 
 

 -->
 
 
 


 

-->
 
 
 Copyright © 2026 Examveda.com
 
 
 
 
 
 
 
 
 
 About Us |
 Terms & Condition |
 Privacy Policy |
 Contact Us",medium,web:Examveda.com https://www.examveda.com/javascript/practice-mcq-question-on-performance-measures/?page=4,
Web Technologies & Internet / PHP,performance measures,What is the purpose of the Script tab?,To edit the coding,To run on multiple servers,To run more complex tests,None of the mentioned,C,"The Script tab can be used to run more complex tests that involve multiple steps including navigate to multiple URLs, etc.",medium,web:Examveda.com https://www.examveda.com/javascript/practice-mcq-question-on-performance-measures/?page=5,
Web Technologies & Internet / PHP,performance measures,Which is the command that is used to spoof the client user agent?,setUserAgent,spoofAgent,spoofClientUserAgent,none of the mentioned,A,The setUserAgent spoofs the client user agent.,medium,web:Examveda.com https://www.examveda.com/javascript/practice-mcq-question-on-performance-measures/?page=5,
Web Technologies & Internet / PHP,performance measures,What is the purpose of the Block tab?,To block the response,To block the request,To block the mouse pointer,None of the mentioned,B,The Block tab allows us to block content coming in our request.,medium,web:Examveda.com https://www.examveda.com/javascript/practice-mcq-question-on-performance-measures/?page=5,
Web Technologies & Internet / PHP,performance measures,What is the purpose of the Video tab?,To take video of the page,To capture screenshots of the test only,To take video of the test,To capture screen shots of the page,D,The Video tab allows you to capture screen shots of your page as it loads and views them as a video.,medium,web:Examveda.com https://www.examveda.com/javascript/practice-mcq-question-on-performance-measures/?page=5,
Web Technologies & Internet / PHP,performance measures,What is the task of the Advanced Panel?,Test stop running,Loading the pages,Skewing the results,None of the mentioned,A,"In the Advanced panel, you can have the test stop running at document completion. That will tell us when the document.onload event is fired, instead of when all assets on the page are loaded.",medium,web:Examveda.com https://www.examveda.com/javascript/practice-mcq-question-on-performance-measures/?page=5,
Web Technologies & Internet / PHP,performance measures,What is the vulnerability of XHR communications?,There is no vulnerability,Skewing the results,Registration and Skewing the results,Registering the test results,C,XHR communications that may happen after page load could register as new activity and skew the test results.,medium,web:Examveda.com https://www.examveda.com/javascript/practice-mcq-question-on-performance-measures/?page=5,
Web Technologies & Internet / PHP,performance measures,Which of the following methods adds and connects the point to the cubic bezier curve?,bezierConnect(),bezierCurveTo(),Connectbezier(),none of the mentioned,B,This method adds a new point P to the subpath and connects it to the current point with a cubic Bezier curve.,medium,web:Examveda.com https://www.examveda.com/javascript/practice-mcq-question-on-performance-measures/?page=5,
Web Technologies & Internet / PHP,performance measures,Which of the following methods adds an arc to the current subpath?,bezierCurveTo(),arcTo(),arc(),all of the mentioned,C,The arc() method adds an arc to the current subpath.,medium,web:Examveda.com https://www.examveda.com/javascript/practice-mcq-question-on-performance-measures/?page=5,
Web Technologies & Internet / PHP,performance measures,What is the purpose of minifying the JavaScript?,To streamline the visits,To save the visits,All of the mentioned,None of the mentioned,A,"To ensure that our first-time visits are as streamlined as possible, we need to minify our JavaScript.",medium,web:Examveda.com https://www.examveda.com/javascript/practice-mcq-question-on-performance-measures/?page=5,
Web Technologies & Internet / PHP,performance measures,From which did Minification concept originate?,JavaScript code efficiency,JavaScript interpreter,Both JavaScript code efficiency and interpreter,None of the mentioned,B,"Minification is originally based on the idea that the JavaScript interpreter ignores white space, line breaks, and of course comments, so we can save on total file size of our .js files if we remove those unneeded characters. 

 
 
 
 



 
 
 
 
 
 
 
 
 
 
 
 
 
1
2
3
4
5
6
7

 
 
 
 
 
 
 
 
 
 

 
 

 -->
 
 
 


 

-->
 
 
 Copyright © 2026 Examveda.com
 
 
 
 
 
 
 
 
 
 About Us |
 Terms & Condition |
 Privacy Policy |
 Contact Us",medium,web:Examveda.com https://www.examveda.com/javascript/practice-mcq-question-on-performance-measures/?page=5,
Web Technologies & Internet / PHP,performance measures,What is the purpose of the product Minify?,Storing the data,Streamlining the data,Proxies the JavaScript file,All of the mentioned,C,"Minify proxies the JavaScript file;the script tag on the page points to Minify, which is a PHP file.",medium,web:Examveda.com https://www.examveda.com/javascript/practice-mcq-question-on-performance-measures/?page=6,
Web Technologies & Internet / PHP,performance measures,What does the Minify set the encoding HTTP header?,deflate,gzip,both deflate and gzip,none of the mentioned,C,"Minify reads the JavaScript file in, minifies it and when it responds it sets the accept encoding HTTP header to gzip, deflate.",medium,web:Examveda.com https://www.examveda.com/javascript/practice-mcq-question-on-performance-measures/?page=6,
Web Technologies & Internet / PHP,performance measures,What is in-built in the Minify?,Dynamic compression,Static compression,Static content,None of the mentioned,B,Effectively Minify has built in HTTP static compression. This is especially useful if your web host doesn’t allow the gzipping of static content.,medium,web:Examveda.com https://www.examveda.com/javascript/practice-mcq-question-on-performance-measures/?page=6,
Web Technologies & Internet / PHP,performance measures,Which folder contains the Minify control panel?,/min/builder/,/builder/,/minify/build,/minify/builder,A,"To navigate to the Minify control panel, it is located in the /min/builder/.",medium,web:Examveda.com https://www.examveda.com/javascript/practice-mcq-question-on-performance-measures/?page=6,
Web Technologies & Internet / PHP,performance measures,Which of the following is the order of Minify process?,"Remove extraneous characters, gzip the response, Read","Remove extraneous characters, Read, gzip the response","Read, Remove extraneous characters, gzip the response",None of the mentioned,C,"Minify reads in the content, decorates it by way of removing extraneous characters, and gzips the response.",medium,web:Examveda.com https://www.examveda.com/javascript/practice-mcq-question-on-performance-measures/?page=6,
Web Technologies & Internet / PHP,performance measures,YUI Compressor is analogous to,Minify,JavaScript,Both Minify and JavaScript,None of the mentioned,A,"Just like Minify, YUI Compressor strips out all of the unnecessary characters from your JavaScript, including spaces, line breaks, and comments.",medium,web:Examveda.com https://www.examveda.com/javascript/practice-mcq-question-on-performance-measures/?page=6,
Web Technologies & Internet / PHP,performance measures,What type of file is YUI Compressor?,Binary file,JAR file,Text file,Assembly file,B,"YUI Compressor is a jar file and runs from the command line. Because of this it is easily integrated into a build process. It looks like this: 
java -jar yuicompressor-[version].jar [options] [file name]",medium,web:Examveda.com https://www.examveda.com/javascript/practice-mcq-question-on-performance-measures/?page=6,
Web Technologies & Internet / PHP,performance measures,What is the function of a Closure Compiler?,Originates the JavaScript,Compiles the JavaScript,Rewrites JavaScript,None of the mentioned,C,"Closure Compiler runs through a number of “scorched-earth” optimizations—it unfurls functions, rewrites variable names, and removes functions that are never called (as far as it can tell).",medium,web:Examveda.com https://www.examveda.com/javascript/practice-mcq-question-on-performance-measures/?page=6,
Web Technologies & Internet / PHP,performance measures,What is scorched-earth optimizations?,They optimize based on certain constraints,They strip out everything including best practices,Based on certain constraints,None of the mentioned,B,"Closure Compiler runs through a number of “scorched-earth” optimizations—it unfurls functions, rewrites variable names, and removes functions that are never called (as far as it can tell).",medium,web:Examveda.com https://www.examveda.com/javascript/practice-mcq-question-on-performance-measures/?page=6,
Web Technologies & Internet / PHP,performance measures,The Closure Compiler was introduced by,Microsoft,Apple,Google,None of the mentioned,C,"The Closure Compiler was introduced by Google. 

 
 
 
 



 
 
 
 
 
 
 
 
 
 
 
 
 
1
2
3
4
5
6
7

 
 
 
 
 
 
 
 
 
 

 
 

 -->
 
 
 


 

-->
 
 
 Copyright © 2026 Examveda.com
 
 
 
 
 
 
 
 
 
 About Us |
 Terms & Condition |
 Privacy Policy |
 Contact Us",medium,web:Examveda.com https://www.examveda.com/javascript/practice-mcq-question-on-performance-measures/?page=6,
Web Technologies & Internet / PHP,performance measures,What does the Minify return back to the Script tag?,File I/O,Minify JavaScript,HTTP Request,Gzip encoded,D,,medium,web:Examveda.com https://www.examveda.com/javascript/practice-mcq-question-on-performance-measures/?page=7,
Web Technologies & Internet / PHP,performance measures,What is the return type of the script tag?,File I/O,Minify JavaScript,HTTP Request,Gzip encoded,C,The script tag sends the HTTP Request to the Minify.,medium,web:Examveda.com https://www.examveda.com/javascript/practice-mcq-question-on-performance-measures/?page=7,
Web Technologies & Internet / PHP,performance measures,What does the JS File return ?,File I/O,Minify JavaScript,HTTP Request,Gzip encoded,B,The JS File returns the Minify JavaScript.,medium,web:Examveda.com https://www.examveda.com/javascript/practice-mcq-question-on-performance-measures/?page=7,
Web Technologies & Internet / PHP,performance measures,What is the outcome of using R along with minification?,Sheer file size reduction,File size increase,More efficient,None of the mentioned,A,Sheer file size reduction is the only one aspect of the overall determination got from the R along with the minification.,medium,web:Examveda.com https://www.examveda.com/javascript/practice-mcq-question-on-performance-measures/?page=7,
Web Technologies & Internet / PHP,performance measures,Which one of the following is more efficient in terms of the file size reduction?,YUI,Closure Compiler (advanced),Minify,Closure Compiler (simple),B,The Closure Compiler (advanced) has a more number percent of file size reduction by product.,medium,web:Examveda.com https://www.examveda.com/javascript/practice-mcq-question-on-performance-measures/?page=7,
Web Technologies & Internet / PHP,performance measures,Which of the following are JavaScript optimizers?,JSMin,Packer,Minify,Both JSMin and Packer,D,"JavaScript optimizers such as JSMin and Packer are specially designed for modern web programming techniques, and are able to understand and preserve conditional comments, and similar.",medium,web:Examveda.com https://www.examveda.com/javascript/practice-mcq-question-on-performance-measures/?page=7,
Web Technologies & Internet / PHP,performance measures,Which of the following is the approach used to compress HTML in web servers and modern web browsers?,Content encoding,Content decoding,Compression algorithm – DEFLATE,None of the mentioned,A,"Content encoding is an approach taken by compatible web servers and modern web browsers to compress HTML and related textual content, often in the gzip format.",medium,web:Examveda.com https://www.examveda.com/javascript/practice-mcq-question-on-performance-measures/?page=7,
Web Technologies & Internet / PHP,performance measures,Which is the game that requires extremely minified source in the Perl culture?,Perl pool,Perl golf,Both Perl pool and golf,None of the mentioned,B,"In Perl culture, aiming at extremely minified source code is the purpose of the Perl golf game. 

 
 
 
 



 
 
 
 
 
 
 
 
 
 
 
 
 
1
2
3
4
5
6
7
 
 
 
 
 
 
 
 
 
 

 
 

 -->
 
 
 


 

-->
 
 
 Copyright © 2026 Examveda.com
 
 
 
 
 
 
 
 
 
 About Us |
 Terms & Condition |
 Privacy Policy |
 Contact Us",medium,web:Examveda.com https://www.examveda.com/javascript/practice-mcq-question-on-performance-measures/?page=7,
Web Technologies & Internet / PHP,sockets,Which of the following is a stateless protocol?,HTML,XHTML,HTTP,All of the mentioned,C,HTTP is a stateless protocol. A stateless protocol does not require the server to retain information or status about each user for the duration of multiple requests.,medium,web:Examveda.com https://www.examveda.com/javascript/practice-mcq-question-on-sockets/,
Web Technologies & Internet / PHP,sockets,What does the value 2 of the WebSocket attribute Socket.readyState indicate?,Closed connection,Handshake connection,Unestablished connection,Established connection and communication is possible,B,"The readonly attribute readyState represents the state of the connection. It can have the following values: 
1. A value of 0 indicates that the connection has not yet been established. 
2. A value of 1 indicates that the connection is established and communication is possible. 
3. A value of 2 indicates that the connection is going through the closing handshake. 
4. A value of 3 indicates that the connection has been closed or could not be opened.",medium,web:Examveda.com https://www.examveda.com/javascript/practice-mcq-question-on-sockets/,
Web Technologies & Internet / PHP,sockets,How many WebSocket events are available?,2,3,4,5,C,"There are fourWebSocket events namely : 
1. open 
2. close 
3. message 
4. error",medium,web:Examveda.com https://www.examveda.com/javascript/practice-mcq-question-on-sockets/,
Web Technologies & Internet / PHP,sockets,How does the client and the server communicate following the rules defined by the WebSocket protocol?,Long-lived TCP Socket,Short-lived TCP Socket,UDP Socket,HTTP Socket,A,The client and server communicate over a long-lived TCP socket following rules defined by the WebSocket protocol.,medium,web:Examveda.com https://www.examveda.com/javascript/practice-mcq-question-on-sockets/,
Web Technologies & Internet / PHP,sockets,Which of the following are not a socket property?,onopen,readyState,onmessage,ready,D,There is no Socket property called ready.,medium,web:Examveda.com https://www.examveda.com/javascript/practice-mcq-question-on-sockets/,
Web Technologies & Internet / PHP,sockets,How can we check the subprotocol being used by the client?,subprotocol property,protocol property,clientprotocol property,none of the mentioned,B,"Once the connection is established, the client can determine which subprotocol is in use by checking the protocol property of the socket.",medium,web:Examveda.com https://www.examveda.com/javascript/practice-mcq-question-on-sockets/,
Web Technologies & Internet / PHP,sockets,How will you transmit data using the connection?,send(data),Socket.send(“data”),Socket.send(data),Socket(data),C,The Socket.send(data) method transmits data using the connection.,medium,web:Examveda.com https://www.examveda.com/javascript/practice-mcq-question-on-sockets/,
Web Technologies & Internet / PHP,sockets,Which of the following is not a WebSocket event?,open,close,error,deny,D,"There is no WebSocket event named deny. The four WebSocket events are 
1. open 
2. close 
3. essage 
4. error",medium,web:Examveda.com https://www.examveda.com/javascript/practice-mcq-question-on-sockets/,
Web Technologies & Internet / PHP,sockets,What does an History object contain?,URL,Parameters,Attribute values,Property,A,"The history object contains the URLs visited by the user (within a browser window). 

 
 
 
 



 
 
 
 
 
 
 
 
 
 
 
 
 1
2
3
4
5
6
7

 
 
 
 
 
 
 
 
 
 

 
 

 -->
 
 
 


 

-->
 
 
 Copyright © 2026 Examveda.com
 
 
 
 
 
 
 
 
 
 About Us |
 Terms & Condition |
 Privacy Policy |
 Contact Us",medium,web:Examveda.com https://www.examveda.com/javascript/practice-mcq-question-on-sockets/,
Web Technologies & Internet / PHP,sockets,The history object is a part of which object?,Property,Window,Location,Screen,B,The history object belongs to the Window object.,medium,web:Examveda.com https://www.examveda.com/javascript/practice-mcq-question-on-sockets/?page=2,
Web Technologies & Internet / PHP,sockets,How many methods are there in the History object?,3,4,5,6,A,"There are three methods belongign to the History object namely : 
1. back() 
2. forward() 
3. go()",medium,web:Examveda.com https://www.examveda.com/javascript/practice-mcq-question-on-sockets/?page=2,
Web Technologies & Internet / PHP,sockets,What is the purpose of the method forward()?,Loads any random URL in the history list,Loads the previous URL in the history list,Loads a specific URL from the history list,Loads the next URL in the history list,D,The forward() method loads the next URL in the history list.,medium,web:Examveda.com https://www.examveda.com/javascript/practice-mcq-question-on-sockets/?page=2,
Web Technologies & Internet / PHP,sockets,How will you update the URL displayed in the location bar?,location,location.URL,location.hash,url,C,The property location.hash needs to be updated to display the updated URL in the location bar.,medium,web:Examveda.com https://www.examveda.com/javascript/practice-mcq-question-on-sockets/?page=2,
Web Technologies & Internet / PHP,sockets,How do you add a particular state to the browsing history?,pushState(),replaceState(),state(),none of the mentioned,A,The pushState() method adds a particular state to the browsing history.,medium,web:Examveda.com https://www.examveda.com/javascript/practice-mcq-question-on-sockets/?page=2,
Web Technologies & Internet / PHP,sockets,What does the pushState() method do?,Removes the state,Adds new state,Replaces the state,None of the mentioned,B,"When a web app enters a new state, it calls history.pushState() to add that state to the browsing history.",medium,web:Examveda.com https://www.examveda.com/javascript/practice-mcq-question-on-sockets/?page=2,
Web Technologies & Internet / PHP,sockets,Which of the following method is used to replace the current history state instead of adding a new state to the browsing history?,replaceState(),replace(state),replace(),none of the mentioned,A,The replaceState() method is used to replace the current history state instead of adding a new state to the browsing history.,medium,web:Examveda.com https://www.examveda.com/javascript/practice-mcq-question-on-sockets/?page=2,
Web Technologies & Internet / PHP,sockets,How many parameters does the replaceState() method take?,2,3,4,5,B,"window.history.replaceState(stateObj, title, url) : This is just like window.history.pushState, except that the current browser state is removed from the history, so you cannot hit “back” to return to it.",medium,web:Examveda.com https://www.examveda.com/javascript/practice-mcq-question-on-sockets/?page=2,
Web Technologies & Internet / PHP,sockets,What is the purpose of the event window.onpopstate?,When a state object is replaced,When a state object is added,When a state object is removed,None of the mentioned,C,"The window.onpopstate event is fired whenever a state object is removed from the browser history, which occurs on browser “back” or “forward”. State objects are persisted on the user’s hard disk between sessions, which is a nice feature. The object passed into a call to pushState or replaceState is provided as the state property on the event object in the “popstate” event.",medium,web:Examveda.com https://www.examveda.com/javascript/practice-mcq-question-on-sockets/?page=2,
Web Technologies & Internet / PHP,sockets,R is an extension of which of the following language?,C,C++,S,None of the mentioned,C,"R is an extension of and successor to the S language, which was itself a statistical language created in 1976 by John Chambers while at Bell Labs. 

 
 
 
 



 
 
 
 
 
 
 
 
 
 
 
 
 
1
2
3
4
5
6
7

 
 
 
 
 
 
 
 
 
 

 
 

 -->
 
 
 


 

-->
 
 
 Copyright © 2026 Examveda.com
 
 
 
 
 
 
 
 
 
 About Us |
 Terms & Condition |
 Privacy Policy |
 Contact Us",medium,web:Examveda.com https://www.examveda.com/javascript/practice-mcq-question-on-sockets/?page=2,
Web Technologies & Internet / PHP,sockets,Which of the following is/are statistical languages?,R,S,None of the mentioned,Both R and S,D,Both R and S are statistical languages.,medium,web:Examveda.com https://www.examveda.com/javascript/practice-mcq-question-on-sockets/?page=3,
Web Technologies & Internet / PHP,sockets,Which of the following is a successor to the S language?,C++,R,S,Java,B,"R is an extension of and successor to the S language, which was itself a statistical language.",medium,web:Examveda.com https://www.examveda.com/javascript/practice-mcq-question-on-sockets/?page=3,
Web Technologies & Internet / PHP,sockets,What are the purposes R can be used for?,Suck in data,Parse data,Process data,All of the mentioned,D,"Generally, R can be used to suck in data, parse it, process it, and then visualize it for reporting purposes.",medium,web:Examveda.com https://www.examveda.com/javascript/practice-mcq-question-on-sockets/?page=3,
Web Technologies & Internet / PHP,sockets,What type of language is generally used to collect the data?,Glue language,Statistical language,Both Glue and Statistical language,None of the mentioned,A,"A glue language is generally used to collect the data, that is written out as a comma-separated file, and read it into R.",medium,web:Examveda.com https://www.examveda.com/javascript/practice-mcq-question-on-sockets/?page=3,
Web Technologies & Internet / PHP,sockets,What are the processes that take place within R?,Splitting of data,Aggregating of data,Overlaying two or more data,All of the mentioned,D,"Within R, processing the data, splitting it, averaging it, aggregating it, overlaying two or more data sets, and then from with R, a chart that depicts the data out is done.",medium,web:Examveda.com https://www.examveda.com/javascript/practice-mcq-question-on-sockets/?page=3,
Web Technologies & Internet / PHP,sockets,Which platform is R imported to after charting as a PDF?,Adobe Illustrator,Adobe Photoshop,Both Adobe Illustrator and Adobe Photoshop,None of the mentioned,A,"From R, the chart is imported into the Adobe Illustrator, or any other such program, where it can clean up things like font consistency and make sure axis labels with long names are visible.",medium,web:Examveda.com https://www.examveda.com/javascript/practice-mcq-question-on-sockets/?page=3,
Web Technologies & Internet / PHP,sockets,What is the purpose of a glue language?,Format data,Producte data,Collectc data,Both Format and Collectc,D,A glue language is generally used to collect and format the data.,medium,web:Examveda.com https://www.examveda.com/javascript/practice-mcq-question-on-sockets/?page=3,
Web Technologies & Internet / PHP,sockets,Why do we use Adobe Illustrator along with R?,Collect the relevant data,Format the chart and to correct the errors,Tighten and format the chart,Ingest and process the chart,C,The Adobe Illustrator is used along with R to tighten and format the chart.,medium,web:Examveda.com https://www.examveda.com/javascript/practice-mcq-question-on-sockets/?page=3,
Web Technologies & Internet / PHP,sockets,What does the R language do?,Tighten and format the chart,Ingest and process the chart,Format and Ingest the chart,None of the mentioned,B,The R language is generally used to collect data that has been collected by the glue language and then ingest and process and chart.,medium,web:Examveda.com https://www.examveda.com/javascript/practice-mcq-question-on-sockets/?page=3,
Web Technologies & Internet / PHP,sockets,What kind of data can be run in R?,Binary,Text,Decimals,All kinds,D,"All kinds of data can be run in R. 

 
 
 
 



 
 
 
 
 
 
 
 
 
 
 
 
 
1
2
3
4
5
6
7

 
 
 
 
 
 
 
 
 
 

 
 

 -->
 
 
 


 

-->
 
 
 Copyright © 2026 Examveda.com
 
 
 
 
 
 
 
 
 
 About Us |
 Terms & Condition |
 Privacy Policy |
 Contact Us",medium,web:Examveda.com https://www.examveda.com/javascript/practice-mcq-question-on-sockets/?page=3,
Web Technologies & Internet / PHP,sockets,Which of the following is/are the features of R?,Small,Self-contained,Extensible,All of the mentioned,D,"As a language, R is small, self-contained, extensible, and just fun to use.",medium,web:Examveda.com https://www.examveda.com/javascript/practice-mcq-question-on-sockets/?page=4,
Web Technologies & Internet / PHP,sockets,What is the advantage for Linux users using R?,They get a command sequence to install the particular Linux flavor,They get a compiled installer,All of the mentioned,None of the mentioned,A,"Instead of a compiled installer, Linux users get the command sequence to install for their particular Linux flavor.",medium,web:Examveda.com https://www.examveda.com/javascript/practice-mcq-question-on-sockets/?page=4,
Web Technologies & Internet / PHP,sockets,Which of the following is the base install for R?,Contrib,Base,Rtools,None of the mentioned,B,"The PC installer comes in three flavors: Base is the base install, Contrib comes with compiled third-party packages, and Rtools comes with tools to build your own R packages.",medium,web:Examveda.com https://www.examveda.com/javascript/practice-mcq-question-on-sockets/?page=4,
Web Technologies & Internet / PHP,sockets,Which of the following comes with compiled third-party packages?,Contrib,Base,Rtools,None of the mentioned,A,"The PC installer comes in three flavors: Base is the base install, Contrib comes with compiled third-party packages, and Rtools comes with tools to build your own R packages.",medium,web:Examveda.com https://www.examveda.com/javascript/practice-mcq-question-on-sockets/?page=4,
Web Technologies & Internet / PHP,sockets,Which of the following comes with tools to build your own R packages?,Contrib,Base,Rtools,None of the mentioned,C,"The PC installer comes in three flavors: Base is the base install, Contrib comes with compiled third-party packages, and Rtools comes with tools to build your own R packages.",medium,web:Examveda.com https://www.examveda.com/javascript/practice-mcq-question-on-sockets/?page=4,
Web Technologies & Internet / PHP,sockets,The code of the R language has an extension?,.Rl,.R,.lR,.RR,B,The code of the R language has an extension .R.,medium,web:Examveda.com https://www.examveda.com/javascript/practice-mcq-question-on-sockets/?page=4,
Web Technologies & Internet / PHP,sockets,Which of the following is used to run ad hoc R commands?,R Console,R Primer,Both R Console and R Primer,None of the mentioned,A,The R Console is a command-line environment for running ad hoc R commands.,medium,web:Examveda.com https://www.examveda.com/javascript/practice-mcq-question-on-sockets/?page=4,
Web Technologies & Internet / PHP,sockets,Which is the keyword used to open the Help window?,(),#,?,=,C,"At any time, you can type ?(keyword) to open the help window for a particular subject.",medium,web:Examveda.com https://www.examveda.com/javascript/practice-mcq-question-on-sockets/?page=4,
Web Technologies & Internet / PHP,sockets,"For a more extensive search, which keyword needs to be used?",??,?,?=,=?,A,"For a more extensive search, just type ?? (keyword).",medium,web:Examveda.com https://www.examveda.com/javascript/practice-mcq-question-on-sockets/?page=4,
Web Technologies & Internet / PHP,sockets,What is the usage of the keyword ?? in R?,Help window,Extensive search,Error correction,Error detection,B,"?? (keyword) is generally used for a more extensive search when compared to the keyword ?. 

 
 
 
 



 
 
 
 
 
 
 
 
 
 
 
 
 
1
2
3
4
5
6
7

 
 
 
 
 
 
 
 
 
 

 
 

 -->
 
 
 


 

-->
 
 
 Copyright © 2026 Examveda.com
 
 
 
 
 
 
 
 
 
 About Us |
 Terms & Condition |
 Privacy Policy |
 Contact Us",medium,web:Examveda.com https://www.examveda.com/javascript/practice-mcq-question-on-sockets/?page=4,
Web Technologies & Internet / PHP,sockets,Which type of comment is not supported in R?,Single-line comments,Multi-line comments,Both Single-line & Multi-line comments,None of the above,B,"R supports single-line comments, but not multiline comments.",medium,web:Examveda.com https://www.examveda.com/javascript/practice-mcq-question-on-sockets/?page=5,
Web Technologies & Internet / PHP,sockets,What is the usage of the keyword ? in R?,Help window,Extensive search,Error correction,Error detection,A,? is generally used to open the help window at any time.,medium,web:Examveda.com https://www.examveda.com/javascript/practice-mcq-question-on-sockets/?page=5,
Web Technologies & Internet / PHP,sockets,Which symbol is used to start a comment?,/,$,#,None of the mentioned,C,‘#’ is used to comment a line.,medium,web:Examveda.com https://www.examveda.com/javascript/practice-mcq-question-on-sockets/?page=5,
Web Technologies & Internet / PHP,sockets,Which of the following is the assignment operator?,<-,->,=,==,A,"An assignment operator is used to assign a value to a variable. 
In JavaScript, = is the assignment operator. 
It assigns the value on the right to the variable on the left. 
Options , ->, and == are not assignment operators. 
== is a comparison operator, not an assignment operator.",medium,web:Examveda.com https://www.examveda.com/javascript/practice-mcq-question-on-sockets/?page=5,
Web Technologies & Internet / PHP,sockets,Which of the following is a loosely-typed language?,R,T,S,Both R and S,C,"R and S are loosely-typed languages and it supports all of the scalar data types you would expect: string, numbers, and booleans.",medium,web:Examveda.com https://www.examveda.com/javascript/practice-mcq-question-on-sockets/?page=5,
Web Technologies & Internet / PHP,sockets,What is the limit to matrices in R?,One dimensional,Two dimensional,Three dimensional,No limit,B,"Matrices are like strictly typed two dimensional arrays. You create a matrix using the matrix function, which accepts five parameters: a vector to use as the content, the number of rows to shape the content into, the number of columns to shape the content into, an optional boolean value to indicate whether the content should be shaped by row or by column (the default is FALSE for by column), and a list that contains vectors for row names and column names: 
matrix([content vector], nrow=[number of rows], ncol=[number of columns], byrow=[how to sort], dimnames=[vector of row names, vector of column names]).",medium,web:Examveda.com https://www.examveda.com/javascript/practice-mcq-question-on-sockets/?page=5,
Web Technologies & Internet / PHP,sockets,Which is the function used to add the vectors?,c(),add(vectors),c(vectors),vectors.add,A,The c() function is used to add the vectors.,medium,web:Examveda.com https://www.examveda.com/javascript/practice-mcq-question-on-sockets/?page=5,
Web Technologies & Internet / PHP,sockets,Which of the following list contains multiple data types?,Vectors,Data frames,Matrices,None of the mentioned,B,Data frames are multidimensional lists that can contain multiple data types.,medium,web:Examveda.com https://www.examveda.com/javascript/practice-mcq-question-on-sockets/?page=5,
Web Technologies & Internet / PHP,sockets,Which function is used to create data frames?,data.frames(),frame.data(),data.frame(),frame(data),C,"The data frames can be created using the data.frame() function which accepts a number of vectors as content, and then the following parameters : row.names to specify the vector to use as row identifiers, check.rows to check consistency of row data, and check.names to check for duplicates among other syntactical checks.",medium,web:Examveda.com https://www.examveda.com/javascript/practice-mcq-question-on-sockets/?page=5,
Web Technologies & Internet / PHP,sockets,What is the purpose of the method plot()?,Displays symbols,Displays charts,Displays symbols and charts,None of the mentioned,B,"The plot() function will display a different type of chart depending on the arguments that you pass in to it. 

 
 
 
 



 
 
 
 
 
 
 
 
 
 
 
 
 
1
2
3
4
5
6
7

 
 
 
 
 
 
 
 
 
 

 
 

 -->
 
 
 


 

-->
 
 
 Copyright © 2026 Examveda.com
 
 
 
 
 
 
 
 
 
 About Us |
 Terms & Condition |
 Privacy Policy |
 Contact Us",medium,web:Examveda.com https://www.examveda.com/javascript/practice-mcq-question-on-sockets/?page=5,
Web Technologies & Internet / PHP,sockets,How many parameters does the method plot() accept?,6,7,8,9,D,The method plot() accepts a total of 9 parameters.,medium,web:Examveda.com https://www.examveda.com/javascript/practice-mcq-question-on-sockets/?page=6,
Web Technologies & Internet / PHP,sockets,What is the need for bubble charts?,Represent 2D data,Represent 3D data,Represent 2D and 3D data,None of the mentioned,B,Bubble charts are used to represent three-dimensional data.,medium,web:Examveda.com https://www.examveda.com/javascript/practice-mcq-question-on-sockets/?page=6,
Web Technologies & Internet / PHP,sockets,Which of the following is the initial function used to create a bubble chart natively in R?,init(),chart(bubble),symbols(),none of the mentioned,C,The method symbols() is used to create a bubble chart natively in R.,medium,web:Examveda.com https://www.examveda.com/javascript/practice-mcq-question-on-sockets/?page=6,
Web Technologies & Internet / PHP,sockets,What is the purpose of the method symbols in R?,Draw symbols,Draw other shapes,Draw symbols and other shapes,None of the mentioned,B,The symbols() function can be used to draw other shapes on a plot; for more information about this type ?symbols at the R console.,medium,web:Examveda.com https://www.examveda.com/javascript/practice-mcq-question-on-sockets/?page=6,
Web Technologies & Internet / PHP,sockets,How to save chart as a Window metafile?,metafile(),win.metafile(),file(),metawin(),B,The method win.metafile([filename]) is used to save chart as a Window metafile.,medium,web:Examveda.com https://www.examveda.com/javascript/practice-mcq-question-on-sockets/?page=6,
Web Technologies & Internet / PHP,sockets,Which is the method used to save chart as a ps file?,ps(),postscript(),script(),post(script),B,The syntax for the method to save chart as a ps file is : postscript([filename]).,medium,web:Examveda.com https://www.examveda.com/javascript/practice-mcq-question-on-sockets/?page=6,
Web Technologies & Internet / PHP,sockets,Which of the following are methods used to save charts?,pdf(),jpeg(),bmp(),all of the mentioned,D,All of the above mentioned methods are used to save charts in different modes.,medium,web:Examveda.com https://www.examveda.com/javascript/practice-mcq-question-on-sockets/?page=6,
Web Technologies & Internet / PHP,sockets,Which is the method used to draw a bar plot?,bar_plot(),plot(bar),barplot(),plotbar(),C,The method barplot() can be used to draw a bar plot.,medium,web:Examveda.com https://www.examveda.com/javascript/practice-mcq-question-on-sockets/?page=6,
Web Technologies & Internet / PHP,sockets,What is the purpose of the method par()?,Makes the text vertical,Makes the text horizontal,Makes the text diagonal,None of the mentioned,B,"With the method par(), you can make the text horizontal.",medium,web:Examveda.com https://www.examveda.com/javascript/practice-mcq-question-on-sockets/?page=6,
Web Technologies & Internet / PHP,sockets,How many parameters does the WebPageTest API accept?,5,6,7,8,D,"The WebPageTest API accepts totally 8 parameters, namely url, location, runs, fvonly, private, block, f, k. 

 
 
 
 



 
 
 
 
 
 
 
 
 
 
 
 
 
1
2
3
4
5
6
7

 
 
 
 
 
 
 
 
 
 

 
 

 -->
 
 
 


 

-->
 
 
 Copyright © 2026 Examveda.com
 
 
 
 
 
 
 
 
 
 About Us |
 Terms & Condition |
 Privacy Policy |
 Contact Us",medium,web:Examveda.com https://www.examveda.com/javascript/practice-mcq-question-on-sockets/?page=6,
Web Technologies & Internet / PHP,sockets,What is the purpose of getting the parameter block?,Permission to block,Space separated block list,Comma separated block list,All of the mentioned,C,This parameter allows you to set a comma separated list of block options.,medium,web:Examveda.com https://www.examveda.com/javascript/practice-mcq-question-on-sockets/?page=7,
Web Technologies & Internet / PHP,sockets,What will happen if you set the private flag as 1?,Test will be run only by the administrator,Test will not be run,Test is public,Test is not displayed in public,D,Setting the private flag to 1 will make sure that the test is not displayed in the public list of tests.,medium,web:Examveda.com https://www.examveda.com/javascript/practice-mcq-question-on-sockets/?page=7,
Web Technologies & Internet / PHP,sockets,What is the purpose of getting the paramerer fvonly?,To repeat the view test,To get the first view,To debug the code,None of the mentioned,B,"If you set fvonly to 1, you get results only for the first view, and do not run the repeat view test.",medium,web:Examveda.com https://www.examveda.com/javascript/practice-mcq-question-on-sockets/?page=7,
Web Technologies & Internet / PHP,sockets,What is the purpose of the file_get_contents()?,To get the errors and exceptions,To get the client’s response,To get the server’s response,None of the mentioned,C,The file_get_contents() is a PHP’s native function used to hit the URL and read the server’s response into a variable $wpt_response:,medium,web:Examveda.com https://www.examveda.com/javascript/practice-mcq-question-on-sockets/?page=7,
Web Technologies & Internet / PHP,sockets,What will the file_get_contents() return?,Server’s response,Errors,Exception,Client’s response,A,The file_get_contents() is a PHP’s native function used to hit the URL and read the server’s response into a variable $wpt_response:,medium,web:Examveda.com https://www.examveda.com/javascript/practice-mcq-question-on-sockets/?page=7,
Web Technologies & Internet / PHP,sockets,How will you convert the returned API into an XML object?,SimpleElement(),SimpleXMLElement(),XMLElement(),None of the mentioned,B,The API returned by the method file_get_contents() can be converted into an XML object using the method SimpleXMLElement().,medium,web:Examveda.com https://www.examveda.com/javascript/practice-mcq-question-on-sockets/?page=7,
Web Technologies & Internet / PHP,sockets,Which tag can handle mouse events in Netscape?,img,a,br,none of the mentioned,A,The img element can handle mouse events in Netscape.,medium,web:Examveda.com https://www.examveda.com/javascript/practice-mcq-question-on-sockets/?page=7,
Web Technologies & Internet / PHP,sockets,What is the tainted property of the window object?,Pathname,Protocol,Default status,Host,C,The Defaultstatus is the tainted property of the window object.,medium,web:Examveda.com https://www.examveda.com/javascript/practice-mcq-question-on-sockets/?page=7,
Web Technologies & Internet / PHP,sockets,Which environment variable must the user enable in order to enable data tainting?,ENABLE_TAINT,MS_ENABLE_TAINT,NS_ENABLE_TAINT,ENABLE_TAINT_NS,C,"The environment variable NS_ENABLE_TAINT must be enabled in order to enable data tainting. 

 
 
 
 



 
 
 
 
 
 
 
 
 
 
 
 
 
1
2
3
4
5
6
7
 
 
 
 
 
 
 
 
 
 

 
 

 -->
 
 
 


 

-->
 
 
 Copyright © 2026 Examveda.com
 
 
 
 
 
 
 
 
 
 About Us |
 Terms & Condition |
 Privacy Policy |
 Contact Us",medium,web:Examveda.com https://www.examveda.com/javascript/practice-mcq-question-on-sockets/?page=7,
Web Technologies & Internet / PHP,"parsing, benchmarking and logging",What is the necessity to create a separate file after having an API key?,To hold configuration information,To hold key details,To hold URL details,To hold the speed of the process,A,Once you have an API key you should create a separate file to hold all of the configuration information that you will need to share between processes.,medium,"web:Examveda.com https://www.examveda.com/javascript/practice-mcq-question-on-parsing,-benchmarking-and-logging/",
Web Technologies & Internet / PHP,"parsing, benchmarking and logging",How many parameters does the API accept?,5,6,7,8,D,"The API accepts a total of 8 parameters namely : 
1. url 
2. location 
3. runs 
4. fvonly 
5. private 
6. block 
7. f 
8. k",medium,"web:Examveda.com https://www.examveda.com/javascript/practice-mcq-question-on-parsing,-benchmarking-and-logging/",
Web Technologies & Internet / PHP,"parsing, benchmarking and logging",What is the purpose of the parameter location?,Specifies agent location,Specifies speed,Specifies browser,All of the mentioned,D,"The parameter location specifies the agent location, speed and browser to use for the test, formatted as location.browser:location.",medium,"web:Examveda.com https://www.examveda.com/javascript/practice-mcq-question-on-parsing,-benchmarking-and-logging/",
Web Technologies & Internet / PHP,"parsing, benchmarking and logging",What will happen if the fvonly parameter is set to 1?,Results got for the first view,Can run the repeat view test,Both A and B,None of the mentioned,A,"If you set fvonly to 1, you get results only for the first view, and do not run the repeat view test.",medium,"web:Examveda.com https://www.examveda.com/javascript/practice-mcq-question-on-parsing,-benchmarking-and-logging/",
Web Technologies & Internet / PHP,"parsing, benchmarking and logging",How many reserved words are there in JavaScript?,63,54,68,90,A,There are a total of 63 reserved words in JavaScript.,medium,"web:Examveda.com https://www.examveda.com/javascript/practice-mcq-question-on-parsing,-benchmarking-and-logging/",
Web Technologies & Internet / PHP,"parsing, benchmarking and logging",What is the purpose of the window.location object in JavaScript?,Get the URL and redirect,Get the location of the cursor,Get the path to the next page,All of the mentioned,A,The window.location object can be used to get the current page address (URL) and to redirect the browser to a new page.,medium,"web:Examveda.com https://www.examveda.com/javascript/practice-mcq-question-on-parsing,-benchmarking-and-logging/",
Web Technologies & Internet / PHP,"parsing, benchmarking and logging",Which of the following method loads a new document?,location.new(),loadnew(),location.load(),location.assign(),D,The location.assign() method loads a new document.,medium,"web:Examveda.com https://www.examveda.com/javascript/practice-mcq-question-on-parsing,-benchmarking-and-logging/",
Web Technologies & Internet / PHP,"parsing, benchmarking and logging",Which of the following method will wait for certain milliseconds to execute a specified method?,setInterval(),setTimeout(),setmilli(),setseconds(),A,"The setInterval() method will wait a specified number of milliseconds, and then execute a specified function, and it will continue to execute the function, once at every given time-interval.",medium,"web:Examveda.com https://www.examveda.com/javascript/practice-mcq-question-on-parsing,-benchmarking-and-logging/",
Web Technologies & Internet / PHP,"parsing, benchmarking and logging",What is the method used to stop an execution of a method?,clearInterval(),clcearTimeout(),both clearInterval() and clcearTimeout(),none of the mentioned,C,The clearInterval() method is used to stop further executions of the function specified in the setInterval() method) The clearTimeout() method is used to stop the execution of the function specified in the setTimeout() method.,medium,"web:Examveda.com https://www.examveda.com/javascript/practice-mcq-question-on-parsing,-benchmarking-and-logging/",
Web Technologies & Internet / PHP,"parsing, benchmarking and logging",What is the meaning of JavaScript Hoisting?,Moving declarations to bottom,Moving declarations to top,Hosting variables by itself,None of the mentioned,B,"Hoisting is JavaScript’s default behavior of moving declarations to the top. In JavaScript, a variable can be declared after it has been used) In other words; a variable can be used before it has been declared. 

 
 
 
 



 
 
 
 
 
 
 
 
 
 
 
 
 1
2
3
4
5
6
7

 
 
 
 
 
 
 
 
 
 

 
 

 -->
 
 
 


 

-->
 
 
 Copyright © 2026 Examveda.com
 
 
 
 
 
 
 
 
 
 About Us |
 Terms & Condition |
 Privacy Policy |
 Contact Us",medium,"web:Examveda.com https://www.examveda.com/javascript/practice-mcq-question-on-parsing,-benchmarking-and-logging/",
Web Technologies & Internet / PHP,"parsing, benchmarking and logging",What is the function of the XML parser?,Converts XML document to XML DOM object,Converts XML DOM object to XML document,Converts XML DOM object to a comment,None of the mentioned,A,An XML parser converts an XML document into an XML DOM object – which can then be manipulated with JavaScript.,medium,"web:Examveda.com https://www.examveda.com/javascript/practice-mcq-question-on-parsing,-benchmarking-and-logging/?page=2",
Web Technologies & Internet / PHP,"parsing, benchmarking and logging",What is the purpose of the method ActiveXObject()?,Used to call automation object,Used to reference automation object,Used to instantiate automation object,All of the mentioned,C,"The ActiveXObject() object is used only to instantiate Automation objects, and has no members.",medium,"web:Examveda.com https://www.examveda.com/javascript/practice-mcq-question-on-parsing,-benchmarking-and-logging/?page=2",
Web Technologies & Internet / PHP,"parsing, benchmarking and logging",What is the purpose of the url json?,Belongs to JSON object,Reference JSON formatted data,Belongs to JSON,None of the mentioned,B,"The URL JSON is assumed to reference a file of JSON-formatted data. The value passed to the callback is the object obtained by parsing the URL contents with jQuery.parseJSON(). jQuery.getJSON() uses this type. If the type is “json” and the URL or data string contains “=?”, the type is converted to “jsonp”.",medium,"web:Examveda.com https://www.examveda.com/javascript/practice-mcq-question-on-parsing,-benchmarking-and-logging/?page=2",
Web Technologies & Internet / PHP,"parsing, benchmarking and logging",What is the parameter of the method Date.parse()?,date,string,datestring,None of the above,C,The parse method is defined as Date.parse(datestring).,medium,"web:Examveda.com https://www.examveda.com/javascript/practice-mcq-question-on-parsing,-benchmarking-and-logging/?page=2",
Web Technologies & Internet / PHP,"parsing, benchmarking and logging",Which is the function in JavaScript that will print the current page in JavaScript?,print(),printcurrent(),print(now),print(this),A,The window.print() can be used to print the current page in JavaScript.,medium,"web:Examveda.com https://www.examveda.com/javascript/practice-mcq-question-on-parsing,-benchmarking-and-logging/?page=2",
Web Technologies & Internet / PHP,"parsing, benchmarking and logging",To which of the following object does the print() method belong to?,window,document,hash,none of the mentioned,A,The method print() belongs to the window object.,medium,"web:Examveda.com https://www.examveda.com/javascript/practice-mcq-question-on-parsing,-benchmarking-and-logging/?page=2",
Web Technologies & Internet / PHP,"parsing, benchmarking and logging",What will happen if the radix parameter of the parseInt() function is omitted?,Runs in assumption,Throws exception,Aborts,Taken as 0,A,"If the radix parameter is omitted, JavaScript assumes the following: 
1. If the string begins with “0x”, the radix is 16 (hexadecimal) 
2. If the string begins with “0”, the radix is 8 (octal). This feature is deprecated 
3. If the string begins with any other value, the radix is 10 (decimal)",medium,"web:Examveda.com https://www.examveda.com/javascript/practice-mcq-question-on-parsing,-benchmarking-and-logging/?page=2",
Web Technologies & Internet / PHP,"parsing, benchmarking and logging",What will be the radix value if the string begins with 0x?,13,14,15,16,D,"If the string begins with 0x, then the radix value will be 16.",medium,"web:Examveda.com https://www.examveda.com/javascript/practice-mcq-question-on-parsing,-benchmarking-and-logging/?page=2",
Web Technologies & Internet / PHP,"parsing, benchmarking and logging",What is the function of the parseInt() method?,Parses a datatype and stores in an integer,Parses a string and returns an integer,Parses an integer and returns a string,None of the mentioned,B,The function parseInt() method parses a string and returns an integer.,medium,"web:Examveda.com https://www.examveda.com/javascript/practice-mcq-question-on-parsing,-benchmarking-and-logging/?page=2",
Web Technologies & Internet / PHP,"parsing, benchmarking and logging",What does it indicate when the radix value is 16?,String begins with 0x,String begins with 0,String begins with 0P,String begins with FF,A,"If the string begins with “0x”, the radix is 16 (hexadecimal). 

 
 
 
 



 
 
 
 
 
 
 
 
 
 
 
 
 
1
2
3
4
5
6
7

 
 
 
 
 
 
 
 
 
 

 
 

 -->
 
 
 


 

-->
 
 
 Copyright © 2026 Examveda.com
 
 
 
 
 
 
 
 
 
 About Us |
 Terms & Condition |
 Privacy Policy |
 Contact Us",medium,"web:Examveda.com https://www.examveda.com/javascript/practice-mcq-question-on-parsing,-benchmarking-and-logging/?page=2",
Web Technologies & Internet / PHP,"parsing, benchmarking and logging",What is the purpose of the radix parameter in the parseInt() method?,Numeral system not to be used,Numeral system to be used,Convertion mode,None of the mentioned,B,"The radix parameter is used to specify which numeral system to be used, for example, a radix of 16 (hexadecimal) indicates that the number in the string should be parsed from a hexadecimal number to a decimal number.",medium,"web:Examveda.com https://www.examveda.com/javascript/practice-mcq-question-on-parsing,-benchmarking-and-logging/?page=3",
Web Technologies & Internet / PHP,"parsing, benchmarking and logging",What will be the radix value of the parseInt() method when the string begins with 0?,6,7,8,9,C,"If the string begins with “0”, the radix is 8 (octal). This feature is deprecated.",medium,"web:Examveda.com https://www.examveda.com/javascript/practice-mcq-question-on-parsing,-benchmarking-and-logging/?page=3",
Web Technologies & Internet / PHP,"parsing, benchmarking and logging",What is the purpose of the method JSON.parse()?,Parses a string to integer,Parses a string to JSON,Parses a string from JSON to JSON2,None of the mentioned,B,"The JSON.parse() method parses a string as JSON, optionally transforming the value produced by parsing.",medium,"web:Examveda.com https://www.examveda.com/javascript/practice-mcq-question-on-parsing,-benchmarking-and-logging/?page=3",
Web Technologies & Internet / PHP,"parsing, benchmarking and logging",What is the return type of the method parseInt()?,String,Float,Integer,Date,C,The method parseInt() returns an integer.,medium,"web:Examveda.com https://www.examveda.com/javascript/practice-mcq-question-on-parsing,-benchmarking-and-logging/?page=3",
Web Technologies & Internet / PHP,"parsing, benchmarking and logging",What are the parameters of the method JSON.parse()?,text,reviver,both text and reviver,none of the mentioned,C,"The parameters of the method JSON.parse() are : 
1. text : The string to parse as JSON.
2. reviver : If a function, prescribes how the value originally produced by parsing is transformed, before being returned.",medium,"web:Examveda.com https://www.examveda.com/javascript/practice-mcq-question-on-parsing,-benchmarking-and-logging/?page=3",
Web Technologies & Internet / PHP,"parsing, benchmarking and logging",What will be the radix value of the parseInt() method when the string begins with any other value other than 0x and 0?,8,9,10,11,C,The radix value will be 10 when the string of the method parseInt() begins with any other value other than 0x and 0.,medium,"web:Examveda.com https://www.examveda.com/javascript/practice-mcq-question-on-parsing,-benchmarking-and-logging/?page=3",
Web Technologies & Internet / PHP,"parsing, benchmarking and logging",What kind of an exception will be thrown if the string to parse is not valid JSON?,SyntaxError,ArrayOutOfBoundException,Both SyntaxError and ArrayOutOfBoundException,None of the mentioned,A,The method JSON.parse()throws a SyntaxError exception if the string to parse is not valid JSON.,medium,"web:Examveda.com https://www.examveda.com/javascript/practice-mcq-question-on-parsing,-benchmarking-and-logging/?page=3",
Web Technologies & Internet / PHP,"parsing, benchmarking and logging",Which of the following is a JavaScript Compressor?,Esprima,UgilifyJS,Acron,None of the mentioned,B,"UgilifyJS is a parser, JavaScript Compressor and a beautiful toolkit.",medium,"web:Examveda.com https://www.examveda.com/javascript/practice-mcq-question-on-parsing,-benchmarking-and-logging/?page=3",
Web Technologies & Internet / PHP,"parsing, benchmarking and logging",What is the purpose of the UgilifyJS?,Exposes a simple API,Minification,Both Exposes a simple API and Minification,None of the mentioned,C,"UglifyJS2 is an excellent tool to help you minify your JavaScript! It’s a tried and tested tool, used by libraries such as jQuery.",medium,"web:Examveda.com https://www.examveda.com/javascript/practice-mcq-question-on-parsing,-benchmarking-and-logging/?page=3",
Web Technologies & Internet / PHP,"parsing, benchmarking and logging",Which of the following is the fastest JavaScript parser?,JSLint,Esprima,Acron,Traceur,C,"Acron is the fastest JavaScript parser written in JavaScript which takes only 96.9ms when compared to all the JavaScript parsers available. 

 
 
 
 



 
 
 
 
 
 
 
 
 
 
 
 
 
1
2
3
4
5
6
7

 
 
 
 
 
 
 
 
 
 

 
 

 -->
 
 
 


 

-->
 
 
 Copyright © 2026 Examveda.com
 
 
 
 
 
 
 
 
 
 About Us |
 Terms & Condition |
 Privacy Policy |
 Contact Us",medium,"web:Examveda.com https://www.examveda.com/javascript/practice-mcq-question-on-parsing,-benchmarking-and-logging/?page=3",
Web Technologies & Internet / PHP,"parsing, benchmarking and logging",How many default number methods are available in JavaScript?,5,6,7,8,C,"There are a total of 7 default number methods in JavaScript namely : 
1. constructor()
2. toExponential()
3. toFixed()
4. toLocaleString()
5. toPrecision()
6. toString()
7. valueOf()",medium,"web:Examveda.com https://www.examveda.com/javascript/practice-mcq-question-on-parsing,-benchmarking-and-logging/?page=4",
Web Technologies & Internet / PHP,"parsing, benchmarking and logging",What is an observer effect?,Observing influences outcome,Observing never influences outcome,Obversing and outcome are independent,None of the mentioned,A,The observer effect says that simply observing an act influences its outcome.,medium,"web:Examveda.com https://www.examveda.com/javascript/practice-mcq-question-on-parsing,-benchmarking-and-logging/?page=4",
Web Technologies & Internet / PHP,"parsing, benchmarking and logging",Which of the following are ways to benchmark code?,Timing the code,Calculating the number of operations performed,Timing the code & Calculating the number of operations performed,None of the mentioned,C,There are a couple of ways to benchmark code—either by timing it or by calculating the number of operations performed during execution.,medium,"web:Examveda.com https://www.examveda.com/javascript/practice-mcq-question-on-parsing,-benchmarking-and-logging/?page=4",
Web Technologies & Internet / PHP,"parsing, benchmarking and logging",How to calculate the run time of a code?,Start time – End time,End time – Start time,Start time/ End time,Start time * End time,B,"The run time of a code can be calculated as : 
run time = end time – start time",medium,"web:Examveda.com https://www.examveda.com/javascript/practice-mcq-question-on-parsing,-benchmarking-and-logging/?page=4",
Web Technologies & Internet / PHP,"parsing, benchmarking and logging","According to the workflow of a runtime logging, what happens after calculating the run time?",Display to screen,Log to server,Either Display to screen or Log to server,None of the mentioned,C,"According to the workflow of a runtime logging, after calculating the run time, decision boxes are kept that will check to either display to the debug screen or log to the server.",medium,"web:Examveda.com https://www.examveda.com/javascript/practice-mcq-question-on-parsing,-benchmarking-and-logging/?page=4",
Web Technologies & Internet / PHP,"parsing, benchmarking and logging","Which of the following object is used to post the data to an external process, say savePerfData?",XML,XBT,XHR,None of the mentioned,C,The benchmarking process will call the external process. We use XHR object to post the data to the external process.,medium,"web:Examveda.com https://www.examveda.com/javascript/practice-mcq-question-on-parsing,-benchmarking-and-logging/?page=4",
Web Technologies & Internet / PHP,"parsing, benchmarking and logging",Where does the external process save the result of the test?,Normal file,Flat file,Folder,None of the mentioned,B,"The external process, say savePerfData should in turn save the results of the test in a flat file.",medium,"web:Examveda.com https://www.examveda.com/javascript/practice-mcq-question-on-parsing,-benchmarking-and-logging/?page=4",
Web Technologies & Internet / PHP,"parsing, benchmarking and logging",Which function is used to start the time logging?,startTimeLogging(),start(),Loggingstart(),startLogging(),A,The function startTimeLogging() is used to start the time logging.,medium,"web:Examveda.com https://www.examveda.com/javascript/practice-mcq-question-on-parsing,-benchmarking-and-logging/?page=4",
Web Technologies & Internet / PHP,"parsing, benchmarking and logging",Which of the following attribute of form tag is not set by using document object in JavaScript?,Target,Enctype,Action,None of the mentioned,D,All of the above can be set by using document object in JavaScript.,medium,"web:Examveda.com https://www.examveda.com/javascript/practice-mcq-question-on-parsing,-benchmarking-and-logging/?page=4",
Web Technologies & Internet / PHP,"parsing, benchmarking and logging",What type of scooping is present in JavaScript?,Lexical,Literal,Both Lexical and Literal,None of the mentioned,A,"JavaScript supports lexical scooping that deals with functions instead of blocks. 

 
 
 
 



 
 
 
 
 
 
 
 
 
 
 
 
 
1
2
3
4
5
6
7

 
 
 
 
 
 
 
 
 
 

 
 

 -->
 
 
 


 

-->
 
 
 Copyright © 2026 Examveda.com
 
 
 
 
 
 
 
 
 
 About Us |
 Terms & Condition |
 Privacy Policy |
 Contact Us",medium,"web:Examveda.com https://www.examveda.com/javascript/practice-mcq-question-on-parsing,-benchmarking-and-logging/?page=4",
Web Technologies & Internet / PHP,"parsing, benchmarking and logging",Which function is used to stop the time logging?,stopTimeLogging(),stop(),finish(),abort(),A,The function stopTimeLogging() is used to stop the time logging.,medium,"web:Examveda.com https://www.examveda.com/javascript/practice-mcq-question-on-parsing,-benchmarking-and-logging/?page=5",
Web Technologies & Internet / PHP,"parsing, benchmarking and logging",The lexical scooping in JavaScript is based on which of the following?,Segments,Blocks,Functions,Entire code,C,JavaScript has lexical scoping based on functions but not blocks.,medium,"web:Examveda.com https://www.examveda.com/javascript/practice-mcq-question-on-parsing,-benchmarking-and-logging/?page=5",
Web Technologies & Internet / PHP,"parsing, benchmarking and logging",What is the return data type of the property accept that belongs to the Input element?,integer,string,boolean,float,B,"When type is “file”, this property is a comma-separated list of MIME types that specify the types of files that may be selected. The strings “audio/*”, “video/*”, and “image/*” are also legal. Mirrors the accept attribute.",medium,"web:Examveda.com https://www.examveda.com/javascript/practice-mcq-question-on-parsing,-benchmarking-and-logging/?page=5",
Web Technologies & Internet / PHP,"parsing, benchmarking and logging",What is the purpose of the property width belonging to the ImageData element?,Number of data,Number of pixels,Number of pixels per row of data,All of the mentioned,C,The width property is used to retrieve or store the number of pixels per row of data.,medium,"web:Examveda.com https://www.examveda.com/javascript/practice-mcq-question-on-parsing,-benchmarking-and-logging/?page=5",
Web Technologies & Internet / PHP,"parsing, benchmarking and logging",What is the purpose of the adoptNode() method?,Removes node,Makes it ready for insertion,Removes node and Makes it ready for insertion,None of the mentioned,C,"This method removes node from whatever document it is currently part of and changes its ownerDocument property to this document, making it ready for insertion into this document.",medium,"web:Examveda.com https://www.examveda.com/javascript/practice-mcq-question-on-parsing,-benchmarking-and-logging/?page=5",
Web Technologies & Internet / PHP,"parsing, benchmarking and logging",What is the function of the method importNode()?,Copies without removing,Copies and removes,Only copies,Only removes,A,The method importNode() copies a node from another document without removing it.,medium,"web:Examveda.com https://www.examveda.com/javascript/practice-mcq-question-on-parsing,-benchmarking-and-logging/?page=5",
Web Technologies & Internet / PHP,"parsing, benchmarking and logging",How can you create a node for comment in JavaScript?,comment(),createComment(),Comm(),None of the mentioned,B,The comment node can be created using the method Comment createComment(string data).,medium,"web:Examveda.com https://www.examveda.com/javascript/practice-mcq-question-on-parsing,-benchmarking-and-logging/?page=5",
Web Technologies & Internet / PHP,"parsing, benchmarking and logging",How can you dispatch a synthetic event object?,dispatchEvent(),dispatch(),dispatch(Event),None of the mentioned,A,"When you have created and initialized an synthetic event object, you can dispatch it using the dispatchEvent() method of EventTarget.",medium,"web:Examveda.com https://www.examveda.com/javascript/practice-mcq-question-on-parsing,-benchmarking-and-logging/?page=5",
Web Technologies & Internet / PHP,"parsing, benchmarking and logging",What is necessary when we need to create a new field in craft?,Type of the input,Type of the output,Type of the field,All of the mentioned,C,"Whenever someone creates a new field in Craft, they must specify what type of field it is. 

 
 
 
 



 
 
 
 
 
 
 
 
 
 
 
 
 
1
2
3
4
5
6
7

 
 
 
 
 
 
 
 
 
 

 
 

 -->
 
 
 


 

-->
 
 
 Copyright © 2026 Examveda.com
 
 
 
 
 
 
 
 
 
 About Us |
 Terms & Condition |
 Privacy Policy |
 Contact Us",medium,"web:Examveda.com https://www.examveda.com/javascript/practice-mcq-question-on-parsing,-benchmarking-and-logging/?page=5",
Web Technologies & Internet / PHP,"parsing, benchmarking and logging",What does the getInputHtml() return?,Input,Fieldtype’s input HTML,Array,Value,B,The method getInputHtml() returns a fieldtype’s input HTML.,medium,"web:Examveda.com https://www.examveda.com/javascript/practice-mcq-question-on-parsing,-benchmarking-and-logging/?page=6",
Web Technologies & Internet / PHP,"parsing, benchmarking and logging",How many arguments does the getInputHtml() accept?,1,2,3,4,B,"The method getInputHtml(0 accepts two arguments: $name and $value. $name is the name you should assign your HTML input’s name= attribute, and $value is the field’s current value (either from the DB, or the POST data if there was a validation error).",medium,"web:Examveda.com https://www.examveda.com/javascript/practice-mcq-question-on-parsing,-benchmarking-and-logging/?page=6",
Web Technologies & Internet / PHP,"parsing, benchmarking and logging",Which is the method used to process on the input’s post data before it is saved to the database?,prep(),settings(),defineSettings(),prepSettings(),D,"If you need to do any processing on your settings’ post data before they’re saved to the database’s content table, you can do it with the prepSettings() method.",medium,"web:Examveda.com https://www.examveda.com/javascript/practice-mcq-question-on-parsing,-benchmarking-and-logging/?page=6",
Web Technologies & Internet / PHP,"parsing, benchmarking and logging",What is the purpose of the parameter $name ?,Document Name,Input Name,Output Name,ID,B,The parameter $name is the name you should assign your HTML input’s name= attribute.,medium,"web:Examveda.com https://www.examveda.com/javascript/practice-mcq-question-on-parsing,-benchmarking-and-logging/?page=6",
Web Technologies & Internet / PHP,"parsing, benchmarking and logging",What does the method defineSettings() return?,Array of settings name,Array of hash key,Array of strings,None of the mentioned,A,"The defineSettings() method returns an array whose keys define the setting names, and values define the parameters (the type of value, etc.).",medium,"web:Examveda.com https://www.examveda.com/javascript/practice-mcq-question-on-parsing,-benchmarking-and-logging/?page=6",
Web Technologies & Internet / PHP,"parsing, benchmarking and logging",What is the purpose of the parameter $value?,Field’s expected value,Field’s previous value,Field’s current value,Field’s probability value,C,"The parameter $value is the field’s current value (either from the DB, or the POST data if there was a validation error).",medium,"web:Examveda.com https://www.examveda.com/javascript/practice-mcq-question-on-parsing,-benchmarking-and-logging/?page=6",
Web Technologies & Internet / PHP,"parsing, benchmarking and logging",When does the defineContentAttribute() method return a false?,Data stored in different table,Data stored in its own table,Data is not stored at all,Data is not obtained,B,"If your fieldtype is storing data in its own table, and doesn’t have any use for a column within the main content table, you may also set defineContentAttribute() to return false.",medium,"web:Examveda.com https://www.examveda.com/javascript/practice-mcq-question-on-parsing,-benchmarking-and-logging/?page=6",
Web Technologies & Internet / PHP,"parsing, benchmarking and logging",How many events does the BaseFieldType provide?,1,2,3,4,C,"BaseFieldType provides three events that you can latch code onto: 
1. onBeforeSave() : Called right before a field is saved. 
2. onAfterSave() : Called right after a field is saved, and $this->model->id is set. 
3. onAfterElementSave() : Called right after an element is saved, and $this->element->id is set.",medium,"web:Examveda.com https://www.examveda.com/javascript/practice-mcq-question-on-parsing,-benchmarking-and-logging/?page=6",
Web Technologies & Internet / PHP,"parsing, benchmarking and logging",Which method is called right before a field is saved?,onBeforeSave(),BeforeSave(),SaveBefore(),None of the mentioned,A,The method onBeforeSave() is called right before a field is saved.,medium,"web:Examveda.com https://www.examveda.com/javascript/practice-mcq-question-on-parsing,-benchmarking-and-logging/?page=6",
Web Technologies & Internet / PHP,"parsing, benchmarking and logging",Which of the following are JavaScript logging library?,log,loglevel,leveljavascript,jslogjava,B,"loglevel is a JavaScript logging library that is reliable and extremeley easy-to-use over the various console.log() methods. 

 
 
 
 



 
 
 
 
 
 
 
 
 
 
 
 
 
1
2
3
4
5
6
7

 
 
 
 
 
 
 
 
 
 

 
 

 -->
 
 
 


 

-->
 
 
 Copyright © 2026 Examveda.com
 
 
 
 
 
 
 
 
 
 About Us |
 Terms & Condition |
 Privacy Policy |
 Contact Us",medium,"web:Examveda.com https://www.examveda.com/javascript/practice-mcq-question-on-parsing,-benchmarking-and-logging/?page=6",
Web Technologies & Internet / PHP,"parsing, benchmarking and logging",What is the significance of the JavaScript logging library loglevel?,Lightweight,Unreliable,Minimal usage,Inconvenient,A,"loglevel is a lightweight, minimal and convenient JavaScript logging library which provides a reliable and extremely easy-to-use layer over the various console.log() methods that are often available, with none of their downsides. loglevel makes these methods safe to use by gracefully handling the cases where they don’t exist, and also lets you filter the output of these, to only show messages at warn level or above, for example. This level is persisted in cookies (if available, safely handling non-browser environments too). loglevel doesn’t try and go beyond this, instead just sticking to the core fundamentals of logging with no frills.",medium,"web:Examveda.com https://www.examveda.com/javascript/practice-mcq-question-on-parsing,-benchmarking-and-logging/?page=7",
Web Technologies & Internet / PHP,"parsing, benchmarking and logging",Which of the following browsers support the usage of the JavaScript logging library log4javascript?,IE,Safari,Opera,All of the mentioned,D,"Since a major use of JavaScript logging is in browser testing, log4javascript is tested and works across all recent major browsers, including : 
1. Internet Explorer 5+ for Windows 
2. Mozilla, Firefox, Netscape 
3. Google Chrome 
4. Safari 1.3+ 
5. Opera 7.5+ 
6. WebKit 
7. Konqueror 3.4+",medium,"web:Examveda.com https://www.examveda.com/javascript/practice-mcq-question-on-parsing,-benchmarking-and-logging/?page=7",
Web Technologies & Internet / PHP,"parsing, benchmarking and logging",What is the significance of the JavaScript logging library log4javascript?,Fully featured,Easy to use,Fully featured and Easy to use,None of the mentioned,C,"log4javascript is a fully-featured, easy-to-use JavaScript logging framework based on the Java logging framework log4j. Its purpose is to provide JavaScript developers with a familiar, robust and flexible logging framework with which to debug JavaScript applications.",medium,"web:Examveda.com https://www.examveda.com/javascript/practice-mcq-question-on-parsing,-benchmarking-and-logging/?page=7",
Web Technologies & Internet / PHP,"parsing, benchmarking and logging",Which of the following JavaScript logging framework lets one to toggle the plane?,Lumberjack,Log Hound,jsTracer,fvlogger,A,Lumberjack is a javascript logging framework that includes a sexy logging pane/console that stays at the bottom of the page. You can toggle the pane.,medium,"web:Examveda.com https://www.examveda.com/javascript/practice-mcq-question-on-parsing,-benchmarking-and-logging/?page=7",
Web Technologies & Internet / PHP,"parsing, benchmarking and logging",Which of the following JavaScript logging tool is also a debugging tool?,Blackbird,Log Hound,jsTracer,fvlogger,C,jsTracer is a simple yet feature rich JavaScript logging and debugging tool. It is especially useful for debugging what has been coined “Web 2.0” code.,medium,"web:Examveda.com https://www.examveda.com/javascript/practice-mcq-question-on-parsing,-benchmarking-and-logging/?page=7",
Web Technologies & Internet / PHP,"parsing, benchmarking and logging",Which of the following JavaScript logging tool is standalone?,Blackbird,Log Hound,jsTracer,fvlogger,B,Log Hound is a standalone JavaScript logging utility that allows you to log messages during execution of JavaScript code. The log messages are stored and are viewable via the logging user interface which allows you to search the messages using multiple cooperative criteria) Log messages can be categorized by severity and by tags that can be associated with the messages when they are logged.,medium,"web:Examveda.com https://www.examveda.com/javascript/practice-mcq-question-on-parsing,-benchmarking-and-logging/?page=7",
Web Technologies & Internet / PHP,"parsing, benchmarking and logging",Which of the following are appenders?,DummyAppender,ConsoleAppender,FileAppender,All of the mentioned,D,"There are several ways to log using “appender”s. The current available Appenders are: 
1. DummyAppender: log nothing. 
2. ConsoleAppender: open a new window in the browser or an inline div element and insert log messages in real time. 
3. WindowsEventAppender: send log messages in the MS Windows event manager (Internet Explorer only). 
4. FileAppender: write log messages in a local file on the client (IE and Mozilla). 
5. AjaxAppender: allow to send log messages to a remote server with asynchronous HTTP request. 
6. MetatagAppender: add log messages as meta data. 
7. JavaScript Console Appenders for Opera, Mozilla and Safari.",medium,"web:Examveda.com https://www.examveda.com/javascript/practice-mcq-question-on-parsing,-benchmarking-and-logging/?page=7",
Web Technologies & Internet / PHP,"parsing, benchmarking and logging",When does JSNLog have server-side extensions?,Use of .NET,Use of Java,Both .NET and Java,None of the mentioned,A,"If you use .Net, JSNLog has server side extensions that receive log data from the browser and have it logged on the server. And it lets you configure your loggers in your web.config. 

 
 
 
 



 
 
 
 
 
 
 
 
 
 
 
 
 
1
2
3
4
5
6
7
 
 
 
 
 
 
 
 
 
 

 
 

 -->
 
 
 


 

-->
 
 
 Copyright © 2026 Examveda.com
 
 
 
 
 
 
 
 
 
 About Us |
 Terms & Condition |
 Privacy Policy |
 Contact Us",medium,"web:Examveda.com https://www.examveda.com/javascript/practice-mcq-question-on-parsing,-benchmarking-and-logging/?page=7",
Web Technologies & Internet / PHP,invocation and performance navigation,Which of the following property gives access to the JavaScript memory usage data?,performance.memory,memory(performance),performance(memory),none of the mentioned,A,The property performance.memory gives access to the JavaScript memory usage data.,medium,web:Examveda.com https://www.examveda.com/javascript/practice-mcq-question-on-invocation-and-performance-navigation/,
Web Technologies & Internet / PHP,invocation and performance navigation,What is the purpose of the timing property in the window.performance object?,Time of navigation event,Time of page load event,Time of navigation and page load event,None of the mentioned,C,"Each performance.timing attribute shows the time of a navigation event (such as when the page was requested) or page load event (such as when the DOM began loading), measured in milliseconds.",medium,web:Examveda.com https://www.examveda.com/javascript/practice-mcq-question-on-invocation-and-performance-navigation/,
Web Technologies & Internet / PHP,invocation and performance navigation,Which of the following property is associated with the Response event?,responseStart,responseEnd,both responseStart and responseEnd,none of the mentioned,C,"The properties associated with the Response event are : 
1. responseStart 
2. responseEnd.",medium,web:Examveda.com https://www.examveda.com/javascript/practice-mcq-question-on-invocation-and-performance-navigation/,
Web Technologies & Internet / PHP,invocation and performance navigation,Which of the following computation is correct to calculate the time taken for page load once the page is received from the server?,responseEnd-loadEventEnd,loadEventEnd-responseEnd,loadEventEnd/responseEnd,responseEnd/loadEventEnd,B,The time taken for page load once the page is received from the server: loadEventEnd-responseEnd.,medium,web:Examveda.com https://www.examveda.com/javascript/practice-mcq-question-on-invocation-and-performance-navigation/,
Web Technologies & Internet / PHP,invocation and performance navigation,Which of the following property is associated with the Processing event?,domComplete,domContentLoaded,domInteractive,none of the mentioned,D,"The following properties are associated with the Processing event : 
1. domComplete 
2. domContentLoaded 
3. domInteractive 
4. domLoading 
5. unLoadEnd",medium,web:Examveda.com https://www.examveda.com/javascript/practice-mcq-question-on-invocation-and-performance-navigation/,
Web Technologies & Internet / PHP,invocation and performance navigation,What does it indicate when the type attribute of the navigation object is set to 2?,Navigation by moving back through history,Navigation by moving forward through history,Navigation by moving back & forward through history,None of the mentioned,C,"When the type attribute of the navigation object is set to 2, it means that the navigation is done by moving back or forward through history.",medium,web:Examveda.com https://www.examveda.com/javascript/practice-mcq-question-on-invocation-and-performance-navigation/,
Web Technologies & Internet / PHP,invocation and performance navigation,What does the method Performance.now() return?,DOMTimeStamp,DOMHighResTimeStamp,DOMStamp,TimeStamp,B,"The Performance.now() method returns a DOMHighResTimeStamp, measured in milliseconds, accurate to one thousandth of a millisecond equal to the number of milliseconds since the PerformanceTiming.navigationStart property and the call to the method.",medium,web:Examveda.com https://www.examveda.com/javascript/practice-mcq-question-on-invocation-and-performance-navigation/,
Web Technologies & Internet / PHP,invocation and performance navigation,Which of the following is a read-only property?,PerformanceTiming.navigationStart,PerformanceTiming.fetchStart,PerformanceTiming.navigationStart & PerformanceTiming.fetchStart,None of the mentioned,C,Both PerformanceTiming.navigationStart and also the PerformanceTiming.fetchStart are a read-only properties.,medium,web:Examveda.com https://www.examveda.com/javascript/practice-mcq-question-on-invocation-and-performance-navigation/,
Web Technologies & Internet / PHP,invocation and performance navigation,Which of the following is an interface?,Time,Timing,Performance,PerformanceTiming,D,PerformanceTiming is an interface in JavaScript.,medium,web:Examveda.com https://www.examveda.com/javascript/practice-mcq-question-on-invocation-and-performance-navigation/,
Web Technologies & Internet / PHP,invocation and performance navigation,How many properties are associated with the Response event?,1,2,3,4,B,"There are a total of 2 properties associated with the Response event namely : 
1. PerformanceTiming.responseEnd 
2. PerformanceTiming.responseStart 

 
 
 
 



 
 
 
 
 
 
 
 
 
 
 
 
 1
2
3
4
5
6
7
8
9

 
 
 
 
 
 
 
 
 
 

 
 

 -->
 
 
 


 

-->
 
 
 Copyright © 2026 Examveda.com
 
 
 
 
 
 
 
 
 
 About Us |
 Terms & Condition |
 Privacy Policy |
 Contact Us",medium,web:Examveda.com https://www.examveda.com/javascript/practice-mcq-question-on-invocation-and-performance-navigation/,
Web Technologies & Internet / PHP,invocation and performance navigation,How many properties does a prototype object have?,6,7,8,9,B,"There are a total of 7 properties in the prototype object namely : 
1. perceivedTime 
2. redirectTime 
3. cacheTime 
4. dnsLookupTime 
5. tcpConnectionTime 
6. roundTripTime 
7. pageRenderTime",medium,web:Examveda.com https://www.examveda.com/javascript/practice-mcq-question-on-invocation-and-performance-navigation/?page=2,
Web Technologies & Internet / PHP,invocation and performance navigation,Which of the following does not serialize the undefined values or objects within an object?,JSON.string,JSON,JSON.stringify,None of the mentioned,C,JSON.stringify does not serialize undefined values or functions within an object.,medium,web:Examveda.com https://www.examveda.com/javascript/practice-mcq-question-on-invocation-and-performance-navigation/?page=2,
Web Technologies & Internet / PHP,invocation and performance navigation,How many properties are there in the interface PerformanceTiming?,21,22,23,24,A,There are a total of 23 properties associated with the interface PerformanceTiming.,medium,web:Examveda.com https://www.examveda.com/javascript/practice-mcq-question-on-invocation-and-performance-navigation/?page=2,
Web Technologies & Internet / PHP,invocation and performance navigation,How many properties are there in window.performance object?,1,4,2,3,C,"There are totally 2 properties associated with the window.performance and they are: 
1. navigation 
2. type",medium,web:Examveda.com https://www.examveda.com/javascript/practice-mcq-question-on-invocation-and-performance-navigation/?page=2,
Web Technologies & Internet / PHP,invocation and performance navigation,What is the purpose of the navigation property in the window.performance object?,To which page the user navigated,How the user navigated,All of the mentioned,None of the mentioned,B,The navigation tells how the user navigated to the page.,medium,web:Examveda.com https://www.examveda.com/javascript/practice-mcq-question-on-invocation-and-performance-navigation/?page=2,
Web Technologies & Internet / PHP,invocation and performance navigation,What is the purpose of the property PerformanceTiming.navigationStart?,Ready to end the navigation,Ready to jump the navigation,Ready for navigation,None of the mentioned,C,"The PerformanceTiming.navigationStart read-only property returns an unsigned long long representing the moment, in miliseconds since the UNIX epoch, right after the prompt for unload terminates on the previous document in the same browsing context. If there is no previous document, this value will be the same as : PerformanceTiming.fetchStart.",medium,web:Examveda.com https://www.examveda.com/javascript/practice-mcq-question-on-invocation-and-performance-navigation/?page=2,
Web Technologies & Internet / PHP,invocation and performance navigation,Which of the following does JSON.stringify not serialize?,Undefined values,Functions within an object,Both Undefined values and Functions within an object,None of the mentioned,C,JSON.stringify does not serialize undefined values or functions within an object.,medium,web:Examveda.com https://www.examveda.com/javascript/practice-mcq-question-on-invocation-and-performance-navigation/?page=2,
Web Technologies & Internet / PHP,invocation and performance navigation,What is the purpose of the property PerformanceTiming.fetchStart?,Browser ready to fetch input,Browser ready to fetch document,Browser ready to fetch summary,All of the mentioned,B,"The PerformanceTiming.fetchStart read-only property returns an unsigned long long representing the moment, in miliseconds since the UNIX epoch, the browser is ready to fetch the document using an HTTP request.",medium,web:Examveda.com https://www.examveda.com/javascript/practice-mcq-question-on-invocation-and-performance-navigation/?page=2,
Web Technologies & Internet / PHP,invocation and performance navigation,Which of the following property is associated with the Request event?,requestStart,requestEnd,both requestStart and requestEnd,none of the mentioned,A,The Request event has only one property : requestStart.,medium,web:Examveda.com https://www.examveda.com/javascript/practice-mcq-question-on-invocation-and-performance-navigation/?page=2,
Web Technologies & Internet / PHP,invocation and performance navigation,Which of the following API can be used to get the timing without affecting the page loading process?,Navigation API,Timing API,Navigation Timing API,None of the mentioned,C,"The timing code is in the page, so it affects how the page loads and the time that takes.. The Navigation Timing API can be used to get the timing without affecting the page loading process. 

 
 
 
 



 
 
 
 
 
 
 
 
 
 
 
 
 
1
2
3
4
5
6
7
8
9

 
 
 
 
 
 
 
 
 
 

 
 

 -->
 
 
 


 

-->
 
 
 Copyright © 2026 Examveda.com
 
 
 
 
 
 
 
 
 
 About Us |
 Terms & Condition |
 Privacy Policy |
 Contact Us",medium,web:Examveda.com https://www.examveda.com/javascript/practice-mcq-question-on-invocation-and-performance-navigation/?page=2,
Web Technologies & Internet / PHP,invocation and performance navigation,How many read-only attributes are present in the navigator object?,1,2,3,4,B,"There are a total of 2 read-only attributes present in the navigator object namely : 
1. redirectCount 
2. type",medium,web:Examveda.com https://www.examveda.com/javascript/practice-mcq-question-on-invocation-and-performance-navigation/?page=3,
Web Technologies & Internet / PHP,invocation and performance navigation,Why are HTTP redirects significant?,TCP connection available,Complete roundtrip absent,Complete roundtrip present,None of the mentioned,B,HTTP redirects are significant because they cause a complete roundtrip for each redirect. The original request is returned from the web server as either a 301 or a 302 with the path to the new location. The browser must then initialize a new TCP connection and send a new request for the new location.,medium,web:Examveda.com https://www.examveda.com/javascript/practice-mcq-question-on-invocation-and-performance-navigation/?page=3,
Web Technologies & Internet / PHP,invocation and performance navigation,Where does the DNS reply go to in a single HTTP redirect?,Browser,Client,Server,DNS Server,A,The DNS reply goes to the Browser in a single HTTP redirect.,medium,web:Examveda.com https://www.examveda.com/javascript/practice-mcq-question-on-invocation-and-performance-navigation/?page=3,
Web Technologies & Internet / PHP,invocation and performance navigation,How can one access the redirectCount property?,navigation.redirectCount,performance.navigation.redirectCount,performance.redirectCount,redirectCount,B,The redirectCount property can be accessed as : performance.navigation.redirectCount.,medium,web:Examveda.com https://www.examveda.com/javascript/practice-mcq-question-on-invocation-and-performance-navigation/?page=3,
Web Technologies & Internet / PHP,invocation and performance navigation,How many constant values can the property type be represented?,2,3,4,5,C,Totally 4 constant values can be represented by the property type.,medium,web:Examveda.com https://www.examveda.com/javascript/practice-mcq-question-on-invocation-and-performance-navigation/?page=3,
Web Technologies & Internet / PHP,invocation and performance navigation,Which of the following constants has the value 255?,TYPE_NAVIGATE,TYPE_RELOAD,TYPE_BACK_FORWARD,TYPE_RESERVED,D,TYPE_RESERVED: Has the value of 255 and is a catch-all for any navigation type not defined above.,medium,web:Examveda.com https://www.examveda.com/javascript/practice-mcq-question-on-invocation-and-performance-navigation/?page=3,
Web Technologies & Internet / PHP,invocation and performance navigation,What is the purpose of the constant TYPE_RELOAD?,Reload performed,Reload not performed,Reload must be performed,None of the mentioned,A,"TYPE_RELOAD: Has the value of 1, indicating that the current page was arrived at via a reload operation.",medium,web:Examveda.com https://www.examveda.com/javascript/practice-mcq-question-on-invocation-and-performance-navigation/?page=3,
Web Technologies & Internet / PHP,invocation and performance navigation,What does the constant TYPE_BACK_FORWRD indicate?,Navigation via browser history,Navigation via user request,Navigation via URL,None of the mentioned,A,"TYPE_BACK_FORWARD: Has the value of 2, indicating that the page was navigated to via the browser history, either using the back or forward buttons or programmatically through the browser’s history object.",medium,web:Examveda.com https://www.examveda.com/javascript/practice-mcq-question-on-invocation-and-performance-navigation/?page=3,
Web Technologies & Internet / PHP,invocation and performance navigation,Which of the following constants hold the value 2?,TYPE_NAVIGATE,TYPE_RELOAD,TYPE_BACK_FORWARD,TYPE_RESERVED,C,"TYPE_BACK_FORWARD: Has the value of 2, indicating that the page was navigated to via the browser history, either using the back or forward buttons or programmatically through the browser’s history object.",medium,web:Examveda.com https://www.examveda.com/javascript/practice-mcq-question-on-invocation-and-performance-navigation/?page=3,
Web Technologies & Internet / PHP,invocation and performance navigation,Where does the DNS Lookup direct to ?,Browser,Client,Server,DNS Server,D,"The DNS Lookup directs to the DNS Server. 

 
 
 
 



 
 
 
 
 
 
 
 
 
 
 
 
 
1
2
3
4
5
6
7
8
9

 
 
 
 
 
 
 
 
 
 

 
 

 -->
 
 
 


 

-->
 
 
 Copyright © 2026 Examveda.com
 
 
 
 
 
 
 
 
 
 About Us |
 Terms & Condition |
 Privacy Policy |
 Contact Us",medium,web:Examveda.com https://www.examveda.com/javascript/practice-mcq-question-on-invocation-and-performance-navigation/?page=3,
Web Technologies & Internet / PHP,invocation and performance navigation,How many properties are available in a memory object?,1,2,3,4,C,"There are a total of 3 memory objects namely : 
1. jsHeapSizeLimit 
2. totalJsHeapSize 
3. usedJsHeapSize",medium,web:Examveda.com https://www.examveda.com/javascript/practice-mcq-question-on-invocation-and-performance-navigation/?page=4,
Web Technologies & Internet / PHP,invocation and performance navigation,What is a heap in JavaScript?,Collection of Java objects,Collection of JavaScript objects,Collection of memory usage values,Collection of data stored in memory,B,The heap is the collection of JavaScript objects that the interpreter keeps in resident memory.,medium,web:Examveda.com https://www.examveda.com/javascript/practice-mcq-question-on-invocation-and-performance-navigation/?page=4,
Web Technologies & Internet / PHP,invocation and performance navigation,What is the function of the memory object?,Gets unused memory details,Shows optimization,Gets memory usage,None of the mentioned,C,The memory object is a feature of Chrome that allows us to see the memory usage that Chrome is taking up while running our page.,medium,web:Examveda.com https://www.examveda.com/javascript/practice-mcq-question-on-invocation-and-performance-navigation/?page=4,
Web Technologies & Internet / PHP,invocation and performance navigation,What is the command to access the Heap size limit?,performance.memory. SizeLimit,performance.memory. jsHeapSizeLimit,jsHeapSizeLimit,performance.jsHeapSizeLimit,B,The command performance.memory. jsHeapSizeLimit is used to access the Heap size limit.,medium,web:Examveda.com https://www.examveda.com/javascript/practice-mcq-question-on-invocation-and-performance-navigation/?page=4,
Web Technologies & Internet / PHP,invocation and performance navigation,What is the purpose of garbage collection?,Removes object with many reference,Removes object with reference,Removes object with invalid reference,Removes object with no reference,D,"When the interpreter sees an object in the heap with no object references, it removes that object from the heap. This is called garbage collection.",medium,web:Examveda.com https://www.examveda.com/javascript/practice-mcq-question-on-invocation-and-performance-navigation/?page=4,
Web Technologies & Internet / PHP,invocation and performance navigation,What does the usedJsHeapSize property indicate?,Amount of memory used,Amount of memory unused,Amount of memory used & unused,None of the mentioned,A,The usedJsHeapSize property is the amount of memory that all of the current objects in the heap are using.,medium,web:Examveda.com https://www.examveda.com/javascript/practice-mcq-question-on-invocation-and-performance-navigation/?page=4,
Web Technologies & Internet / PHP,invocation and performance navigation,Which of the following property indicate the total size of heap?,heapSize,totalHeapSize,totalJsHeapSize,totalHeap,C,The totalJsHeapSize is size of the heap including free space not used by objects.,medium,web:Examveda.com https://www.examveda.com/javascript/practice-mcq-question-on-invocation-and-performance-navigation/?page=4,
Web Technologies & Internet / PHP,invocation and performance navigation,What can be done to monitor the memory usage?,Profiling,Sequencing,Serializing,None of the mentioned,A,Profiling allows us to monitor our memory usage.,medium,web:Examveda.com https://www.examveda.com/javascript/practice-mcq-question-on-invocation-and-performance-navigation/?page=4,
Web Technologies & Internet / PHP,invocation and performance navigation,Which of the following gives the high level breakdown of memory usage?,about:memory,memory,about-memory,about::memory,A,Typing about:memory into the location bar brings up a page that gives a high-level breakdown of memory usage.,medium,web:Examveda.com https://www.examveda.com/javascript/practice-mcq-question-on-invocation-and-performance-navigation/?page=4,
Web Technologies & Internet / PHP,invocation and performance navigation,Which keyword must be used to get a more granular insight of the memory usage?,verb,verbose,granule,none of the mentioned,B,"To get a more granular insight of the memory usage, we must type about:memory?verbose. 

 
 
 
 



 
 
 
 
 
 
 
 
 
 
 
 
 
1
2
3
4
5
6
7
8
9

 
 
 
 
 
 
 
 
 
 

 
 

 -->
 
 
 


 

-->
 
 
 Copyright © 2026 Examveda.com
 
 
 
 
 
 
 
 
 
 About Us |
 Terms & Condition |
 Privacy Policy |
 Contact Us",medium,web:Examveda.com https://www.examveda.com/javascript/practice-mcq-question-on-invocation-and-performance-navigation/?page=4,
Web Technologies & Internet / PHP,invocation and performance navigation,When does the browser stop rendering the HTML?,Inline JavaScript block,External JavaScript file,Both Inline JavaScript block & External JavaScript file,None of the mentioned,C,"When the browser parses the HTML markup, it stops rendering the HTML when it encounters an inline JavaScript block or external JavaScript file. At this point, the user experiences rendering delays. Moving the JavaScript to the end of the HTML markup would completely eliminate these pauses in rendering.",medium,web:Examveda.com https://www.examveda.com/javascript/practice-mcq-question-on-invocation-and-performance-navigation/?page=5,
Web Technologies & Internet / PHP,invocation and performance navigation,Which of the following handles painting the content on to the screen?,Rendering engine,JavaScript Interpreter,UI Layer,Network Layer,A,"The rendering engine handles painting the content to the screen. When it encounters JavaScript, it hands it off to the JavaScript interpreter.",medium,web:Examveda.com https://www.examveda.com/javascript/practice-mcq-question-on-invocation-and-performance-navigation/?page=5,
Web Technologies & Internet / PHP,invocation and performance navigation,What does the rendering engine do when it encounters JavaScript?,Skips the code,Continues painting,Switches to Javascript Interpreter,None of the mentioned,C,"The rendering engine handles painting the content to the screen. When it encounters JavaScript, it hands it off to the JavaScript interpreter.",medium,web:Examveda.com https://www.examveda.com/javascript/practice-mcq-question-on-invocation-and-performance-navigation/?page=5,
Web Technologies & Internet / PHP,invocation and performance navigation,Which of the following runs the JavaScript code?,Just In Time compiler,JavaScript Interpreter,Both Just In Time compiler and JavaScript Interpreter,None of the mentioned,B,The JavaScript Interpreter runs the JavaScript code.,medium,web:Examveda.com https://www.examveda.com/javascript/practice-mcq-question-on-invocation-and-performance-navigation/?page=5,
Web Technologies & Internet / PHP,invocation and performance navigation,Which of the following layer retrieves the content from the network?,Transport Layer,Application Layer,Network Layer,Physical Layer,C,he network layer retrieves the content from the network.,medium,web:Examveda.com https://www.examveda.com/javascript/practice-mcq-question-on-invocation-and-performance-navigation/?page=5,
Web Technologies & Internet / PHP,invocation and performance navigation,Which of the following gets converted to DOM elements by the rendering engine?,Tokens,Strings,Address,All of the mentioned,A,The string returned by the network layer gets tokenized into meaningful chunks. The rendering engine then takes the tokens and converts them to DOM elements.,medium,web:Examveda.com https://www.examveda.com/javascript/practice-mcq-question-on-invocation-and-performance-navigation/?page=5,
Web Technologies & Internet / PHP,invocation and performance navigation,Which of the below does not belong to the Render Engine work flow?,Paint DOM elements,Parse Content,uild DOM nodes in render tree,None of the mentioned,D,"All of the mentioned belongs to the Render Engine work flow. The Render engine work flow contains : 
1. Parse Content 
2. Build DOM nodes in render tree 
3. Layout positioning of DOM elements 
4. Paint DOM elements.",medium,web:Examveda.com https://www.examveda.com/javascript/practice-mcq-question-on-invocation-and-performance-navigation/?page=5,
Web Technologies & Internet / PHP,invocation and performance navigation,Which is the next step after retrieving the content in chunks?,Paint DOM elements,Parse Content,Build DOM nodes in render tree,None of the mentioned,B,"After retrieving the content in chunks, the contents will be parsed.",medium,web:Examveda.com https://www.examveda.com/javascript/practice-mcq-question-on-invocation-and-performance-navigation/?page=5,
Web Technologies & Internet / PHP,invocation and performance navigation,What will happen after executing the script?,Execute script,Layout positioning of DOM elements,Paint DOM elements,Build DOM nodes in render tree,D,"After executing the script, the DOM nodes will be built in the render tree.",medium,web:Examveda.com https://www.examveda.com/javascript/practice-mcq-question-on-invocation-and-performance-navigation/?page=5,
Web Technologies & Internet / PHP,invocation and performance navigation,What would happen if there were no script tags?,Build DOM nodes in render tree,Layout positioning of DOM elements,Paint DOM elements,Execute script,A,"If there were no script tags, the DOM nodes will be built in the render tree. 

 
 
 
 



 
 
 
 
 
 
 
 
 
 
 
 
 
1
2
3
4
5
6
7
8
9

 
 
 
 
 
 
 
 
 
 

 
 

 -->
 
 
 


 

-->
 
 
 Copyright © 2026 Examveda.com
 
 
 
 
 
 
 
 
 
 About Us |
 Terms & Condition |
 Privacy Policy |
 Contact Us",medium,web:Examveda.com https://www.examveda.com/javascript/practice-mcq-question-on-invocation-and-performance-navigation/?page=5,
Web Technologies & Internet / PHP,invocation and performance navigation,What is the purpose of script loading?,Load Scripts programmatically,Load JavaScript files manually,Load JavaScript files programmatically,All of the mentioned,C,The script loading loads remote JavaScript files programmatically and allows us to trick the rendering engine.,medium,web:Examveda.com https://www.examveda.com/javascript/practice-mcq-question-on-invocation-and-performance-navigation/?page=6,
Web Technologies & Internet / PHP,invocation and performance navigation,What will happen if the browser encounters a script tag without an src attribute?,Throws an error,Throws an exception,Sends it to the compiler,Sends it to the interpreter,D,"If the browser encounters a script tag without a src attribute, the rendering engine simply passes the code to the JavaScript Interpreter for execution.",medium,web:Examveda.com https://www.examveda.com/javascript/practice-mcq-question-on-invocation-and-performance-navigation/?page=6,
Web Technologies & Internet / PHP,invocation and performance navigation,What is the solution to the absence of a script tag without an src attribute?,Resend the scripts,Create inline JavaScript,All of the mentioned,None of the mentioned,B,The solution to the absence of a script tag without an src attribute is to create inline JavaScript to append script tags to the document dynamically,medium,web:Examveda.com https://www.examveda.com/javascript/practice-mcq-question-on-invocation-and-performance-navigation/?page=6,
Web Technologies & Internet / PHP,invocation and performance navigation,How to get a particular value using the tagged name?,getElementbyID(),getElementsbyName(),getElementsbyTagName(),getTagName(),C,The method getElementsbyTagName() can be used to get a particular value using the tagged name associated with the document.,medium,web:Examveda.com https://www.examveda.com/javascript/practice-mcq-question-on-invocation-and-performance-navigation/?page=6,
Web Technologies & Internet / PHP,invocation and performance navigation,What should be the type of the script_url?,Object,String,Array,Any of the mentioned,D,The type of the script_url can be anything that will be compared with the typeof keyword’s result.,medium,web:Examveda.com https://www.examveda.com/javascript/practice-mcq-question-on-invocation-and-performance-navigation/?page=6,
Web Technologies & Internet / PHP,invocation and performance navigation,What is the purpose of using the async attribute in the script tag?,Load the script asynchronously,Load the script synchronously,Load the page asynchronously,Load the page synchronously,A,The async option is a native attribute that will tell the browser to load the script asynchronously.,medium,web:Examveda.com https://www.examveda.com/javascript/practice-mcq-question-on-invocation-and-performance-navigation/?page=6,
Web Technologies & Internet / PHP,invocation and performance navigation,Why do we need to use an onload event in the script tag after using the async attribute?,Invoke code during page loading,Invoke code during script loading,Invoke code during downloading,None of the mentioned,C,"When using async you don’t know when the file will be downloaded, so you can attach an onload event handler to the script tag. This will allow you to invoke or instantiate any code that will need to be run when the file is downloaded:",medium,web:Examveda.com https://www.examveda.com/javascript/practice-mcq-question-on-invocation-and-performance-navigation/?page=6,
Web Technologies & Internet / PHP,invocation and performance navigation,What is the purpose of the startTimeLogging() method?,Start the timer,Capture time logging,Capture timing data for referencing,All of the mentioned,D,"The startTimeLogging() method captures the timing data for ad hoc, etc for referencing an uncached document.location.",medium,web:Examveda.com https://www.examveda.com/javascript/practice-mcq-question-on-invocation-and-performance-navigation/?page=6,
Web Technologies & Internet / PHP,invocation and performance navigation,What is the type of datatype the async attribute optionally accepts?,Integer,String,Boolean,Decimal,C,The async attribute optionally accepts the boolean datatype of default value as true.,medium,web:Examveda.com https://www.examveda.com/javascript/practice-mcq-question-on-invocation-and-performance-navigation/?page=6,
Web Technologies & Internet / PHP,invocation and performance navigation,What is the purpose of the method createDocumentFragment()?,Creates a fragment object,Creates a document fragment,Creates imaginary node object,None of the mentioned,C,"The createDocumentFragment() method creates a imaginary Node object, with all the properties and methods of the Node object.",medium,web:Examveda.com https://www.examveda.com/javascript/practice-mcq-question-on-invocation-and-performance-navigation/?page=7,
Web Technologies & Internet / PHP,invocation and performance navigation,What is the default value of the asyc attribute?,0,1,False,True,D,The async attribute optionally accepts a boolean value and by default holds the value true.,medium,web:Examveda.com https://www.examveda.com/javascript/practice-mcq-question-on-invocation-and-performance-navigation/?page=7,
Web Technologies & Internet / PHP,invocation and performance navigation,What is the method to create a data frame ?,frame(data),frameData(),data.frame(),none of the mentioned,C,The method to create a data frame is data.frame().,medium,web:Examveda.com https://www.examveda.com/javascript/practice-mcq-question-on-invocation-and-performance-navigation/?page=7,
Web Technologies & Internet / PHP,invocation and performance navigation,What is the purpose of creating a data frame?,Hold the page render time,Hold the load time,Hold the page render time & load time,None of the mentioned,C,"You can create a data frame to hold the mean page render times for each test URL, and a data frame to hold the mean load time for each test URL.",medium,web:Examveda.com https://www.examveda.com/javascript/practice-mcq-question-on-invocation-and-performance-navigation/?page=7,
Web Technologies & Internet / PHP,invocation and performance navigation,Which of the following navigator object properties is the same in both Netscape and IE?,navigator.appCodeName,navigator.appName,navigator.appVersion,none of the mentioned,A,The property navigator.appCodeName is the same in both Netscape and IE.,medium,web:Examveda.com https://www.examveda.com/javascript/practice-mcq-question-on-invocation-and-performance-navigation/?page=7,
Web Technologies & Internet / PHP,invocation and performance navigation,Which best explains getSelection()?,Returns the VALUE of a selected OPTION,Returns document.URL of the window in focus,Returns the value of cursor-selected text,Returns the VALUE of a checked radio input,C,The getSelection() method returns the value of the cursor-selected text.,medium,web:Examveda.com https://www.examveda.com/javascript/practice-mcq-question-on-invocation-and-performance-navigation/?page=7,
Web Technologies & Internet / PHP,invocation and performance navigation,Which of the following are client-side JavaScript object?,Database,Cursor,Client,FileUpLoad,C,"Client-side JavaScript objects refer to objects that are available within the browser environment and interact directly with the user or the browser's document model.
 
Option A: Database - This is not a client-side JavaScript object. Databases are typically managed server-side or through external services.
 
Option B: Cursor - This is not a client-side JavaScript object. While cursors are used in database operations, they are not part of the JavaScript object model in the browser.
 
Option C: Client - This is the correct answer. Client-side JavaScript objects include the browser's window, document, navigator, and other objects that interact directly with the user's interface.
 
Option D: FileUpload - This is not a standard client-side JavaScript object. File uploads are handled via HTML input elements and server-side processing, though JavaScript can interact with these elements.
 
Conc",medium,web:Examveda.com https://www.examveda.com/javascript/practice-mcq-question-on-invocation-and-performance-navigation/?page=7,
Web Technologies & Internet / PHP,invocation and performance navigation,What is the purpose of the method localeCompare()?,If the reference string comes before or after another string,If the reference string is validated,If the string is a reference string,None of the mentioned,A,The method localeCompare() returns a number indicating whether a reference string comes before or after or is the same as the given string in sort order.,medium,web:Examveda.com https://www.examveda.com/javascript/practice-mcq-question-on-invocation-and-performance-navigation/?page=7,
Web Technologies & Internet / PHP,invocation and performance navigation,What is the purpose of lazy loading?,Immediate loading is necessary,Loading under command,Immediate loading is not necessary,None of the mentioned,C,Lazy loading is a kind of loading in which we don’t need our JavaScript code to be available as soon as the page loads.,medium,web:Examveda.com https://www.examveda.com/javascript/practice-mcq-question-on-invocation-and-performance-navigation/?page=8,
Web Technologies & Internet / PHP,invocation and performance navigation,Where is the external JavaScript placed in the case of lazy loading?,After window.onload event,Before window.onload event,All of the mentioned,None of the mentioned,A,"When we don’t need our JavaScript code to be available as soon as the page loads, we can script-load our external JavaScript after the window.onload event.",medium,web:Examveda.com https://www.examveda.com/javascript/practice-mcq-question-on-invocation-and-performance-navigation/?page=8,
Web Technologies & Internet / PHP,invocation and performance navigation,What are the parameters of the attachEvent function?,Function,"Function, Event","Event, Function",Event,C,"The attachEvent function accepts two parameters: the event to attach to, and the function to invoke when the event occurs.",medium,web:Examveda.com https://www.examveda.com/javascript/practice-mcq-question-on-invocation-and-performance-navigation/?page=8,
Web Technologies & Internet / PHP,invocation and performance navigation,What is the result when the showPerformanceMetrics() is called before loading the remote script?,Throws an exception,Throws an error,It will load by itself,None of the mentioned,B,"If you try to make the call to perfLogger.showPerformanceMetrics() and the script hasn’t just loaded but also executed, then you will get an error.",medium,web:Examveda.com https://www.examveda.com/javascript/practice-mcq-question-on-invocation-and-performance-navigation/?page=8,
Web Technologies & Internet / PHP,invocation and performance navigation,Which of the following is an attribute to the script object?,onclick,onload,onshow,all of the mentioned,B,Only onload is an attribute to the script object.,medium,web:Examveda.com https://www.examveda.com/javascript/practice-mcq-question-on-invocation-and-performance-navigation/?page=8,
Web Technologies & Internet / PHP,invocation and performance navigation,Which is the method used to add an event listener?,addEventListener(),addListener(),addEvent(Listener),addListener(Event),A,The addEventListener() method is used to add an event listener to the script.,medium,web:Examveda.com https://www.examveda.com/javascript/practice-mcq-question-on-invocation-and-performance-navigation/?page=8,
Web Technologies & Internet / PHP,invocation and performance navigation,What is the purpose of the domLoading attribute?,Document exists,Document can load,Document has loaded,Document begins to load,D,The domLoading attribute is used when the document begins to load.,medium,web:Examveda.com https://www.examveda.com/javascript/practice-mcq-question-on-invocation-and-performance-navigation/?page=8,
Web Technologies & Internet / PHP,invocation and performance navigation,How is the render time calculated?,Date.Now(),Date.Now() – performance.timing.domLoading,performance.domLoading,Date.Now() – performance.domLoading,B,The render time is calculated as Date.Now() – performance.timing.domLoading.,medium,web:Examveda.com https://www.examveda.com/javascript/practice-mcq-question-on-invocation-and-performance-navigation/?page=8,
Web Technologies & Internet / PHP,invocation and performance navigation,What is the inital step to set up a CSS Lazy Loading?,Fetching data,Loading the script,Loading the page,Adding the event listener,A,The CSS Lazy Loading is begun with fetching the JavaScript and the CSS files.,medium,web:Examveda.com https://www.examveda.com/javascript/practice-mcq-question-on-invocation-and-performance-navigation/?page=9,
Web Technologies & Internet / PHP,invocation and performance navigation,What is the purpose of holding whatever tag you create in the attribute type?,To have more information,To identify the scripting language,All of the mentioned,None of the mentioned,B,"A variable is created to hold whatever taag you create, and then branch the logic based on the value of type, which identifies it’s for JavaScript or for CSS.",medium,web:Examveda.com https://www.examveda.com/javascript/practice-mcq-question-on-invocation-and-performance-navigation/?page=9,
Web Technologies & Internet / PHP,invocation and performance navigation,What does the appendChild() method perform?,Appends a node in the middle of the index taken as the parameter,Appends a node as the first child,Appends a node as the last child,None of the mentioned,C,The appendChild() method appends a node as the last child of a node.,medium,web:Examveda.com https://www.examveda.com/javascript/practice-mcq-question-on-invocation-and-performance-navigation/?page=9,
Web Technologies & Internet / PHP,invocation and performance navigation,What should be the value of the type attribute of a variable if the type of file is CSS?,text/js/css,text/js,text/css,text,C,"Since the type of file is CSS, the type attribute should hold the value text/css.",medium,web:Examveda.com https://www.examveda.com/javascript/practice-mcq-question-on-invocation-and-performance-navigation/?page=9,
Web Technologies & Internet / PHP,invocation and performance navigation,How to lazy load images?,Remove the rel attribute,Remove the src attribute,Make rel = src,Make src = rel,B,"The way we would lazy load images would be to alter the HTML of the page to remove the contents of the src attribute of each image. We could just move the contents of the src attribute to an attribute in the image tag of our own design, maybe the rel attribute.",medium,web:Examveda.com https://www.examveda.com/javascript/practice-mcq-question-on-invocation-and-performance-navigation/?page=9,
Web Technologies & Internet / PHP,invocation and performance navigation,What does the rel attribute of a variable have when the type of file is CSS?,css,stylesheet,text/css,all of the mentioned,B,The rel attribute must hold the value rel = ‘stylesheet’.,medium,web:Examveda.com https://www.examveda.com/javascript/practice-mcq-question-on-invocation-and-performance-navigation/?page=9,
Web Technologies & Internet / PHP,invocation and performance navigation,What is the parameter of the method getElementsbyTagName() if we need to get an image?,image,src,img,imageurl,C,The method must look like getElementsbyTageName(“img”) if we need to get an image.,medium,web:Examveda.com https://www.examveda.com/javascript/practice-mcq-question-on-invocation-and-performance-navigation/?page=9,
Web Technologies & Internet / PHP,invocation and performance navigation,"How do we stop blocking of loading and executing the perfLogger, a logging type data?",Inlining the perfLogger,Removing the perfLogger,Placing the perfLogger before the “script” tag,None of the mentione,A,"By inlining the perfLogger, we no longer block the loading and executing of it. 

 
 
 
 



 
 
 
 
 
 
 
 
 
 
 
 
 
1
2
3
4
5
6
7
8
9
 
 
 
 
 
 
 
 
 
 

 
 

 -->
 
 
 


 

-->
 
 
 Copyright © 2026 Examveda.com
 
 
 
 
 
 
 
 
 
 About Us |
 Terms & Condition |
 Privacy Policy |
 Contact Us",medium,web:Examveda.com https://www.examveda.com/javascript/practice-mcq-question-on-invocation-and-performance-navigation/?page=9,
Web Technologies & Internet / PHP,caching and debugging,What does the interpreter do when you reference variables in other scopes?,Traverses the queue,Traverses the stack,Finds the bugs,None of the mentioned,B,"Normally when you reference variables in other scopes— at the global level, in other namespaces, and so on—the interpreter needs to traverse the stack to get to the variable.",medium,web:Examveda.com https://www.examveda.com/javascript/practice-mcq-question-on-caching-and-debugging-/,
Web Technologies & Internet / PHP,caching and debugging,The attribute location belongs to which element?,document,html,image,pre,A,The attribute location belongs to the document element.,medium,web:Examveda.com https://www.examveda.com/javascript/practice-mcq-question-on-caching-and-debugging-/,
Web Technologies & Internet / PHP,caching and debugging,What will happen if you reference document.location from within an object?,Traverses the queue,Finds the bugs,Traverses the stack,None of the mentioned,C,"If you reference document.location from within an object, the interpreter will need to go from the function that references the variable, up out of the namespace to the global window scope, down to the document scope, and get the location value.",medium,web:Examveda.com https://www.examveda.com/javascript/practice-mcq-question-on-caching-and-debugging-/,
Web Technologies & Internet / PHP,caching and debugging,Why do we need to create locally scoped variables to hold value?,To optimize the testing process,To increase the speed,To minimize memory usage,To cache the reference document.location,D,The locally scoped variables are created to cache the reference to document.location.,medium,web:Examveda.com https://www.examveda.com/javascript/practice-mcq-question-on-caching-and-debugging-/,
Web Technologies & Internet / PHP,caching and debugging,What is the next step after calling the startTimeLogging()?,Interpret the code,Compile the code,Run the code,None of the mentioned,C,"Once the startTimeLogging() method is called, run the code to test.",medium,web:Examveda.com https://www.examveda.com/javascript/practice-mcq-question-on-caching-and-debugging-/,
Web Technologies & Internet / PHP,caching and debugging,"During the traversing through the stack, where does it go after it goes to the namespace?",Window,Function,Document,Location,A,"During the traversal in the stack manner, after going to the namespace, it goes to the Window.",medium,web:Examveda.com https://www.examveda.com/javascript/practice-mcq-question-on-caching-and-debugging-/,
Web Technologies & Internet / PHP,caching and debugging,"During the traversing through the stack, where does it go after it goes to the window?",Namespace,Function,Document,None of the mentioned,D,"During the traversal in the stack manner, after going to the window, it goes no where.",medium,web:Examveda.com https://www.examveda.com/javascript/practice-mcq-question-on-caching-and-debugging-/,
Web Technologies & Internet / PHP,caching and debugging,"During the traversing of the stack when you create a locally scoped variable, where does it go after it goes to the namespace?",Window,Function,Document,Location,B,"When you create a locally scoped variable for caching the reference, the traversal reverses in the forward direction and thus, after going to the namespace, it goes to the function.",medium,web:Examveda.com https://www.examveda.com/javascript/practice-mcq-question-on-caching-and-debugging-/,
Web Technologies & Internet / PHP,caching and debugging,What is the function used to stop capturing the ad hoc timing ?,stopadhoc(),stopTimer(),stopTimeLogging(),none of the mentioned,C,"In order to stop capturing the ad hoc timing for referencing uncached document.location, we call the method stopTimeLogging().",medium,web:Examveda.com https://www.examveda.com/javascript/practice-mcq-question-on-caching-and-debugging-/,
Web Technologies & Internet / PHP,caching and debugging,"During the traversing of the stack when you create a locally scoped variable, where does it go after it goes to the location?",Window,Function,Document,None of the mentioned,D,"When you create a locally scoped variable for caching the reference, the traversal reverses in the forward direction and thus, after going to the location, it goes no where. 

 
 
 
 



 
 
 
 
 
 
 
 
 
 
 
 
 1
2
3
4
5
6
7
8
9
10

 
 
 
 
 
 
 
 
 Read More Section(Caching and Debugging )
 Each Section contains maximum 100 MCQs question on Caching and Debugging . To get more questions visit other sections.
 
 Caching and Debugging - Section 2
 
 


 
 
 
 

 
 

 -->
 
 
 


 

-->
 
 
 Copyright © 2026 Examveda.com
 
 
 
 
 
 
 
 
 
 About Us |
 Terms & Condition |
 Privacy Policy |
 Contact Us",medium,web:Examveda.com https://www.examveda.com/javascript/practice-mcq-question-on-caching-and-debugging-/,
Web Technologies & Internet / PHP,caching and debugging,What is the purpose of the simple mode?,Removes whitespaces,Does not remove white spaces,Removes the unwanted words,None of the mentioned,A,"In Simple mode it mostly performs like most other minifiers, removing whitespace, line breaks, and comments.",medium,web:Examveda.com https://www.examveda.com/javascript/practice-mcq-question-on-caching-and-debugging-/?page=2,
Web Technologies & Internet / PHP,caching and debugging,What is a closure compiler UI?,Run time application,Web application,Standalone application,All of the mentioned,B,A closure compiler UI is a web application.,medium,web:Examveda.com https://www.examveda.com/javascript/practice-mcq-question-on-caching-and-debugging-/?page=2,
Web Technologies & Internet / PHP,caching and debugging,What are the benefits of closure compiler?,Efficiency,Code checking,Both Efficiency and Code checking,None of the mentioned,D,"The closure compiler is highly beneficial in terms of : 
1. Efficiency: The Closure Compiler reduces the size of your JavaScript files and makes them more efficient, helping your application to load faster and reducing your bandwidth needs. 
2. Code checking: The Closure Compiler provides warnings for illegal JavaScript and warnings for potentially dangerous operations, helping you to produce JavaScript that is less buggy and easier to maintain.",medium,web:Examveda.com https://www.examveda.com/javascript/practice-mcq-question-on-caching-and-debugging-/?page=2,
Web Technologies & Internet / PHP,caching and debugging,In what way is the closure compiler efficient?,Increases the size of the JavaScript files,Reduces the size of the JavaScript files,Reduces the execution time,Reduces the speed,B,"The Closure Compiler reduces the size of your JavaScript files and makes them more efficient, helping your application to load faster and reducing your bandwidth needs.",medium,web:Examveda.com https://www.examveda.com/javascript/practice-mcq-question-on-caching-and-debugging-/?page=2,
Web Technologies & Internet / PHP,caching and debugging,In which way can the closure compiler can be used?,Open source,Run time application,Web application,Only Open source and Web application,D,"You can use the Closure Compiler as: 
1. An open source Java application that you can run from the command line. 
2. A simple web application. 
3. A RESTful API.",medium,web:Examveda.com https://www.examveda.com/javascript/practice-mcq-question-on-caching-and-debugging-/?page=2,
Web Technologies & Internet / PHP,caching and debugging,Why is a closure template used?,Statically updating in JavaScript,To increase the efficiency and convenience,Dynamically generating HTML in Java and JavaScript,All of the mentioned,C,"Closure Templates are a templating system for dynamically generating HTML in both Java and JavaScript. Because the language was apparently referred to as “Soy” internal to Google, and “Soy” remains in some of the documentation and classes, sometimes Closure Templates are referred to as “Soy Templates”.",medium,web:Examveda.com https://www.examveda.com/javascript/practice-mcq-question-on-caching-and-debugging-/?page=2,
Web Technologies & Internet / PHP,caching and debugging,In what way does the closure compiler help in checking the code?,Warnings,Suddenly aborts,Rejects malicious inputs,All of the mentioned,A,"The Closure Compiler provides warnings for illegal JavaScript and warnings for potentially dangerous operations, helping you to produce JavaScript that is less buggy and easier to maintain.",medium,web:Examveda.com https://www.examveda.com/javascript/practice-mcq-question-on-caching-and-debugging-/?page=2,
Web Technologies & Internet / PHP,caching and debugging,What is the function of the closure compiler?,Download faster,Run faster,Both Download faster and Run faster,None of the mentioned,C,"The Closure Compiler is a tool for making JavaScript download and run faster. It is a true compiler for JavaScript. Instead of compiling from a source language to machine code, it compiles from JavaScript to better JavaScript. It parses your JavaScript, analyzes it, removes dead code and rewrites and minimizes what’s left. It also checks syntax, variable references, and types, and warns about common JavaScript pitfalls. 

 
 
 
 



 
 
 
 
 
 
 
 
 
 
 
 
 
1
2
3
4
5
6
7
8
9
10

 
 
 
 
 
 
 
 
 Read More Section(Caching and Debugging )
 Each Section contains maximum 100 MCQs question on Caching and Debugging . To get more questions visit other sections.
 
 Caching and Debugging - Section 2
 
 


 
 
 
 

 
 

 -->
 
 
 


 

-->
 
 
 Copyright © 2026 Examveda.com
 
 
 
 
 
 
 
 
 
 About Us |
 Terms & Condition |
 Privacy Policy |
 Contact Us",medium,web:Examveda.com https://www.examveda.com/javascript/practice-mcq-question-on-caching-and-debugging-/?page=2,
Web Technologies & Internet / PHP,caching and debugging,Which of the following is one of the fundamental features of JavaScript?,Single-threaded,Multi-threaded,Both Single-threaded and,None of the mentioned,A,"One of the fundamental features of client-side JavaScript is that it is single-threaded: a browser will never run two event handlers at the same time, and it will never trigger a timer while an event handler is running, for example.",medium,web:Examveda.com https://www.examveda.com/javascript/practice-mcq-question-on-caching-and-debugging-/?page=3,
Web Technologies & Internet / PHP,caching and debugging,Which of the following functions are synchronous?,load(),require(),both load() and require(),none of the mentioned,C,JavaScript has two synchronous load() and require().,medium,web:Examveda.com https://www.examveda.com/javascript/practice-mcq-question-on-caching-and-debugging-/?page=3,
Web Technologies & Internet / PHP,caching and debugging,Why shouldn’t JavaScript functions not be too long?,User friendliness,Tie up event loops,Browser becomes unresponsive,All of the mentioned,D,The client-side JavaScript functions must not run too long: otherwise they will tie up the event loop and the web browser will become unresponsive to user input.,medium,web:Examveda.com https://www.examveda.com/javascript/practice-mcq-question-on-caching-and-debugging-/?page=3,
Web Technologies & Internet / PHP,caching and debugging,The object that looks to the thread that creates it is,Window,Worker,Element,Hash,B,"The Worker object: this is what a worker looks like from the outside, to the thread that creates it.",medium,web:Examveda.com https://www.examveda.com/javascript/practice-mcq-question-on-caching-and-debugging-/?page=3,
Web Technologies & Internet / PHP,caching and debugging,Which of the following is a global object for a new worker?,WorkerGlobalScope,Worker,WorkerScope,Window,A,"The WorkerGlobalScope is the global object for a new worker, and it is what a worker thread looks like, on the inside, to itself.",medium,web:Examveda.com https://www.examveda.com/javascript/practice-mcq-question-on-caching-and-debugging-/?page=3,
Web Technologies & Internet / PHP,caching and debugging,Which will be invoked to create a new worker?,Function,Destructor,Constructor,Interface,C,"To create a new worker, just use the Worker() constructor, passing a URL that specifies the JavaScript code that the worker is to run.",medium,web:Examveda.com https://www.examveda.com/javascript/practice-mcq-question-on-caching-and-debugging-/?page=3,
Web Technologies & Internet / PHP,caching and debugging,What will happen if you specify an absolute URL in the Worker constructor?,Resolves itself,Must have the same origin,Must not have the same origin,None of the mentioned,B,"If you specify an absolute URL, it must have the same origin (same protocol, host, and port) as that containing document.",medium,web:Examveda.com https://www.examveda.com/javascript/practice-mcq-question-on-caching-and-debugging-/?page=3,
Web Technologies & Internet / PHP,caching and debugging,How can you send data using a Worker object?,postMessage(),sendMessage(),Message(),post(),A,"Once you have a Worker object, you can send data to it with postMessage(). The value you pass to postMessage() will be cloned, and the resulting copy will be delivered to the worker via a message event:",medium,web:Examveda.com https://www.examveda.com/javascript/practice-mcq-question-on-caching-and-debugging-/?page=3,
Web Technologies & Internet / PHP,caching and debugging,Which property is used to manage multiple event handlers?,onmessage,onerror,both onmessage and onerror,none of the mentioned,C,You can use onmessage and onerror properties if you want to manage multiple event handlers.,medium,web:Examveda.com https://www.examveda.com/javascript/practice-mcq-question-on-caching-and-debugging-/?page=3,
Web Technologies & Internet / PHP,caching and debugging,Which is the function that allows a worker to terminate itself?,close(),exit(),terminate(),halt(),A,"The close() function allows a worker to terminate itself, and it is similar in effect to the terminate() method of a Worker object. 

 
 
 
 



 
 
 
 
 
 
 
 
 
 
 
 
 
1
2
3
4
5
6
7
8
9
10

 
 
 
 
 
 
 
 
 Read More Section(Caching and Debugging )
 Each Section contains maximum 100 MCQs question on Caching and Debugging . To get more questions visit other sections.
 
 Caching and Debugging - Section 2
 
 


 
 
 
 

 
 

 -->
 
 
 


 

-->
 
 
 Copyright © 2026 Examveda.com
 
 
 
 
 
 
 
 
 
 About Us |
 Terms & Condition |
 Privacy Policy |
 Contact Us",medium,web:Examveda.com https://www.examveda.com/javascript/practice-mcq-question-on-caching-and-debugging-/?page=3,
Web Technologies & Internet / PHP,caching and debugging,BLOB stands for,Binary Little Object,Binary Large Object,Broken Large Object,None of the mentioned,B,"A Blob is an opaque reference to, or handle for, a chunk of data. The name comes from SQL databases, where it means “Binary Large Object.” In JavaScript, Blobs often represent binary data, and they can be large, but neither is required: a Blob could also represent the contents of a small text file.",medium,web:Examveda.com https://www.examveda.com/javascript/practice-mcq-question-on-caching-and-debugging-/?page=4,
Web Technologies & Internet / PHP,caching and debugging,The size of blobs are generally calculated in,Meters,Kilometers,Bytes,Pixels,C,"Blobs are opaque: all you can do with them directly is determine their size in bytes, ask for their MIME type, and chop them up into smaller Blobs.",medium,web:Examveda.com https://www.examveda.com/javascript/practice-mcq-question-on-caching-and-debugging-/?page=4,
Web Technologies & Internet / PHP,caching and debugging,The blobs are generally stored in,Memory,Disk,Both Memory and Disk,None of the mentioned,C,"The web browser can store Blobs in memory or on disk, and Blobs can represent really enormous chunks of data (such as video files) that are too large to fit in main memory without first being broken into smaller pieces with slice().",medium,web:Examveda.com https://www.examveda.com/javascript/practice-mcq-question-on-caching-and-debugging-/?page=4,
Web Technologies & Internet / PHP,caching and debugging,The blobs are broken into smaller pieces using which of the following functions?,partition(),cut(),sliceall(),slice(),D,"The web browser can store Blobs in memory or on disk, and Blobs can represent really enormous chunks of data (such as video files) that are too large to fit in main memory without first being broken into smaller pieces with slice().",medium,web:Examveda.com https://www.examveda.com/javascript/practice-mcq-question-on-caching-and-debugging-/?page=4,
Web Technologies & Internet / PHP,caching and debugging,Which algorithm supports blobs?,Structured clone algorithm,Double buffer algorithm,Chen’s algorithm,Retrieval algorithm,A,"Blobs are supported by the structured clone algorithm, which means that you can obtain one from another window or thread via the message event.",medium,web:Examveda.com https://www.examveda.com/javascript/practice-mcq-question-on-caching-and-debugging-/?page=4,
Web Technologies & Internet / PHP,caching and debugging,Which database can be used to retrieve blobs?,Server-side databases,Client-side databases,Both Server-side and Client-side databases,None of the mentioned,B,Blobs can be retrieved fro client-side databases.,medium,web:Examveda.com https://www.examveda.com/javascript/practice-mcq-question-on-caching-and-debugging-/?page=4,
Web Technologies & Internet / PHP,caching and debugging,Which object can be used to create your own blobs?,Creator,BlobCreator,BlobBuilder,None of the mentioned,C,"You can create your own blobs, using a BlobBuilder object to build them out of strings, ArrayBuffer objects, and other Blobs.",medium,web:Examveda.com https://www.examveda.com/javascript/practice-mcq-question-on-caching-and-debugging-/?page=4,
Web Technologies & Internet / PHP,caching and debugging,Which of the following is a subtype of Blob?,Elemental Object,Create Object,Data Object,File Object,D,The client-side JavaScript File object is a subtype of Blob: a File is just a Blob of data with a name and a modification date.,medium,web:Examveda.com https://www.examveda.com/javascript/practice-mcq-question-on-caching-and-debugging-/?page=4,
Web Technologies & Internet / PHP,caching and debugging,Which method facilitates in uploading a Blob to a server?,send(),pass(),upload(),store(),A,You can upload a Blob to a server by passing it to the send() method of an XMLHttpRequest object.,medium,web:Examveda.com https://www.examveda.com/javascript/practice-mcq-question-on-caching-and-debugging-/?page=4,
Web Technologies & Internet / PHP,caching and debugging,A Blob URL can be created using which of the following function?,createURL(),createObjectURL(),designURL(),URLCreation(),B,"Create a Blob URL with the function createObjectURL(). At the time of this writing, the draft specification and Firefox 4 put this function in a global object named URL, and Chrome and Webkit prefix that new global, calling it webkitURL. 

 
 
 
 



 
 
 
 
 
 
 
 
 
 
 
 
 
1
2
3
4
5
6
7
8
9
10

 
 
 
 
 
 
 
 
 Read More Section(Caching and Debugging )
 Each Section contains maximum 100 MCQs question on Caching and Debugging . To get more questions visit other sections.
 
 Caching and Debugging - Section 2
 
 


 
 
 
 

 
 

 -->
 
 
 


 

-->
 
 
 Copyright © 2026 Examveda.com
 
 
 
 
 
 
 
 
 
 About Us |
 Terms & Condition |
 Privacy Policy |
 Contact Us",medium,web:Examveda.com https://www.examveda.com/javascript/practice-mcq-question-on-caching-and-debugging-/?page=4,
Web Technologies & Internet / PHP,caching and debugging,Where are memory leaks found?,Client side objects,Server side objects,Both Client side and Server side objects,None of the mentioned,A,Memory leaks occur when we are developing client-side reusable scripting objects.,medium,web:Examveda.com https://www.examveda.com/javascript/practice-mcq-question-on-caching-and-debugging-/?page=5,
Web Technologies & Internet / PHP,caching and debugging,What is the central concept of JavaScript memory management?,Reliability,Reachability,Efficiency,Transparency,B,"The central concept of JavaScript memory management is a concept of reachability. 
1. A distinguished set of objects are assumed to be reachable: these are known as the roots. Typically, these include all the objects referenced from anywhere in the call stack (that is, all local variables and parameters in the functions currently being invoked), and any global variables. 
2. Objects are kept in memory while they are accessible from roots through a reference or a chain of references.",medium,web:Examveda.com https://www.examveda.com/javascript/practice-mcq-question-on-caching-and-debugging-/?page=5,
Web Technologies & Internet / PHP,caching and debugging,When does a memory leak happen?,Browser doesn’t release memory from objects unnecessary,Browser releases too many memories,All of the mentioned,None of the mentioned,A,Memory leak happens when the browser for some reason doesn’t release memory from objects which are not needed any more.,medium,web:Examveda.com https://www.examveda.com/javascript/practice-mcq-question-on-caching-and-debugging-/?page=5,
Web Technologies & Internet / PHP,caching and debugging,Which of the following functions are referenced internally?,setTimeout,setInterval,both setTimeout and setInterval,none of the mentioned,C,"Functions used in setTimeout/setInterval are referenced internally and tracked until complete, then cleaned up.",medium,web:Examveda.com https://www.examveda.com/javascript/practice-mcq-question-on-caching-and-debugging-/?page=5,
Web Technologies & Internet / PHP,caching and debugging,What is the purpose of destroying the functions and objects?,Consume unnecessary CPU cycles,Prevent the dropping of reference count to 0,Centralize the responsibility to clean up,All of the mentioned,D,"The primary purpose of a destroy function is to centralize the responsibility for cleaning up anything that the object has done that will: 
1. Prevent its reference count from dropping to 0 (for example, removing problematic event listeners and callbacks and unregistering from any services). 
2. Consume unnecessary CPU cycles, such as intervals or animations.",medium,web:Examveda.com https://www.examveda.com/javascript/practice-mcq-question-on-caching-and-debugging-/?page=5,
Web Technologies & Internet / PHP,caching and debugging,When does a cycle occur during memory leak?,No reference occurs,Two objects reference,One object gets referenced,None of the above,B,A cycle happens when two objects reference each other in such a way that both objects retain each other.,medium,web:Examveda.com https://www.examveda.com/javascript/practice-mcq-question-on-caching-and-debugging-/?page=5,
Web Technologies & Internet / PHP,caching and debugging,Which of the following is a way to retain an object in memory?,Console Log,Closures,Destory objects,All of the mentioned,A,One particularly obscure way to retain an object in memory is to log it to the console.,medium,web:Examveda.com https://www.examveda.com/javascript/practice-mcq-question-on-caching-and-debugging-/?page=5,
Web Technologies & Internet / PHP,caching and debugging,In which format does JavaScript support external JavaScript?,.js,.php,.js/php,.jss,A,"JavaScript supports external JavaScript, in the form of .js file. 

 
 
 
 



 
 
 
 
 
 
 
 
 
 
 
 
 
1
2
3
4
5
6
7
8
9
10

 
 
 
 
 
 
 
 
 Read More Section(Caching and Debugging )
 Each Section contains maximum 100 MCQs question on Caching and Debugging . To get more questions visit other sections.
 
 Caching and Debugging - Section 2
 
 


 
 
 
 

 
 

 -->
 
 
 


 

-->
 
 
 Copyright © 2026 Examveda.com
 
 
 
 
 
 
 
 
 
 About Us |
 Terms & Condition |
 Privacy Policy |
 Contact Us",medium,web:Examveda.com https://www.examveda.com/javascript/practice-mcq-question-on-caching-and-debugging-/?page=5,
Web Technologies & Internet / PHP,caching and debugging,What are the two parts of JavaScript libraries?,“script” tag and “body” tag,External JavaScript and the “script” tag,“html” tag and “body” tag,None of the mentioned,B,"All JavaScript libraries consists of two parts: 
1. The external JavaScript itself, which is simply a text file with the containing JavaScript code, saved as a .js file. 
2. A “script” tag referencing the external JavaScript file and defined on the page(s) that uses the library.",medium,web:Examveda.com https://www.examveda.com/javascript/practice-mcq-question-on-caching-and-debugging-/?page=6,
Web Technologies & Internet / PHP,caching and debugging,Which of the following is added to prefs.js when the console is automatically opened during JavaScript error?,"user_pref(""javascript.console.open_on_error"", true);","user_pref(""javascript.console.open_error "", true);","user_pref(""javascript.console.open_error "", false);","user_pref("" javascript.console.open_on_error"", false);",A,is added to prefs.js when the console is automatically opened during JavaScript error.,medium,web:Examveda.com https://www.examveda.com/javascript/practice-mcq-question-on-caching-and-debugging-/?page=6,
Web Technologies & Internet / PHP,caching and debugging,Which of the following is possible to be referenced in external JavaScript?,cpp,cs,php,all of the mentioned,C,One of the lesser known sides of external JavaScript is the ability to reference a PHP file instead of the familiar .js file.,medium,web:Examveda.com https://www.examveda.com/javascript/practice-mcq-question-on-caching-and-debugging-/?page=6,
Web Technologies & Internet / PHP,caching and debugging,Which of the following attribute takes the source of the PHP file?,img,src,source,none of the mentioned,B,"The syntax to referencing a PHP file using external JavaScript is consistent enough with what we already know:
script type=""text/javascript"" src=""myscript.php"">",medium,web:Examveda.com https://www.examveda.com/javascript/practice-mcq-question-on-caching-and-debugging-/?page=6,
Web Technologies & Internet / PHP,caching and debugging,What kind of path can the PHP file be?,Absolute,Relative,Either Absolute or Relative,Both Absolute and Relative,C,The PHP file is either an absolute or relative path to a PHP script instead of the usual .js file.,medium,web:Examveda.com https://www.examveda.com/javascript/practice-mcq-question-on-caching-and-debugging-/?page=6,
Web Technologies & Internet / PHP,caching and debugging,Which of the following global variables is used to get parameters?,$HTTP_GET_VAR[],$HTTP_GET_VARS(),$HTTP_GET_VARS,$HTTP_GET_VARS[],D,The global variable $HTTP_GET_VARS[] is used to get parameters.,medium,web:Examveda.com https://www.examveda.com/javascript/practice-mcq-question-on-caching-and-debugging-/?page=6,
Web Technologies & Internet / PHP,caching and debugging,What is the purpose of the RegExp method test()?,Tests for a match in its float parameter,Tests for a match in its string parameter,Tests for a match in its integer parameter,None of the mentioned,B,The RegExp method test() tests for a match in its string parameter.,medium,web:Examveda.com https://www.examveda.com/javascript/practice-mcq-question-on-caching-and-debugging-/?page=6,
Web Technologies & Internet / PHP,caching and debugging,What is the purpose of the function parameter filetype?,File type to be expected,File type previously got,File type that should not be got,None of the mentioned,A,The function parameter “filetype” lets you tell the script what file type to expect before loading.,medium,web:Examveda.com https://www.examveda.com/javascript/practice-mcq-question-on-caching-and-debugging-/?page=6,
Web Technologies & Internet / PHP,caching and debugging,Which of the following is the method used to add an element to the desired location?,add.element(),element.add(),element.appendChild(),none of the mentioned,C,The method element.appendChild() is used to add the element to the desired location within the document tree.,medium,web:Examveda.com https://www.examveda.com/javascript/practice-mcq-question-on-caching-and-debugging-/?page=6,
Web Technologies & Internet / PHP,caching and debugging,Which program code doesn’t need preprocessing before being run?,Text,Script,Both Text and Script,None of the mentioned,B,"A script is program code that doesn’t need pre-processing (e.g. compiling) before being run. 

 
 
 
 



 
 
 
 
 
 
 
 
 
 
 
 
 
1
2
3
4
5
6
7
8
9
10

 
 
 
 
 
 
 
 
 Read More Section(Caching and Debugging )
 Each Section contains maximum 100 MCQs question on Caching and Debugging . To get more questions visit other sections.
 
 Caching and Debugging - Section 2
 
 


 
 
 
 

 
 

 -->
 
 
 


 

-->
 
 
 Copyright © 2026 Examveda.com
 
 
 
 
 
 
 
 
 
 About Us |
 Terms & Condition |
 Privacy Policy |
 Contact Us",medium,web:Examveda.com https://www.examveda.com/javascript/practice-mcq-question-on-caching-and-debugging-/?page=6,
Web Technologies & Internet / PHP,caching and debugging,What is the significance of scripting?,Convenient,Dynamic,Reachable,All of the mentioned,B,"Scripting makes Web pages more dynamic) For example, without reloading a new version of a page it may allow modifications to the content of that page, or allow content to be added to or sent from that page. The former has been called DHTML (Dynamic HTML), and the latter AJAX (Asynchronous JavaScript and XML).",medium,web:Examveda.com https://www.examveda.com/javascript/practice-mcq-question-on-caching-and-debugging-/?page=7,
Web Technologies & Internet / PHP,caching and debugging,What is the purpose of XMLHttpRequest?,Multiple loading,Load content by loading new document,Load content without loading new document,None of the mentioned,C,"XMLHttpRequest makes it possible to load additional content from the Web without loading a new document, a core component of AJAX.",medium,web:Examveda.com https://www.examveda.com/javascript/practice-mcq-question-on-caching-and-debugging-/?page=7,
Web Technologies & Internet / PHP,caching and debugging,Which API makes the user’s current location available to browser-based application?,Java API,SDL API,Object API,Geolocation API,D,The Geolocation API makes the user’s current location available to browser-based applications.,medium,web:Examveda.com https://www.examveda.com/javascript/practice-mcq-question-on-caching-and-debugging-/?page=7,
Web Technologies & Internet / PHP,caching and debugging,Which of the following ensures additional interactivity mechanism?,WAI ARIA,Geolocation API,Object API,None of the mentioned,A,WAI ARIA offers mechanisms to ensure that this additional interactivity remains usable independent of devices and disabilities.,medium,web:Examveda.com https://www.examveda.com/javascript/practice-mcq-question-on-caching-and-debugging-/?page=7,
Web Technologies & Internet / PHP,caching and debugging,What is the necessity to have API?,Guide to performing activities,Describe particular task,Both performing activities and Describe particular task,None of the mentioned,B,An API may describe the ways in which a particular task is performed.,medium,web:Examveda.com https://www.examveda.com/javascript/practice-mcq-question-on-caching-and-debugging-/?page=7,
Web Technologies & Internet / PHP,caching and debugging,What is the purpose of the event onAirEvent?,Content is played,Content is transfered,Both Content is played and transfered,None of the mentioned,A,The event onAirEvent is fired when the player starts playing content being broadcasted on the channel.,medium,web:Examveda.com https://www.examveda.com/javascript/practice-mcq-question-on-caching-and-debugging-/?page=7,
Web Technologies & Internet / PHP,caching and debugging,What is the purpose of the event disconnectionEvent?,Player demands for disconnection,Player disconnects from the channel,There is no user interaction,None of the mentioned,B,"The event disconnectionEvent is fired when the player disconnects from the channel, whether a result of user interaction or not.",medium,web:Examveda.com https://www.examveda.com/javascript/practice-mcq-question-on-caching-and-debugging-/?page=7,
Web Technologies & Internet / PHP,caching and debugging,When does one use the event ready?,Before loading,During loading,After loading,None of the mentioned,C,The event ready is fired after the player is done loading. It is safe to interact with it after this event fired.,medium,web:Examveda.com https://www.examveda.com/javascript/practice-mcq-question-on-caching-and-debugging-/?page=7,
Web Technologies & Internet / PHP,caching and debugging,When does one use the method startOverlays()?,Edit ad request,Delete ad request,Create ad request,None of the mentioned,C,A new ad request is made every time when the method startOverlays() gets called.,medium,web:Examveda.com https://www.examveda.com/javascript/practice-mcq-question-on-caching-and-debugging-/?page=7,
Web Technologies & Internet / PHP,caching and debugging,What is the reason for avoiding the attributes property in the HTML DOM?,Found unncessary,Attributes don’t have attributes,Attributes have attributes,None of the mentioned,B,"The reason for avoiding the attributes property in the HTML DOM is because Attributes don’t have attributes. 

 
 
 
 



 
 
 
 
 
 
 
 
 
 
 
 
 
1
2
3
4
5
6
7
8
9
10

 
 
 
 
 
 
 
 
 Read More Section(Caching and Debugging )
 Each Section contains maximum 100 MCQs question on Caching and Debugging . To get more questions visit other sections.
 
 Caching and Debugging - Section 2
 
 


 
 
 
 

 
 

 -->
 
 
 


 

-->
 
 
 Copyright © 2026 Examveda.com
 
 
 
 
 
 
 
 
 
 About Us |
 Terms & Condition |
 Privacy Policy |
 Contact Us",medium,web:Examveda.com https://www.examveda.com/javascript/practice-mcq-question-on-caching-and-debugging-/?page=7,
Web Technologies & Internet / PHP,caching and debugging,What is the purpose of the method nodeMap.setNamedItem()?,Sets ID,Sets attribute node,Sets element name,None of the mentioned,B,The method nodeMap.setNamedItem() sets the specified attribute node (by name).,medium,web:Examveda.com https://www.examveda.com/javascript/practice-mcq-question-on-caching-and-debugging-/?page=8,
Web Technologies & Internet / PHP,caching and debugging,How is everything treated in HTML DOM?,Node,Attributes,Elements,All of the mentioned,A,"In the HTML DOM (Document Object Model), everything is a node: 
1. The document itself is a document node. 
2. All HTML elements are element nodes. 
3. All HTML attributes are attribute nodes. 
4. Text inside HTML elements are text nodes. 
5. Comments are comment nodes.",medium,web:Examveda.com https://www.examveda.com/javascript/practice-mcq-question-on-caching-and-debugging-/?page=8,
Web Technologies & Internet / PHP,caching and debugging,What does the NamedNodeMap object represent in the HTML DOM?,Unordered collection of elements,Unordered collection of attributes,Unordered collection of nodes,All of the mentioned,D,"In the HTML DOM, the NamedNodeMap object represents an unordered collection of an elements attribute nodes.",medium,web:Examveda.com https://www.examveda.com/javascript/practice-mcq-question-on-caching-and-debugging-/?page=8,
Web Technologies & Internet / PHP,caching and debugging,What is the purpose of the Attr object in the HTML DOM?,Used to focus on a particular part of the HTML page,HTML Attribute,Used to arrange elements,None of the mentioned,B,"In the HTML DOM, the Attr object represents an HTML attribute.",medium,web:Examveda.com https://www.examveda.com/javascript/practice-mcq-question-on-caching-and-debugging-/?page=8,
Web Technologies & Internet / PHP,caching and debugging,What is the work of the form control elements in the HTML DOM?,User Interface elements,All the possible elements,Debugging elements,None of the mentioned,A,"Form control elements: The form object contains all the elements defined for that object such as text fields, buttons, radio buttons, and checkboxes.",medium,web:Examveda.com https://www.examveda.com/javascript/practice-mcq-question-on-caching-and-debugging-/?page=8,
Web Technologies & Internet / PHP,caching and debugging,How are the objects organized in the HTML DOM?,Class-wise,Queue,Hierarchy,None of the mentioned,C,The objects are organized in the hierarchy format in the HTML DOM.,medium,web:Examveda.com https://www.examveda.com/javascript/practice-mcq-question-on-caching-and-debugging-/?page=8,
Web Technologies & Internet / PHP,caching and debugging,Which of the following is a type of HTML DOM?,Legacy DOM,W3C DOM,IE4 DOM,All of the mentioned,D,All of the above mentioned are types of HTML DOM.,medium,web:Examveda.com https://www.examveda.com/javascript/practice-mcq-question-on-caching-and-debugging-/?page=8,
Web Technologies & Internet / PHP,caching and debugging,What is the purpose of the Legacy DOM ?,Makes the scripting easier,Allows access to few keys and elements,All of the mentioned,None of the mentioned,B,"The Legacy DOM: This is the model which was introduced in early versions of JavaScript language. It is well supported by all browsers, but allows access only to certain key portions of documents, such as forms, form elements, and images.",medium,web:Examveda.com https://www.examveda.com/javascript/practice-mcq-question-on-caching-and-debugging-/?page=8,
Web Technologies & Internet / PHP,caching and debugging,Which object is the top of the hierarchy?,Window Object,Document Object,Form Object,Form Control Elements,A,Window object is the top of the hierarchy. It is the outmost element of the object hierarchy.,medium,web:Examveda.com https://www.examveda.com/javascript/practice-mcq-question-on-caching-and-debugging-/?page=8,
Web Technologies & Internet / PHP,caching and debugging,In which part does the form validation occur?,Client,Server,Both Client and Server,None of the mentioned,B,"Form validation used to occur at the server, after the client had entered all necessary data and then pressed the Submit button. 

 
 
 
 



 
 
 
 
 
 
 
 
 
 
 
 
 
1
2
3
4
5
6
7
8
9
10

 
 
 
 
 
 
 
 
 Read More Section(Caching and Debugging )
 Each Section contains maximum 100 MCQs question on Caching and Debugging . To get more questions visit other sections.
 
 Caching and Debugging - Section 2
 
 


 
 
 
 

 
 

 -->
 
 
 


 

-->
 
 
 Copyright © 2026 Examveda.com
 
 
 
 
 
 
 
 
 
 About Us |
 Terms & Condition |
 Privacy Policy |
 Contact Us",medium,web:Examveda.com https://www.examveda.com/javascript/practice-mcq-question-on-caching-and-debugging-/?page=8,
Web Technologies & Internet / PHP,caching and debugging,What would happen if the data in the client had been wrong?,Sends back the data,Waits for correction,Sends back the data and Waits for correction,None of the mentioned,C,"If some of the data that had been entered by the client had been in the wrong form or was simply missing, the server would have to send all the data back to the client and request that the form be resubmitted with correct information.",medium,web:Examveda.com https://www.examveda.com/javascript/practice-mcq-question-on-caching-and-debugging-/?page=9,
Web Technologies & Internet / PHP,caching and debugging,What is the purpose of the basic validation?,Data correctness,Mere data existence,Both Data correctness and Mere data existence,None of the mentioned,B,"First of all, the form must be checked to make sure data was entered into each form field that required it. This would need just loop through each field in the form and check for data.",medium,web:Examveda.com https://www.examveda.com/javascript/practice-mcq-question-on-caching-and-debugging-/?page=9,
Web Technologies & Internet / PHP,caching and debugging,What is the purpose of data format validation?,Data correctness,Mere data existence,Both Data correctness and Mere data existence,None of the mentioned,A,The data that is entered must be checked for correct form and value. This would need to put more logic to test correctness of data.,medium,web:Examveda.com https://www.examveda.com/javascript/practice-mcq-question-on-caching-and-debugging-/?page=9,
Web Technologies & Internet / PHP,caching and debugging,Which is the function that is called to validate a data?,validate(),valid(),validation(),none of the mentioned,D,"There is no such function to validate a data) But, you can write a function with any name to validate the data.",medium,web:Examveda.com https://www.examveda.com/javascript/practice-mcq-question-on-caching-and-debugging-/?page=9,
Web Technologies & Internet / PHP,caching and debugging,How to find the index of a particular string?,position(),index(),indexOf(),none of the mentioned,C,The indexOf() function can be used to find out the index of a particular character or a string.,medium,web:Examveda.com https://www.examveda.com/javascript/practice-mcq-question-on-caching-and-debugging-/?page=9,
Web Technologies & Internet / PHP,caching and debugging,How do you focus a particular part of the HTML page in JavaScript?,hover(),focus(),on(),all of the mentioned,B,The focus() function can be used to focus a particular part of the HTML page in JavaScript.,medium,web:Examveda.com https://www.examveda.com/javascript/practice-mcq-question-on-caching-and-debugging-/?page=9,
Web Technologies & Internet / PHP,caching and debugging,Which of the following is the child object of the JavaScript navigator?,Navicat,Plugins,NetRight,None of the mentioned,B,The JavaScript navigator object includes a child object called plugins.,medium,web:Examveda.com https://www.examveda.com/javascript/practice-mcq-question-on-caching-and-debugging-/?page=9,
Web Technologies & Internet / PHP,caching and debugging,Which of the following are the properties of a plug-in entry?,name,filename,mimeTypes,all of the mentioned,D,"Each plug-in has an entry in the array. Each entry has the following properties: 
1. name – is the name of the plug-in. 
2. filename – is the executable file that was loaded to install the plug-in. 
3. description – is a description of the plug-in, supplied by the developer. 
4. mimeTypes – is an array with one entry for each MIME type supported by the plug-in.",medium,web:Examveda.com https://www.examveda.com/javascript/practice-mcq-question-on-caching-and-debugging-/?page=9,
Web Technologies & Internet / PHP,caching and debugging,What is the purpose of the mimeTypes property of a plug-in entry?,Contains MIME properties,Contains MIME sizes,Contains MIME types,None of the mentioned,C,mimeTypes is an array with one entry for each MIME type supported by the plug-in.,medium,web:Examveda.com https://www.examveda.com/javascript/practice-mcq-question-on-caching-and-debugging-/?page=9,
Web Technologies & Internet / PHP,caching and debugging,What is it called when we make a mistake in the script?,Error,Bug,Mistake,All of the mentioned,B,"A mistake in a script is referred to as a bug. 

 
 
 
 



 
 
 
 
 
 
 
 
 
 
 
 
 
1
2
3
4
5
6
7
8
9
10

 
 
 
 
 
 
 
 
 Read More Section(Caching and Debugging )
 Each Section contains maximum 100 MCQs question on Caching and Debugging . To get more questions visit other sections.
 
 Caching and Debugging - Section 2
 
 


 
 
 
 

 
 

 -->
 
 
 


 

-->
 
 
 Copyright © 2026 Examveda.com
 
 
 
 
 
 
 
 
 
 About Us |
 Terms & Condition |
 Privacy Policy |
 Contact Us",medium,web:Examveda.com https://www.examveda.com/javascript/practice-mcq-question-on-caching-and-debugging-/?page=9,
Web Technologies & Internet / PHP,caching and debugging,Which of the following is the definition for debugging?,Finding bugs,Fixing bugs,Both Finding & Fixing bugs,None of the mentioned,C,The process of finding and fixing bugs is called debugging and is a normal part of the development process.,medium,web:Examveda.com https://www.examveda.com/javascript/practice-mcq-question-on-caching-and-debugging-/?page=10,
Web Technologies & Internet / PHP,caching and debugging,Where is the error icon shown in the Internet Explorer?,Taskbar,Status bar,Both Taskbar and Status bar,None of the above,B,The error icon is shown in the status bar of the Internet Explorer.,medium,web:Examveda.com https://www.examveda.com/javascript/practice-mcq-question-on-caching-and-debugging-/?page=10,
Web Technologies & Internet / PHP,caching and debugging,Where is the error icon option available?,Tools,Help,File,Edit,A,The error icon option can be enabled in the Tools.,medium,web:Examveda.com https://www.examveda.com/javascript/practice-mcq-question-on-caching-and-debugging-/?page=10,
Web Technologies & Internet / PHP,caching and debugging,Which of the following is the window that the Firefox sends the error messages to?,Bug Window,Error Issues,Error Window,Error Console,D,"The browsers like Firefox, Netscape and Mozilla send error messages to a special window called the JavaScript Console or Error Consol.",medium,web:Examveda.com https://www.examveda.com/javascript/practice-mcq-question-on-caching-and-debugging-/?page=10,
Web Technologies & Internet / PHP,caching and debugging,What is the procedure to view the console in the Firefox?,Tools->Error Console,Tools->Error Window,Help->Error Console,None of the mentioned,A,"To view the console, select Tools –> Error Consol or Web Development.",medium,web:Examveda.com https://www.examveda.com/javascript/practice-mcq-question-on-caching-and-debugging-/?page=10,
Web Technologies & Internet / PHP,caching and debugging,What is the other way of calling the Error Console in Firefox?,Error Window,JavaScript Console,JavaScript Window,None of the above,B,The Error Console is also termed as the JavaScript Console.,medium,web:Examveda.com https://www.examveda.com/javascript/practice-mcq-question-on-caching-and-debugging-/?page=10,
Web Technologies & Internet / PHP,caching and debugging,What kind of error notifications are shown in the console window?,Syntax error,Runtime error,Both Syntax error and Runtime error,None of the mentioned,C,Error notifications that show up on Console or through Internet Explorer dialog boxes are the result of both syntax and runtime errors. These error notification include the line number at which the error occurred.,medium,web:Examveda.com https://www.examveda.com/javascript/practice-mcq-question-on-caching-and-debugging-/?page=10,
Web Technologies & Internet / PHP,caching and debugging,How do we debug a script?,Use of JavaScript Validator,Use of JavaScript Debugger,Use of JavaScript Validator & Debugger,None of the mentioned,C,Both the JavaScript Validator and the JavaScript Debugger can be used to debug a script.,medium,web:Examveda.com https://www.examveda.com/javascript/practice-mcq-question-on-caching-and-debugging-/?page=10,
Web Technologies & Internet / PHP,caching and debugging,What is the purpose of a JavaScript debugger?,Correction of errors,Placing script execution under control,Correction of errors & Placing script execution under control,None of the mentioned,B,A debugger is an application that places all aspects of script execution under the control of the programmer. Debuggers provide fine-grained control over the state of the script through an interface that allows you to examine and set values as well as control the flow of execution.,medium,web:Examveda.com https://www.examveda.com/javascript/practice-mcq-question-on-caching-and-debugging-/?page=10,
Web Technologies & Internet / PHP,caching and debugging,What is a framework?,User time efficiency,Author time efficiency,Both User time and Author time efficiency,None of the mentioned,B,"Frameworks are an author-time efficiency, meaning that they make coding tasks much simpler by abstracting the real work that goes into doing those tasks. 

 
 
 
 



 
 
 
 
 
 
 
 
 
 
 
 
 
1
2
3
4
5
6
7
8
9
10
 
 
 
 
 
 
 
 
 Read More Section(Caching and Debugging )
 Each Section contains maximum 100 MCQs question on Caching and Debugging . To get more questions visit other sections.
 
 Caching and Debugging - Section 2
 
 


 
 
 
 

 
 

 -->
 
 
 


 

-->
 
 
 Copyright © 2026 Examveda.com
 
 
 
 
 
 
 
 
 
 About Us |
 Terms & Condition |
 Privacy Policy |
 Contact Us",medium,web:Examveda.com https://www.examveda.com/javascript/practice-mcq-question-on-caching-and-debugging-/?page=10,
Web Technologies & Internet / PHP,animation,Which of the following can be implemented using animation?,Fireworks,Fade Effect,Roll-in or Roll-out,All of the mentioned,D,"You can use JavaScript to create a complex animation which includes but not limited to: 
1. Fireworks 
2. Fade Effect 
3. Roll-in or Roll-out 
4. Page-in or Page-out 
5. Object movements",medium,web:Examveda.com https://www.examveda.com/javascript/practice-mcq-question-on-animation/,
Web Technologies & Internet / PHP,animation,Which is the function that calls another function after a time interval?,setTimeout(),setTime(),callafter(),none of the mentioned,A,"The setTimeout(function, duration) calls function after duration milliseconds from now.",medium,web:Examveda.com https://www.examveda.com/javascript/practice-mcq-question-on-animation/,
Web Technologies & Internet / PHP,animation,Which function is used to clear the timer value?,clearTimervalue(),clearTimeout(),clear(),flush(timer),B,The clearTimeout(setTimeout_variable) call clears any timer set by the setTimeout() functions.,medium,web:Examveda.com https://www.examveda.com/javascript/practice-mcq-question-on-animation/,
Web Technologies & Internet / PHP,animation,Which is the property used to position the object in the left of the screen?,object.position = left,object = position.left,object.style.left,none of the mentioned,C,The property object.style.left = distance in pixels or points sets distance from left edge of the screen.,medium,web:Examveda.com https://www.examveda.com/javascript/practice-mcq-question-on-animation/,
Web Technologies & Internet / PHP,animation,Which is the function used to call a function in every time duration?,callafter(),setInterval(),setTimeout(),setTime(),B,"The setInterval(function, duration) calls function after every duration milliseconds.",medium,web:Examveda.com https://www.examveda.com/javascript/practice-mcq-question-on-animation/,
Web Technologies & Internet / PHP,animation,How do we get the DOM object in JavaScript?,getElementbyId(),getObject(),getElement(),none of the mentioned,A,The getElementbyId() is used to get the DOM object in JavaScript by simply calling that function associated with the HTML document.,medium,web:Examveda.com https://www.examveda.com/javascript/practice-mcq-question-on-animation/,
Web Technologies & Internet / PHP,animation,How to assign the image source in JavaScript?,image = “url”,source(“url”),image.src = “url”,none of the mentioned,C,The image source is defined as image.src = “/images/html.gif”.,medium,web:Examveda.com https://www.examveda.com/javascript/practice-mcq-question-on-animation/,
Web Technologies & Internet / PHP,animation,How do we create and preload an image object in JavaScript?,Use new keyword,Call Image(),Both Use new keyword and Call Image(),None of the mentioned,C,The Image() constructor creates and preloads a new image object.,medium,web:Examveda.com https://www.examveda.com/javascript/practice-mcq-question-on-animation/,
Web Technologies & Internet / PHP,animation,Which event handler is triggered when the user’s mouse moves onto a link?,onMouseOver,onMouseOut,onMouse,onMouseOnto,A,The onMouseOver event handler is triggered when the user’s mouse moves onto the link.,medium,web:Examveda.com https://www.examveda.com/javascript/practice-mcq-question-on-animation/,
Web Technologies & Internet / PHP,animation,Which event handler is triggered when the user’s mouse moves away from a link?,onMouseOver,onMouseOut,onMouse,onMouseOnto,B,"The onMouseOut event handler is triggered when the user’s mouse moves away from the link. 

 
 
 
 



 
 
 
 
 
 
 
 
 
 
 
 
 1
2

 
 
 
 
 
 
 
 
 
 

 
 

 -->
 
 
 


 

-->
 
 
 Copyright © 2026 Examveda.com
 
 
 
 
 
 
 
 
 
 About Us |
 Terms & Condition |
 Privacy Policy |
 Contact Us",medium,web:Examveda.com https://www.examveda.com/javascript/practice-mcq-question-on-animation/,
Web Technologies & Internet / PHP,animation,Which side of image map can be created using JavaScript?,Server side,Client side,Both Server and Client side,None of the mentioned,B,You can use JavaScript to create client side image map.,medium,web:Examveda.com https://www.examveda.com/javascript/practice-mcq-question-on-animation/?page=2,
Web Technologies & Internet / PHP,animation,Which is the attribute used to enable the Client-side image map?,map,area,usemap,all of the mentioned,C,Client side image maps are enabled by the usemap attribute for the “img” tag and defined by special “map” and “area” extension tags.,medium,web:Examveda.com https://www.examveda.com/javascript/practice-mcq-question-on-animation/?page=2,
Web Technologies & Internet / PHP,animation,Which are the special tags used for image mapping?,map and area,map and usemap,only map,only usemap,A,The special tags used for image mapping are map and area.,medium,web:Examveda.com https://www.examveda.com/javascript/practice-mcq-question-on-animation/?page=2,
Web Technologies & Internet / PHP,animation,Which is the element that follows the use of “img”?,area,usemap,map,any element can follow the use of “img”,C,The “map” element actually creates the map for the image and usually follows directly after the “img ” element.,medium,web:Examveda.com https://www.examveda.com/javascript/practice-mcq-question-on-animation/?page=2,
Web Technologies & Internet / PHP,animation,What is the purpose of the area element?,Area of the text,Shape and coordinates of the hotspot,Shape and area of the hotspot,None of the mentioned,B,The area element specifies the shape and the coordinates that define the boundaries of each clickable hotspot.,medium,web:Examveda.com https://www.examveda.com/javascript/practice-mcq-question-on-animation/?page=2,
Web Technologies & Internet / PHP,animation,Which of the following is not a navigator property?,platform[],plugin[],userAgent[],all of the mentioned,D,All of the above mentioned are the properties of a navigator.,medium,web:Examveda.com https://www.examveda.com/javascript/practice-mcq-question-on-animation/?page=2,
Web Technologies & Internet / PHP,animation,What is the purpose of the platform[] property in a navigator?,Platform of the script,Platform where the image map was designed,Platform where the browser was compiled,All of the mentioned,C,The platform[] property is a string that contains the platform for which the browser was compiled.”Win32″ for 32-bit Windows operating systems.,medium,web:Examveda.com https://www.examveda.com/javascript/practice-mcq-question-on-animation/?page=2,
Web Technologies & Internet / PHP,animation,What is the purpose of the preference method in a navigator?,Set Browser preference,Set Netscape preference,Both Set Browser & Netscape preference,None of the mentioned,B,"The preference(name,value) method allows a signed script to get and set some Netscape preferences. If the second parameter is omitted, this method will return the value of the specified preference; otherwise, it sets the value. Netscape only.",medium,web:Examveda.com https://www.examveda.com/javascript/practice-mcq-question-on-animation/?page=2,
Web Technologies & Internet / PHP,animation,Which of the following is not a navigator method?,postEnabled,reference,preference,all of the mentioned,C,"The preference(name,value) method allows a signed script to get and set some Netscape preferences. If the second parameter is omitted, this method will return the value of the specified preference; otherwise, it sets the value. Netscape only.",medium,web:Examveda.com https://www.examveda.com/javascript/practice-mcq-question-on-animation/?page=2,
Web Technologies & Internet / PHP,animation,What is the purpose of the userAgent property?,Identifying the data,Identifying the client,Both Identifying the data and client,None of the mentioned,B,"The userAgent[] property is a string that contains the code name and version of the browser. This value is sent to the originating server to identify the client. 

 
 
 
 



 
 
 
 
 
 
 
 
 
 
 
 
 
1
2
 
 
 
 
 
 
 
 
 
 

 
 

 -->
 
 
 


 

-->
 
 
 Copyright © 2026 Examveda.com
 
 
 
 
 
 
 
 
 
 About Us |
 Terms & Condition |
 Privacy Policy |
 Contact Us",medium,web:Examveda.com https://www.examveda.com/javascript/practice-mcq-question-on-animation/?page=2,
