subject,topic,question,option_a,option_b,option_c,option_d,correct_letter,explanation,difficulty,source,tags
Python Programming,introduction to python,What is Python primarily used for?,Web browsing,Data analysis,Video editing,Game development,B,"Python is primarily used for data analysis, among other things. It provides powerful libraries such as NumPy, Pandas, and Matplotlib, which are widely used in the field of data science and analytics. These libraries offer tools for data manipulation, analysis, and visualization, making Python a popular choice for tasks such as statistical analysis, machine learning, and data mining. While Python can be used for a variety of purposes including web development, automation, and scripting, its versatility and rich ecosystem make it particularly well-suited for data-related tasks.",medium,web:Examveda.com https://www.examveda.com/python-program/practice-mcq-question-on-introduction-to-python/,
Python Programming,introduction to python,Who developed Python Programming Language?,Wick van Rossum,Rasmus Lerdorf,Guido van Rossum,Niene Stom,C,"Python Programming Language was developed by Guido van Rossum. 
He initiated the development of Python in the late 1980s and released the first version in 1991. Since then, Python has grown into one of the most popular programming languages worldwide, known for its simplicity, readability, and versatility.",medium,web:Examveda.com https://www.examveda.com/python-program/practice-mcq-question-on-introduction-to-python/,
Python Programming,introduction to python,Which of the following is an advantage of Python?,It compiles to machine code,It enforces strict typing,It has a large standard library,It requires extensive memory management,C,"The question asks about an advantage of Python. An advantage is something that makes Python good or easy to use compared to other programming languages.
 Correct Answer: Option C: It has a large standard library
 
 This is the correct answer because Python comes with a huge collection of pre-written code called the ""standard library"". Think of it like a toolbox that comes packed with all sorts of useful tools already inside.
 
 Want to work with files? There's a tool for that. Want to work with dates and times? There's a tool for that. Want to send emails or build a website? There are tools for those too!
 
 This means you don't have to write everything from scratch, which saves a lot of time and effort when you're building programs. It makes Python very powerful and versatile for many different types of projects.
 Why other options are incorrect:
 
 Option A: It compiles to machine code",medium,web:Examveda.com https://www.examveda.com/python-program/practice-mcq-question-on-introduction-to-python/,
Python Programming,introduction to python,What is the role of the Python interpreter?,To convert Python code to assembly language,To manage memory allocation,To execute Python code line by line,To compile Python code into bytecode,C,"Option C is the correct answer. 

The Python interpreter is responsible for reading and executing Python programs. It processes the source code, translates it into an intermediate form (bytecode in CPython), and executes the instructions. From a programmer's perspective, the interpreter executes the program line by line, allowing errors to be detected during execution and making Python an interpreted language. 

Why Option A is incorrect: 

The Python interpreter does not convert Python code directly into assembly language. Assembly code is generated by low-level language compilers, whereas Python uses an interpreter that works with Python source code and bytecode. 

Why Option B is incorrect: 

Although the Python runtime automatically manages memory using mechanisms such as reference counting and garbage collection, memory allocation is not the primary role of the Python interpreter. I",medium,web:Examveda.com https://www.examveda.com/python-program/practice-mcq-question-on-introduction-to-python/,
Python Programming,introduction to python,Which programming paradigm is supported by Python?,Only imperative,Only functional,Only logical,Multiple paradigms,D,"Python supports multiple paradigms. 
Python is a versatile language that accommodates different programming styles and paradigms, including imperative, functional, and object-oriented programming. This flexibility allows programmers to choose the most suitable approach for solving a particular problem. While Python is primarily an imperative language, it also incorporates features from other paradigms, such as support for higher-order functions and lambda expressions, making it suitable for functional programming. Additionally, Python's object-oriented features enable the creation of classes and objects, facilitating object-oriented programming. Overall, Python's support for multiple paradigms contributes to its widespread adoption and popularity among developers.",medium,web:Examveda.com https://www.examveda.com/python-program/practice-mcq-question-on-introduction-to-python/,
Python Programming,introduction to python,What is the syntax used to write comments in Python?,// Comment,/* Comment */,# Comment,<!-- Comment -->,C,"In Python, the syntax used to write comments is # Comment. 
Comments in Python are indicated by the pound sign (#) followed by the text of the comment. Anything following the # symbol on a line is considered a comment and is ignored by the Python interpreter during execution. Comments are used to add explanatory notes or annotations within the code to make it more readable and understandable for other programmers or for future reference.",medium,web:Examveda.com https://www.examveda.com/python-program/practice-mcq-question-on-introduction-to-python/,
Python Programming,introduction to python,Which type of Programming does Python support?,object-oriented programming,structured programming,functional programming,all of the mentioned,D,"Python supports all of the mentioned programming types. 
Python is a multi-paradigm programming language, which means it supports various programming styles, including object-oriented programming, structured programming, and functional programming. This versatility allows developers to choose the most appropriate paradigm for their specific needs and preferences. Python's support for multiple programming paradigms contributes to its flexibility and popularity among programmers for a wide range of applications.",medium,web:Examveda.com https://www.examveda.com/python-program/practice-mcq-question-on-introduction-to-python/,
Python Programming,introduction to python,Is Python case sensitive when dealing with identifiers?,no,yes,machine dependent,none of the mentioned,B,"Python is case sensitive when dealing with identifiers. 
Identifiers in Python, such as variable names, function names, and class names, are case-sensitive. This means that Python considers uppercase and lowercase letters as distinct characters. For example, variables ""myVar"" and ""myvar"" would be treated as two separate identifiers in Python. It's essential to maintain consistency in the casing of identifiers throughout the code to avoid errors related to undefined or misinterpreted identifiers.",medium,web:Examveda.com https://www.examveda.com/python-program/practice-mcq-question-on-introduction-to-python/,
Python Programming,introduction to python,Which of the following is the correct extension of the Python file?,.python,.pl,.py,.p,C,"The correct extension of a Python file is .py. 
Python files typically have the extension "".py"", which indicates that they contain Python code. When you save a Python script, you should use the "".py"" extension at the end of the file name to ensure that it's recognized as a Python file by the interpreter and text editors. Using the correct file extension also helps maintain organization and clarity in your project directory.",medium,web:Examveda.com https://www.examveda.com/python-program/practice-mcq-question-on-introduction-to-python/,
Python Programming,introduction to python,How is a variable defined in Python?,define x = 10,variable x = 10,x = 10,x := 10,C,"In Python, a variable is defined by using the syntax x = 10. 
To define a variable in Python, you simply write the variable name followed by an equal sign (=) and then the value you want to assign to that variable. This process binds the variable name to the specified value. Unlike some other programming languages, Python does not require explicit declaration of variable types. Instead, variables are dynamically typed based on the value assigned to them. 

 
 
 
 



 
 
 
 
 
 
 
 
 
 
 
 
 1
2
3
4
5
6
7
8
9

 
 
 
 
 
 
 
 
 
 

 
 

 -->
 
 
 


 

-->
 
 
 Copyright © 2026 Examveda.com
 
 
 
 
 
 
 
 
 
 About Us |
 Terms & Condition |
 Privacy Policy |
 Contact Us",medium,web:Examveda.com https://www.examveda.com/python-program/practice-mcq-question-on-introduction-to-python/,
Python Programming,introduction to python,Is Python code compiled or interpreted?,Python code is both compiled and interpreted,Python code is neither compiled nor interpreted,Python code is only compiled,Python code is only interpreted,A,"Python code is both compiled and interpreted. 
When you run a Python script, the source code is first compiled into bytecode by the Python interpreter. This bytecode is then executed by the Python Virtual Machine (PVM). Thus, Python combines elements of both compilation and interpretation. The compilation step translates the human-readable source code into bytecode, while the interpretation step executes the bytecode instructions. This hybrid approach allows Python to achieve a balance between performance and flexibility.",medium,web:Examveda.com https://www.examveda.com/python-program/practice-mcq-question-on-introduction-to-python/?page=2,
Python Programming,introduction to python,All keywords in Python are in . . . . . . . .,Capitalized,lower case,UPPER CASE,None of the mentioned,B,"All keywords in Python are in lower case. 
Python's keywords, such as ""if,"" ""else,"" ""for,"" ""while,"" and others, are reserved words that have special meanings and purposes within the language. By convention, Python's keywords are all written in lowercase letters. This consistent style helps maintain readability and consistency across Python codebases",medium,web:Examveda.com https://www.examveda.com/python-program/practice-mcq-question-on-introduction-to-python/?page=2,
Python Programming,introduction to python,Which of the following character is used to give single-line comments in Python?,//,#,!,/*,B,"In Python, the character used to give single-line comments is #. 
Any text that comes after the # symbol on a line is treated as a comment and is ignored by the Python interpreter during execution. Single-line comments are commonly used for adding explanations, notes, or reminders within the code to improve readability and understanding.",medium,web:Examveda.com https://www.examveda.com/python-program/practice-mcq-question-on-introduction-to-python/?page=2,
Python Programming,introduction to python,Which of the following is NOT a Python data type?,Integer,Float,Character,String,C,"In Python, Character is not a built-in data type. 
Python does not have a specific data type called ""Character."" Instead, individual characters are represented as strings of length one. Therefore, strings encompass both single characters and longer sequences of characters. The other options, Integer, Float, and String, are all valid data types in Python for representing integers, floating-point numbers, and sequences of characters, respectively.",medium,web:Examveda.com https://www.examveda.com/python-program/practice-mcq-question-on-introduction-to-python/?page=2,
Python Programming,introduction to python,What is the main purpose of a loop in Python?,To write comments,To execute code only once,To repeat a block of code,To define functions,C,"The main purpose of a loop in Python is to repeat a block of code. 
Loops are fundamental control structures in programming languages that allow the execution of a certain block of code repeatedly. In Python, loops such as for loops and while loops enable you to iterate over sequences, perform operations on elements, and execute code multiple times based on specified conditions. This capability is essential for automating repetitive tasks, processing large amounts of data, and implementing algorithms that require repeated execution of certain steps.",medium,web:Examveda.com https://www.examveda.com/python-program/practice-mcq-question-on-introduction-to-python/?page=2,
Python Programming,introduction to python,Which of the following is NOT a valid loop in Python?,while loop,until loop,for loop,do-while loop,B,"In Python, until loop is not a valid loop construct. 
Python does not have an ""until"" loop construct like some other programming languages such as Ruby or Perl. Instead, Python provides the while loop for executing a block of code repeatedly as long as a condition is true, and the for loop for iterating over a sequence of elements. Additionally, Python does not have a built-in ""do-while"" loop construct like some other languages, but similar behavior can be achieved using the while loop in combination with a pre-test.",medium,web:Examveda.com https://www.examveda.com/python-program/practice-mcq-question-on-introduction-to-python/?page=2,
Python Programming,introduction to python,What is the purpose of a function in Python?,To perform arithmetic operations,To create graphical interfaces,To organize and reuse code,To define classes,C,"The purpose of a function in Python is to organize and reuse code. 
Functions in Python encapsulate a set of instructions that perform a specific task. They allow you to break down your program into smaller, manageable pieces, making the code more organized, readable, and maintainable. By defining functions, you can avoid redundancy by reusing the same block of code multiple times throughout your program. This promotes code reusability and modularity, which are essential principles in software development. While Python supports arithmetic operations, graphical interfaces, and class definitions, these are not the primary purpose of functions.",medium,web:Examveda.com https://www.examveda.com/python-program/practice-mcq-question-on-introduction-to-python/?page=2,
Python Programming,introduction to python,How is a function defined in Python?,function my_function():,def my_function():,def my_function::,my_function def():,B,"In Python, a function is defined using the syntax def my_function():. 
The ""def"" keyword is used to indicate the start of a function definition, followed by the function name and parentheses. Any parameters that the function accepts are placed within these parentheses. The colon at the end of the line indicates the beginning of the function's code block. Inside the code block, you write the statements that define what the function does when called. This includes any operations, computations, or actions the function performs. Defining functions allows you to encapsulate reusable pieces of code and execute them whenever needed.",medium,web:Examveda.com https://www.examveda.com/python-program/practice-mcq-question-on-introduction-to-python/?page=2,
Python Programming,introduction to python,Which of the following is used to define a block of code in Python language?,Indentation,Key,Brackets,All of the mentioned,A,"In Python language, a block of code is defined using Indentation. 
Indentation refers to the spaces or tabs that precede statements within a block of code. In Python, indentation is used to define the structure and hierarchy of code blocks, such as those within functions, loops, conditional statements, and classes. Proper indentation is crucial for Python's syntax and readability. Unlike some other programming languages that use braces or brackets to denote code blocks, Python relies solely on indentation to indicate the beginning and end of blocks. This consistent indentation style helps improve code readability and maintainability.",medium,web:Examveda.com https://www.examveda.com/python-program/practice-mcq-question-on-introduction-to-python/?page=2,
Python Programming,introduction to python,Which keyword is used for function in Python language?,Function,def,Fun,Define,B,"In Python language, the keyword used for defining a function is def. 
The ""def"" keyword is followed by the function name and a pair of parentheses that may contain parameters. This defines a function in Python. When you use the ""def"" keyword, you are indicating to Python that you are about to define a new function with the specified name and parameters. This keyword is essential for creating reusable blocks of code that can be called and executed multiple times throughout a program. 

 
 
 
 



 
 
 
 
 
 
 
 
 
 
 
 
 
1
2
3
4
5
6
7
8
9

 
 
 
 
 
 
 
 
 
 

 
 

 -->
 
 
 


 

-->
 
 
 Copyright © 2026 Examveda.com
 
 
 
 
 
 
 
 
 
 About Us |
 Terms & Condition |
 Privacy Policy |
 Contact Us",medium,web:Examveda.com https://www.examveda.com/python-program/practice-mcq-question-on-introduction-to-python/?page=2,
Python Programming,introduction to python,What does the return statement do in a function?,It terminates the function immediately,It outputs a value from the function,It defines a loop condition,It defines an if-statement condition,B,"In a function, the return statement is used to output a value from the function. 
When a return statement is encountered in a function, it immediately exits the function and sends back the specified value to the caller. This allows the function to produce a result or output that can be used in other parts of the program. The returned value can be assigned to variables, used in expressions, or passed as arguments to other functions. The return statement is essential for functions to be able to provide results or perform computations that yield outputs.",medium,web:Examveda.com https://www.examveda.com/python-program/practice-mcq-question-on-introduction-to-python/?page=3,
Python Programming,introduction to python,What is the purpose of a module in Python?,To define classes,To create graphical interfaces,"To organize functions, classes, and variables",To execute code line by line,C,"In Python, the purpose of a module is to organize functions, classes, and variables. 
A module in Python is a file containing Python definitions and statements. The primary purpose of modules is to organize related code into reusable units. Modules can contain functions, classes, variables, and even other modules. By structuring code into modules, you can break down large programs into smaller, more manageable pieces, making it easier to understand, maintain, and reuse. Additionally, modules facilitate code sharing and collaboration among developers by providing a standardized way to encapsulate and distribute functionality.",medium,web:Examveda.com https://www.examveda.com/python-program/practice-mcq-question-on-introduction-to-python/?page=3,
Python Programming,introduction to python,Which of the following is a valid way to handle errors in Python?,Using the throws statement,Using the except clause,Using the else clause,Using the catch block,B,"In Python, a valid way to handle errors is using the except clause. 
The except clause is used in conjunction with try-except blocks to catch and handle exceptions or errors that occur during the execution of code. When an error occurs within the try block, Python looks for an appropriate except block to handle the error. If an except block corresponding to the type of error is found, the code within that block is executed to handle the error gracefully. This mechanism allows you to anticipate and respond to errors in your code, preventing unexpected crashes and improving the robustness of your programs.",medium,web:Examveda.com https://www.examveda.com/python-program/practice-mcq-question-on-introduction-to-python/?page=3,
Python Programming,introduction to python,What is the purpose of the try and except blocks in Python?,To handle errors and exceptions,To define functions,To create loops,To declare variables,A,"In Python, the purpose of the try and except blocks is to handle errors and exceptions. 
The try block is used to enclose the code that may potentially raise an exception or error. The except block is used to specify the actions to be taken if an exception occurs within the try block. When an error occurs within the try block, Python jumps to the corresponding except block to handle the error gracefully, preventing the program from crashing. This mechanism allows you to anticipate and respond to errors in your code, improving its reliability and robustness.",medium,web:Examveda.com https://www.examveda.com/python-program/practice-mcq-question-on-introduction-to-python/?page=3,
Python Programming,introduction to python,What is the role of the import statement in Python?,To declare variables,To define classes,To import external modules,To output text to the console,C,"In Python, the import statement is used to import external modules. 
The import statement allows you to access functionality defined in external modules and use it in your Python program. Modules are Python files that contain Python code, including variables, functions, and classes. By importing modules, you can reuse code, organize related functionality, and extend the capabilities of your program. Python provides a rich ecosystem of built-in and third-party modules that cover a wide range of tasks and domains, including math, file I/O, networking, and more. The import statement is essential for leveraging this existing functionality and building powerful Python applications.",medium,web:Examveda.com https://www.examveda.com/python-program/practice-mcq-question-on-introduction-to-python/?page=3,
Python Programming,introduction to python,What is the purpose of an if-statement in Python?,To create loops,To define functions,To handle exceptions,To make decisions,D,"In Python, the purpose of an if-statement is to make decisions. 
The if-statement allows you to execute certain code blocks based on specified conditions. It evaluates a given expression and, if the result is true, executes the block of code associated with that condition. If the result is false, it may optionally execute an alternative block of code specified by an else statement. The ability to make decisions based on conditions is fundamental to programming, and the if-statement provides a powerful mechanism for controlling the flow of execution in a Python program based on varying circumstances.",medium,web:Examveda.com https://www.examveda.com/python-program/practice-mcq-question-on-introduction-to-python/?page=3,
Python Programming,introduction to python,Which of these is the definition for packages in Python?,A set of main modules,A folder of python modules,A number of files containing Python definitions and statements,A set of programs making use of Python modules,B,"In Python, packages are defined as a folder of python modules. 
A package in Python is a directory that contains a special file named ""init.py"" along with other Python modules or sub-packages. These modules can be accessed using dot notation. Packages allow you to organize related modules into a hierarchical structure, providing a convenient way to manage and distribute code. By structuring code into packages, you can create reusable components, improve code organization, and facilitate code sharing and collaboration.",medium,web:Examveda.com https://www.examveda.com/python-program/practice-mcq-question-on-introduction-to-python/?page=3,
Python Programming,introduction to python,"What is the output of print(""Hello, "" + ""world!"")?","Hello, world!",Hello world!,Hello + world!,Error,A,"The output of print(""Hello, "" + ""world!"") is Hello, world!. 
The print() function in Python is used to output text to the console. In this case, the function prints the concatenated string ""Hello, "" followed by ""world!"" resulting in ""Hello, world!"" being displayed on the console. The plus (+) operator is used for string concatenation, which combines the two strings into a single string. Therefore, the correct output is ""Hello, world!"".",medium,web:Examveda.com https://www.examveda.com/python-program/practice-mcq-question-on-introduction-to-python/?page=3,
Python Programming,introduction to python,What does the range() function in Python generate?,A sequence of integers,A random number,A floating-point number,A list of strings,A,"The range() function in Python generates a sequence of integers. 
When called with one argument, range(n) produces a sequence of integers from 0 up to (but not including) n. When called with two arguments, range(start, stop) produces a sequence of integers from start up to (but not including) stop. The range() function is commonly used in for loops to iterate over a sequence of numbers. It provides a convenient way to generate sequences of integers without needing to manually specify each individual value.",medium,web:Examveda.com https://www.examveda.com/python-program/practice-mcq-question-on-introduction-to-python/?page=3,
Python Programming,introduction to python,"What is the output of print(""Hello, World!"")?","Hello, World!",Hello,World!,Error,A,"The output of print(""Hello, World!"") is Hello, World!. 
The print() function in Python is used to output text to the console. In this case, the function prints the string ""Hello, World!"" exactly as it is written, resulting in ""Hello, World!"" being displayed on the console. Therefore, the correct output is ""Hello, World!"".
 

 
 
 
 



 
 
 
 
 
 
 
 
 
 
 
 
 
1
2
3
4
5
6
7
8
9

 
 
 
 
 
 
 
 
 
 

 
 

 -->
 
 
 


 

-->
 
 
 Copyright © 2026 Examveda.com
 
 
 
 
 
 
 
 
 
 About Us |
 Terms & Condition |
 Privacy Policy |
 Contact Us",medium,web:Examveda.com https://www.examveda.com/python-program/practice-mcq-question-on-introduction-to-python/?page=3,
Python Programming,introduction to python,"What will be the value of the following Python expression? 
4 + 3 % 5",7,2,4,1,A,"The expression 4 + 3 % 5 evaluates to 7 in Python.
 
Here's the breakdown:
 
#1. 3 % 5 calculates the remainder when 3 is divided by 5, which is 3. 
#2. 4 + 3 then adds 4 to the result of the modulo operation, resulting in 7. 
 
Therefore, the value of the expression is 7.",medium,web:Examveda.com https://www.examveda.com/python-program/practice-mcq-question-on-introduction-to-python/?page=4,
Python Programming,introduction to python,"Python supports the creation of anonymous functions at runtime, using a construct called . . . . . . . .",pi,anonymous,lambda,none of the mentioned,C,"In Python, the creation of anonymous functions at runtime is supported using a construct called lambda. 
The lambda keyword in Python is used to define anonymous functions, also known as lambda functions. Lambda functions are small, inline functions that can have any number of parameters but can only have one expression. They are often used for short, one-off operations where defining a named function would be overkill. Lambda functions are particularly useful when passing functions as arguments to higher-order functions like map(), filter(), and reduce().",medium,web:Examveda.com https://www.examveda.com/python-program/practice-mcq-question-on-introduction-to-python/?page=4,
Python Programming,introduction to python,What is the order of precedence in python?,"Exponential, Parentheses, Multiplication, Division, Addition, Subtraction","Exponential, Parentheses, Division, Multiplication, Addition, Subtraction","Parentheses, Exponential, Multiplication, Division, Subtraction, Addition","Parentheses, Exponential, Multiplication, Division, Addition, Subtraction",B,"Operators with higher precedence are evaluated before operators with lower precedence. When operators have the same precedence, they are evaluated from left to right.
 
Therefore, the correct order of precedence in Python is Exponential, Parentheses, Division, Multiplication, Addition, Subtraction.",medium,web:Examveda.com https://www.examveda.com/python-program/practice-mcq-question-on-introduction-to-python/?page=4,
Python Programming,introduction to python,What does pip stand for python?,Pip Installs Python,Pip Installs Packages,Preferred Installer Program,All of the mentioned,C,"In Python, pip stands for Pip Installs Packages. 
Pip is a package management system used to install and manage software packages written in Python. It simplifies the process of installing and managing dependencies for Python projects. With pip, you can easily install, uninstall, and upgrade Python packages from the Python Package Index (PyPI) or other sources. It is a valuable tool for Python developers to streamline the development process and ensure that their projects have access to the necessary libraries and dependencies.",medium,web:Examveda.com https://www.examveda.com/python-program/practice-mcq-question-on-introduction-to-python/?page=4,
Python Programming,introduction to python,Which of the following is true for variable names in Python?,underscore and ampersand are the only two special characters allowed,unlimited length,all private members must have leading and trailing underscores,none of the mentioned,B,"In Python, variable names have the following characteristics: 

 They can be of unlimited length, allowing for descriptive and meaningful names. 
 They can consist of letters (both uppercase and lowercase), digits, and underscores (_). 
 They cannot begin with a digit. 
 They are case-sensitive, meaning uppercase and lowercase letters are considered distinct. 

Therefore, the correct statement for variable names in Python is that they have unlimited length.",medium,web:Examveda.com https://www.examveda.com/python-program/practice-mcq-question-on-introduction-to-python/?page=4,
Python Programming,introduction to python,Which of the following functions is a built-in function in python?,factorial(),print(),seed(),sqrt(),B,"In Python, the print() function is a built-in function. 
Built-in functions are functions that are available as part of the Python language and do not require any imports or external dependencies to use. They are pre-defined and readily accessible for common tasks such as input/output operations, mathematical calculations, type conversions, and more. The print() function, in particular, is widely used to display output to the console or other output streams. It takes one or more arguments and prints them to the standard output, separated by spaces by default. Therefore, the correct option for the built-in function in Python is print().",medium,web:Examveda.com https://www.examveda.com/python-program/practice-mcq-question-on-introduction-to-python/?page=4,
Python Programming,introduction to python,Which of the following is the use of id() function in python?,Every object doesn't have a unique id,Id returns the identity of the object,All of the mentioned,None of the mentioned,B,"In Python, the id() function is used to return the identity of an object. 
Every object in Python has a unique identity, which is a numeric value that is guaranteed to be unique and constant for the lifetime of the object. The id() function returns this unique identifier for the specified object. It can be used to determine whether two variables refer to the same object or not. Therefore, the correct usage of the id() function in Python is to return the identity of the object.",medium,web:Examveda.com https://www.examveda.com/python-program/practice-mcq-question-on-introduction-to-python/?page=4,
Python Programming,introduction to python,Which one of the following is the use of function in python?,Functions don't provide better modularity for your application,you can't also create your own functions,Functions are reusable pieces of programs,All of the mentioned,C,"In Python, the primary use of functions is to create reusable pieces of programs. 
Functions allow you to encapsulate a block of code that performs a specific task and give it a name, making it reusable throughout your program. By defining functions, you can break down complex tasks into smaller, more manageable units, which improves modularity and maintainability of your code. Functions can be called multiple times from different parts of your program, allowing you to avoid code duplication and write more efficient and organized code. Therefore, the correct usage of functions in Python is that they are reusable pieces of programs.",medium,web:Examveda.com https://www.examveda.com/python-program/practice-mcq-question-on-introduction-to-python/?page=4,
Python Programming,introduction to python,Which of the following functions can help us to find the version of python that we are currently working on?,sys.version(1),sys.version(0),sys.version(),sys.version,D,"In Python, to find the version of Python that we are currently working on, we can use the sys.version attribute. 
The sys.version attribute returns a string containing the Python version number and additional information about the Python implementation. It does not require any arguments, so the correct way to access the version information is sys.version. Therefore, the correct option to find the version of Python is sys.version.",medium,web:Examveda.com https://www.examveda.com/python-program/practice-mcq-question-on-introduction-to-python/?page=4,
Python Programming,introduction to python,"What will be the output of the following Python program? 
i = 0
while i",error,0 1 2 0,0 1 2,none of the mentioned,C,"The code initializes the variable i to 0. 
 Then, it enters a while loop that continues as long as i is less than 5. 
 Inside the loop, it prints the current value of i. 
 It then increments i by 1. 
 If i becomes equal to 3, the if condition is met, and the break statement is executed, exiting the loop. 
 Otherwise, the loop continues until i reaches 5. 
 Since the loop is exited via the break statement and not by reaching the end condition, the else block associated with the loop is not executed. 
 Therefore, the output will be: 0 1 2. 

 
 
 
 



 
 
 
 
 
 
 
 
 
 
 
 
 
1
2
3
4
5
6
7
8
9

 
 
 
 
 
 
 
 
 
 

 
 

 -->
 
 
 


 

-->
 
 
 Copyright © 2026 Examveda.com
 
 
 
 
 
 
 
 
 
 About Us |
 Terms & Condition |
 Privacy Policy |
 Contact Us",medium,web:Examveda.com https://www.examveda.com/python-program/practice-mcq-question-on-introduction-to-python/?page=4,
Python Programming,introduction to python,What is the order of namespaces in which Python looks for an identifier?,"Python first searches the built-in namespace, then the global namespace and finally the local namespace","Python first searches the built-in namespace, then the local namespace and finally the global namespace","Python first searches the local namespace, then the global namespace and finally the built-in namespace","Python first searches the global namespace, then the local namespace and finally the built-in namespace",B,"When Python encounters an identifier (variable or function name), it searches for it in a specific order across different namespaces. 
 The order of namespaces that Python looks for an identifier is: 
 Built-in namespace: Python first searches the built-in namespace, which contains the names of all built-in functions, exceptions, and constants. 
 Local namespace: Next, Python searches the local namespace, which contains names defined within the current function or code block. 
 Global namespace: If the identifier is not found in the local namespace, Python searches the global namespace, which contains names defined at the top level of the current module or in the global scope. 
 If the identifier is not found in any of these namespaces, Python raises a NameError. 
 Therefore, the correct order of namespaces in which Python looks for an identifier is: built-in namespace, local namespace, ",medium,web:Examveda.com https://www.examveda.com/python-program/practice-mcq-question-on-introduction-to-python/?page=5,
Python Programming,introduction to python,"What will be the output of the following Python function? 
min(max(False,-3,-4), 2,7)",-4,-3,2,False,D,"In Python, the boolean value False evaluates to 0 in numeric contexts. 
 The max() function returns the largest of the given arguments. 
 Here, we have the expression max(False, -3, -4). 
 Since False is equivalent to 0, and -3 and -4 are numeric values, the largest value among them is 0. 
 Therefore, the output of max(False, -3, -4) is False. 
 The min() function then evaluates min(False, 2, 7), and since False evaluates to 0 and 2 and 7 are greater than 0, the minimum value among them is False. 
 Hence, the overall output is False.",medium,web:Examveda.com https://www.examveda.com/python-program/practice-mcq-question-on-introduction-to-python/?page=5,
Python Programming,introduction to python,"What will be the output of the following Python function? 
len([""hello"",2, 4, 6])",Error,6,4,3,C,"The len() function returns the number of items in an object. 
 Here, we have a list [""hello"", 2, 4, 6]. 
 The list contains 4 items: a string, two integers, and another integer. 
 Therefore, the output of len([""hello"", 2, 4, 6]) will be 4.",medium,web:Examveda.com https://www.examveda.com/python-program/practice-mcq-question-on-introduction-to-python/?page=5,
Python Programming,introduction to python,Which of the following is not a core data type in Python programming?,Tuples,Lists,Class,Dictionary,C,"In Python, the core data types include: 
 1. Tuples 
 2. Lists 
 3. Dictionary 
 However, Classes are not considered a core data type in Python. 
 Classes are used to create user-defined data structures that bundle data attributes and methods. 
 Therefore, the correct option is Option C: Class.",medium,web:Examveda.com https://www.examveda.com/python-program/practice-mcq-question-on-introduction-to-python/?page=5,
Python Programming,introduction to python,Which one of the following is not a keyword in Python language?,pass,eval,assert,nonlocal,B,"In Python, keywords are reserved identifiers that have special meanings and purposes within the language. 
 eval is not a keyword in Python; rather, it is a built-in function used to evaluate a Python expression stored in a string. 
 Keywords like pass, assert, and nonlocal have specific meanings in Python and are reserved for special purposes within the language. 
 Therefore, the correct option is Option B: eval.",medium,web:Examveda.com https://www.examveda.com/python-program/practice-mcq-question-on-introduction-to-python/?page=5,
Python Programming,introduction to python,"What will be the output of the following Python code? 
x = [[0], [1]]
print((' '.join(list(map(str, x))),))",01,[0] [1],('01'),"('[0] [1]',)",D,"In the given code, the variable x is assigned a list containing two sublists: [[0], [1]]. 
 The map() function is used to apply the str() function to each element of x, converting them to strings. 
 Then, list() is used to convert the resulting map object to a list. 
 The join() function concatenates these strings with a space separator. 
 Finally, the result is enclosed in a tuple using (...) and printed. 
 Therefore, the output will be: ('[0] [1]',).",medium,web:Examveda.com https://www.examveda.com/python-program/practice-mcq-question-on-introduction-to-python/?page=5,
Python Programming,introduction to python,"What will be the output of the following Python code? 
def foo():
 try:
 return 1
 finally:
 return 2
k = foo()
print(k)","error, there is more than one return statement in a single try-finally block",3,2,1,C,"In the given code, the function foo() is defined. 
 Inside the function, there is a try-finally block. 
 In the try block, return 1 is encountered. 
 However, before returning, the finally block executes, which contains return 2. 
 As per the behavior of finally, it always executes, regardless of whether there is an exception or not. 
 Therefore, the return 2 statement in the finally block is executed, and 2 is returned from the function. 
 When foo() is called and its return value is assigned to k, k will be 2. 
 Hence, the output will be 2.",medium,web:Examveda.com https://www.examveda.com/python-program/practice-mcq-question-on-introduction-to-python/?page=5,
Python Programming,introduction to python,To add a new element to a list we use which Python command?,list1.addEnd(5),list1.addLast(5),list1.append(5),list1.add(5),C,"In Python, to add a new element to the end of a list, the append() method is used. 
 The syntax for using append() is list_name.append(element), where list_name is the name of the list and element is the value to be added. 
 append() adds the specified element to the end of the list, increasing the list's length by one. 
 Therefore, list1.append(5) will add the element 5 to the end of list1.",medium,web:Examveda.com https://www.examveda.com/python-program/practice-mcq-question-on-introduction-to-python/?page=5,
Python Programming,introduction to python,"The following python program can work with . . . . . . . . parameters. 
def f(x):
 def f1(*args, **kwargs):
 print(""Examveda"")
 return x(*args, **kwargs)
 return f1",any number of,0,1,2,A,"The program defines a function f that takes another function x as an argument. 
 Inside f, there is a nested function f1 defined with variable-length arguments *args and keyword arguments **kwargs. 
 The use of *args allows f1 to accept any number of positional arguments, and **kwargs allows it to accept any number of keyword arguments. 
 Inside f1, ""Examveda"" is printed, and then the function x is called with the received arguments using (*args, **kwargs). 
 Therefore, the program can work with any number of parameters. 

 
 
 
 



 
 
 
 
 
 
 
 
 
 
 
 
 
1
2
3
4
5
6
7
8
9

 
 
 
 
 
 
 
 
 
 

 
 

 -->
 
 
 


 

-->
 
 
 Copyright © 2026 Examveda.com
 
 
 
 
 
 
 
 
 
 About Us |
 Terms & Condition |
 Privacy Policy |
 Contact Us",medium,web:Examveda.com https://www.examveda.com/python-program/practice-mcq-question-on-introduction-to-python/?page=5,
Python Programming,introduction to python,What is the maximum possible length of an identifier in Python?,79 characters,31 characters,63 characters,none of the mentioned,D,"In Python, there is no fixed limit on the maximum length of an identifier imposed by the language itself. 
Identifiers can be of any length as long as they follow the naming rules (e.g., start with a letter or underscore, followed by letters, digits, or underscores). 
However, extremely long identifiers are discouraged because they reduce code readability and may not be supported well by some tools or editors. 
Option A (79 characters) refers to the recommended maximum line length in PEP 8, not identifier length. 
Option B and C (31 and 63 characters) were limits in older languages like C, not Python. 
Therefore, the correct answer is Option D: none of the mentioned.",medium,web:Examveda.com https://www.examveda.com/python-program/practice-mcq-question-on-introduction-to-python/?page=6,
Python Programming,introduction to python,"What will be the output of the following Python code? 
i = 1
while True:
 if i%3 == 0:
 break
 print(i)
 
 i + = 1",1 2 3,error,1 2,none of the mentioned,B,"Explanation: 
 The code starts with `i` initialized to 1. 
 The `while True` loop runs indefinitely until a `break` statement is encountered. 
 Inside the loop, the `if i%3 == 0:` condition checks if `i` is divisible by 3. 
 If `i` is divisible by 3, the `break` statement will terminate the loop. 
 If `i` is not divisible by 3, the value of `i` is printed. 
 Then, there's an error `i += 1` it should be not `i + = 1`. 

 So the correct answer is Option B: error",medium,web:Examveda.com https://www.examveda.com/python-program/practice-mcq-question-on-introduction-to-python/?page=6,
Python Programming,introduction to python,Which of the following is a Python tuple?,"{1, 2, 3}",{},"[1, 2, 3]","(1, 2, 3)",D,,medium,web:Examveda.com https://www.examveda.com/python-program/practice-mcq-question-on-introduction-to-python/?page=6,
Python Programming,introduction to python,"What will be the output of the following Python program? 
def foo(x):
 x[0] = ['def']
 x[1] = ['abc']
 return id(x)
q = ['abc', 'def']
print(id(q) == foo(q))",Error,None,False,True,D,,medium,web:Examveda.com https://www.examveda.com/python-program/practice-mcq-question-on-introduction-to-python/?page=6,
Python Programming,introduction to python,"What will be the output of the following Python code snippet? 
for i in [1, 2, 3, 4][::-1]:
 print (i)",4 3 2 1,error,1 2 3 4,none of the mentioned,A,,medium,web:Examveda.com https://www.examveda.com/python-program/practice-mcq-question-on-introduction-to-python/?page=6,
Python Programming,introduction to python,What arithmetic operators cannot be used with strings in Python?,*,-,+,All of the mentioned,B,,medium,web:Examveda.com https://www.examveda.com/python-program/practice-mcq-question-on-introduction-to-python/?page=6,
Python Programming,introduction to python,Which of the following is the truncation division operator in Python?,|,//,/,%,B,,medium,web:Examveda.com https://www.examveda.com/python-program/practice-mcq-question-on-introduction-to-python/?page=6,
Python Programming,introduction to python,The process of pickling in Python includes . . . . . . . .,conversion of a Python object hierarchy into byte stream,conversion of a datatable into a list,conversion of a byte stream into Python object hierarchy,conversion of a list into a datatable,A,,medium,web:Examveda.com https://www.examveda.com/python-program/practice-mcq-question-on-introduction-to-python/?page=6,
Python Programming,introduction to python,"What will be the value of 'result' in following Python program? 
list1 = [1,2,3,4]
list2 = [2,4,5,6]
list3 = [2,6,7,8]
result = list()
result.extend(i for i in list1 if i not in (list2+list3) and i not in result)
result.extend(i for i in list2 if i not in (list1+list3) and i not in result)
result.extend(i for i in list3 if i not in (list1+list2) and i not in result)","[1, 3, 5, 7, 8]","[1, 7, 8]","[1, 2, 4, 7, 8]",error,A,,medium,web:Examveda.com https://www.examveda.com/python-program/practice-mcq-question-on-introduction-to-python/?page=7,
Python Programming,introduction to python,"Which function is called when the following Python program is executed? 
f = foo()
format(f)",str(),format(),__str__(),__format__(),C,,medium,web:Examveda.com https://www.examveda.com/python-program/practice-mcq-question-on-introduction-to-python/?page=7,
Python Programming,introduction to python,"What will be the output of the following Python program? 
z=set('abc')
z.add('san')
z.update(set(['p', 'q']))
z","{'a', 'c', 'c', 'p', 'q', 's', 'a', 'n'}","{'abc', 'p', 'q', 'san'}","{'a', 'b', 'c', 'p', 'q', 'san'}","{'a', 'b', 'c', ['p', 'q'], 'san}",C,,medium,web:Examveda.com https://www.examveda.com/python-program/practice-mcq-question-on-introduction-to-python/?page=7,
Python Programming,introduction to python,"What will be the output of the following Python expression if x=56.236? 
print(""%.2f""%x)",56.236,56.23,56.0000,56.24,D,,medium,web:Examveda.com https://www.examveda.com/python-program/practice-mcq-question-on-introduction-to-python/?page=7,
Python Programming,introduction to python,"What will be the output of the following Python code snippet? 
z=set('abc$de')
'a' in z",Error,True,False,No output,B,,medium,web:Examveda.com https://www.examveda.com/python-program/practice-mcq-question-on-introduction-to-python/?page=7,
Python Programming,introduction to python,Which module in the python standard library parses options received from the command line?,getarg,getopt,main,os,B,,medium,web:Examveda.com https://www.examveda.com/python-program/practice-mcq-question-on-introduction-to-python/?page=7,
Python Programming,introduction to python,"What will be the output of the following Python code? 
>>>list1 = [1, 3]
>>>list2 = list1
>>>list1[0] = 4
>>>print(list2)","[1, 4]","[1, 3, 4]","[4, 3]","[1, 3]",C,,medium,web:Examveda.com https://www.examveda.com/python-program/practice-mcq-question-on-introduction-to-python/?page=7,
Python Programming,introduction to python,"What will be the output of the following Python code? 
l=[1, 0, 2, 0, 'hello', '', []]
list(filter(bool, l))","[1, 0, 2, 'hello', "", []]",Error,"[1, 2, 'hello']","[1, 0, 2, 0, 'hello', "", []]",C,,medium,web:Examveda.com https://www.examveda.com/python-program/practice-mcq-question-on-introduction-to-python/?page=7,
Python Programming,introduction to python,"What will be the output of the following Python code? 
x = 'abcd'
for i in range(len(x)):
 print(i)",error,1 2 3 4,a b c d,0 1 2 3,D,,medium,web:Examveda.com https://www.examveda.com/python-program/practice-mcq-question-on-introduction-to-python/?page=7,
Python Programming,introduction to python,"What will be the output of the following Python statement? 
>>>""a""+""bc""",bc,abc,a,bca,B,,medium,web:Examveda.com https://www.examveda.com/python-program/practice-mcq-question-on-introduction-to-python/?page=7,
Python Programming,introduction to python,What are the two main types of functions in Python?,System function,Custom function,Built-in function & User defined function,User function,C,,medium,web:Examveda.com https://www.examveda.com/python-program/practice-mcq-question-on-introduction-to-python/?page=8,
Python Programming,introduction to python,"What is output of print(math.pow(3, 2))?",9.0,None,9,None of the mentioned,A,,medium,web:Examveda.com https://www.examveda.com/python-program/practice-mcq-question-on-introduction-to-python/?page=8,
Python Programming,introduction to python,"What will be the output of the following Python program? 
def addItem(listParam):
 listParam += [1]
 
mylist = [1, 2, 3, 4]
addItem(mylist)
print(len(mylist))",5,8,2,1,A,,medium,web:Examveda.com https://www.examveda.com/python-program/practice-mcq-question-on-introduction-to-python/?page=8,
Python Programming,introduction to python,Which of the following statements is used to create an empty set in Python?,( ),[ ],{ },set(),D,,medium,web:Examveda.com https://www.examveda.com/python-program/practice-mcq-question-on-introduction-to-python/?page=8,
Python Programming,introduction to python,Which of the following is a feature of Python DocString?,In Python all functions should have a docstring,Docstrings can be accessed by the __doc__ attribute on objects,"It provides a convenient way of associating documentation with Python modules, functions, classes, and methods",All of the mentioned,D,,medium,web:Examveda.com https://www.examveda.com/python-program/practice-mcq-question-on-introduction-to-python/?page=8,
Python Programming,introduction to python,"Which of the following Python statements will result in the output: 6? 
A = [[1, 2, 3],
 [4, 5, 6],
 [7, 8, 9]]",A[2][1],A[1][2],A[3][2],A[2][3],B,,medium,web:Examveda.com https://www.examveda.com/python-program/practice-mcq-question-on-introduction-to-python/?page=8,
Python Programming,introduction to python,"What will be the output of the following Python code? 
print(""Hello {0[0]} and {0[1]}"".format(('foo', 'bin')))","Hello ('foo', 'bin') and ('foo', 'bin')",Error,Hello foo and bin,None of the mentioned,C,,medium,web:Examveda.com https://www.examveda.com/python-program/practice-mcq-question-on-introduction-to-python/?page=8,
Python Programming,introduction to python,"What will be the output of the following Python code snippet if x=1? 
x",4,2,1,8,A,,medium,web:Examveda.com https://www.examveda.com/python-program/practice-mcq-question-on-introduction-to-python/?page=8,
Python Programming,introduction to python,"What will be the output of the following Python code? 
class tester:
 def __init__(self, id):
 self.id = str(id)
 id=""224""
 
>>>temp = tester(12)
>>>print(temp.id)",12,224,None,Error,A,,medium,web:Examveda.com https://www.examveda.com/python-program/practice-mcq-question-on-introduction-to-python/?page=8,
Python Programming,introduction to python,"What are the values of the following Python expressions? 
2**(3**2)
 (2**3)**2
 2**3**2","512, 64, 512","512, 512, 512","64, 512, 64","64, 64, 64",A,,medium,web:Examveda.com https://www.examveda.com/python-program/practice-mcq-question-on-introduction-to-python/?page=8,
Python Programming,introduction to python,"What will be the output of the following Python expression? 
round(4.576)",4,4.6,5,4.5,C,,medium,web:Examveda.com https://www.examveda.com/python-program/practice-mcq-question-on-introduction-to-python/?page=9,
Python Programming,variable names and operators,What is the assignment operator in Python?,==,=,:=,><,B,The assignment operator in Python is =.,medium,web:Examveda.com https://www.examveda.com/python-program/practice-mcq-question-on-variable-names-and-operators/,
Python Programming,variable names and operators,Which of the following is not a keyword?,eval,assert,nonlocal,pass,A,"In Python, keywords are reserved words that have special meaning and cannot be used as identifiers (variable names, function names, etc.). The Python language defines a specific set of keywords that are used for various programming constructs. 
Let's analyze each option: 
Option A: ""eval"" - This is not a keyword in Python. ""eval"" is a built-in function that evaluates a Python expression from a string and returns the result. 
Option B: ""assert"" - This is a keyword in Python used for debugging purposes to test assertions. 
Option C: ""nonlocal"" - This is a keyword in Python used to declare that a variable inside a nested function or lambda function is not local to it, meaning it should be looked up in the enclosing scope. 
Option D: ""pass"" - This is a keyword in Python used as a placeholder indicating that no action is to be taken. 
Therefore, the correct answer is Option A: eval.",medium,web:Examveda.com https://www.examveda.com/python-program/practice-mcq-question-on-variable-names-and-operators/,
Python Programming,variable names and operators,Which of the following is a valid variable name in Python?,my-variable,123variable,_my_variable,$variable,C,Variable names can start with an underscore _ or a letter.,medium,web:Examveda.com https://www.examveda.com/python-program/practice-mcq-question-on-variable-names-and-operators/,
Python Programming,variable names and operators,What is the maximum possible length of an identifier?,31 characters,63 characters,79 characters,none of the mentioned,D,,medium,web:Examveda.com https://www.examveda.com/python-program/practice-mcq-question-on-variable-names-and-operators/,
Python Programming,variable names and operators,Which operator is used for exponentiation in Python?,^,**,^^,//,B,The ** operator is used for exponentiation in Python.,medium,web:Examveda.com https://www.examveda.com/python-program/practice-mcq-question-on-variable-names-and-operators/,
Python Programming,variable names and operators,What is the result of 'True and False' ?,True,False,None,Error,B,The and operator returns False if any of its operands is False.,medium,web:Examveda.com https://www.examveda.com/python-program/practice-mcq-question-on-variable-names-and-operators/,
Python Programming,variable names and operators,What is the result of 'not True' ?,True,False,None,Error,B,The not operator returns the opposite of its operand's boolean value.,medium,web:Examveda.com https://www.examveda.com/python-program/practice-mcq-question-on-variable-names-and-operators/,
Python Programming,variable names and operators,What is the result of 'True or False' ?,True,False,None,Error,A,The or operator returns True if at least one of its operands is True.,medium,web:Examveda.com https://www.examveda.com/python-program/practice-mcq-question-on-variable-names-and-operators/,
Python Programming,variable names and operators,What does the 'in' operator do in Python?,Checks if two values are equal,Checks if a value is greater than another,Checks if a value is in a sequence,Checks if a value is not in a sequence,C,The in operator checks if a value is present in a sequence.,medium,web:Examveda.com https://www.examveda.com/python-program/practice-mcq-question-on-variable-names-and-operators/,
Python Programming,variable names and operators,What does the 'not in' operator do in Python?,Checks if two values are equal,Checks if a value is greater than another,Checks if a value is not in a sequence,Checks if a value is in a sequence,C,"The not in operator checks if a value is not present in a sequence. 

 
 
 
 



 
 
 
 
 
 
 
 
 
 
 
 
 1
2
3
4
5

 
 
 
 
 
 
 
 
 
 

 
 

 -->
 
 
 


 

-->
 
 
 Copyright © 2026 Examveda.com
 
 
 
 
 
 
 
 
 
 About Us |
 Terms & Condition |
 Privacy Policy |
 Contact Us",medium,web:Examveda.com https://www.examveda.com/python-program/practice-mcq-question-on-variable-names-and-operators/,
Python Programming,variable names and operators,"What is the result of ""Hello"" in ""Hello, World!"" ?",True,False,None,Error,A,The in operator checks if the first string is a substring of the second string.,medium,web:Examveda.com https://www.examveda.com/python-program/practice-mcq-question-on-variable-names-and-operators/?page=2,
Python Programming,variable names and operators,What does the '//' operator do when used with negative numbers?,Returns the positive quotient,Returns the negative quotient,Rounds down to the nearest integer,Rounds up to the nearest integer,C,"The // operator performs floor division, rounding down.",medium,web:Examveda.com https://www.examveda.com/python-program/practice-mcq-question-on-variable-names-and-operators/?page=2,
Python Programming,variable names and operators,Which is the correct operator for power(xy)?,X^y,X**y,X^^y,None of the mentioned,B,,medium,web:Examveda.com https://www.examveda.com/python-program/practice-mcq-question-on-variable-names-and-operators/?page=2,
Python Programming,variable names and operators,Operators with the same precedence are evaluated in which manner?,Left to Right,Right to Left,Can't say,None of the mentioned,A,,medium,web:Examveda.com https://www.examveda.com/python-program/practice-mcq-question-on-variable-names-and-operators/?page=2,
Python Programming,variable names and operators,"What is the answer to this expression, 22 % 3 is?",7,1,0,5,B,,medium,web:Examveda.com https://www.examveda.com/python-program/practice-mcq-question-on-variable-names-and-operators/?page=2,
Python Programming,variable names and operators,"What is the result of len(""python"") ?",6,5,7,"""python""",A,"The len() function returns the length of a sequence, such as a string.",medium,web:Examveda.com https://www.examveda.com/python-program/practice-mcq-question-on-variable-names-and-operators/?page=2,
Python Programming,variable names and operators,What is the result of the expression 7 % 3 ?,2.33,2,0.333,1,D,The % operator calculates the remainder of the division.,medium,web:Examveda.com https://www.examveda.com/python-program/practice-mcq-question-on-variable-names-and-operators/?page=2,
Python Programming,variable names and operators,What is the order of precedence for the arithmetic operators in Python?,"+, *, /, -","/, *, +, -","*, /, +, -","+, -, *, /",C,"The order of precedence is: *, / (highest), +, - (lowest).",medium,web:Examveda.com https://www.examveda.com/python-program/practice-mcq-question-on-variable-names-and-operators/?page=2,
Python Programming,variable names and operators,What is the result of 10 / 2 ?,5.0,5,2,0.5,A,"Division of two integers results in a floating-point number. 

 
 
 
 



 
 
 
 
 
 
 
 
 
 
 
 
 
1
2
3
4
5

 
 
 
 
 
 
 
 
 
 

 
 

 -->
 
 
 


 

-->
 
 
 Copyright © 2026 Examveda.com
 
 
 
 
 
 
 
 
 
 About Us |
 Terms & Condition |
 Privacy Policy |
 Contact Us",medium,web:Examveda.com https://www.examveda.com/python-program/practice-mcq-question-on-variable-names-and-operators/?page=2,
Python Programming,variable names and operators,What is the purpose of the modulo operator (%) in Python?,Finding the exponent,Multiplying numbers,Calculating the square root,Calculating the remainder,D,The % operator calculates the remainder of division.,medium,web:Examveda.com https://www.examveda.com/python-program/practice-mcq-question-on-variable-names-and-operators/?page=3,
Python Programming,variable names and operators,What is the result of round(3.75) ?,3,3.75,4,3.5,C,The round() function rounds a floating-point number to the nearest integer.,medium,web:Examveda.com https://www.examveda.com/python-program/practice-mcq-question-on-variable-names-and-operators/?page=3,
Python Programming,variable names and operators,"What is the output of this expression, 3*1**3?",27,9,3,1,C,,medium,web:Examveda.com https://www.examveda.com/python-program/practice-mcq-question-on-variable-names-and-operators/?page=3,
Python Programming,variable names and operators,What is the purpose of the == operator in Python?,Assignment,Comparison for equality,Exponentiation,Concatenation,B,The == operator is used to compare if two values are equal.,medium,web:Examveda.com https://www.examveda.com/python-program/practice-mcq-question-on-variable-names-and-operators/?page=3,
Python Programming,variable names and operators,What is the result of not (5 > 3) ?,True,False,None,Error,B,The not operator returns the opposite of its operand's boolean value.,medium,web:Examveda.com https://www.examveda.com/python-program/practice-mcq-question-on-variable-names-and-operators/?page=3,
Python Programming,variable names and operators,Which of the following is a valid way to comment a single line in Python?,\ comment,/ comment,<!-- comment -->,# comment,D,The # symbol is used to comment a single line in Python.,medium,web:Examveda.com https://www.examveda.com/python-program/practice-mcq-question-on-variable-names-and-operators/?page=3,
Python Programming,variable names and operators,Which one of the following has the same precedence level?,Addition and Subtraction,"Multiplication, Division and Addition","Multiplication, Division, Addition and Subtraction",Addition and Multiplication,A,"In Python, Addition (+) and Subtraction (-) operators have the same precedence level. 
Multiplication (*) and Division (/) operators have a higher precedence than Addition and Subtraction. 
When an expression contains operators with the same precedence, they are evaluated from left to right. 
For example, in the expression 3 + 5 - 2, the addition and subtraction are performed from left to right.",medium,web:Examveda.com https://www.examveda.com/python-program/practice-mcq-question-on-variable-names-and-operators/?page=3,
Python Programming,variable names and operators,Which of the following is an invalid variable?,my_string_1,1st_string,foo,_,B,,medium,web:Examveda.com https://www.examveda.com/python-program/practice-mcq-question-on-variable-names-and-operators/?page=3,
Python Programming,variable names and operators,"What is the result of ""hello"" * 3 ?","""hellohellohello""","""hello3""","""3hello""","""hhheeellllllooo""",A,"The * operator repeats a string a specified number of times. 

 
 
 
 



 
 
 
 
 
 
 
 
 
 
 
 
 
1
2
3
4
5

 
 
 
 
 
 
 
 
 
 

 
 

 -->
 
 
 


 

-->
 
 
 Copyright © 2026 Examveda.com
 
 
 
 
 
 
 
 
 
 About Us |
 Terms & Condition |
 Privacy Policy |
 Contact Us",medium,web:Examveda.com https://www.examveda.com/python-program/practice-mcq-question-on-variable-names-and-operators/?page=3,
Python Programming,variable names and operators,Which of the following cannot be a variable?,__init__,in,it,on,B,,medium,web:Examveda.com https://www.examveda.com/python-program/practice-mcq-question-on-variable-names-and-operators/?page=4,
Python Programming,variable names and operators,Why are local variable names beginning with an underscore discouraged?,they are used to indicate a private variables of a class,they confuse the interpreter,they are used to indicate global variables,they slow down execution,A,,medium,web:Examveda.com https://www.examveda.com/python-program/practice-mcq-question-on-variable-names-and-operators/?page=4,
Python Programming,variable names and operators,What is the result of 10 // 3 ?,3,3.0,3.33,0,A,"The // operator performs floor division, resulting in the quotient without the fractional part.",medium,web:Examveda.com https://www.examveda.com/python-program/practice-mcq-question-on-variable-names-and-operators/?page=4,
Python Programming,variable names and operators,What is the result of the expression 5 // 2 ?,2.5,2,2.0,3,B,"The // operator performs floor division, resulting in the quotient without the fractional part.",medium,web:Examveda.com https://www.examveda.com/python-program/practice-mcq-question-on-variable-names-and-operators/?page=4,
Python Programming,variable names and operators,What is the order of precedence in python? i) Parentheses ii) Exponential iii) Multiplication iv) Division v) Addition vi) Subtraction,"i, ii, iii, iv, v, vi","ii, i, iii, iv, v, vi","ii, i, iv, iii, v, vi","i, ii, iii, iv, vi, v",A,,medium,web:Examveda.com https://www.examveda.com/python-program/practice-mcq-question-on-variable-names-and-operators/?page=4,
Python Programming,variable names and operators,What is the result of 3 ** 2 ?,6,9,1,12,B,"The ** operator performs exponentiation, so 3 raised to the power of 2 is 9.",medium,web:Examveda.com https://www.examveda.com/python-program/practice-mcq-question-on-variable-names-and-operators/?page=4,
Python Programming,variable names and operators,What does the is operator test for?,Equality of values,Identity of objects,Comparison of strings,Inclusion in a list,B,The is operator tests whether two variables refer to the same object in memory.,medium,web:Examveda.com https://www.examveda.com/python-program/practice-mcq-question-on-variable-names-and-operators/?page=4,
Python Programming,variable names and operators,What is the value of x after the following code: x = 5; x += 3; ?,5,8,3,15,B,The += operator adds the right operand to the left operand and assigns the result to the left operand.,medium,web:Examveda.com https://www.examveda.com/python-program/practice-mcq-question-on-variable-names-and-operators/?page=4,
Python Programming,variable names and operators,What is the type of the result when you add an integer and a floating-point number?,Integer,Floating-point,String,Boolean,B,"Adding an integer and a floating-point number results in a floating-point number. 

 
 
 
 



 
 
 
 
 
 
 
 
 
 
 
 
 
1
2
3
4
5

 
 
 
 
 
 
 
 
 
 

 
 

 -->
 
 
 


 

-->
 
 
 Copyright © 2026 Examveda.com
 
 
 
 
 
 
 
 
 
 About Us |
 Terms & Condition |
 Privacy Policy |
 Contact Us",medium,web:Examveda.com https://www.examveda.com/python-program/practice-mcq-question-on-variable-names-and-operators/?page=4,
Python Programming,variable names and operators,What is the result of 2 ** 3 ** 2 ?,64,512,18,81,B,"Exponentiation is right-associative, so the expression is evaluated as 2 ** (3 ** 2), which is 512.",medium,web:Examveda.com https://www.examveda.com/python-program/practice-mcq-question-on-variable-names-and-operators/?page=5,
Python Programming,variable names and operators,Which one of the following has the highest precedence in the expression?,Exponential,Addition,Multiplication,Parentheses,D,,medium,web:Examveda.com https://www.examveda.com/python-program/practice-mcq-question-on-variable-names-and-operators/?page=5,
Python Programming,variable names and operators,Which operator is used to concatenate strings in Python?,&,+,.,",",B,The + operator is used to concatenate strings in Python.,medium,web:Examveda.com https://www.examveda.com/python-program/practice-mcq-question-on-variable-names-and-operators/?page=5,
Python Programming,variable names and operators,Which one of these is floor division?,/,//,%,None of the mentioned,B,,medium,web:Examveda.com https://www.examveda.com/python-program/practice-mcq-question-on-variable-names-and-operators/?page=5,
Python Programming,variable names and operators,What does the != operator mean in Python?,Not Found,Not True,Not Equal,No Function,C,The != operator checks if two values are not equal.,medium,web:Examveda.com https://www.examveda.com/python-program/practice-mcq-question-on-variable-names-and-operators/?page=5,
Python Programming,variable names and operators,Which of the following is an invalid statement?,"abc = 1,000,000",a b c = 1000 2000 3000,"a,b,c = 1000, 2000, 3000","a_b_c = 1,000,000",B,,medium,web:Examveda.com https://www.examveda.com/python-program/practice-mcq-question-on-variable-names-and-operators/?page=5,
Python Programming,data types and numeric types,Which of the following is a valid data type in Python?,int,num,digit,number,A,The data type for integers in Python is int.,medium,web:Examveda.com https://www.examveda.com/python-program/practice-mcq-question-on-data-types-and-numeric-types/,
Python Programming,data types and numeric types,What is the result of type(3.14) ?,float,int,double,numeric,A,The type() function returns the data type of the argument.,medium,web:Examveda.com https://www.examveda.com/python-program/practice-mcq-question-on-data-types-and-numeric-types/,
Python Programming,data types and numeric types,What data type is used to represent a sequence of characters in Python?,string,char,text,str,D,The data type for sequences of characters in Python is str.,medium,web:Examveda.com https://www.examveda.com/python-program/practice-mcq-question-on-data-types-and-numeric-types/,
Python Programming,data types and numeric types,What is the purpose of the str() function in Python?,To convert a string to a number,To format strings,To concatenate strings,To convert a number to a string,D,The str() function converts a number or other data type to a string.,medium,web:Examveda.com https://www.examveda.com/python-program/practice-mcq-question-on-data-types-and-numeric-types/,
Python Programming,data types and numeric types,Which of these in not a core data type?,Lists,Dictionary,Tuples,Class,D,,medium,web:Examveda.com https://www.examveda.com/python-program/practice-mcq-question-on-data-types-and-numeric-types/,
Python Programming,data types and numeric types,"Given a function that does not return any value, What value is thrown by default when executed in shell.",int,bool,void,None,D,,medium,web:Examveda.com https://www.examveda.com/python-program/practice-mcq-question-on-data-types-and-numeric-types/,
Python Programming,data types and numeric types,In order to store values in terms of key and value we use what core data type.,list,tuple,class,dictionary,D,,medium,web:Examveda.com https://www.examveda.com/python-program/practice-mcq-question-on-data-types-and-numeric-types/,
Python Programming,data types and numeric types,How do you create a floating-point number in Python?,5.0,5,"""5.0""",float(5),A,"Floating-point numbers can be created using the decimal point notation, like 5.0.",medium,web:Examveda.com https://www.examveda.com/python-program/practice-mcq-question-on-data-types-and-numeric-types/,
Python Programming,data types and numeric types,What is the result of int(3.9) ?,3,3.9,4,4.0,A,"The int() function converts a floating-point number to an integer by truncating the decimal part. 

 
 
 
 



 
 
 
 
 
 
 
 
 
 
 
 
 1
2
3
4
5
6

 
 
 
 
 
 
 
 
 
 

 
 

 -->
 
 
 


 

-->
 
 
 Copyright © 2026 Examveda.com
 
 
 
 
 
 
 
 
 
 About Us |
 Terms & Condition |
 Privacy Policy |
 Contact Us",medium,web:Examveda.com https://www.examveda.com/python-program/practice-mcq-question-on-data-types-and-numeric-types/,
Python Programming,data types and numeric types,What is the data type of the result of 10 / 2 ?,int,float,double,numeric,B,Division of two integers results in a floating-point number.,medium,web:Examveda.com https://www.examveda.com/python-program/practice-mcq-question-on-data-types-and-numeric-types/?page=2,
Python Programming,data types and numeric types,How do you convert a string containing an integer to an integer data type?,"int(""5"")","integer(""5"")","to_int(""5"")","convert(""5"", int)",A,The int() function converts a string containing an integer to an integer.,medium,web:Examveda.com https://www.examveda.com/python-program/practice-mcq-question-on-data-types-and-numeric-types/?page=2,
Python Programming,data types and numeric types,Which of the following is not a numeric data type in Python?,int,float,str,complex,C,"str is a string data type, not a numeric data type.",medium,web:Examveda.com https://www.examveda.com/python-program/practice-mcq-question-on-data-types-and-numeric-types/?page=2,
Python Programming,data types and numeric types,"What is the result of complex(3, 4) ?",3,4,3 + 4i,7,C,The complex() function creates a complex number in the form real + imaginary.,medium,web:Examveda.com https://www.examveda.com/python-program/practice-mcq-question-on-data-types-and-numeric-types/?page=2,
Python Programming,data types and numeric types,What is the purpose of the round() function in Python?,To round up a number,To round down a number,To round a number to the nearest integer,To round a number to a specified number of decimal places,D,The round() function rounds a number to a specified number of decimal places.,medium,web:Examveda.com https://www.examveda.com/python-program/practice-mcq-question-on-data-types-and-numeric-types/?page=2,
Python Programming,data types and numeric types,What is the type of inf?,Boolean,Integer,Float,Complex,C,,medium,web:Examveda.com https://www.examveda.com/python-program/practice-mcq-question-on-data-types-and-numeric-types/?page=2,
Python Programming,data types and numeric types,What is the result of 5 + 3.0 ?,8,8.0,53.0,53,B,"When an integer and a floating-point number are added, the result is a floating-point number.",medium,web:Examveda.com https://www.examveda.com/python-program/practice-mcq-question-on-data-types-and-numeric-types/?page=2,
Python Programming,data types and numeric types,"What is the result of ""5"" + ""3"" ?",8,"""8""",53,"""53""",D,"The + operator concatenates strings, so ""5"" + ""3"" results in ""53"".",medium,web:Examveda.com https://www.examveda.com/python-program/practice-mcq-question-on-data-types-and-numeric-types/?page=2,
Python Programming,data types and numeric types,"What is the result of ""5"" * 3 ?",15,8,"""555""","""53""",C,The * operator repeats a string a specified number of times.,medium,web:Examveda.com https://www.examveda.com/python-program/practice-mcq-question-on-data-types-and-numeric-types/?page=2,
Python Programming,data types and numeric types,What is the result of 5 // 2 ?,2.5,2,2.0,3,B,"The // operator performs floor division, resulting in the quotient without the fractional part. 

 
 
 
 



 
 
 
 
 
 
 
 
 
 
 
 
 
1
2
3
4
5
6

 
 
 
 
 
 
 
 
 
 

 
 

 -->
 
 
 


 

-->
 
 
 Copyright © 2026 Examveda.com
 
 
 
 
 
 
 
 
 
 About Us |
 Terms & Condition |
 Privacy Policy |
 Contact Us",medium,web:Examveda.com https://www.examveda.com/python-program/practice-mcq-question-on-data-types-and-numeric-types/?page=2,
Python Programming,data types and numeric types,What is the result of 5 / 2 ?,2.5,2,2.0,3,A,Division of two integers results in a floating-point number.,medium,web:Examveda.com https://www.examveda.com/python-program/practice-mcq-question-on-data-types-and-numeric-types/?page=3,
Python Programming,data types and numeric types,Which of the following results in a SyntaxError?,"""Once upon a time..."", she said.'","""He said, 'Yes!'""",3',"""'That's okay""'",C,,medium,web:Examveda.com https://www.examveda.com/python-program/practice-mcq-question-on-data-types-and-numeric-types/?page=3,
Python Programming,data types and numeric types,What is the imaginary part of the complex number 3 + 4j ?,3,4,4j,3j,B,The imaginary part of a complex number is the coefficient of the imaginary unit j.,medium,web:Examveda.com https://www.examveda.com/python-program/practice-mcq-question-on-data-types-and-numeric-types/?page=3,
Python Programming,data types and numeric types,"What is the average value of the following Python code snippet? 
>>>grade1 = 80
>>>grade2 = 90
>>>average = (grade1 + grade2) / 2",85.0,85.1,95.0,95.1,A,,medium,web:Examveda.com https://www.examveda.com/python-program/practice-mcq-question-on-data-types-and-numeric-types/?page=3,
Python Programming,data types and numeric types,What is the result of int(3.999) ?,3,4,3.999,4.0,A,The int() function converts a floating-point number to an integer by truncating the decimal part.,medium,web:Examveda.com https://www.examveda.com/python-program/practice-mcq-question-on-data-types-and-numeric-types/?page=3,
Python Programming,data types and numeric types,What does ~4 evaluate to?,-5,-4,-3,+3,A,,medium,web:Examveda.com https://www.examveda.com/python-program/practice-mcq-question-on-data-types-and-numeric-types/?page=3,
Python Programming,data types and numeric types,What is the output of print 0.1 + 0.2 == 0.3?,True,False,Machine dependent,Error,B,,medium,web:Examveda.com https://www.examveda.com/python-program/practice-mcq-question-on-data-types-and-numeric-types/?page=3,
Python Programming,data types and numeric types,"The following is displayed by a print function call. Select all of the function calls that result in this output. 
tom
dick
harry","print('''tom
\ndick
\nharry''')",print(”’tomdickharry”’),print(‘tom\ndick\nharry’),"print('tom
dick
harry')",C,,medium,web:Examveda.com https://www.examveda.com/python-program/practice-mcq-question-on-data-types-and-numeric-types/?page=3,
Python Programming,data types and numeric types,"What is the data type of the result of ""True"" ?",boolean,str,bool,int,B,"The result of ""True"" is a string, not a boolean.",medium,web:Examveda.com https://www.examveda.com/python-program/practice-mcq-question-on-data-types-and-numeric-types/?page=3,
Python Programming,data types and numeric types,"What is the result of cmp(3, 1)?",1,0,True,False,A,,medium,web:Examveda.com https://www.examveda.com/python-program/practice-mcq-question-on-data-types-and-numeric-types/?page=3,
Python Programming,data types and numeric types,"What will be the output of the following Python code? 
>>>str=""hello""
>>>str[:2]
>>>",he,lo,olleh,hello,A,,medium,web:Examveda.com https://www.examveda.com/python-program/practice-mcq-question-on-data-types-and-numeric-types/?page=4,
Python Programming,data types and numeric types,What does ~~~~~~5 evaluate to?,+5,-11,+11,-5,A,,medium,web:Examveda.com https://www.examveda.com/python-program/practice-mcq-question-on-data-types-and-numeric-types/?page=4,
Python Programming,data types and numeric types,What is the result of abs(3 + 4j) ?,3,4,5,7,C,"In Python, the abs() function returns the magnitude (modulus) of a complex number. 

A complex number is written in the form a + bj, where a is the real part and b is the imaginary part. 

The magnitude of a complex number is calculated using the formula √(a² + b²). 

For the complex number 3 + 4j: 

Real part = 3 
Imaginary part = 4 

Magnitude = √(3² + 4²) = √(9 + 16) = √25 = 5. 

Therefore, abs(3 + 4j) returns 5. 

Hence, the correct answer is Option C: 5.",medium,web:Examveda.com https://www.examveda.com/python-program/practice-mcq-question-on-data-types-and-numeric-types/?page=4,
Python Programming,data types and numeric types,"What is the result of divmod(10, 3) ?","(3, 1)","(3, 0)","(3, 3)","(10, 3)",A,The divmod() function returns the quotient and remainder of division.,medium,web:Examveda.com https://www.examveda.com/python-program/practice-mcq-question-on-data-types-and-numeric-types/?page=4,
Python Programming,data types and numeric types,"What is the result of len(""Hello, World!"") ?",13,12,14,"""Hello, World!""",A,"The len() function returns the length of a sequence, such as a string.",medium,web:Examveda.com https://www.examveda.com/python-program/practice-mcq-question-on-data-types-and-numeric-types/?page=4,
Python Programming,data types and numeric types,"What data type is the object below? 
L = [1, 23, 'hello', 1]",list,dictionary,array,tuple,A,,medium,web:Examveda.com https://www.examveda.com/python-program/practice-mcq-question-on-data-types-and-numeric-types/?page=4,
Python Programming,data types and numeric types,"What is the result of int(""5"") + float(""2.5"") ?",7.5,8,7,5.2,A,The int() and float() functions convert strings to the respective numeric types.,medium,web:Examveda.com https://www.examveda.com/python-program/practice-mcq-question-on-data-types-and-numeric-types/?page=4,
Python Programming,data types and numeric types,What is the result of round(0.5) - round(-0.5)?,1.0,2.0,0.0,Value depends on Python version,D,,medium,web:Examveda.com https://www.examveda.com/python-program/practice-mcq-question-on-data-types-and-numeric-types/?page=4,
Python Programming,data types and numeric types,"What is the result of round(3.14159, 2) ?",3.14,3.15,3.1,3.141,A,The round() function rounds a number to a specified number of decimal places.,medium,web:Examveda.com https://www.examveda.com/python-program/practice-mcq-question-on-data-types-and-numeric-types/?page=4,
Python Programming,data types and numeric types,Which of the following will run without errors?,round(45.8),"round(6352.898,2,5)",round(),"round(7463.123,2,1)",A,,medium,web:Examveda.com https://www.examveda.com/python-program/practice-mcq-question-on-data-types-and-numeric-types/?page=5,
Python Programming,data types and numeric types,"In python we do not specify types, it is directly interpreted by the compiler, so consider the following operation to be performed. objective is to make sure x has a integer value, select all that apply (python 3.xx) 
>>>x = 13 ? 2",x = 13 // 2,x = int(13 / 2),x = 13 % 2,All of the mentioned,D,,medium,web:Examveda.com https://www.examveda.com/python-program/practice-mcq-question-on-data-types-and-numeric-types/?page=5,
Python Programming,data types and numeric types,"What error occurs when you execute the following Python code snippet? 
apple = mango",SyntaxError,NameError,ValueError,TypeError,B,,medium,web:Examveda.com https://www.examveda.com/python-program/practice-mcq-question-on-data-types-and-numeric-types/?page=5,
Python Programming,data types and numeric types,What is the purpose of the complex() function in Python?,To create complex numbers,To perform complex calculations,To convert numbers to strings,To round floating-point numbers,A,The complex() function is used to create complex numbers in Python.,medium,web:Examveda.com https://www.examveda.com/python-program/practice-mcq-question-on-data-types-and-numeric-types/?page=5,
Python Programming,data types and numeric types,What is the return type of function id?,int,float,bool,dict,A,,medium,web:Examveda.com https://www.examveda.com/python-program/practice-mcq-question-on-data-types-and-numeric-types/?page=5,
Python Programming,data types and numeric types,What is the result of (3 + 4j) * (1 - 2j) ?,-5 - 5j,-1 + 10j,-1 - 10j,5 + 5j,C,Complex multiplication involves distributing and combining real and imaginary parts.,medium,web:Examveda.com https://www.examveda.com/python-program/practice-mcq-question-on-data-types-and-numeric-types/?page=5,
Python Programming,data types and numeric types,"What will be the output of the following Python code snippet? 
def example(a):
 a = a + '2'
 a = a*2
 return a
>>>example(""hello"")",indentation Error,cannot perform mathematical operation on strings,hello2,hello2hello2,A,,medium,web:Examveda.com https://www.examveda.com/python-program/practice-mcq-question-on-data-types-and-numeric-types/?page=5,
Python Programming,data types and numeric types,"What is the result of float(""3.14"") ?",3.0,"""3.14""",3.14,"""3""",C,"The float() function converts a string containing a number to a floating-point number. 

 
 
 
 



 
 
 
 
 
 
 
 
 
 
 
 
 
1
2
3
4
5
6

 
 
 
 
 
 
 
 
 
 

 
 

 -->
 
 
 


 

-->
 
 
 Copyright © 2026 Examveda.com
 
 
 
 
 
 
 
 
 
 About Us |
 Terms & Condition |
 Privacy Policy |
 Contact Us",medium,web:Examveda.com https://www.examveda.com/python-program/practice-mcq-question-on-data-types-and-numeric-types/?page=5,
Python Programming,data types and numeric types,"Select all options that print. 
hello-how-are-you","print('hello', 'how', 'are', 'you')","print('hello', 'how', 'are', 'you' + '-' * 4)",print('hello-' + 'how-are-you'),print('hello' + '-' + 'how' + '-' + 'are' + 'you'),C,,medium,web:Examveda.com https://www.examveda.com/python-program/practice-mcq-question-on-data-types-and-numeric-types/?page=6,
Python Programming,data types and numeric types,What does 3 ^ 4 evaluate to?,81,12,0.75,7,D,,medium,web:Examveda.com https://www.examveda.com/python-program/practice-mcq-question-on-data-types-and-numeric-types/?page=6,
Python Programming,precedence and associativity,What is the result of 10 / 2 * 3 ?,15,30,5,6,A,Multiplication and division have the same precedence and are evaluated left to right.,medium,web:Examveda.com https://www.examveda.com/python-program/practice-mcq-question-on-precedence-and-associativity/,
Python Programming,precedence and associativity,What is the result of 5 - 2 + 1 ?,2,4,-2,3,B,"In Python, operators have specific precedence levels that determine the order in which operations are performed. 
Subtraction (-) and addition (+) operators have the same precedence level and are evaluated from left to right (left associativity). 
In the expression 5 - 2 + 1: 
First, 5 - 2 is evaluated, resulting in 3. 
Then, 3 + 1 is evaluated, resulting in 4. 
Thus, the result of the expression 5 - 2 + 1 is 4.",medium,web:Examveda.com https://www.examveda.com/python-program/practice-mcq-question-on-precedence-and-associativity/,
Python Programming,precedence and associativity,"What will be the value of the following Python expression? 
4+2**5//10",3,7,77,0,B,,medium,web:Examveda.com https://www.examveda.com/python-program/practice-mcq-question-on-precedence-and-associativity/,
Python Programming,precedence and associativity,What is the result of 2 * 3 % 4 ?,0,1,2,3,B,Multiplication and modulo have the same precedence and are evaluated left to right.,medium,web:Examveda.com https://www.examveda.com/python-program/practice-mcq-question-on-precedence-and-associativity/,
Python Programming,precedence and associativity,What is the result of 12 // 4 / 2 ?,3.0,3,1.0,1,A,The // and / operators have the same precedence and are evaluated left to right.,medium,web:Examveda.com https://www.examveda.com/python-program/practice-mcq-question-on-precedence-and-associativity/,
Python Programming,precedence and associativity,What is the result of 2 + 3 * 4 ?,14,20,15,10,A,"In Python, arithmetic operations follow precedence rules:
 
Multiplication (*) has higher precedence than addition (+).
 
So, the expression 2 + 3 * 4 is evaluated as:
 
First, perform the multiplication: 3 * 4 = 12
 
Then, add 2 to the result: 2 + 12 = 14
 
Therefore, the result of 2 + 3 * 4 is 14.",medium,web:Examveda.com https://www.examveda.com/python-program/practice-mcq-question-on-precedence-and-associativity/,
Python Programming,precedence and associativity,Which of the following is the truncation division operator?,/,%,//,|,C,,medium,web:Examveda.com https://www.examveda.com/python-program/practice-mcq-question-on-precedence-and-associativity/,
Python Programming,precedence and associativity,Which of the following expressions involves coercion when evaluated in Python?,4.7 - 1.5,7.9 * 6.3,1.7 % 2,3.4 + 4.6,C,,medium,web:Examveda.com https://www.examveda.com/python-program/practice-mcq-question-on-precedence-and-associativity/,
Python Programming,precedence and associativity,What is the result of (5 - 2) * 2 ?,5,3,6,10,C,"Parentheses have the highest precedence, so the expression inside them is evaluated first.",medium,web:Examveda.com https://www.examveda.com/python-program/practice-mcq-question-on-precedence-and-associativity/?page=2,
Python Programming,precedence and associativity,What is the result of 10 / 2 / 5 ?,0.5,1.0,2.5,25,A,"Division has left-to-right associativity, so the result is 0.5.",medium,web:Examveda.com https://www.examveda.com/python-program/practice-mcq-question-on-precedence-and-associativity/?page=2,
Python Programming,precedence and associativity,"What will be the value of x in the following Python expression? 
x = int(43.55+2/2)",43,44,22,23,B,,medium,web:Examveda.com https://www.examveda.com/python-program/practice-mcq-question-on-precedence-and-associativity/?page=2,
Python Programming,precedence and associativity,What is the result of (8 - 4) * 2 / 4 ?,1,2,0.5,3,B,"Parentheses have the highest precedence, so the expression inside them is evaluated first.",medium,web:Examveda.com https://www.examveda.com/python-program/practice-mcq-question-on-precedence-and-associativity/?page=2,
Python Programming,precedence and associativity,"What is the value of the following expression? 
8/4/2, 8/(4/2)","(1.0, 4.0)","(1.0, 1.0)",(4.0. 1.0),"(4.0, 4.0)",A,,medium,web:Examveda.com https://www.examveda.com/python-program/practice-mcq-question-on-precedence-and-associativity/?page=2,
Python Programming,precedence and associativity,What is the result of 3 + 2 * (5 - 3) ?,11,8,6,13,C,"Parentheses have the highest precedence, so the expression inside them is evaluated first.",medium,web:Examveda.com https://www.examveda.com/python-program/practice-mcq-question-on-precedence-and-associativity/?page=2,
Python Programming,precedence and associativity,What is the result of 10 + 2 * 6 / 3 ?,14,16,8,12,A,Multiplication and division have the same precedence and are evaluated left to right.,medium,web:Examveda.com https://www.examveda.com/python-program/practice-mcq-question-on-precedence-and-associativity/?page=2,
Python Programming,precedence and associativity,What is the result of 4 * 3 % 5 ?,2,1,3,0,A,Multiplication and modulo have the same precedence and are evaluated left to right.,medium,web:Examveda.com https://www.examveda.com/python-program/practice-mcq-question-on-precedence-and-associativity/?page=2,
Python Programming,precedence and associativity,"What will be the value of X in the following Python expression? 
X = 2+9*((3*12)-8)/10",30.0,30.8,28.4,27.2,D,,medium,web:Examveda.com https://www.examveda.com/python-program/practice-mcq-question-on-precedence-and-associativity/?page=2,
Python Programming,precedence and associativity,What is the result of 3 + 4 * 5 ?,35,23,27,47,B,"In Python, expressions are evaluated according to operator precedence, which determines the order in which operations are performed. 

The multiplication operator (*) has higher precedence than the addition operator (+). 

Therefore, in the expression 3 + 4 * 5, the multiplication is performed first. 

First step: 4 * 5 = 20 

Second step: 3 + 20 = 23 

Thus, the final result of the expression is 23. 

Hence, the correct answer is Option B: 23.",medium,web:Examveda.com https://www.examveda.com/python-program/practice-mcq-question-on-precedence-and-associativity/?page=3,
Python Programming,precedence and associativity,What is the result of (2 + 3) * 4 ?,9,14,20,25,C,"Parentheses have the highest precedence, so the expression inside them is evaluated first.",medium,web:Examveda.com https://www.examveda.com/python-program/practice-mcq-question-on-precedence-and-associativity/?page=3,
Python Programming,precedence and associativity,What is the result of (2 + 3) * (5 - 1) ?,14,20,16,18,A,"Parentheses have the highest precedence, so the expression inside them is evaluated first.",medium,web:Examveda.com https://www.examveda.com/python-program/practice-mcq-question-on-precedence-and-associativity/?page=3,
Python Programming,precedence and associativity,Which of the following operators has its associativity from right to left?,+,//,%,**,D,,medium,web:Examveda.com https://www.examveda.com/python-program/practice-mcq-question-on-precedence-and-associativity/?page=3,
Python Programming,precedence and associativity,"What will be the value of the following Python expression? 
float(4+int(2.39)%2)",5.0,5,4.0,4,C,,medium,web:Examveda.com https://www.examveda.com/python-program/practice-mcq-question-on-precedence-and-associativity/?page=3,
Python Programming,precedence and associativity,What is the result of 8 / 2 ** 2 ?,1,8,4,16,C,"Exponentiation has higher precedence than division, so 2 ** 2 is evaluated first.",medium,web:Examveda.com https://www.examveda.com/python-program/practice-mcq-question-on-precedence-and-associativity/?page=3,
Python Programming,precedence and associativity,What is the result of 4 + 3 ** 2 % 2 ?,4,5,1,7,B,"Exponentiation has higher precedence, so 3 ** 2 is evaluated first, then modulo, and finally addition.",medium,web:Examveda.com https://www.examveda.com/python-program/practice-mcq-question-on-precedence-and-associativity/?page=3,
Python Programming,precedence and associativity,What is the result of 2 ** 3 * 4 ?,14,24,16,8,C,Exponentiation and multiplication have the same precedence and are evaluated left to right.,medium,web:Examveda.com https://www.examveda.com/python-program/practice-mcq-question-on-precedence-and-associativity/?page=3,
Python Programming,precedence and associativity,Which of the following expressions is an example of type conversion?,4.0 + float(3),5.3 + 6.3,5.0 + 3,3 + 7,A,,medium,web:Examveda.com https://www.examveda.com/python-program/practice-mcq-question-on-precedence-and-associativity/?page=3,
Python Programming,precedence and associativity,What is the result of 3 + 2 * 4 ** 2 ?,19,29,35,59,B,"Exponentiation has higher precedence, so 4 ** 2 is evaluated first, then multiplication and addition follow.",medium,web:Examveda.com https://www.examveda.com/python-program/practice-mcq-question-on-precedence-and-associativity/?page=4,
Python Programming,precedence and associativity,What is the result of 2 * (3 + 4) ?,14,16,10,24,A,"Parentheses have the highest precedence, so the expression inside them is evaluated first.",medium,web:Examveda.com https://www.examveda.com/python-program/practice-mcq-question-on-precedence-and-associativity/?page=4,
Python Programming,precedence and associativity,"What is the value of the following expression? 
2+4.00, 2**4.0","(6.0, 16.0)","(6.00, 16.00)","(6, 16)","(6.00, 16.0)",A,,medium,web:Examveda.com https://www.examveda.com/python-program/practice-mcq-question-on-precedence-and-associativity/?page=4,
Python Programming,precedence and associativity,What is the result of 2 ** 3 % 3 ?,2,0,1,3,C,"Exponentiation has higher precedence, so 2 ** 3 is evaluated first, then modulo.",medium,web:Examveda.com https://www.examveda.com/python-program/practice-mcq-question-on-precedence-and-associativity/?page=4,
Python Programming,precedence and associativity,"What is the value of the following expression? 
float(22//3+3/3)",8,8.0,8.3,8.33,B,,medium,web:Examveda.com https://www.examveda.com/python-program/practice-mcq-question-on-precedence-and-associativity/?page=4,
Python Programming,precedence and associativity,What is the result of 10 / (2 + 3) ?,2,1.5,5,0,B,"Parentheses have the highest precedence, so the expression inside them is evaluated first.",medium,web:Examveda.com https://www.examveda.com/python-program/practice-mcq-question-on-precedence-and-associativity/?page=4,
Python Programming,precedence and associativity,"Which among the following list of operators has the highest precedence? 
+, -, **, %, /, >, |",>,**,|,%,B,,medium,web:Examveda.com https://www.examveda.com/python-program/practice-mcq-question-on-precedence-and-associativity/?page=4,
Python Programming,precedence and associativity,Which of the following expressions results in an error?,float('10'),int('10'),float('10.8'),int('10.8'),D,,medium,web:Examveda.com https://www.examveda.com/python-program/practice-mcq-question-on-precedence-and-associativity/?page=4,
Python Programming,precedence and associativity,What is the result of 5 / 2 // 2 ?,2.0,2,1,1.0,C,"Division and floor division have the same precedence and are evaluated left to right. 

 
 
 
 



 
 
 
 
 
 
 
 
 
 
 
 
 
1
2
3
4
5

 
 
 
 
 
 
 
 
 
 

 
 

 -->
 
 
 


 

-->
 
 
 Copyright © 2026 Examveda.com
 
 
 
 
 
 
 
 
 
 About Us |
 Terms & Condition |
 Privacy Policy |
 Contact Us",medium,web:Examveda.com https://www.examveda.com/python-program/practice-mcq-question-on-precedence-and-associativity/?page=4,
Python Programming,precedence and associativity,"Evaluate the expression given below if A = 16 and B = 15. 
A % B // A",0.0,0,1.0,1,B,,medium,web:Examveda.com https://www.examveda.com/python-program/practice-mcq-question-on-precedence-and-associativity/?page=5,
Python Programming,precedence and associativity,"What will be the output of the following Python expression? 
print(4.00/(2.0+2.0))",Error,1.0,1.00,1,B,,medium,web:Examveda.com https://www.examveda.com/python-program/practice-mcq-question-on-precedence-and-associativity/?page=5,
Python Programming,precedence and associativity,What is the result of 10 - 3 + 2 ?,5,9,-9,-1,B,Addition and subtraction have the same precedence and are evaluated left to right.,medium,web:Examveda.com https://www.examveda.com/python-program/practice-mcq-question-on-precedence-and-associativity/?page=5,
Python Programming,precedence and associativity,"What will be the output of the following Python expression? 
24//6%3, 24//4//2","(1,3)","(0,3)","(1,0)","(3,1)",A,,medium,web:Examveda.com https://www.examveda.com/python-program/practice-mcq-question-on-precedence-and-associativity/?page=5,
Python Programming,precedence and associativity,What is the result of 8 - 6 / 2 ?,4,5,1,2,B,"Division has higher precedence, so 6 / 2 is evaluated first, then subtracted from 8.",medium,web:Examveda.com https://www.examveda.com/python-program/practice-mcq-question-on-precedence-and-associativity/?page=5,
Python Programming,precedence and associativity,What is the result of 5 % 3 ** 2 ?,1,2,0,4,C,"Exponentiation has higher precedence, so 3 ** 2 is evaluated first, then modulo.",medium,web:Examveda.com https://www.examveda.com/python-program/practice-mcq-question-on-precedence-and-associativity/?page=5,
Python Programming,precedence and associativity,What is the result of 12 // (4 * 2) ?,1,2,3,0,A,"Parentheses have the highest precedence, so the expression inside them is evaluated first.",medium,web:Examveda.com https://www.examveda.com/python-program/practice-mcq-question-on-precedence-and-associativity/?page=5,
Python Programming,precedence and associativity,Which operator has the highest precedence in Python?,+,*,/,**,D,The exponentiation (**) operator has the highest precedence.,medium,web:Examveda.com https://www.examveda.com/python-program/practice-mcq-question-on-precedence-and-associativity/?page=5,
Python Programming,precedence and associativity,What is the result of 3 ** 2 // 3 ?,1,3,2,27,A,"Exponentiation has higher precedence, so 3 ** 2 is evaluated first, then floor division.",medium,web:Examveda.com https://www.examveda.com/python-program/practice-mcq-question-on-precedence-and-associativity/?page=5,
Python Programming,precedence and associativity,What is the result of 10 / 2 ** 2 * 2 ?,5,2,10,2.5,A,"Exponentiation has higher precedence, so 2 ** 2 is evaluated first, then multiplication and division follow. 

 
 
 
 



 
 
 
 
 
 
 
 
 
 
 
 
 
1
2
3
4
5
 
 
 
 
 
 
 
 
 
 

 
 

 -->
 
 
 


 

-->
 
 
 Copyright © 2026 Examveda.com
 
 
 
 
 
 
 
 
 
 About Us |
 Terms & Condition |
 Privacy Policy |
 Contact Us",medium,web:Examveda.com https://www.examveda.com/python-program/practice-mcq-question-on-precedence-and-associativity/?page=5,
Python Programming,bitwise and boolean,What is the result of 5 & 3 ?,8,1,7,15,B,The & operator performs bitwise AND on the binary representations of the numbers.,medium,web:Examveda.com https://www.examveda.com/python-program/practice-mcq-question-on-bitwise-and-boolean/,
Python Programming,bitwise and boolean,What is the result of `6 | 3` ?,9,6,3,7,D,"The bitwise OR operator (|) performs a bitwise OR operation on each corresponding bit of the two numbers. In this case, the binary representation of 6 is 110, and the binary representation of 3 is 011. When performing a bitwise OR, if any of the corresponding bits is 1, the result bit will be 1; otherwise, it will be 0. So, performing 6 | 3 results in 111, which is 7 in decimal notation. Therefore, the correct answer is Option D.",medium,web:Examveda.com https://www.examveda.com/python-program/practice-mcq-question-on-bitwise-and-boolean/,
Python Programming,bitwise and boolean,What is the result of 10 ^ 6 ?,16,12,4,14,B,The ^ operator performs bitwise XOR on the binary representations of the numbers.,medium,web:Examveda.com https://www.examveda.com/python-program/practice-mcq-question-on-bitwise-and-boolean/,
Python Programming,bitwise and boolean,What is the result of 5 > 1 ?,5,10,20,2,B,The > operators are evaluated from left to right.,medium,web:Examveda.com https://www.examveda.com/python-program/practice-mcq-question-on-bitwise-and-boolean/,
Python Programming,bitwise and boolean,What is the result of `(6 | 3) ^ 5` ?,0,1,4,7,A,,medium,web:Examveda.com https://www.examveda.com/python-program/practice-mcq-question-on-bitwise-and-boolean/,
Python Programming,bitwise and boolean,What is the result of 7 << 2 ?,28,7,14,4,A,The,medium,web:Examveda.com https://www.examveda.com/python-program/practice-mcq-question-on-bitwise-and-boolean/,
Python Programming,bitwise and boolean,"What will be the value of x in the following Python expression, if the result of that expression is 2? 
x>>2",8,4,2,1,A,,medium,web:Examveda.com https://www.examveda.com/python-program/practice-mcq-question-on-bitwise-and-boolean/,
Python Programming,bitwise and boolean,Which of the following represents the bitwise XOR operator?,&,^,|,!,B,,medium,web:Examveda.com https://www.examveda.com/python-program/practice-mcq-question-on-bitwise-and-boolean/,
Python Programming,bitwise and boolean,What is the result of ~(6 & 3) ?,-6,6,-2,2,C,The ~ and & operators are evaluated from left to right.,medium,web:Examveda.com https://www.examveda.com/python-program/practice-mcq-question-on-bitwise-and-boolean/,
Python Programming,bitwise and boolean,What is the result of True ^ False ?,True,False,None,Error,A,"The ^ operator performs bitwise XOR on the boolean values, resulting in True. 

 
 
 
 



 
 
 
 
 
 
 
 
 
 
 
 
 1
2
3
4
5
6

 
 
 
 
 
 
 
 
 
 

 
 

 -->
 
 
 


 

-->
 
 
 Copyright © 2026 Examveda.com
 
 
 
 
 
 
 
 
 
 About Us |
 Terms & Condition |
 Privacy Policy |
 Contact Us",medium,web:Examveda.com https://www.examveda.com/python-program/practice-mcq-question-on-bitwise-and-boolean/,
Python Programming,bitwise and boolean,The one's complement of 110010101 is:,001101010,110010101,001101011,110010100,A,,medium,web:Examveda.com https://www.examveda.com/python-program/practice-mcq-question-on-bitwise-and-boolean/?page=2,
Python Programming,bitwise and boolean,"What will be the output of the following Python code snippet? 
not(1030)",True,False,Error,No output,B,,medium,web:Examveda.com https://www.examveda.com/python-program/practice-mcq-question-on-bitwise-and-boolean/?page=2,
Python Programming,bitwise and boolean,What is the result of not (3 > 5) ?,True,False,None,Error,A,The not operator returns the opposite of its operand's boolean value.,medium,web:Examveda.com https://www.examveda.com/python-program/practice-mcq-question-on-bitwise-and-boolean/?page=2,
Python Programming,bitwise and boolean,What is the result of not (True or False) ?,True,False,None,Error,B,"The not operator negates the boolean value, resulting in False.",medium,web:Examveda.com https://www.examveda.com/python-program/practice-mcq-question-on-bitwise-and-boolean/?page=2,
Python Programming,bitwise and boolean,What is the result of `5 & 9 | 1` ?,13,5,9,1,A,,medium,web:Examveda.com https://www.examveda.com/python-program/practice-mcq-question-on-bitwise-and-boolean/?page=2,
Python Programming,bitwise and boolean,What is the two's complement of -44?,1011011,11010100,11101011,10110011,B,,medium,web:Examveda.com https://www.examveda.com/python-program/practice-mcq-question-on-bitwise-and-boolean/?page=2,
Python Programming,bitwise and boolean,Any odd number on being AND-ed with . . . . . . . . always gives 1. Hint: Any even number on being AND-ed with this value always gives 0.,10,2,1,0,C,,medium,web:Examveda.com https://www.examveda.com/python-program/practice-mcq-question-on-bitwise-and-boolean/?page=2,
Python Programming,bitwise and boolean,"What will be the output of the following Python code snippet? 
not(3>4)
not(1&1)","True 
True","True 
False","False 
True","False 
False",B,,medium,web:Examveda.com https://www.examveda.com/python-program/practice-mcq-question-on-bitwise-and-boolean/?page=2,
Python Programming,bitwise and boolean,Which of the following Boolean expressions is not logically equivalent to the other three?,not(-610),-6>=0 and -6<=10,not(-6<10 or-6==10),not(-6>10 or-6==10),D,,medium,web:Examveda.com https://www.examveda.com/python-program/practice-mcq-question-on-bitwise-and-boolean/?page=2,
Python Programming,bitwise and boolean,What is the result of `(4 | 2) & 6` ?,0,6,2,4,C,,medium,web:Examveda.com https://www.examveda.com/python-program/practice-mcq-question-on-bitwise-and-boolean/?page=3,
Python Programming,bitwise and boolean,"What will be the output of the following Python code if the system date is 21st June, 2017 (Wednesday)? 
[] or {}
{} or []","[] 
{}","[] 
[]","{} 
[]","{} 
{}",C,,medium,web:Examveda.com https://www.examveda.com/python-program/practice-mcq-question-on-bitwise-and-boolean/?page=3,
Python Programming,bitwise and boolean,What is the result of `(8 >> 2) | (1 << 2)` ?,10,5,9,4,A,,medium,web:Examveda.com https://www.examveda.com/python-program/practice-mcq-question-on-bitwise-and-boolean/?page=3,
Python Programming,bitwise and boolean,What is the result of True & False ?,True,False,None,Error,B,"The & operator performs bitwise AND on the boolean values, resulting in False.",medium,web:Examveda.com https://www.examveda.com/python-program/practice-mcq-question-on-bitwise-and-boolean/?page=3,
Python Programming,bitwise and boolean,What is the result of `True | False` ?,True,False,None,Error,A,,medium,web:Examveda.com https://www.examveda.com/python-program/practice-mcq-question-on-bitwise-and-boolean/?page=3,
Python Programming,bitwise and boolean,"What is the value of the following Python expression? 
bin(0x8)",'0bx1000',8,1000,'0b1000',D,,medium,web:Examveda.com https://www.examveda.com/python-program/practice-mcq-question-on-bitwise-and-boolean/?page=3,
Python Programming,bitwise and boolean,"What will be the value of the following Python expression? 
bin(10-2)+bin(12^4)",0b10000,0b10001000,0b1000b1000,0b10000b1000,D,,medium,web:Examveda.com https://www.examveda.com/python-program/practice-mcq-question-on-bitwise-and-boolean/?page=3,
Python Programming,bitwise and boolean,What is the result of `5 > 1` ?,3,4,5,2,C,,medium,web:Examveda.com https://www.examveda.com/python-program/practice-mcq-question-on-bitwise-and-boolean/?page=3,
Python Programming,bitwise and boolean,"What will be the output of the following Python code snippet? 
['hello', 'morning'][bool('')]",error,no output,hello,morning,C,,medium,web:Examveda.com https://www.examveda.com/python-program/practice-mcq-question-on-bitwise-and-boolean/?page=4,
Python Programming,bitwise and boolean,"What will be the output of the following Python code? 
if (9 0) or False:
 print(""good"")
else:
 print(""bad"")",error,hello,good,bad,C,,medium,web:Examveda.com https://www.examveda.com/python-program/practice-mcq-question-on-bitwise-and-boolean/?page=4,
Python Programming,bitwise and boolean,"What will be the output of the following Python expression? 
4^12",2,4,8,12,C,,medium,web:Examveda.com https://www.examveda.com/python-program/practice-mcq-question-on-bitwise-and-boolean/?page=4,
Python Programming,bitwise and boolean,Which of the following expressions can be used to multiply a given number 'a' by 4?,a<<2,a<<4,a>>2,a>>4,A,,medium,web:Examveda.com https://www.examveda.com/python-program/practice-mcq-question-on-bitwise-and-boolean/?page=4,
Python Programming,bitwise and boolean,What is the result of (10 >> 1) & 3 ?,1,3,2,0,A,The >> and & operators are evaluated from left to right.,medium,web:Examveda.com https://www.examveda.com/python-program/practice-mcq-question-on-bitwise-and-boolean/?page=4,
Python Programming,bitwise and boolean,"What will be the output of the following Python code snippet? 
bool(‘False’)
bool()","True 
True","False 
True","False 
False","True 
False",D,,medium,web:Examveda.com https://www.examveda.com/python-program/practice-mcq-question-on-bitwise-and-boolean/?page=4,
Python Programming,bitwise and boolean,What is the result of 7 ^ 7 ?,0,14,7,1,A,The XOR operation with the same number results in 0.,medium,web:Examveda.com https://www.examveda.com/python-program/practice-mcq-question-on-bitwise-and-boolean/?page=4,
Python Programming,bitwise and boolean,"What will be the output of the following Python code if a=10 and b =20? 
a=10
b=20
a=a^b
b=a^b
a=a^b
print(a,b)",10 20,10 10,20 10,20 20,C,,medium,web:Examveda.com https://www.examveda.com/python-program/practice-mcq-question-on-bitwise-and-boolean/?page=4,
Python Programming,bitwise and boolean,What is the result of 12 ^ (7 << 1) ?,26,22,20,10,B,Parentheses are used to indicate the order of operations.,medium,web:Examveda.com https://www.examveda.com/python-program/practice-mcq-question-on-bitwise-and-boolean/?page=4,
Python Programming,bitwise and boolean,What is the result of ~5 ?,5,-5,10,-6,B,"The ~ operator performs bitwise NOT, inverting the bits of the number. 

 
 
 
 



 
 
 
 
 
 
 
 
 
 
 
 
 
1
2
3
4
5
6

 
 
 
 
 
 
 
 
 
 

 
 

 -->
 
 
 


 

-->
 
 
 Copyright © 2026 Examveda.com
 
 
 
 
 
 
 
 
 
 About Us |
 Terms & Condition |
 Privacy Policy |
 Contact Us",medium,web:Examveda.com https://www.examveda.com/python-program/practice-mcq-question-on-bitwise-and-boolean/?page=4,
Python Programming,bitwise and boolean,What is the result of not True ?,True,False,None,Error,B,"The not operator negates the boolean value, resulting in False.",medium,web:Examveda.com https://www.examveda.com/python-program/practice-mcq-question-on-bitwise-and-boolean/?page=5,
Python Programming,bitwise and boolean,"What will be the output of the following Python code? 
['f', 't'][bool('spam')]",t,f,No output,Error,A,,medium,web:Examveda.com https://www.examveda.com/python-program/practice-mcq-question-on-bitwise-and-boolean/?page=5,
Python Programming,bitwise and boolean,"What will be the output of the following Python expression? 
0x35 | 0x75",115,116,117,118,C,,medium,web:Examveda.com https://www.examveda.com/python-program/practice-mcq-question-on-bitwise-and-boolean/?page=5,
Python Programming,bitwise and boolean,What is the result of ~(7 ^ 2) ?,-5,5,-3,3,C,The ~ and ^ operators are evaluated from left to right.,medium,web:Examveda.com https://www.examveda.com/python-program/practice-mcq-question-on-bitwise-and-boolean/?page=5,
Python Programming,bitwise and boolean,"What will be the output of the following Python expression if x=15 and y=12? 
x & y",b1101,0b1101,12,1101,C,,medium,web:Examveda.com https://www.examveda.com/python-program/practice-mcq-question-on-bitwise-and-boolean/?page=5,
Python Programming,bitwise and boolean,What is the result of 5 ^ 5 ?,0,10,5,1,A,The XOR operation with the same number results in 0.,medium,web:Examveda.com https://www.examveda.com/python-program/practice-mcq-question-on-bitwise-and-boolean/?page=5,
Python Programming,bitwise and boolean,"What will be the output of the following Python expression? 
int(1011)?",1011,11,13,1101,A,,medium,web:Examveda.com https://www.examveda.com/python-program/practice-mcq-question-on-bitwise-and-boolean/?page=5,
Python Programming,bitwise and boolean,"What will be the output of the following Python expression? 
bin(29)",'0b10111','0b11101','0b11111','0b11011',B,,medium,web:Examveda.com https://www.examveda.com/python-program/practice-mcq-question-on-bitwise-and-boolean/?page=5,
Python Programming,bitwise and boolean,"To find the decimal value of 1111, that is 15, we can use the function:","int(1111,10)","int('1111',10)","int(1111,2)","int('1111',2)",D,,medium,web:Examveda.com https://www.examveda.com/python-program/practice-mcq-question-on-bitwise-and-boolean/?page=5,
Python Programming,bitwise and boolean,What is the result of 9 ^ (5 & 3) ?,8,7,1,2,C,"The ^ and & operators are evaluated from left to right. 

 
 
 
 



 
 
 
 
 
 
 
 
 
 
 
 
 
1
2
3
4
5
6

 
 
 
 
 
 
 
 
 
 

 
 

 -->
 
 
 


 

-->
 
 
 Copyright © 2026 Examveda.com
 
 
 
 
 
 
 
 
 
 About Us |
 Terms & Condition |
 Privacy Policy |
 Contact Us",medium,web:Examveda.com https://www.examveda.com/python-program/practice-mcq-question-on-bitwise-and-boolean/?page=5,
Python Programming,bitwise and boolean,What is the result of not (10 > 5) ?,True,False,None,Error,B,The not operator returns the opposite of its operand's boolean value.,medium,web:Examveda.com https://www.examveda.com/python-program/practice-mcq-question-on-bitwise-and-boolean/?page=6,
Python Programming,bitwise and boolean,What is the result of not (3 < 5) ?,True,False,None,Error,B,The not operator returns the opposite of its operand's boolean value.,medium,web:Examveda.com https://www.examveda.com/python-program/practice-mcq-question-on-bitwise-and-boolean/?page=6,
Python Programming,bitwise and boolean,What is the result of `12 | 10 & 9` ?,12,10,9,8,A,,medium,web:Examveda.com https://www.examveda.com/python-program/practice-mcq-question-on-bitwise-and-boolean/?page=6,
Python Programming,bitwise and boolean,Bitwise . . . . . . . . gives 1 if either of the bits is 1 and 0 when both of the bits are 1.,OR,AND,XOR,NOT,C,,medium,web:Examveda.com https://www.examveda.com/python-program/practice-mcq-question-on-bitwise-and-boolean/?page=6,
Python Programming,bitwise and boolean,What is the result of 5 & 6 ^ 6 ?,6,5,0,1,C,The & and ^ operators are evaluated from left to right.,medium,web:Examveda.com https://www.examveda.com/python-program/practice-mcq-question-on-bitwise-and-boolean/?page=6,
Python Programming,bitwise and boolean,What is the result of 12 >> 2 ?,3,6,12,48,A,"The >> operator performs right shift, shifting the bits to the right.",medium,web:Examveda.com https://www.examveda.com/python-program/practice-mcq-question-on-bitwise-and-boolean/?page=6,
Python Programming,bitwise and boolean,What is the result of `10 & 5 | 5` ?,5,10,0,15,A,,medium,web:Examveda.com https://www.examveda.com/python-program/practice-mcq-question-on-bitwise-and-boolean/?page=6,
Python Programming,bitwise and boolean,"What will be the output of the following Python code? 
class Truth:
 pass
x=Truth()
bool(x)",pass,true,false,error,B,,medium,web:Examveda.com https://www.examveda.com/python-program/practice-mcq-question-on-bitwise-and-boolean/?page=6,
Python Programming,bitwise and boolean,"What will be the output of the following Python expression? 
~100?",101,-101,100,-100,B,,medium,web:Examveda.com https://www.examveda.com/python-program/practice-mcq-question-on-bitwise-and-boolean/?page=6,
Python Programming,formatting and decorators,Which function is used to format strings in Python?,format(),stringify(),format_string(),str_format(),A,,medium,web:Examveda.com https://www.examveda.com/python-program/practice-mcq-question-on-formatting-and-decorators/,
Python Programming,formatting and decorators,"In Python, what does the % operator do when used for string formatting?",Substitutes variables,Raises an error,Performs division,Calculates exponentiation,D,,medium,web:Examveda.com https://www.examveda.com/python-program/practice-mcq-question-on-formatting-and-decorators/,
Python Programming,formatting and decorators,Which of the following is an f-string in Python?,"f""Hello {name}""","""Hello {}"".format(name)""","""Hello %s"" % name","format(""Hello {}"", name)",A,,medium,web:Examveda.com https://www.examveda.com/python-program/practice-mcq-question-on-formatting-and-decorators/,
Python Programming,formatting and decorators,"What will be the output of the following Python expression if x=22.19? 
print(""%5.2f""%x)",22.1900,22.00000,22.19,22.20,C,,medium,web:Examveda.com https://www.examveda.com/python-program/practice-mcq-question-on-formatting-and-decorators/,
Python Programming,formatting and decorators,"In Python, what does the expression {:.2e} do in a formatted string?",Formats a number in scientific notation,Formats a floating-point number,Formats an integer,Formats a string,A,,medium,web:Examveda.com https://www.examveda.com/python-program/practice-mcq-question-on-formatting-and-decorators/,
Python Programming,formatting and decorators,What is the purpose of the @wraps decorator in Python's functools module?,Preserve original function's metadata,Create wrappers for functions,Decorate GUI elements,Modify function arguments,A,,medium,web:Examveda.com https://www.examveda.com/python-program/practice-mcq-question-on-formatting-and-decorators/,
Python Programming,formatting and decorators,"What will be the output of the following Python code? 
s='{0}, {1}, and {2}'
s.format('hello', 'good', 'morning')",'hello good and morning',"'hello, good, morning'","'hello, good, and morning'",Error,C,,medium,web:Examveda.com https://www.examveda.com/python-program/practice-mcq-question-on-formatting-and-decorators/,
Python Programming,formatting and decorators,"What will be the output of the following Python code? 
'%x %d' %(255, 255)","'ff, 255'","'255, 255'","'15f, 15f'",Error,A,,medium,web:Examveda.com https://www.examveda.com/python-program/practice-mcq-question-on-formatting-and-decorators/,
Python Programming,formatting and decorators,"What will be the output of the following Python code? 
class A:
 @staticmethod
 def a(x):
 print(x)
A.a(100)",Error,Warning,100,No output,C,,medium,web:Examveda.com https://www.examveda.com/python-program/practice-mcq-question-on-formatting-and-decorators/,
Python Programming,formatting and decorators,What is the primary use of the @staticmethod decorator?,Define a static method,Modify instance methods,Create class variables,Access control in class,A,,medium,web:Examveda.com https://www.examveda.com/python-program/practice-mcq-question-on-formatting-and-decorators/?page=2,
Python Programming,formatting and decorators,"What will be the output of the following Python code? 
def f(x):
 def f1(a, b):
 print(""hello"")
 if b==0:
 print(""NO"")
 return
 return f(a, b)
 return f1
@f
def f(a, b):
 return a%b
f(4,0)","hello 
NO","hello 
Zero Division Error",NO,hello,A,,medium,web:Examveda.com https://www.examveda.com/python-program/practice-mcq-question-on-formatting-and-decorators/?page=2,
Python Programming,formatting and decorators,"In Python, what is the purpose of the @classmethod decorator?",Define class methods,Define static methods,Modify instance methods,Decorate class variables,A,,medium,web:Examveda.com https://www.examveda.com/python-program/practice-mcq-question-on-formatting-and-decorators/?page=2,
Python Programming,formatting and decorators,"The following python code can work with . . . . . . . . parameters. 
def f(x):
 def f1(*args, **kwargs):
 print(""Examveda"")
 return x(*args, **kwargs)
 return f1",2,1,any number of,0,C,,medium,web:Examveda.com https://www.examveda.com/python-program/practice-mcq-question-on-formatting-and-decorators/?page=2,
Python Programming,formatting and decorators,"What will be the output of the following two codes? 
i. '{0}'.format(4.56)
ii. '{0}'.format([4.56,])","'4.56', '4.56,'","'4.56', '[4.56]'","4.56, [4.56,]",None of the above,B,,medium,web:Examveda.com https://www.examveda.com/python-program/practice-mcq-question-on-formatting-and-decorators/?page=2,
Python Programming,formatting and decorators,"In Python, what is the purpose of the locals() function?",Access local variables,Import external modules,Define instance methods,Create function aliases,C,,medium,web:Examveda.com https://www.examveda.com/python-program/practice-mcq-question-on-formatting-and-decorators/?page=2,
Python Programming,formatting and decorators,"What will be the output of the following Python expression if X=345? 
print(“%06d”%X)",345000,000345,000000345,345000000,B,,medium,web:Examveda.com https://www.examveda.com/python-program/practice-mcq-question-on-formatting-and-decorators/?page=2,
Python Programming,formatting and decorators,"What will be the output of the following Python code? 
l=list('HELLO')
p=l[0], l[-1], l[1:3]
'a={0}, b={1}, c={2}'.format(*p)",Error,"""a='H', b='O', c=(E, L)""","""a=H, b=O, c=['E', 'L']""",Junk value,C,,medium,web:Examveda.com https://www.examveda.com/python-program/practice-mcq-question-on-formatting-and-decorators/?page=2,
Python Programming,formatting and decorators,"What will be the output of the following Python code? 
def mk(x):
 def mk1():
 print(""Decorated"")
 x()
 return mk1
def mk2():
 print(""Ordinary"")
p = mk(mk2)
p()","Decorated 
Decorated","Ordinary 
Ordinary","Ordinary 
Decorated","Decorated 
Ordinary",D,,medium,web:Examveda.com https://www.examveda.com/python-program/practice-mcq-question-on-formatting-and-decorators/?page=2,
Python Programming,formatting and decorators,"What will be the output of the following Python code snippet? 
x=3.3456789
'%s' %x, str(x)",Error,"('3.3456789', '3.3456789')","(3.3456789, 3.3456789)","('3.3456789', 3.3456789)",B,,medium,web:Examveda.com https://www.examveda.com/python-program/practice-mcq-question-on-formatting-and-decorators/?page=2,
Python Programming,formatting and decorators,"What will be the output of the following Python code? 
def d(f):
 def n(*args):
 return '$' + str(f(*args))
 return n
@d
def p(a, t):
 return a + a*t 
print(p(100,0))",100,$100,$0,0,B,,medium,web:Examveda.com https://www.examveda.com/python-program/practice-mcq-question-on-formatting-and-decorators/?page=3,
Python Programming,formatting and decorators,"What will be the output of the following Python expression if the value of x is 34? 
print(“%f”%x)",34.00,34.0000,34.000000,34.00000000,C,,medium,web:Examveda.com https://www.examveda.com/python-program/practice-mcq-question-on-formatting-and-decorators/?page=3,
Python Programming,formatting and decorators,The . . . . . . . . symbol along with the name of the decorator function can be placed above the definition of the function to be decorated works as an alternate way for decorating a function.,#,$,@,&,C,,medium,web:Examveda.com https://www.examveda.com/python-program/practice-mcq-question-on-formatting-and-decorators/?page=3,
Python Programming,formatting and decorators,Which module must be imported to use the @abstractmethod decorator in Python?,abc,decorators,abstract,abstractmethod,A,,medium,web:Examveda.com https://www.examveda.com/python-program/practice-mcq-question-on-formatting-and-decorators/?page=3,
Python Programming,formatting and decorators,"What will be the output of the following Python code? 
'{0:f}, {1:2f}, {2:05.2f}'.format(1.23456, 1.23456, 1.23456)",Error,"'1.234560, 1.22345, 1.23'",No output,"'1.234560, 1.234560, 01.23'",D,,medium,web:Examveda.com https://www.examveda.com/python-program/practice-mcq-question-on-formatting-and-decorators/?page=3,
Python Programming,formatting and decorators,"What will be the output of the following Python code? 
'{a}, {0}, {abc}'.format(10, a=2.5, abc=[1, 2])",Error,"'2.5, 10, [1, 2]'","2.5, 10, 1, 2","'10, 2.5, [1, 2]'",B,,medium,web:Examveda.com https://www.examveda.com/python-program/practice-mcq-question-on-formatting-and-decorators/?page=3,
Python Programming,formatting and decorators,"The formatting method {1:<10} represents the . . . . . . . . positional argument, . . . . . . . . justified in a 10 character wide field.","first, right","second, left","first, left","second, right",B,,medium,web:Examveda.com https://www.examveda.com/python-program/practice-mcq-question-on-formatting-and-decorators/?page=3,
Python Programming,formatting and decorators,"What will be the output of the following Python code? 
def c(f):
 def inner(*args, **kargs):
 inner.co += 1
 return f(*args, **kargs)
 inner.co = 0
 return inner
@c
def fnc():
 pass
if __name__ == '__main__':
 fnc()
 fnc()
 fnc()
 print(fnc.co)",4,3,0,1,B,,medium,web:Examveda.com https://www.examveda.com/python-program/practice-mcq-question-on-formatting-and-decorators/?page=3,
Python Programming,formatting and decorators,"Identify the decorator in the snippet of code shown below. 
def sf():
 pass
sf = mk(sf)
@f
def sf():
 return",@f,f,sf(),mk,D,,medium,web:Examveda.com https://www.examveda.com/python-program/practice-mcq-question-on-formatting-and-decorators/?page=4,
Python Programming,formatting and decorators,Which built-in function is used to check if an object is an instance of a particular class?,isinstance(),instanceof(),typeof(),typeOfInstance(),A,,medium,web:Examveda.com https://www.examveda.com/python-program/practice-mcq-question-on-formatting-and-decorators/?page=4,
Python Programming,formatting and decorators,What is the purpose of the @staticmethod decorator compared to the @classmethod decorator?,Operate on class-level data,Operate on instance data,Decorate class methods,Create class instances,C,,medium,web:Examveda.com https://www.examveda.com/python-program/practice-mcq-question-on-formatting-and-decorators/?page=4,
Python Programming,formatting and decorators,"What will be the output of the following Python code? 
l=list('HELLO')
'first={0[0]}, third={0[2]}'.format(l)","'first=H, third=L'","'first=0, third=2'",Error,"'first=0, third=L'",A,,medium,web:Examveda.com https://www.examveda.com/python-program/practice-mcq-question-on-formatting-and-decorators/?page=4,
Python Programming,formatting and decorators,"What will be the output of the following Python code snippet? 
x=3.3456789
'%-6.2f | %05.2f | %+06.1f' %(x, x, x)",'3.35 | 03.35 | +003.3','3.3456789 | 03.3456789 | +03.3456789',Error,'3.34 | 03.34 | 03.34+',A,,medium,web:Examveda.com https://www.examveda.com/python-program/practice-mcq-question-on-formatting-and-decorators/?page=4,
Python Programming,formatting and decorators,"What will be the output of the python code shown below for various styles of format specifiers? 
x=1234
res='integers:...%d...%-6d...%06d' %(x, x, x)
res",'integers:…1234…1234 …001234','integers…1234…1234…123400','integers:… 1234…1234…001234','integers:…1234…1234…001234',A,,medium,web:Examveda.com https://www.examveda.com/python-program/practice-mcq-question-on-formatting-and-decorators/?page=4,
Python Programming,formatting and decorators,"What will be the output of the following Python code? 
t = '%(a)s, %(b)s, %(c)s'
t % dict(a='hello', b='world', c='universe')","'hello, world, universe'","'hellos, worlds, universes'",Error,"hellos, world, universe",A,,medium,web:Examveda.com https://www.examveda.com/python-program/practice-mcq-question-on-formatting-and-decorators/?page=4,
Python Programming,formatting and decorators,"In Python, which of the following is used to format a string left-justified within a field?",<,>,^,=,A,,medium,web:Examveda.com https://www.examveda.com/python-program/practice-mcq-question-on-formatting-and-decorators/?page=4,
Python Programming,formatting and decorators,What does the ** symbol do when used in a function's parameter list?,Accepts keyword arguments,Raises an error,Packs arguments,Raises an exception,D,,medium,web:Examveda.com https://www.examveda.com/python-program/practice-mcq-question-on-formatting-and-decorators/?page=4,
Python Programming,formatting and decorators,"What will be the output of the following Python code? 
D=dict(p='Exam', q='Veda')
'{p}{q}'.format(**D)",Error,ExamVeda,Exam Veda,"{'Exam', 'Veda'}",B,,medium,web:Examveda.com https://www.examveda.com/python-program/practice-mcq-question-on-formatting-and-decorators/?page=5,
Python Programming,formatting and decorators,"What will be the output of the following Python code? 
'{a}{b}{a}'.format(a='hello', b='world')",'hello world','hello' 'world' 'hello','helloworldhello','hello' 'hello' 'world',C,,medium,web:Examveda.com https://www.examveda.com/python-program/practice-mcq-question-on-formatting-and-decorators/?page=5,
Python Programming,formatting and decorators,"In Python, what is the role of the @functools.lru_cache decorator?",Cache function results,Decorate GUI elements,Convert functions to methods,Create wrappers for functions,A,,medium,web:Examveda.com https://www.examveda.com/python-program/practice-mcq-question-on-formatting-and-decorators/?page=5,
Python Programming,formatting and decorators,What is the purpose of a decorator in Python?,Modify the behavior of functions,Decorate GUI elements,Add comments to code,Convert types of variables,A,,medium,web:Examveda.com https://www.examveda.com/python-program/practice-mcq-question-on-formatting-and-decorators/?page=5,
Python Programming,formatting and decorators,"What will be the output of the following Python code snippet? 
x=3.3456789
'%f | %e | %g' %(x, x, x)",Error,'3.3456789 | 3.3456789+00 | 3.345678','3.345678 | 3.345678e+0 | 3.345678','3.345679 | 3.345679e+00 | 3.34568',D,,medium,web:Examveda.com https://www.examveda.com/python-program/practice-mcq-question-on-formatting-and-decorators/?page=5,
Python Programming,formatting and decorators,"What will be the output of the following Python code? 
s='%s, %s & %s'
s%('mumbai', 'kolkata', 'delhi')",mumbai kolkata & delhi,Error,No output,"'mumbai, kolkata & delhi'",D,,medium,web:Examveda.com https://www.examveda.com/python-program/practice-mcq-question-on-formatting-and-decorators/?page=5,
Python Programming,formatting and decorators,"In Python, what is the primary use of the super() function in a subclass constructor?",Call a method in the parent class,Initialize superclass,Access instance methods,Define class variables,B,,medium,web:Examveda.com https://www.examveda.com/python-program/practice-mcq-question-on-formatting-and-decorators/?page=5,
Python Programming,formatting and decorators,"In Python, what is the purpose of the @property decorator?",Define getter methods,Set the value of attributes,Define instance methods,Define class methods,A,,medium,web:Examveda.com https://www.examveda.com/python-program/practice-mcq-question-on-formatting-and-decorators/?page=5,
Python Programming,formatting and decorators,"What will be the output of the following Python code? 
def ordi():
 print(""Ordinary"")
ordi
ordi()","Address 
Ordinary","Error 
Address","Ordinary 
Ordinary","Ordinary 
Address",A,,medium,web:Examveda.com https://www.examveda.com/python-program/practice-mcq-question-on-formatting-and-decorators/?page=5,
Python Programming,formatting and decorators,"What will be the output of the following Python code? 
hex(255), int('FF', 16), 0xFF","[0xFF, 255, 16, 255]","('0xff', 155, 16, 255)",Error,"('0xff', 255, 255)",D,,medium,web:Examveda.com https://www.examveda.com/python-program/practice-mcq-question-on-formatting-and-decorators/?page=6,
Python Programming,formatting and decorators,What is the primary use of the @final decorator in Python?,Mark a method as final,Prevent class inheritance,Mark a class as final,Mark a variable as final,D,,medium,web:Examveda.com https://www.examveda.com/python-program/practice-mcq-question-on-formatting-and-decorators/?page=6,
Python Programming,formatting and decorators,"What will be the output of the following Python code? 
'%.2f%s' % (1.2345, 99)","'1.2345', '99'",'1.2399','1.234599',"1.23, 99",B,,medium,web:Examveda.com https://www.examveda.com/python-program/practice-mcq-question-on-formatting-and-decorators/?page=6,
Python Programming,formatting and decorators,What is the role of the @abstractmethod decorator in Python?,Define abstract classes,Define instance methods,Mark a method as abstract,Control method access,C,,medium,web:Examveda.com https://www.examveda.com/python-program/practice-mcq-question-on-formatting-and-decorators/?page=6,
Python Programming,formatting and decorators,"What will be the output of the following Python code snippet? 
'%(qty)d more %(food)s' %{'qty':1, 'food': 'spam'}",Error,No output,'1 more foods','1 more spam',D,,medium,web:Examveda.com https://www.examveda.com/python-program/practice-mcq-question-on-formatting-and-decorators/?page=6,
Python Programming,formatting and decorators,What does the * symbol do when used in a function's parameter list?,Unpacks arguments,Multiplies arguments,Divides arguments,Concatenates arguments,C,,medium,web:Examveda.com https://www.examveda.com/python-program/practice-mcq-question-on-formatting-and-decorators/?page=6,
Python Programming,formatting and decorators,"What will be the output of the following Python code snippet? 
X=”Exam-Veda”
print(“%56s”,X)",56 blank spaces before Exam-Veda,56 blank spaces before Exam and Veda,56 blank spaces after Exam-Veda,no change,A,,medium,web:Examveda.com https://www.examveda.com/python-program/practice-mcq-question-on-formatting-and-decorators/?page=6,
Python Programming,formatting and decorators,"What will be the output of the following Python function? 
def f(p, q):
 return p%q
f(0, 2)
f(2, 0)","0 
0","Zero Division Error 
Zero Division Error","0 
Zero Division Error","Zero Division Error 
0",C,,medium,web:Examveda.com https://www.examveda.com/python-program/practice-mcq-question-on-formatting-and-decorators/?page=6,
Python Programming,formatting and decorators,"What is the output of the code: print(""{:.2f}"".format(3.14159))?",3.14,3.141,3,3.14159,A,,medium,web:Examveda.com https://www.examveda.com/python-program/practice-mcq-question-on-formatting-and-decorators/?page=6,
Python Programming,formatting and decorators,"What will be the output of the following Python code snippet? 
X=”hi”
print(“05d”%X)",00000hi,000hi,hi000,error,D,,medium,web:Examveda.com https://www.examveda.com/python-program/practice-mcq-question-on-formatting-and-decorators/?page=7,
Python Programming,formatting and decorators,"In the following Python code, which function is the decorator? 
def mk(x):
 def mk1():
 print(""Decorated"")
 x()
 return mk1
def mk2():
 print(""Ordinary"")
p = mk(mk2)
p()",p(),mk(),mk1(),mk2(),B,,medium,web:Examveda.com https://www.examveda.com/python-program/practice-mcq-question-on-formatting-and-decorators/?page=7,
Python Programming,formatting and decorators,"The output of which of the codes shown below will be: ""There are 4 blue birds.""?",'There are %g %d birds.' %4 %blue,"'There are %d %s birds.' %(4, blue)","'There are %s %d birds.' %[4, blue]","'There are %d %s birds.' 4, blue",B,,medium,web:Examveda.com https://www.examveda.com/python-program/practice-mcq-question-on-formatting-and-decorators/?page=7,
Python Programming,formatting and decorators,"What will be the output of the following Python code snippet? 
'%d %s %g you' %(1, 'hello', 4.0)",Error,1 hello you 4.0,1 hello 4 you,1 4 hello you,C,,medium,web:Examveda.com https://www.examveda.com/python-program/practice-mcq-question-on-formatting-and-decorators/?page=7,
Python Programming,formatting and decorators,What is the purpose of the @classmethod decorator compared to the @staticmethod decorator?,Operate on class-level data,Operate on instance data,Decorate instance methods,Operate on class methods,B,,medium,web:Examveda.com https://www.examveda.com/python-program/practice-mcq-question-on-formatting-and-decorators/?page=7,
Python Programming,formatting and decorators,"What will be the output of the following Python code? 
'{0:.2f}'.format(1.234)",'1','1.234','1.23','1.2',C,,medium,web:Examveda.com https://www.examveda.com/python-program/practice-mcq-question-on-formatting-and-decorators/?page=7,
Python Programming,formatting and decorators,Which symbol is used to denote a decorator in Python syntax?,@,#,&,*,A,,medium,web:Examveda.com https://www.examveda.com/python-program/practice-mcq-question-on-formatting-and-decorators/?page=7,
Python Programming,formatting and decorators,Which decorator is used to cache the results of a function call in Python?,@cached,@cache,@memoize,@lru_cache,A,,medium,web:Examveda.com https://www.examveda.com/python-program/practice-mcq-question-on-formatting-and-decorators/?page=7,
Python Programming,formatting and decorators,"What will be the output of the following Python code? 
'%s' %((1.23,),)","'(1.23,)'","1.23,","(,1.23)",'1.23',A,,medium,web:Examveda.com https://www.examveda.com/python-program/practice-mcq-question-on-formatting-and-decorators/?page=8,
Python Programming,formatting and decorators,What is the primary purpose of the functools.partial function in Python?,Create a new decorator,Partially apply function,Create a wrapper function,Create a closure,C,,medium,web:Examveda.com https://www.examveda.com/python-program/practice-mcq-question-on-formatting-and-decorators/?page=8,
Python Programming,formatting and decorators,Which of the following is used to format a string with left-aligned text within a field?,<,>,^,=,D,,medium,web:Examveda.com https://www.examveda.com/python-program/practice-mcq-question-on-formatting-and-decorators/?page=8,
Python Programming,formatting and decorators,"What will be the output of the following Python expression if x=456? 
print(""%-06d""%x)",000456,456000,456,error,C,,medium,web:Examveda.com https://www.examveda.com/python-program/practice-mcq-question-on-formatting-and-decorators/?page=8,
Python Programming,formatting and decorators,"What will be the output of the following Python code? 
def f(x):
 def f1(*args, **kwargs):
 print(""*"", 5)
 x(*args, **kwargs)
 print(""*"", 5)
 return f1
@f
def p(m):
 p(m)
print(""hello"")","***** 
hello","***** 
***** 
hello",*****,hello,D,,medium,web:Examveda.com https://www.examveda.com/python-program/practice-mcq-question-on-formatting-and-decorators/?page=8,
Python Programming,formatting and decorators,"What will be the output of the following Python code? 
def f(x):
 def f1(*args, **kwargs):
 print(""*""* 5)
 x(*args, **kwargs)
 print(""*""* 5)
 return f1
def a(x):
 def f1(*args, **kwargs):
 print(""%""* 5)
 x(*args, **kwargs)
 print(""%""* 5)
 return f1
@f
@a
def p(m):
 print(m)
p(""hello"")","***** 
%%%%% 
hello 
%%%%%
 *****",Error,*****%%%%%hello%%%%%*****,hello,A,,medium,web:Examveda.com https://www.examveda.com/python-program/practice-mcq-question-on-formatting-and-decorators/?page=8,
Python Programming,formatting and decorators,"What will be the output of the following Python code? 
'The {} side {1} {2}'.format('bright', 'of', 'life')",Error,'The bright side of life','The {bright} side {of} {life}',No output,A,,medium,web:Examveda.com https://www.examveda.com/python-program/practice-mcq-question-on-formatting-and-decorators/?page=8,
Python Programming,formatting and decorators,"What will be the output of the following Python code snippet? 
a='hello'
q=10
vars()","{'a' : 'hello', 'q' : 10, ........plus built-in names set by Python....}",{......Built in names set by Python......},"{'a' : 'hello', 'q' : 10}",Error,A,,medium,web:Examveda.com https://www.examveda.com/python-program/practice-mcq-question-on-formatting-and-decorators/?page=8,
Python Programming,formatting and decorators,"In Python, what does the expression {:#x} do in a formatted string?",Formats an integer in hexadecimal,Formats a floating-point number,Formats a string,Formats a number in binary,D,,medium,web:Examveda.com https://www.examveda.com/python-program/practice-mcq-question-on-formatting-and-decorators/?page=8,
Python Programming,formatting and decorators,Which format specifier is used to represent an integer in binary form in a formatted string?,%b,%d,%bin,%int,B,,medium,web:Examveda.com https://www.examveda.com/python-program/practice-mcq-question-on-formatting-and-decorators/?page=8,
Python Programming,formatting and decorators,"What will be the output of the following Python expression if X = -122? 
print(""-%06d""%x)",-000122,000122,-122,-00122,C,,medium,web:Examveda.com https://www.examveda.com/python-program/practice-mcq-question-on-formatting-and-decorators/?page=9,
Python Programming,formatting and decorators,Which of the following is a correct way to define a decorator function in Python?,def my_decorator(func): def wrapper():,def wrapper(): def my_decorator(func):,def decorator(): def func_wrapper():,def func_wrapper(): def decorator(func):,C,,medium,web:Examveda.com https://www.examveda.com/python-program/practice-mcq-question-on-formatting-and-decorators/?page=9,
Python Programming,conditional formatting (while and for loops),Which loop in Python is ideal for situations where you don't know the number of iterations?,For Loop,While Loop,Do-While Loop,Infinite Loop,B,,medium,web:Examveda.com https://www.examveda.com/python-program/practice-mcq-question-on-conditional-formatting-(while-and-for-loops)/,
Python Programming,conditional formatting (while and for loops),"What is the output of the following code snippet: for i in range(2, 6): print(i)",2 3 4 5,1 3 4 6,3 4 5 6,1 2 3 4,A,,medium,web:Examveda.com https://www.examveda.com/python-program/practice-mcq-question-on-conditional-formatting-(while-and-for-loops)/,
Python Programming,conditional formatting (while and for loops),Which loop is known for its pre-checking condition?,For Loop,While Loop,Do-While Loop,Infinite Loop,A,,medium,web:Examveda.com https://www.examveda.com/python-program/practice-mcq-question-on-conditional-formatting-(while-and-for-loops)/,
Python Programming,conditional formatting (while and for loops),What is the purpose of the break statement in loops?,Exit the loop,Skip the current iteration,Continue to next iteration,Pause the loop,A,,medium,web:Examveda.com https://www.examveda.com/python-program/practice-mcq-question-on-conditional-formatting-(while-and-for-loops)/,
Python Programming,conditional formatting (while and for loops),"In a for loop, what does the range() function return?",A sequence of numbers,A single value,A list of elements,A string,A,,medium,web:Examveda.com https://www.examveda.com/python-program/practice-mcq-question-on-conditional-formatting-(while-and-for-loops)/,
Python Programming,conditional formatting (while and for loops),What is the output of the code: x = 1 while x,1 2 3 4,1 1 1 1,2 3 4 5,2 2 2 2,A,,medium,web:Examveda.com https://www.examveda.com/python-program/practice-mcq-question-on-conditional-formatting-(while-and-for-loops)/,
Python Programming,conditional formatting (while and for loops),What is the purpose of the else clause in a loop?,It runs when the loop completes normally,It runs before the loop,It handles errors,It controls loop repetition,A,,medium,web:Examveda.com https://www.examveda.com/python-program/practice-mcq-question-on-conditional-formatting-(while-and-for-loops)/,
Python Programming,conditional formatting (while and for loops),"What will be the output of the following code: for i in range(5, 0, -1): print(i)",0 4 3 2 1,5 4 3 2 1,1 2 3 4 5,4 3 2 1 0,B,,medium,web:Examveda.com https://www.examveda.com/python-program/practice-mcq-question-on-conditional-formatting-(while-and-for-loops)/,
Python Programming,conditional formatting (while and for loops),Which statement is used to skip the current iteration and continue with the next in a loop?,next,pass,continue,skip,C,,medium,web:Examveda.com https://www.examveda.com/python-program/practice-mcq-question-on-conditional-formatting-(while-and-for-loops)/,
Python Programming,conditional formatting (while and for loops),Which loop is known for its post-checking condition?,For Loop,While Loop,Do-While Loop,Infinite Loop,C,,medium,web:Examveda.com https://www.examveda.com/python-program/practice-mcq-question-on-conditional-formatting-(while-and-for-loops)/,
Python Programming,conditional formatting (while and for loops),Which statement can be used to terminate the current iteration and move to the next one in a loop?,break,exit,stop,continue,D,,medium,web:Examveda.com https://www.examveda.com/python-program/practice-mcq-question-on-conditional-formatting-(while-and-for-loops)/?page=2,
Python Programming,conditional formatting (while and for loops),"In a while loop, what is the role of the condition?",It determines loop execution,It controls the loop,It specifies loop type,It counts the iterations,A,,medium,web:Examveda.com https://www.examveda.com/python-program/practice-mcq-question-on-conditional-formatting-(while-and-for-loops)/?page=2,
Python Programming,conditional formatting (while and for loops),"In Python, which loop ensures that the body of the loop is executed at least once?",For Loop,While Loop,Do-While Loop,Infinite Loop,C,,medium,web:Examveda.com https://www.examveda.com/python-program/practice-mcq-question-on-conditional-formatting-(while-and-for-loops)/?page=2,
Python Programming,conditional formatting (while and for loops),"In Python, what is the purpose of the pass statement?",It acts as a placeholder,It breaks the loop,It starts a loop,It continues the loop,A,,medium,web:Examveda.com https://www.examveda.com/python-program/practice-mcq-question-on-conditional-formatting-(while-and-for-loops)/?page=2,
Python Programming,conditional formatting (while and for loops),Which loop is guaranteed to execute at least once?,For Loop,While Loop,Do-While Loop,Infinite Loop,C,,medium,web:Examveda.com https://www.examveda.com/python-program/practice-mcq-question-on-conditional-formatting-(while-and-for-loops)/?page=2,
Python Programming,conditional formatting (while and for loops),What is the purpose of the continue statement in loops?,Skip the current iteration,Exit the loop,Continue to next iteration,Pause the loop,A,,medium,web:Examveda.com https://www.examveda.com/python-program/practice-mcq-question-on-conditional-formatting-(while-and-for-loops)/?page=2,
Python Programming,conditional formatting (while and for loops),"What is the output of the code: for i in range(2, 8, 2): print(i)",2 4 6,2 4 8,2 3 4,2 5 8,A,,medium,web:Examveda.com https://www.examveda.com/python-program/practice-mcq-question-on-conditional-formatting-(while-and-for-loops)/?page=2,
Python Programming,conditional formatting (while and for loops),What does the range() function return when used without specifying a start and step value?,A sequence of numbers,A single value,A list of elements,A string,A,,medium,web:Examveda.com https://www.examveda.com/python-program/practice-mcq-question-on-conditional-formatting-(while-and-for-loops)/?page=2,
Python Programming,conditional formatting (while and for loops),"What is the output of the following code: for i in range(1, 6): print(i)",1 2 3 4 5,1 2 3 4 6,2 3 4 5 6,0 1 2 3 4,A,,medium,web:Examveda.com https://www.examveda.com/python-program/practice-mcq-question-on-conditional-formatting-(while-and-for-loops)/?page=2,
Python Programming,conditional formatting (while and for loops),"What is the output of the following code snippet: for i in range(3, 0, -1): print(i)",3 2 1,3 2 0,1 2 3,3 3 3,A,,medium,web:Examveda.com https://www.examveda.com/python-program/practice-mcq-question-on-conditional-formatting-(while-and-for-loops)/?page=3,
Python Programming,conditional formatting (while and for loops),"In Python, which loop is commonly used when you have a specific condition to break the loop?",For Loop,While Loop,Do-While Loop,Infinite Loop,B,,medium,web:Examveda.com https://www.examveda.com/python-program/practice-mcq-question-on-conditional-formatting-(while-and-for-loops)/?page=3,
Python Programming,conditional formatting (while and for loops),What will the following code print: x = 5 while x > 0: print(x) x -= 1,5 4 3 2 1,5 4 3 2 0,1 2 3 4 5,4 3 2 1 0,A,,medium,web:Examveda.com https://www.examveda.com/python-program/practice-mcq-question-on-conditional-formatting-(while-and-for-loops)/?page=3,
Python Programming,conditional formatting (while and for loops),What is the output of the following code: x = 0 while x,0 1 2 3 4,1 2 3 4 5,1 1 1 1 1,0 1 2 3 5,A,,medium,web:Examveda.com https://www.examveda.com/python-program/practice-mcq-question-on-conditional-formatting-(while-and-for-loops)/?page=3,
Python Programming,conditional formatting (while and for loops),What is the purpose of the pass statement in a loop?,It acts as a placeholder,It breaks the loop,It starts a loop,It continues the loop,A,,medium,web:Examveda.com https://www.examveda.com/python-program/practice-mcq-question-on-conditional-formatting-(while-and-for-loops)/?page=3,
Python Programming,conditional formatting (while and for loops),"In Python, which loop is suitable for cases where you need to execute a block of code multiple times until a condition is met?",For Loop,While Loop,Do-While Loop,Infinite Loop,B,,medium,web:Examveda.com https://www.examveda.com/python-program/practice-mcq-question-on-conditional-formatting-(while-and-for-loops)/?page=3,
Python Programming,conditional formatting (while and for loops),"What is the output of the following code snippet: for i in range(1, 5, 2): print(i)",1 3,1 5,2 4,1 2,A,,medium,web:Examveda.com https://www.examveda.com/python-program/practice-mcq-question-on-conditional-formatting-(while-and-for-loops)/?page=3,
Python Programming,conditional formatting (while and for loops),What will the following loop print: for i in range(3): print(i),0 1 2,1 2 0,1 2 3,1 2 2,A,,medium,web:Examveda.com https://www.examveda.com/python-program/practice-mcq-question-on-conditional-formatting-(while-and-for-loops)/?page=3,
Python Programming,conditional formatting (while and for loops),What is the output of the following code snippet: count = 0 while count,Hello Hello,Hello Hello Hello,0 1 2,It enters an infinite loop,B,,medium,web:Examveda.com https://www.examveda.com/python-program/practice-mcq-question-on-conditional-formatting-(while-and-for-loops)/?page=3,
Python Programming,conditional formatting (while and for loops),"What will be the output of the following Python code snippet? 
a = [0, 1, 2, 3]
for a[0] in a:
 print(a[0])",0 1 2 3,0 1 2 2,3 3 3 3,error,A,,medium,web:Examveda.com https://www.examveda.com/python-program/practice-mcq-question-on-conditional-formatting-(while-and-for-loops)/?page=4,
Python Programming,conditional formatting (while and for loops),"What will be the output of the following Python code? 
for i in range(5):
 if i == 5:
 break
 else:
 print(i)
else:
 print(""Here"")",0 1 2 3 4 Here,0 1 2 3 4 5 Here,0 1 2 3 4,1 2 3 4 5,A,,medium,web:Examveda.com https://www.examveda.com/python-program/practice-mcq-question-on-conditional-formatting-(while-and-for-loops)/?page=4,
Python Programming,conditional formatting (while and for loops),"What will be the output of the following Python code? 
for i in range(10):
 if i == 5:
 break
 else:
 print(i)
else:
 print(""Here"")",0 1 2 3 4 Here,0 1 2 3 4 5 Here,0 1 2 3 4,1 2 3 4 5,C,,medium,web:Examveda.com https://www.examveda.com/python-program/practice-mcq-question-on-conditional-formatting-(while-and-for-loops)/?page=4,
Python Programming,conditional formatting (while and for loops),"What will be the output of the following Python code snippet? 
string = ""my name is x""
for i in ' '.join(string.split()):
 print (i, end="", "")","m, y, , n, a, m, e, , i, s, , x,","m, y, , n, a, m, e, , i, s, , x","my, name, is, x,",error,A,,medium,web:Examveda.com https://www.examveda.com/python-program/practice-mcq-question-on-conditional-formatting-(while-and-for-loops)/?page=4,
Python Programming,conditional formatting (while and for loops),"What will be the output of the following Python code? 
x = (i for i in range(3))
for i in x:
 print(i)
for i in x:
 print(i)",0 1 2,error,0 1 2 0 1 2,none of the mentioned,A,,medium,web:Examveda.com https://www.examveda.com/python-program/practice-mcq-question-on-conditional-formatting-(while-and-for-loops)/?page=4,
Python Programming,conditional formatting (while and for loops),"What will be the output of the following Python code? 
string = ""my name is x""
for i in string:
 print (i, end="", "")","m, y, , n, a, m, e, , i, s, , x,","m, y, , n, a, m, e, , i, s, , x","my, name, is, x,",error,A,,medium,web:Examveda.com https://www.examveda.com/python-program/practice-mcq-question-on-conditional-formatting-(while-and-for-loops)/?page=4,
Python Programming,conditional formatting (while and for loops),"What will be the output of the following Python code snippet? 
a = [0, 1, 2, 3]
for a[-1] in a:
 print(a[-1])",0 1 2 3,0 1 2 2,3 3 3 3,error,B,,medium,web:Examveda.com https://www.examveda.com/python-program/practice-mcq-question-on-conditional-formatting-(while-and-for-loops)/?page=4,
Python Programming,conditional formatting (while and for loops),"What will be the output of the following Python code? 
x = (i for i in range(3))
for i in x:
 print(i)",0 1 2,error,0 1 2 0 1 2,none of the mentioned,A,,medium,web:Examveda.com https://www.examveda.com/python-program/practice-mcq-question-on-conditional-formatting-(while-and-for-loops)/?page=4,
Python Programming,conditional formatting (while and for loops),"What will be the output of the following Python code? 
string = ""my name is x""
for i in string.split():
 print (i, end="", "")","m, y, , n, a, m, e, , i, s, , x,","m, y, , n, a, m, e, , i, s, , x","my, name, is, x,",error,C,,medium,web:Examveda.com https://www.examveda.com/python-program/practice-mcq-question-on-conditional-formatting-(while-and-for-loops)/?page=4,
Python Programming,conditional formatting (while and for loops),"What will be the output of the following Python code snippet? 
a = [0, 1, 2, 3]
i = -2
for i not in a:
 print(i)
 i += 1",-2 -1,0,error,none of the mentioned,C,,medium,web:Examveda.com https://www.examveda.com/python-program/practice-mcq-question-on-conditional-formatting-(while-and-for-loops)/?page=4,
Python Programming,conditional formatting (while and for loops),"What will be the output of the following Python code snippet? 
for i in '':
 print (i)",None,(nothing is printed),error,none of the mentioned,B,,medium,web:Examveda.com https://www.examveda.com/python-program/practice-mcq-question-on-conditional-formatting-(while-and-for-loops)/?page=5,
Python Programming,conditional formatting (while and for loops),"What will be the output of the following Python code snippet? 
for i in 'abcd'[::-1]:
 print (i)",a b c d,d c b a,error,none of the mentioned,B,,medium,web:Examveda.com https://www.examveda.com/python-program/practice-mcq-question-on-conditional-formatting-(while-and-for-loops)/?page=5,
Python Programming,conditional formatting (while and for loops),"What will be the output of the following Python code? 
for i in range(2.0):
 print(i)",0.0 1.0,0 1,error,none of the mentioned,C,,medium,web:Examveda.com https://www.examveda.com/python-program/practice-mcq-question-on-conditional-formatting-(while-and-for-loops)/?page=5,
Python Programming,conditional formatting (while and for loops),"What will be the output of the following Python code? 
for i in range(int(2.0)):
 print(i)",0.0 1.0,0 1,error,none of the mentioned,B,,medium,web:Examveda.com https://www.examveda.com/python-program/practice-mcq-question-on-conditional-formatting-(while-and-for-loops)/?page=5,
Python Programming,conditional formatting (while and for loops),"What will be the output of the following Python code snippet? 
for i in ''.join(reversed(list('abcd'))):
 print (i)",a b c d,d c b a,error,none of the mentioned,B,,medium,web:Examveda.com https://www.examveda.com/python-program/practice-mcq-question-on-conditional-formatting-(while-and-for-loops)/?page=5,
Python Programming,conditional formatting (while and for loops),"What will be the output of the following Python code snippet? 
x = 2
for i in range(x):
 x += 1
 print (x)",0 1 2 3 4 ...,0 1,3 4,0 1 2 3,C,,medium,web:Examveda.com https://www.examveda.com/python-program/practice-mcq-question-on-conditional-formatting-(while-and-for-loops)/?page=5,
Python Programming,conditional formatting (while and for loops),"What will be the output of the following Python code? 
for i in range(float('inf')):
 print (i)",0.0 0.1 0.2 0.3 ...,0 1 2 3 ...,0.0 1.0 2.0 3.0 ...,none of the mentioned,D,,medium,web:Examveda.com https://www.examveda.com/python-program/practice-mcq-question-on-conditional-formatting-(while-and-for-loops)/?page=5,
Python Programming,conditional formatting (while and for loops),"What will be the output of the following Python code? 
for i in range(int(float('inf'))):
 print (i)",0.0 0.1 0.2 0.3 ...,0 1 2 3 ...,0.0 1.0 2.0 3.0 ...,none of the mentioned,D,,medium,web:Examveda.com https://www.examveda.com/python-program/practice-mcq-question-on-conditional-formatting-(while-and-for-loops)/?page=5,
Python Programming,conditional formatting (while and for loops),"What will be the output of the following Python code snippet? 
x = 2
for i in range(x):
 x -= 2
 print (x)",0 1 2 3 4 ...,0 -2,0,error,B,,medium,web:Examveda.com https://www.examveda.com/python-program/practice-mcq-question-on-conditional-formatting-(while-and-for-loops)/?page=5,
Python Programming,conditional formatting (while and for loops),"What will be the output of the following Python code? 
x = 123
for i in x:
 print(i)",1 2 3,123,error,none of the mentioned,C,,medium,web:Examveda.com https://www.examveda.com/python-program/practice-mcq-question-on-conditional-formatting-(while-and-for-loops)/?page=6,
Python Programming,conditional formatting (while and for loops),"What will be the output of the following Python code? 
d = {0, 1, 2}
for x in d:
 print(x)",0 1 2,"{0, 1, 2} {0, 1, 2} {0, 1, 2}",error,none of the mentioned,A,,medium,web:Examveda.com https://www.examveda.com/python-program/practice-mcq-question-on-conditional-formatting-(while-and-for-loops)/?page=6,
Python Programming,conditional formatting (while and for loops),"What will be the output of the following Python code? 
d = {0, 1, 2}
for x in d.values():
 print(x)",0 1 2,None None None,error,none of the mentioned,C,,medium,web:Examveda.com https://www.examveda.com/python-program/practice-mcq-question-on-conditional-formatting-(while-and-for-loops)/?page=6,
Python Programming,conditional formatting (while and for loops),"What will be the output of the following Python code? 
d = {0: 'a', 1: 'b', 2: 'c'}
for i in d:
 print(i)",0 1 2,a b c,0 a 1 b 2 c,none of the mentioned,A,,medium,web:Examveda.com https://www.examveda.com/python-program/practice-mcq-question-on-conditional-formatting-(while-and-for-loops)/?page=6,
Python Programming,conditional formatting (while and for loops),"What will be the output of the following Python code? 
d = {0: 'a', 1: 'b', 2: 'c'}
for x, y in d.items():
 print(x, y)",0 1 2,a b c,0 a 1 b 2 c,none of the mentioned,C,,medium,web:Examveda.com https://www.examveda.com/python-program/practice-mcq-question-on-conditional-formatting-(while-and-for-loops)/?page=6,
Python Programming,conditional formatting (while and for loops),"What will be the output of the following Python code? 
d = {0, 1, 2}
for x in d:
 print(d.add(x))",0 1 2,0 1 2 0 1 2 0 1 2 ...,None None None,None of the mentioned,C,,medium,web:Examveda.com https://www.examveda.com/python-program/practice-mcq-question-on-conditional-formatting-(while-and-for-loops)/?page=6,
Python Programming,conditional formatting (while and for loops),"What will be the output of the following Python code? 
d = {0: 'a', 1: 'b', 2: 'c'}
for x in d.keys():
 print(d[x])",0 1 2,a b c,0 a 1 b 2 c,none of the mentioned,B,,medium,web:Examveda.com https://www.examveda.com/python-program/practice-mcq-question-on-conditional-formatting-(while-and-for-loops)/?page=6,
Python Programming,conditional formatting (while and for loops),"What will be the output of the following Python code? 
d = {0: 'a', 1: 'b', 2: 'c'}
for x in d.values():
 print(x)",0 1 2,a b c,0 a 1 b 2 c,none of the mentioned,B,,medium,web:Examveda.com https://www.examveda.com/python-program/practice-mcq-question-on-conditional-formatting-(while-and-for-loops)/?page=6,
Python Programming,conditional formatting (while and for loops),"What will be the output of the following Python code? 
d = {0: 'a', 1: 'b', 2: 'c'}
for x in d.values():
 print(d[x])",0 1 2,a b c,0 a 1 b 2 c,none of the mentioned,D,,medium,web:Examveda.com https://www.examveda.com/python-program/practice-mcq-question-on-conditional-formatting-(while-and-for-loops)/?page=6,
Python Programming,conditional formatting (while and for loops),"What will be the output of the following Python code? 
d = {0: 'a', 1: 'b', 2: 'c'}
for x, y in d:
 print(x, y)",0 1 2,a b c,0 a 1 b 2 c,none of the mentioned,D,,medium,web:Examveda.com https://www.examveda.com/python-program/practice-mcq-question-on-conditional-formatting-(while-and-for-loops)/?page=6,
Python Programming,conditional formatting (while and for loops),"What will be the output of the following Python code? 
for i in range(0):
 print(i)",0,no output,error,none of the mentioned,B,,medium,web:Examveda.com https://www.examveda.com/python-program/practice-mcq-question-on-conditional-formatting-(while-and-for-loops)/?page=7,
Python Programming,conditional formatting (while and for loops),"What will be the output of the following Python code? 
x = 'abcd'
for i in range(x):
 print(i)",a b c d,0 1 2 3,error,none of the mentioned,C,,medium,web:Examveda.com https://www.examveda.com/python-program/practice-mcq-question-on-conditional-formatting-(while-and-for-loops)/?page=7,
Python Programming,conditional formatting (while and for loops),"What will be the output of the following Python code snippet? 
x = 'abcd'
for i in range(len(x)):
 print(x)
 x = 'a'",a,abcd abcd abcd abcd,a a a a,none of the mentioned,D,,medium,web:Examveda.com https://www.examveda.com/python-program/practice-mcq-question-on-conditional-formatting-(while-and-for-loops)/?page=7,
Python Programming,conditional formatting (while and for loops),"What will be the output of the following Python code snippet? 
x = 'abcd'
for i in range(len(x)):
 i.upper()
print (x)",a b c d,0 1 2 3,error,none of the mentioned,C,,medium,web:Examveda.com https://www.examveda.com/python-program/practice-mcq-question-on-conditional-formatting-(while-and-for-loops)/?page=7,
Python Programming,conditional formatting (while and for loops),"What will be the output of the following Python code? 
x = 'abcd'
for i in range(len(x)):
 print(i.upper())",a b c d,0 1 2 3,error,1 2 3 4,C,,medium,web:Examveda.com https://www.examveda.com/python-program/practice-mcq-question-on-conditional-formatting-(while-and-for-loops)/?page=7,
Python Programming,conditional formatting (while and for loops),"What will be the output of the following Python code snippet? 
x = 'abcd'
for i in range(len(x)):
 x = 'a'
 print(x)",a,abcd abcd abcd,a a a a,none of the mentioned,C,,medium,web:Examveda.com https://www.examveda.com/python-program/practice-mcq-question-on-conditional-formatting-(while-and-for-loops)/?page=7,
Python Programming,conditional formatting (while and for loops),"What will be the output of the following Python code? 
x = ""abcdef""
while i in x:
 print(i, end="" "")",a b c d e f,abcdef,i i i i i i ...,error,D,,medium,web:Examveda.com https://www.examveda.com/python-program/practice-mcq-question-on-conditional-formatting-(while-and-for-loops)/?page=8,
Python Programming,conditional formatting (while and for loops),"What will be the output of the following Python code? 
x = ""abcdef""
i = ""a""
while i in x:
 x = x[1:]
 print(i, end = "" "")",a a a a a a,a,no output,error,B,,medium,web:Examveda.com https://www.examveda.com/python-program/practice-mcq-question-on-conditional-formatting-(while-and-for-loops)/?page=8,
Python Programming,conditional formatting (while and for loops),"What will be the output of the following Python code? 
x = ""abcdef""
i = ""a""
while i in x[1:]:
 print(i, end = "" "")",a a a a a a,a,no output,error,C,,medium,web:Examveda.com https://www.examveda.com/python-program/practice-mcq-question-on-conditional-formatting-(while-and-for-loops)/?page=8,
Python Programming,conditional formatting (while and for loops),"What will be the output of the following Python code? 
x = ""abcdef""
i = ""i""
while i in x:
 print(i, end="" "")",no output,i i i i i i ...,a b c d e f,abcdef,A,,medium,web:Examveda.com https://www.examveda.com/python-program/practice-mcq-question-on-conditional-formatting-(while-and-for-loops)/?page=8,
Python Programming,conditional formatting (while and for loops),"What will be the output of the following Python code? 
x = ""abcdef""
i = ""a""
while i in x:
 x = x[:-1]
 print(i, end = "" "")",i i i i i i,a a a a a a,a a a a a,none of the mentioned,B,,medium,web:Examveda.com https://www.examveda.com/python-program/practice-mcq-question-on-conditional-formatting-(while-and-for-loops)/?page=8,
Python Programming,conditional formatting (while and for loops),"What will be the output of the following Python code? 
x = ""abcdef""
i = ""a""
while i in x[:-1]:
 print(i, end = "" "")",a a a a a,a a a a a a,a a a a a a ...,a,C,,medium,web:Examveda.com https://www.examveda.com/python-program/practice-mcq-question-on-conditional-formatting-(while-and-for-loops)/?page=8,
Python Programming,conditional formatting (while and for loops),"What will be the output of the following Python code? 
i = 0
while i",0 1 2 3 0,0 1 2 0,0 1 2,error,B,,medium,web:Examveda.com https://www.examveda.com/python-program/practice-mcq-question-on-conditional-formatting-(while-and-for-loops)/?page=8,
Python Programming,conditional formatting (while and for loops),"What will be the output of the following Python code? 
x = ""abcdef""
i = ""a""
while i in x:
 print(i, end = "" "")",no output,i i i i i i ...,a a a a a a ...,a b c d e f,C,,medium,web:Examveda.com https://www.examveda.com/python-program/practice-mcq-question-on-conditional-formatting-(while-and-for-loops)/?page=8,
Python Programming,conditional formatting (while and for loops),"What will be the output of the following Python code? 
x = ""abcdef""
i = ""a""
while i in x:
 print('i', end = "" "")",no output,i i i i i i ...,a a a a a a ...,a b c d e f,B,,medium,web:Examveda.com https://www.examveda.com/python-program/practice-mcq-question-on-conditional-formatting-(while-and-for-loops)/?page=9,
Python Programming,conditional formatting (while and for loops),"What will be the output of the following Python code? 
i = 2
while True:
 if i%3 == 0:
 break
 print(i)
 i += 2",2 4 6 8 10 ...,2 4,2 3,error,B,,medium,web:Examveda.com https://www.examveda.com/python-program/practice-mcq-question-on-conditional-formatting-(while-and-for-loops)/?page=9,
Python Programming,conditional formatting (while and for loops),"What will be the output of the following Python code? 
i = 1
while True:
 if i%2 == 0:
 break
 print(i)
 i += 2",1,1 2,1 2 3 4 5 6 ...,1 3 5 7 9 11 ...,D,,medium,web:Examveda.com https://www.examveda.com/python-program/practice-mcq-question-on-conditional-formatting-(while-and-for-loops)/?page=9,
Python Programming,conditional formatting (while and for loops),"What will be the output of the following Python code? 
i = 5
while True:
 if i%0O9 == 0:
 break
 print(i)
 i += 1",5 6 7 8,5 6 7 8 9,5 6 7 8 9 10 11 12 13 14 15 ....,error,D,,medium,web:Examveda.com https://www.examveda.com/python-program/practice-mcq-question-on-conditional-formatting-(while-and-for-loops)/?page=9,
Python Programming,conditional formatting (while and for loops),"What will be the output of the following Python code? 
True = False
while True:
 print(True)
 break",True,False,None,none of the mentioned,D,,medium,web:Examveda.com https://www.examveda.com/python-program/practice-mcq-question-on-conditional-formatting-(while-and-for-loops)/?page=9,
Python Programming,conditional formatting (while and for loops),"What will be the output of the following Python code? 
i = 1
while False:
 if i%2 == 0:
 break
 print(i)
 i += 2",1,1 3 5 7 ...,1 2 3 4 ...,none of the mentioned,D,,medium,web:Examveda.com https://www.examveda.com/python-program/practice-mcq-question-on-conditional-formatting-(while-and-for-loops)/?page=9,
Python Programming,conditional formatting (while and for loops),"What will be the output of the following Python code? 
i = 5
while True:
 if i%0O11 == 0:
 break
 print(i)
 i += 1",5 6 7 8 9 10,5 6 7 8,5 6,error,B,,medium,web:Examveda.com https://www.examveda.com/python-program/practice-mcq-question-on-conditional-formatting-(while-and-for-loops)/?page=9,
Python Programming,conditional formatting (while and for loops),"What will be the output of the following Python code? 
i = 1
while True:
 if i%0O7 == 0:
 break
 print(i)
 i += 1",1 2 3 4 5 6,1 2 3 4 5 6 7,error,none of the mentioned,A,,medium,web:Examveda.com https://www.examveda.com/python-program/practice-mcq-question-on-conditional-formatting-(while-and-for-loops)/?page=10,
Python Programming,strings in python,Which of the following is the correct way to create a string in Python?,"""Hello, World!""","'Hello, World!'","""Hello, World!'","'Hello, World!""",B,,medium,web:Examveda.com https://www.examveda.com/python-program/practice-mcq-question-on-strings-in-python/,
Python Programming,strings in python,"What is the output of the following code: word = ""Python"" print(word[2])",t,h,o,y,A,,medium,web:Examveda.com https://www.examveda.com/python-program/practice-mcq-question-on-strings-in-python/,
Python Programming,strings in python,What does the len() function do when applied to a string?,Returns the length of the string,Converts the string to lowercase,Converts the string to uppercase,Removes leading whitespace,A,,medium,web:Examveda.com https://www.examveda.com/python-program/practice-mcq-question-on-strings-in-python/,
Python Programming,strings in python,Which character is used to access individual elements of a string by index in Python?,. (period),", (comma)",: (colon),[ and ] (square brackets),D,,medium,web:Examveda.com https://www.examveda.com/python-program/practice-mcq-question-on-strings-in-python/,
Python Programming,strings in python,"What will be the output of the following code: string = ""Python"" print(string[1:4])",yth,ytho,thon,None of the above,A,"Understanding String Slicing in Python 
 
In Python, strings are sequences of characters. We can access parts of a string using slicing. 
 
String slicing uses square brackets `[]` and a colon `:` to specify a range of characters. The format is `string[start:end]`. 
 
The `start` index indicates where to begin (inclusive), and the `end` index indicates where to stop (exclusive). 
 
Let's break down the code: 
 
string = ""Python"" 
This line assigns the string ""Python"" to the variable string. 
 
print(string[1:4]) 
This line uses slicing to extract a portion of the string. Let's analyze the indices: 
 
-1 (start index): This means we start at the second character (remember, Python uses zero-based indexing, so the first character is at index 0). 
-4 (end index): This means we stop just before the fourth character. 
 
Therefore, string[1:4] will extract characters from index 1 ( 'y' ) up to,",medium,web:Examveda.com https://www.examveda.com/python-program/practice-mcq-question-on-strings-in-python/,
Python Programming,strings in python,Which of the following methods is used to find the index of the first occurrence of a substring in a string?,index(),find(),search(),locate(),B,,medium,web:Examveda.com https://www.examveda.com/python-program/practice-mcq-question-on-strings-in-python/,
Python Programming,strings in python,"What is the output of the code: string = ""Python"" print(string[-2])",o,t,h,n,A,,medium,web:Examveda.com https://www.examveda.com/python-program/practice-mcq-question-on-strings-in-python/,
Python Programming,strings in python,"In Python, which escape sequence is used to represent a newline character?",\n,\r,\t,\s,A,,medium,web:Examveda.com https://www.examveda.com/python-program/practice-mcq-question-on-strings-in-python/,
Python Programming,strings in python,What method is used to convert a string to uppercase in Python?,upper(),to_upper(),uppercase(),case_up(),A,,medium,web:Examveda.com https://www.examveda.com/python-program/practice-mcq-question-on-strings-in-python/?page=2,
Python Programming,strings in python,Which method is used to replace a substring in a string with another substring?,replace(),substitute(),swap(),insert(),A,,medium,web:Examveda.com https://www.examveda.com/python-program/practice-mcq-question-on-strings-in-python/?page=2,
Python Programming,strings in python,"In Python, how can you check if a string starts with a specific substring?",startswith(),start_with(),start(),begin_with(),A,,medium,web:Examveda.com https://www.examveda.com/python-program/practice-mcq-question-on-strings-in-python/?page=2,
Python Programming,strings in python,Which method is used to count the occurrences of a substring in a string?,count(),find(),search(),locate(),A,,medium,web:Examveda.com https://www.examveda.com/python-program/practice-mcq-question-on-strings-in-python/?page=2,
Python Programming,strings in python,What is the purpose of the strip() method for strings?,Removes leading and trailing whitespace,Converts a string to uppercase,Converts a string to lowercase,Adds whitespace to the end,A,,medium,web:Examveda.com https://www.examveda.com/python-program/practice-mcq-question-on-strings-in-python/?page=2,
Python Programming,strings in python,"What is the output of the following code: string = ""Python"" print(string[::-1])",nohtyP,n o h t y P,Python,P y t h o n,A,,medium,web:Examveda.com https://www.examveda.com/python-program/practice-mcq-question-on-strings-in-python/?page=2,
Python Programming,strings in python,"In Python, which escape sequence is used to represent a tab character?",\t,\n,\r,\s,D,,medium,web:Examveda.com https://www.examveda.com/python-program/practice-mcq-question-on-strings-in-python/?page=2,
Python Programming,strings in python,What does the isalpha() method of a string object check for?,Checks if all characters in the string are alphabetic,Checks if the string contains alphabetic characters,Checks if the string is in uppercase,Checks if the string is empty,C,,medium,web:Examveda.com https://www.examveda.com/python-program/practice-mcq-question-on-strings-in-python/?page=2,
Python Programming,strings in python,"What is the output of the following code: string = ""Python"" print(string[1:])",ython,P y t h o n,Python,ytho,D,"The correct answer is A: ython. 
 
Here's why: 
 
In Python, strings are sequences, and we can access parts of them using slicing. 
 
The code `string[1:]` creates a slice of the string. 
 
The `1` inside the square brackets means we're starting our slice from the second character of the string (remember, Python uses zero-based indexing, so index 0 is the first character). 
 
The `:` after the `1` means we're going all the way to the end of the string. 
 
So, `string[1:]` takes the string ""Python"" and returns a new string that starts from the second character ('y') and goes to the end, resulting in ""ython"".
 

 
 
 
 



 
 
 
 
 
 
 
 
 
 
 
 
 
1
2
3
4
5
6
7
8
9
10

 
 
 
 
 
 
 
 
 Read More Section(Strings in Python)
 Each Section contains maximum 100 MCQs question on Strings in Python. To get more questions visit other sections.
 
 Strings in Python - Section 2
 
 


 
 
 
 

 
 

 ",medium,web:Examveda.com https://www.examveda.com/python-program/practice-mcq-question-on-strings-in-python/?page=2,
Python Programming,strings in python,Which method is used to split a string into a list of substrings based on a specified separator?,split(),divide(),explode(),break(),A,,medium,web:Examveda.com https://www.examveda.com/python-program/practice-mcq-question-on-strings-in-python/?page=3,
Python Programming,strings in python,What is the purpose of the find() method for strings?,Returns the index of the first occurrence of a substring,Replaces a substring with another,Counts occurrences of a substring,Converts the string to lowercase,B,,medium,web:Examveda.com https://www.examveda.com/python-program/practice-mcq-question-on-strings-in-python/?page=3,
Python Programming,strings in python,"What is the output of the following code: string = ""Python is fun"" print(string.split())","['Python', 'is', 'fun']",Python is fun,P y t h o n i s f u n,['Python is fun'],B,,medium,web:Examveda.com https://www.examveda.com/python-program/practice-mcq-question-on-strings-in-python/?page=3,
Python Programming,strings in python,"In Python, how can you check if a string ends with a specific substring?",endswith(),end_with(),end(),finish_with(),D,,medium,web:Examveda.com https://www.examveda.com/python-program/practice-mcq-question-on-strings-in-python/?page=3,
Python Programming,strings in python,What is the purpose of the join() method for strings?,Concatenates elements of an iterable into a string,Reverses the string,Removes whitespace,Splits a string,C,,medium,web:Examveda.com https://www.examveda.com/python-program/practice-mcq-question-on-strings-in-python/?page=3,
Python Programming,strings in python,"What is the output of the following code: string = ""Python"" print(string.find(""th""))",2,-1,3,4,D,,medium,web:Examveda.com https://www.examveda.com/python-program/practice-mcq-question-on-strings-in-python/?page=3,
Python Programming,strings in python,Which method is used to remove leading and trailing whitespace from a string?,strip(),trim(),whitespace(),clean(),C,,medium,web:Examveda.com https://www.examveda.com/python-program/practice-mcq-question-on-strings-in-python/?page=3,
Python Programming,strings in python,"What will be the output of the following code: string = ""Hello, world!"" print(string.replace(""o"", ""i""))","Helli, wirld!","Hell, wirld!",Hii,"Hello, world!",C,,medium,web:Examveda.com https://www.examveda.com/python-program/practice-mcq-question-on-strings-in-python/?page=3,
Python Programming,strings in python,What is the purpose of the title() method for strings?,Converts the first character of each word to uppercase,Converts the string to lowercase,Converts the string to uppercase,Removes leading whitespace,D,,medium,web:Examveda.com https://www.examveda.com/python-program/practice-mcq-question-on-strings-in-python/?page=3,
Python Programming,strings in python,"In Python, how can you check if a string contains only numeric characters?",isnumeric(),isnumber(),isdigit(),numeric(),B,,medium,web:Examveda.com https://www.examveda.com/python-program/practice-mcq-question-on-strings-in-python/?page=3,
Python Programming,strings in python,"What will be the output of the following Python code snippet? 
print('a@ 1,'.islower())",True,False,None,Error,A,,medium,web:Examveda.com https://www.examveda.com/python-program/practice-mcq-question-on-strings-in-python/?page=4,
Python Programming,strings in python,"What will be the output of the following Python code? 
print(""xyyzxyzxzxyy"".count('xyy', 2, 11))",2,0,1,error,B,,medium,web:Examveda.com https://www.examveda.com/python-program/practice-mcq-question-on-strings-in-python/?page=4,
Python Programming,strings in python,"What will be the output of the following Python code? 
>>>example = ""helle""
>>>example.find(""e"")",Error,-1,1,0,C,,medium,web:Examveda.com https://www.examveda.com/python-program/practice-mcq-question-on-strings-in-python/?page=4,
Python Programming,strings in python,"What will be the output of the following Python code snippet? 
print('xyyxyyxyxyxxy'.replace('xy', '12', 100))",xyyxyyxyxyxxy,12y12y1212x12,none of the mentioned,error,B,,medium,web:Examveda.com https://www.examveda.com/python-program/practice-mcq-question-on-strings-in-python/?page=4,
Python Programming,strings in python,"What will be the output of the following Python code snippet? 
print('abcd'.translate({'a': '1', 'b': '2', 'c': '3', 'd': '4'}))",abcd,1234,error,none of the mentioned,A,,medium,web:Examveda.com https://www.examveda.com/python-program/practice-mcq-question-on-strings-in-python/?page=4,
Python Programming,strings in python,"What will be the output of the following Python code? 
print('1Rn@'.lower())",n,1rn@,rn,r,B,,medium,web:Examveda.com https://www.examveda.com/python-program/practice-mcq-question-on-strings-in-python/?page=4,
Python Programming,strings in python,"What will be the output of the following Python code snippet? 
print('1@ a'.isprintable())",True,False,None,Error,A,,medium,web:Examveda.com https://www.examveda.com/python-program/practice-mcq-question-on-strings-in-python/?page=4,
Python Programming,strings in python,What arithmetic operators cannot be used with strings?,+,*,-,All of the mentioned,C,,medium,web:Examveda.com https://www.examveda.com/python-program/practice-mcq-question-on-strings-in-python/?page=4,
Python Programming,strings in python,"What will be the output of the following Python code snippet? 
print('1.1'.isnumeric())",True,False,None,Error,B,,medium,web:Examveda.com https://www.examveda.com/python-program/practice-mcq-question-on-strings-in-python/?page=4,
Python Programming,strings in python,"What will be the output of the following Python code? 
print(""xyyzxyzxzxyy"".endswith(""xyy"", 0, 2))",0,1,True,False,D,,medium,web:Examveda.com https://www.examveda.com/python-program/practice-mcq-question-on-strings-in-python/?page=5,
Python Programming,strings in python,"What will be the output of the following Python code snippet? 
print(''.isdigit())",True,False,None,Error,B,,medium,web:Examveda.com https://www.examveda.com/python-program/practice-mcq-question-on-strings-in-python/?page=5,
Python Programming,strings in python,"What will be the output of the following Python code? 
print('ab'.isalpha())",True,False,None,Error,A,,medium,web:Examveda.com https://www.examveda.com/python-program/practice-mcq-question-on-strings-in-python/?page=5,
Python Programming,strings in python,"What will be the output of the following Python code snippet? 
print('abcd'.translate('a'.maketrans('abc', 'bcd')))",bcde,abcd,error,bcdd,D,,medium,web:Examveda.com https://www.examveda.com/python-program/practice-mcq-question-on-strings-in-python/?page=5,
Python Programming,strings in python,"What will be the output of the following Python code snippet? 
print('abcdefcdghcd'.split('cd'))","['ab', 'ef', 'gh']","['ab', 'ef', 'gh', ""]","('ab', 'ef', 'gh')","('ab', 'ef', 'gh', "")",B,,medium,web:Examveda.com https://www.examveda.com/python-program/practice-mcq-question-on-strings-in-python/?page=5,
Python Programming,strings in python,"What will be the output of the following Python code? 
print(""ab\tcd\tef"".expandtabs('+'))",ab+cd+ef,ab++++++++cd++++++++ef,ab cd ef,none of the mentioned,D,,medium,web:Examveda.com https://www.examveda.com/python-program/practice-mcq-question-on-strings-in-python/?page=5,
Python Programming,strings in python,"What will be the output of the following Python code snippet? 
print('+99'.zfill(5))",00+99,00099,+0099,+++99,C,,medium,web:Examveda.com https://www.examveda.com/python-program/practice-mcq-question-on-strings-in-python/?page=5,
Python Programming,strings in python,"What will be the output of the following Python code? 
print(""abcdef"".center(0))",cd,abcdef,error,none of the mentioned,B,,medium,web:Examveda.com https://www.examveda.com/python-program/practice-mcq-question-on-strings-in-python/?page=5,
Python Programming,strings in python,"What will be the output of the following Python code? 
print('a'.maketrans('ABC', '123'))","{97: 49, 98: 50, 99: 51}","{65: 49, 66: 50, 67: 51}",{97: 49},1,B,,medium,web:Examveda.com https://www.examveda.com/python-program/practice-mcq-question-on-strings-in-python/?page=6,
Python Programming,strings in python,"What will be the output of the following Python code snippet? 
print('abcdefcdghcd'.split('cd', 0))",['abcdefcdghcd'],abcdefcdghcd',error,none of the mentioned,A,,medium,web:Examveda.com https://www.examveda.com/python-program/practice-mcq-question-on-strings-in-python/?page=6,
Python Programming,strings in python,"What will be the output of the following Python code? 
print(""Hello {} and {}"".format('foo', 'bin'))",Hello foo and bin,Hello {} and {},Error,Hello and,A,,medium,web:Examveda.com https://www.examveda.com/python-program/practice-mcq-question-on-strings-in-python/?page=6,
Python Programming,strings in python,"What will be the output of the following Python statement? 
>>>""abcd""[2:]",a,ab,cd,dc,C,,medium,web:Examveda.com https://www.examveda.com/python-program/practice-mcq-question-on-strings-in-python/?page=6,
Python Programming,strings in python,"What will be the output of the following Python code? 
print(""Hello {name1} and {name2}"".format('foo', 'bin'))",Hello foo and bin,Hello {name1} and {name2},Error,Hello and,C,,medium,web:Examveda.com https://www.examveda.com/python-program/practice-mcq-question-on-strings-in-python/?page=6,
Python Programming,strings in python,"What will be the output of the following Python code snippet? 
print('0xa'.isdigit())",True,False,None,Error,B,,medium,web:Examveda.com https://www.examveda.com/python-program/practice-mcq-question-on-strings-in-python/?page=6,
Python Programming,strings in python,The output of executing string.ascii_letters can also be achieved by:,string.ascii_lowercase_string.digits,string.ascii_lowercase+string.ascii_uppercase,string.letters,string.lowercase_string.uppercase,B,,medium,web:Examveda.com https://www.examveda.com/python-program/practice-mcq-question-on-strings-in-python/?page=6,
Python Programming,strings in python,"What will be the output of the following Python code snippet? 
print('{:,}'.format(1112223334))","1,112,223,334","111,222,333,4",1112223334,Error,A,,medium,web:Examveda.com https://www.examveda.com/python-program/practice-mcq-question-on-strings-in-python/?page=6,
Python Programming,strings in python,"What will be the output of the following Python code? 
print('{0:.2%}'.format(1/3))",0.33,0.33%,33.33%,33%,C,,medium,web:Examveda.com https://www.examveda.com/python-program/practice-mcq-question-on-strings-in-python/?page=6,
Python Programming,strings in python,"What will be the output of the following Python code? 
print(""abcdef"".center(7, '1'))",1abcdef,abcdef1,abcdef,error,A,,medium,web:Examveda.com https://www.examveda.com/python-program/practice-mcq-question-on-strings-in-python/?page=6,
Python Programming,strings in python,"What will be the output of the following Python code? 
print('{0:.2}'.format(1/3))",0.333333,0.33,0.333333:.2,Error,B,,medium,web:Examveda.com https://www.examveda.com/python-program/practice-mcq-question-on-strings-in-python/?page=7,
Python Programming,strings in python,"What will be the output of the following Python code? 
print('xyxxyyzxxy'.lstrip('xyy'))",zxxy,xyxxyyzxxy,xyxzxxy,none of the mentioned,A,,medium,web:Examveda.com https://www.examveda.com/python-program/practice-mcq-question-on-strings-in-python/?page=7,
Python Programming,strings in python,"The format function, when applied on a string returns . . . . . . . .",Error,int,bool,str,D,,medium,web:Examveda.com https://www.examveda.com/python-program/practice-mcq-question-on-strings-in-python/?page=7,
Python Programming,strings in python,"What will be the output of the following Python code? 
print('ab,12'.isalnum())",True,False,None,Error,B,,medium,web:Examveda.com https://www.examveda.com/python-program/practice-mcq-question-on-strings-in-python/?page=7,
Python Programming,strings in python,"What will be the output of the following Python code? 
print(""xyyzxyzxzxyy"".count('yy', 2))",2,0,1,none of the mentioned,C,,medium,web:Examveda.com https://www.examveda.com/python-program/practice-mcq-question-on-strings-in-python/?page=7,
Python Programming,strings in python,"What will be the output of the following Python code? 
print(""abcdef"".find(""cd"") == ""cd"" in ""abcdef"")",True,False,Error,None of the mentioned,B,,medium,web:Examveda.com https://www.examveda.com/python-program/practice-mcq-question-on-strings-in-python/?page=7,
Python Programming,strings in python,"What will be the output of the following Python code? 
print(""Hello {0} and {1}"".format(('foo', 'bin')))",Hello foo and bin,"Hello ('foo', 'bin') and ('foo', 'bin')",Error,None of the mentioned,C,,medium,web:Examveda.com https://www.examveda.com/python-program/practice-mcq-question-on-strings-in-python/?page=7,
Python Programming,strings in python,"What will be the output of the following Python code? 
print(""abcdef"".center())",cd,abcdef,error,none of the mentioned,C,,medium,web:Examveda.com https://www.examveda.com/python-program/practice-mcq-question-on-strings-in-python/?page=7,
Python Programming,strings in python,"What will be the output of the following Python code? 
>>>example = ""snow world""
>>>example[3] = 's'
>>>print example",snow,snow world,Error,snos world,C,,medium,web:Examveda.com https://www.examveda.com/python-program/practice-mcq-question-on-strings-in-python/?page=7,
Python Programming,strings in python,"What will be the output of the following Python code snippet? 
print('\t'.isspace())",True,False,None,Error,A,,medium,web:Examveda.com https://www.examveda.com/python-program/practice-mcq-question-on-strings-in-python/?page=8,
Python Programming,strings in python,"What will be the output of the following Python code snippet? 
print('xyyxyyxyxyxxy'.replace('xy', '12', 0))",xyyxyyxyxyxxy,12y12y1212x12,12yxyyxyxyxxy,xyyxyyxyxyx12,A,,medium,web:Examveda.com https://www.examveda.com/python-program/practice-mcq-question-on-strings-in-python/?page=8,
Python Programming,strings in python,To concatenate two strings to a third what statements are applicable?,s3 = s1 . s2,s3 = s1.add(s2),s3 = s1.__add__(s2),s3 = s1 * s2,C,,medium,web:Examveda.com https://www.examveda.com/python-program/practice-mcq-question-on-strings-in-python/?page=8,
Python Programming,strings in python,"If a class defines the __str__(self) method, for an object obj for the class, you can use which command to invoke the __str__ method.",obj.__str__(),str(obj),print obj,all of the mentioned,D,,medium,web:Examveda.com https://www.examveda.com/python-program/practice-mcq-question-on-strings-in-python/?page=8,
Python Programming,strings in python,"What will be the output of the following Python code snippet? 
print('{:#}'.format(1112223334))","1,112,223,334","111,222,333,4",1112223334,Error,C,,medium,web:Examveda.com https://www.examveda.com/python-program/practice-mcq-question-on-strings-in-python/?page=8,
Python Programming,strings in python,Which of the following statement prints hello\example\test.txt?,print(“hello\example\test.txt”),print(“hello\\example\\test.txt”),print(“hello\”example\”test.txt”),print(“hello”\example”\test.txt”),B,,medium,web:Examveda.com https://www.examveda.com/python-program/practice-mcq-question-on-strings-in-python/?page=8,
Python Programming,strings in python,"What will be the output of the following Python code snippet? 
print('abc'.islower())",True,False,None,Error,A,,medium,web:Examveda.com https://www.examveda.com/python-program/practice-mcq-question-on-strings-in-python/?page=8,
Python Programming,strings in python,"What will be the output of the following Python code? 
print(""abcdef"".center(10, '12'))",12abcdef12,abcdef1212,1212abcdef,error,D,,medium,web:Examveda.com https://www.examveda.com/python-program/practice-mcq-question-on-strings-in-python/?page=8,
Python Programming,strings in python,"What will be the output of the following Python code? 
print(""Hello {0} and {1}"".format('foo', 'bin'))",Hello foo and bin,Hello {0} and {1} foo bin,Error,Hello 0 and 1,A,,medium,web:Examveda.com https://www.examveda.com/python-program/practice-mcq-question-on-strings-in-python/?page=8,
Python Programming,strings in python,"What will be the output of the following Python code? 
>>> str1 = 'hello'
>>> str2 = ','
>>> str3 = 'world'
>>> str1[-1:]",olleh,hello,h,o,D,,medium,web:Examveda.com https://www.examveda.com/python-program/practice-mcq-question-on-strings-in-python/?page=9,
Python Programming,strings in python,"What will be the output of the following Python code? 
print(""xyyzxyzxzxyy"".count('xyy', 0, 100))",2,0,1,error,A,,medium,web:Examveda.com https://www.examveda.com/python-program/practice-mcq-question-on-strings-in-python/?page=9,
Python Programming,strings in python,"hat will be the output of the following Python code snippet? 
print('my_string'.isidentifier())",True,False,None,Error,A,,medium,web:Examveda.com https://www.examveda.com/python-program/practice-mcq-question-on-strings-in-python/?page=9,
Python Programming,strings in python,"What will be the output of the following Python code? 
>>>example = ""snow world""
>>>print(""%s"" % example[4:7])",wo,world,sn,rl,A,,medium,web:Examveda.com https://www.examveda.com/python-program/practice-mcq-question-on-strings-in-python/?page=9,
Python Programming,strings in python,"What will be the output of the following Python code? 
print(""Hello {1} and {0}"".format('bin', 'foo'))",Hello foo and bin,Hello bin and foo,Error,None of the mentioned,A,,medium,web:Examveda.com https://www.examveda.com/python-program/practice-mcq-question-on-strings-in-python/?page=9,
Python Programming,strings in python,"What will be the output of the following Python code snippet? 
print('{:,}'.format('1112223334'))","1,112,223,334","111,222,333,4",1112223334,Error,D,,medium,web:Examveda.com https://www.examveda.com/python-program/practice-mcq-question-on-strings-in-python/?page=9,
Python Programming,strings in python,"Say s=""hello"" what will be the return value of type(s)?",int,bool,str,String,C,,medium,web:Examveda.com https://www.examveda.com/python-program/practice-mcq-question-on-strings-in-python/?page=9,
Python Programming,strings in python,"What will be the output of the following Python code? 
print('a B'.isalpha())",True,False,None,Error,B,,medium,web:Examveda.com https://www.examveda.com/python-program/practice-mcq-question-on-strings-in-python/?page=10,
Python Programming,strings in python,What function do you use to read a string?,"input(""Enter a string"")","eval(input(""Enter a string""))","enter(""Enter a string"")","eval(enter(""Enter a string""))",A,,medium,web:Examveda.com https://www.examveda.com/python-program/practice-mcq-question-on-strings-in-python/?page=10,
Python Programming,strings in python,"What will be the output of the following Python code snippet? 
print('abcdef12'.replace('cd', '12'))",ab12ef12,abcdef12,ab12efcd,none of the mentioned,A,,medium,web:Examveda.com https://www.examveda.com/python-program/practice-mcq-question-on-strings-in-python/?page=10,
Python Programming,strings in python,"What will be the output of the following Python code snippet? 
print('abcdefcdghcd'.split('cd', 2))","['ab', 'ef', 'ghcd']","['ab', 'efcdghcd']","['abcdef', 'ghcd']",none of the mentioned,A,,medium,web:Examveda.com https://www.examveda.com/python-program/practice-mcq-question-on-strings-in-python/?page=10,
Python Programming,strings in python,"What will be the output of the following Python code snippet? 
print('Ab!2'.swapcase())",AB!@,ab12,aB!2,aB1@,C,,medium,web:Examveda.com https://www.examveda.com/python-program/practice-mcq-question-on-strings-in-python/?page=10,
Python Programming,strings in python,"What will be the output of the following Python code? 
print(""abcdef"".center(7, 1))",1abcdef,abcdef1,abcdef,error,D,,medium,web:Examveda.com https://www.examveda.com/python-program/practice-mcq-question-on-strings-in-python/?page=10,
Python Programming,strings in python,"What will be the output of the following Python code? 
class Name:
 def __init__(self, firstName, mi, lastName):
 self.firstName = firstName
 self.mi = mi
 self.lastName = lastName
 
firstName = ""John""
name = Name(firstName, 'F', ""Smith"")
firstName = ""Peter""
name.lastName = ""Pan""
print(name.firstName, name.lastName)",Peter Pan,John Pan,Peter Smith,John Smith,B,,medium,web:Examveda.com https://www.examveda.com/python-program/practice-mcq-question-on-strings-in-python/?page=10,
Python Programming,strings in python,What will be displayed by print(ord('b') - ord('a'))?,0,1,-1,2,B,,medium,web:Examveda.com https://www.examveda.com/python-program/practice-mcq-question-on-strings-in-python/?page=10,
Python Programming,strings in python,"What will be the output of the following Python code? 
print(""xyyzxyzxzxyy"".endswith(""xyy""))",1,True,3,2,B,,medium,web:Examveda.com https://www.examveda.com/python-program/practice-mcq-question-on-strings-in-python/?page=10,
Python Programming,strings in python,"What will be the output of the following Python code snippet? 
print('The sum of {0} and {1} is {2}'.format(2, 10, 12))",The sum of 2 and 10 is 12,Error,The sum of 0 and 1 is 2,None of the mentioned,A,,medium,web:Examveda.com https://www.examveda.com/python-program/practice-mcq-question-on-strings-in-python/?page=10,
Python Programming,lists in python,Which of the following is the correct way to create an empty list in Python?,list(),[],empty_list(),list[],B,,medium,web:Examveda.com https://www.examveda.com/python-program/practice-mcq-question-on-lists-in-python/,
Python Programming,lists in python,What does the len() function do when applied to a list?,Returns the length of the list,Converts the list to lowercase,Converts the list to uppercase,Removes the last element,A,,medium,web:Examveda.com https://www.examveda.com/python-program/practice-mcq-question-on-lists-in-python/,
Python Programming,lists in python,How can you add an element at the end of a list in Python?,append(),add(),insert(),extend(),A,,medium,web:Examveda.com https://www.examveda.com/python-program/practice-mcq-question-on-lists-in-python/,
Python Programming,lists in python,What is the purpose of the list() constructor in Python?,Creates a new list,Converts a list to a tuple,Converts a string to a list,Creates a tuple,A,,medium,web:Examveda.com https://www.examveda.com/python-program/practice-mcq-question-on-lists-in-python/,
Python Programming,lists in python,Which method is used to remove the last element from a list?,pop(),remove(),delete(),last(),A,,medium,web:Examveda.com https://www.examveda.com/python-program/practice-mcq-question-on-lists-in-python/,
Python Programming,lists in python,"In Python, how can you check if an element exists in a list?",in keyword,exists(),contains(),check(),A,,medium,web:Examveda.com https://www.examveda.com/python-program/practice-mcq-question-on-lists-in-python/,
Python Programming,lists in python,What method is used to insert an element at a specific index in a list?,insert(),add(),append(),push(),A,,medium,web:Examveda.com https://www.examveda.com/python-program/practice-mcq-question-on-lists-in-python/,
Python Programming,lists in python,What is the purpose of the remove() method for lists?,Removes the specified element,Adds an element to the list,Replaces an element in the list,Deletes the list,A,,medium,web:Examveda.com https://www.examveda.com/python-program/practice-mcq-question-on-lists-in-python/,
Python Programming,lists in python,Which method is used to count the occurrences of an element in a list?,count(),find(),search(),locate(),A,,medium,web:Examveda.com https://www.examveda.com/python-program/practice-mcq-question-on-lists-in-python/,
Python Programming,lists in python,"What is the output of the following code: my_list = [1, 2, 3] print(my_list[1])",1,2,3,Error,B,"Code: 
my_list = [1, 2, 3] 
print(my_list[1]) 

Step-by-Step Explanation: 

 1. List Creation: 
 The code creates a list named my_list with elements [1, 2, 3]. 
 A list in Python is an ordered collection of elements, where each element has an index. 
 The list my_list is indexed as follows: 
 Index 0: 1 
 Index 1: 2 
 Index 2: 3 
 2. Accessing an Element: 
 The code my_list[1] is used to access the element at index 1 in the list. 
 Since Python uses zero-based indexing, the element at index 1 is 2. 
 3. Printing the Element: 
 The print() function outputs the value of my_list[1], which is 2, to the console. 
 4. Correct Output: 
 The result of executing the code is the number 2. 

Output: 
The correct output of the code is 2. 

Key Points to Remember: 
 1. Python lists are zero-indexed. The first element is at index 0, the second at index 1, and so on. 
 2. Using an index out of range (e",medium,web:Examveda.com https://www.examveda.com/python-program/practice-mcq-question-on-lists-in-python/,
Python Programming,lists in python,"In Python, how can you copy the elements of one list into another?",copy(),clone(),duplicate(),replicate(),A,,medium,web:Examveda.com https://www.examveda.com/python-program/practice-mcq-question-on-lists-in-python/?page=2,
Python Programming,lists in python,What is the purpose of the clear() method for lists?,Removes all elements from the list,Adds an element to the list,Removes the last element,Deletes the list,A,,medium,web:Examveda.com https://www.examveda.com/python-program/practice-mcq-question-on-lists-in-python/?page=2,
Python Programming,lists in python,"In Python, how can you find the index of a specific element in a list?",index(),find(),locate(),position(),A,,medium,web:Examveda.com https://www.examveda.com/python-program/practice-mcq-question-on-lists-in-python/?page=2,
Python Programming,lists in python,"What will be the output of the following code: my_list = [3, 1, 2] my_list.sort() print(my_list)","[1, 2, 3]","[3, 2, 1]","[2, 3, 1]","[1, 3, 2]",A,,medium,web:Examveda.com https://www.examveda.com/python-program/practice-mcq-question-on-lists-in-python/?page=2,
Python Programming,lists in python,"In Python, how can you extend a list by adding elements from another iterable?",extend(),add(),append(),concat(),A,,medium,web:Examveda.com https://www.examveda.com/python-program/practice-mcq-question-on-lists-in-python/?page=2,
Python Programming,lists in python,"What is the output of the following code: my_list = [1, 2, 3] my_list.insert(1, 4) print(my_list)","[1, 2, 3]","[1, 4, 2, 3]","[4, 1, 2, 3]","[1, 2, 4, 3]",B,,medium,web:Examveda.com https://www.examveda.com/python-program/practice-mcq-question-on-lists-in-python/?page=2,
Python Programming,lists in python,Which method is used to remove the first occurrence of a specific element in a list?,remove(),delete(),erase(),discard(),A,,medium,web:Examveda.com https://www.examveda.com/python-program/practice-mcq-question-on-lists-in-python/?page=2,
Python Programming,lists in python,What is the purpose of the count() method for lists?,Counts the occurrences of a specific element,Adds the elements of one list to another,Finds the index of a specific element,Reverses the list,A,,medium,web:Examveda.com https://www.examveda.com/python-program/practice-mcq-question-on-lists-in-python/?page=2,
Python Programming,lists in python,"In Python, how can you join two or more lists together?",+ operator,concat(),join(),merge(),A,,medium,web:Examveda.com https://www.examveda.com/python-program/practice-mcq-question-on-lists-in-python/?page=2,
Python Programming,lists in python,"In Python, how can you remove all occurrences of a specific element from a list?",Use a loop and remove() method,delete_all(),clear(),discard_all(),A,,medium,web:Examveda.com https://www.examveda.com/python-program/practice-mcq-question-on-lists-in-python/?page=2,
Python Programming,lists in python,"What will be the output of the following code: my_list = [1, 2, 3] my_list[1] = 4 print(my_list)","[1, 2, 3]","[4, 2, 3]","[1, 4, 3]","[1, 4, 2]",B,,medium,web:Examveda.com https://www.examveda.com/python-program/practice-mcq-question-on-lists-in-python/?page=3,
Python Programming,lists in python,"What is the output of the following code: my_list = [1, 2, 3, 4, 5] print(my_list[1:4])","[2, 3, 4]","[1, 2, 3]","[1, 2, 3, 4]","[2, 3]",A,,medium,web:Examveda.com https://www.examveda.com/python-program/practice-mcq-question-on-lists-in-python/?page=3,
Python Programming,lists in python,"What is the output of the following code: my_list = [1, 2, 3] my_list.append(4) print(my_list)","[1, 2, 3]","[4, 1, 2, 3]","[1, 2, 3, 4]",None of the above,C,,medium,web:Examveda.com https://www.examveda.com/python-program/practice-mcq-question-on-lists-in-python/?page=3,
Python Programming,lists in python,"What is the output of the following code: my_list = [1, 2, 3, 4] my_list.remove(2) print(my_list)","[1, 2, 3, 4]","[1, 3, 4]","[1, 2, 4]","[1, 3]",B,,medium,web:Examveda.com https://www.examveda.com/python-program/practice-mcq-question-on-lists-in-python/?page=3,
Python Programming,lists in python,"What will the following code output: my_list = [1, 2, 3] new_list = my_list.copy() print(new_list)","[1, 2, 3]","[1, 2, 3, 1, 2, 3]","[1, 1, 2, 2, 3, 3]","[2, 1, 3]",A,,medium,web:Examveda.com https://www.examveda.com/python-program/practice-mcq-question-on-lists-in-python/?page=3,
Python Programming,lists in python,"What is the output of the following code: my_list = [1, 2, 3] del my_list[1] print(my_list)","[1, 2, 3]","[1, 3]","[2, 3]","[1, 2]",B,,medium,web:Examveda.com https://www.examveda.com/python-program/practice-mcq-question-on-lists-in-python/?page=3,
Python Programming,lists in python,Which method is used to sort the elements of a list in ascending order?,sort(),arrange(),order(),ascending(),A,,medium,web:Examveda.com https://www.examveda.com/python-program/practice-mcq-question-on-lists-in-python/?page=3,
Python Programming,lists in python,What is the purpose of the reverse() method for lists?,Reverses the order of elements in the list,Removes the last element,Deletes the list,Adds an element to the list,A,,medium,web:Examveda.com https://www.examveda.com/python-program/practice-mcq-question-on-lists-in-python/?page=3,
Python Programming,lists in python,"What will be the output of the following code: my_list = [1, 2, 3] my_list.reverse() print(my_list)","[1, 2, 3]","[3, 2, 1]","[2, 3, 1]","[1, 3, 2]",B,,medium,web:Examveda.com https://www.examveda.com/python-program/practice-mcq-question-on-lists-in-python/?page=3,
Python Programming,lists in python,"What is the output of the following code: my_list = [1, 2, 3, 4] my_list.pop() print(my_list)","[1, 2, 3, 4]","[1, 2, 3]",1,4,B,,medium,web:Examveda.com https://www.examveda.com/python-program/practice-mcq-question-on-lists-in-python/?page=3,
Python Programming,lists in python,"What will be the output of the following Python code snippet? 
x = [i**+1 for i in range(3)]; print(x);","[0, 1, 2]","[1, 2, 5]","error, **+ is not a valid operator","error, ';' is not allowed",A,,medium,web:Examveda.com https://www.examveda.com/python-program/practice-mcq-question-on-lists-in-python/?page=4,
Python Programming,lists in python,"What will be the output of the following Python code? 
print(list(zip((1,2,3),('a'),('xxx','yyy'))))
print(list(zip((2,4),('b','c'),('yy','xx'))))","[(1,2,3),(‘a’),(‘xxx’,’yyy’)] 
[(2,4),(‘b’,’c’),(‘yy’,’xx’)]","[(1, 'a', 'xxx'),(2,’ ‘,’yyy’),(3,’ ‘,’ ‘)] 
[(2, 'b', 'yy'), (4, 'c', 'xx')]",Syntax error,"[(1, 'a', 'xxx')] 
[(2, 'b', 'yy'), (4, 'c', 'xx')]",D,,medium,web:Examveda.com https://www.examveda.com/python-program/practice-mcq-question-on-lists-in-python/?page=4,
Python Programming,lists in python,What will be the output of the following Python code snippet?,prints all the vowels in my_string,prints all the consonants in my_string,prints all characters of my_string that aren't vowels,prints only on executing print(k),C,,medium,web:Examveda.com https://www.examveda.com/python-program/practice-mcq-question-on-lists-in-python/?page=4,
Python Programming,lists in python,"What will be the output of the following Python code? 
l1=[10, 20, 30]
l2=[-10, -20, -30]
l3=[x+y for x, y in zip(l1, l2)]
print(l3)",Error,0,"[-20, -60, -80]","[0, 0, 0]",D,,medium,web:Examveda.com https://www.examveda.com/python-program/practice-mcq-question-on-lists-in-python/?page=4,
Python Programming,lists in python,"Suppose list1 is [1, 3, 2], What is list1 * 2?","[2, 6, 4]","[1, 3, 2, 1, 3]","[1, 3, 2, 1, 3, 2]","[1, 3, 2, 3, 2, 1]",C,,medium,web:Examveda.com https://www.examveda.com/python-program/practice-mcq-question-on-lists-in-python/?page=4,
Python Programming,lists in python,"What will be the output of the following Python code? 
def example(L):
 ''' (list) -> list
 '''
 i = 0
 result = []
 while i",Return a list containing every third item from L starting at index 0,Return an empty list,Return a list containing every third index from L starting at index 0,"Return a list containing the items from L starting from index 0, omitting every third item",A,,medium,web:Examveda.com https://www.examveda.com/python-program/practice-mcq-question-on-lists-in-python/?page=4,
Python Programming,lists in python,"What will be the output of the following Python code? 
a=[1,2,3]
b=a.append(4)
print(a)
print(b)","[1,2,3,4] 
[1,2,3,4]","[1, 2, 3, 4] 
None",Syntax error,"[1,2,3] 
[1,2,3,4]",B,,medium,web:Examveda.com https://www.examveda.com/python-program/practice-mcq-question-on-lists-in-python/?page=4,
Python Programming,lists in python,"What will be the output of the following Python code snippet? 
print([i+j for i in ""abc"" for j in ""def""])","['da', 'ea', 'fa', 'db', 'eb', 'fb', 'dc', 'ec', 'fc']","[['ad', 'bd', 'cd'], ['ae', 'be', 'ce'], ['af', 'bf', 'cf']]","[['da', 'db', 'dc'], ['ea', 'eb', 'ec'], ['fa', 'fb', 'fc']]","['ad', 'ae', 'af', 'bd', 'be', 'bf', 'cd', 'ce', 'cf']",D,,medium,web:Examveda.com https://www.examveda.com/python-program/practice-mcq-question-on-lists-in-python/?page=4,
Python Programming,lists in python,"What will be the output of the following Python code? 
>>>names = ['Amir', 'Bear', 'Charlton', 'Daman']
>>>print(names[-1][-1])",A,Daman,Error,n,D,,medium,web:Examveda.com https://www.examveda.com/python-program/practice-mcq-question-on-lists-in-python/?page=4,
Python Programming,lists in python,To add a new element to a list we use which command?,list1.add(5),list1.append(5),list1.addLast(5),list1.addEnd(5),B,,medium,web:Examveda.com https://www.examveda.com/python-program/practice-mcq-question-on-lists-in-python/?page=4,
Python Programming,lists in python,"What will be the output of the following Python code? 
l1=[2,4,6]
l2=[-2,-4,-6]
for i in zip(l1, l2):
 print(i)","2, -2 
4, -4 
6, -6","[(2, -2), (4, -4), (6, -6)]","(2, -2) 
(4, -4) 
(6, -6)","[-4, -16, -36]",C,,medium,web:Examveda.com https://www.examveda.com/python-program/practice-mcq-question-on-lists-in-python/?page=5,
Python Programming,lists in python,"What will be the output of the following Python code? 
def increment_items(L, increment):
 i = 0
 while i","None 
[3, 4, 5]","None 
[1, 2, 3]","[3, 4, 5] 
[1, 2, 3]","[3, 4, 5] 
None",A,,medium,web:Examveda.com https://www.examveda.com/python-program/practice-mcq-question-on-lists-in-python/?page=5,
Python Programming,lists in python,"What will be the output of the following Python code? 
A = [[1, 2, 3],
 [4, 5, 6],
 [7, 8, 9]]
B = [[3, 3, 3],
 [4, 4, 4],
 [5, 5, 5]]
zip(A, B)",Address of the zip object,Address of the matrices A and B,No output,"[3, 6, 9, 16, 20, 24, 35, 40, 45]",A,,medium,web:Examveda.com https://www.examveda.com/python-program/practice-mcq-question-on-lists-in-python/?page=5,
Python Programming,lists in python,"What will be the output of the following Python code? 
a=[""Apple"",""Ball"",""Cobra""]
a.sort(key=len)
print(a)","['Apple', 'Ball', 'Cobra']","['Ball', 'Apple', 'Cobra']","['Cobra', 'Apple', 'Ball']",Invalid syntax for sort(),B,,medium,web:Examveda.com https://www.examveda.com/python-program/practice-mcq-question-on-lists-in-python/?page=5,
Python Programming,lists in python,"What will be the output of the following Python code? 
veggies = ['carrot', 'broccoli', 'potato', 'asparagus']
veggies.insert(veggies.index('broccoli'), 'celery')
print(veggies)","['carrot', 'celery', 'broccoli', 'potato', 'asparagus'] Correct 1.00","['carrot', 'celery', 'potato', 'asparagus']","['carrot', 'broccoli', 'celery', 'potato', 'asparagus']","['celery', 'carrot', 'broccoli', 'potato', 'asparagus']",A,,medium,web:Examveda.com https://www.examveda.com/python-program/practice-mcq-question-on-lists-in-python/?page=5,
Python Programming,lists in python,"What will be the output of the following Python code? 
>>>list1 = [11, 2, 23]
>>>list2 = [11, 2, 2]
>>>list1",True,False,Error,None,B,,medium,web:Examveda.com https://www.examveda.com/python-program/practice-mcq-question-on-lists-in-python/?page=5,
Python Programming,lists in python,"What will be the output of the following Python code? 
l=[[1 ,2, 3], [4, 5, 6], [7, 8, 9]]
[[row[i] for row in l] for i in range(3)]",Error,"[[1, 4, 7], [2, 5, 8], [3, 6, 9]]","1 4 7 
2 5 8 
3 6 9","(1 4 7) 
(2 5 8) 
(3 6 9)",B,,medium,web:Examveda.com https://www.examveda.com/python-program/practice-mcq-question-on-lists-in-python/?page=5,
Python Programming,lists in python,"What will be the output of the following Python code? 
A = [[1, 2, 3],
 [4, 5, 6],
 [7, 8, 9]]
[A[row][1] for row in (0, 1, 2)]","[7, 8, 9]","[4, 5, 6]","[2, 5, 8]","[1, 4, 7]",C,,medium,web:Examveda.com https://www.examveda.com/python-program/practice-mcq-question-on-lists-in-python/?page=5,
Python Programming,lists in python,"What is the output of the following piece of code? 
a=list((45,)*4)
print((45)*4)
print(a)","180 
[(45),(45),(45),(45)]","(45,45,45,45) 
[45,45,45,45]","180 
[45,45,45,45]",Syntax error,C,,medium,web:Examveda.com https://www.examveda.com/python-program/practice-mcq-question-on-lists-in-python/?page=5,
Python Programming,lists in python,"What will be the output of the following Python code? 
l=[[1, 2, 3], [4, 5, 6]]
for i in range(len(l)):
 for j in range(len(l[i])):
 l[i][j]+=10
l",No output,Error,"[[1, 2, 3], [4, 5, 6]]","[[11, 12, 13], [14, 15, 16]]",D,,medium,web:Examveda.com https://www.examveda.com/python-program/practice-mcq-question-on-lists-in-python/?page=6,
Python Programming,lists in python,To shuffle the list(say list1) what function do we use?,list1.shuffle(),shuffle(list1),random.shuffle(list1),random.shuffleList(list1),C,,medium,web:Examveda.com https://www.examveda.com/python-program/practice-mcq-question-on-lists-in-python/?page=6,
Python Programming,lists in python,"What will be the output of the following Python code? 
t=32.00
[round((x-32)*5/9) for x in t]",[0],0,[0.00],Error,D,,medium,web:Examveda.com https://www.examveda.com/python-program/practice-mcq-question-on-lists-in-python/?page=6,
Python Programming,lists in python,"To which of the following the ""in"" operator can be used to check if an item is in it?",Lists,Dictionary,Set,All of the mentioned,D,,medium,web:Examveda.com https://www.examveda.com/python-program/practice-mcq-question-on-lists-in-python/?page=6,
Python Programming,lists in python,"Read the information given below carefully and write a list comprehension such that the output is: ['e', 'o'] 
w=""hello""
v=('a', 'e', 'i', 'o', 'u')",[x for w in v if x in v],[x for x in w if x in v],[x for x in v if w in v],[x for v in w for x in w],B,,medium,web:Examveda.com https://www.examveda.com/python-program/practice-mcq-question-on-lists-in-python/?page=6,
Python Programming,lists in python,"What will be the output of the following Python code? 
import math
[str(round(math.pi)) for i in range (1, 6)]","['3', '3', '3', '3', '3', '3']","['3.1', '3.14', '3.142', '3.1416', '3.14159', '3.141582']","['3', '3', '3', '3', '3']","['3.1', '3.14', '3.142', '3.1416', '3.14159']",C,,medium,web:Examveda.com https://www.examveda.com/python-program/practice-mcq-question-on-lists-in-python/?page=6,
Python Programming,lists in python,"What will be the output of the following Python code? 
l=[1,2,3,4,5]
[x&1 for x in l]","[1, 1, 1, 1, 1]","[1, 0, 1, 0, 1]","[1, 0, 0, 0, 0]","[0, 1, 0, 1, 0]",B,,medium,web:Examveda.com https://www.examveda.com/python-program/practice-mcq-question-on-lists-in-python/?page=6,
Python Programming,lists in python,"What will be the output of the following Python code? 
a = [1, 5, 7, 9, 9, 1]
b=a[0]
x= 0
for x in range(1, len(a)):
 if a[x] > b:
 b = a[x]
 b= x
print(b)",5,3,4,0,C,,medium,web:Examveda.com https://www.examveda.com/python-program/practice-mcq-question-on-lists-in-python/?page=6,
Python Programming,lists in python,"What will be the output of the following Python code? 
a=""hello""
b=list((x.upper(),len(x)) for x in a)
print(b)","[('H', 1), ('E', 1), ('L', 1), ('L', 1), ('O', 1)]","[('HELLO', 5)]","[('H', 5), ('E', 5), ('L', 5), ('L', 5), ('O', 5)]",Syntax error,A,,medium,web:Examveda.com https://www.examveda.com/python-program/practice-mcq-question-on-lists-in-python/?page=6,
Python Programming,lists in python,"What will be the output of the following Python code? 
values = [[3, 4, 5, 1], [33, 6, 1, 2]]
 
v = values[0][0]
for row in range(0, len(values)):
 for column in range(0, len(values[row])):
 if v",3,5,6,33,D,,medium,web:Examveda.com https://www.examveda.com/python-program/practice-mcq-question-on-lists-in-python/?page=6,
Python Programming,lists in python,"Suppose list1 is [3, 4, 5, 20, 5, 25, 1, 3], what is list1 after list1.reverse()?","[3, 4, 5, 20, 5, 25, 1, 3]","[1, 3, 3, 4, 5, 5, 20, 25]","[25, 20, 5, 5, 4, 3, 3, 1]","[3, 1, 25, 5, 20, 5, 4, 3]",D,,medium,web:Examveda.com https://www.examveda.com/python-program/practice-mcq-question-on-lists-in-python/?page=7,
Python Programming,lists in python,"What will be the output of the following Python code? 
names1 = ['Amir', 'Bear', 'Charlton', 'Daman']
names2 = names1
names3 = names1[:]
 
names2[0] = 'Alice'
names3[1] = 'Bob'
 
sum = 0
for ls in (names1, names2, names3):
 if ls[0] == 'Alice':
 sum += 1
 if ls[1] == 'Bob':
 sum += 10
 
print sum",11,12,21,22,B,,medium,web:Examveda.com https://www.examveda.com/python-program/practice-mcq-question-on-lists-in-python/?page=7,
Python Programming,lists in python,"What is the list comprehension equivalent for: list(map(lambda x:x**-1, [1, 2, 3]))?","[1|x for x in [1, 2, 3]]","[-1**x for x in [1, 2, 3]]","[x**-1 for x in [1, 2, 3]]",[x^-1 for x in range(4)],C,,medium,web:Examveda.com https://www.examveda.com/python-program/practice-mcq-question-on-lists-in-python/?page=7,
Python Programming,lists in python,"What will be the output of the following Python code? 
[ord(ch) for ch in 'abc']","[97, 98, 99]","['97', '98', '99']","[65, 66, 67]",Error,A,,medium,web:Examveda.com https://www.examveda.com/python-program/practice-mcq-question-on-lists-in-python/?page=7,
Python Programming,lists in python,"What will be the output of the following Python code? 
A = [[1, 2, 3],
 [4, 5, 6],
 [7, 8, 9]]
B = [[3, 3, 3],
 [4, 4, 4],
 [5, 5, 5]]
[B[row][col]*A[row][col] for row in range(3) for col in range(3)]","[3, 6, 9, 16, 20, 24, 35, 40, 45]",Error,"[0, 30, 60, 120, 160, 200, 300, 350, 400]",0,A,,medium,web:Examveda.com https://www.examveda.com/python-program/practice-mcq-question-on-lists-in-python/?page=7,
Python Programming,lists in python,"Suppose listExample is [3, 4, 5, 20, 5, 25, 1, 3], what is list1 after listExample.pop(1)?","[3, 4, 5, 20, 5, 25, 1, 3]","[1, 3, 3, 4, 5, 5, 20, 25]","[3, 5, 20, 5, 25, 1, 3]","[1, 3, 4, 5, 20, 5, 25]",C,,medium,web:Examveda.com https://www.examveda.com/python-program/practice-mcq-question-on-lists-in-python/?page=7,
Python Programming,lists in python,"What is the output when we execute list(""hello"")?","['h', 'e', 'l', 'l', 'o']",['hello'],['llo'],['olleh'],A,,medium,web:Examveda.com https://www.examveda.com/python-program/practice-mcq-question-on-lists-in-python/?page=7,
Python Programming,lists in python,"What is the output of print(k) in the following Python code snippet? 
k = [print(i) for i in my_string if i not in ""aeiou""]
print(k)",all characters of my_string that aren't vowels,a list of Nones,list of Trues,list of Falses,B,,medium,web:Examveda.com https://www.examveda.com/python-program/practice-mcq-question-on-lists-in-python/?page=7,
Python Programming,lists in python,"Write a list comprehension equivalent for the Python code shown below. 
for i in range(1, 101):
 if int(i*0.5)==i*0.5:
 print(i)","[i for i in range(1, 100) if int(i*0.5)==(i*0.5)]","[i for i in range(1, 101) if int(i*0.5)==(i*0.5)]","[i for i in range(1, 101) if int(i*0.5)=(i*0.5)]","[i for i in range(1, 100) if int(i*0.5)=(i*0.5)]",B,,medium,web:Examveda.com https://www.examveda.com/python-program/practice-mcq-question-on-lists-in-python/?page=7,
Python Programming,lists in python,"Suppose list1 = [0.5 * x for x in range(0, 4)], list1 is:","[0, 1, 2, 3]","[0, 1, 2, 3, 4]","[0.0, 0.5, 1.0, 1.5]","[0.0, 0.5, 1.0, 1.5, 2.0]",C,,medium,web:Examveda.com https://www.examveda.com/python-program/practice-mcq-question-on-lists-in-python/?page=8,
Python Programming,lists in python,"What will be the output of the following Python code? 
data = [[[1, 2], [3, 4]], [[5, 6], [7, 8]]]
 
def ttt(m):
 v = m[0][0]
 
 for row in m:
 for element in row:
 if v",1,2,4,5,C,,medium,web:Examveda.com https://www.examveda.com/python-program/practice-mcq-question-on-lists-in-python/?page=8,
Python Programming,lists in python,"What will be the output of the following Python code? 
word1=""Apple""
word2=""Apple""
list1=[1,2,3]
list2=[1,2,3]
print(word1 is word2)
print(list1 is list2)","True 
True","False 
True","False 
False","True 
False",D,,medium,web:Examveda.com https://www.examveda.com/python-program/practice-mcq-question-on-lists-in-python/?page=8,
Python Programming,lists in python,"Suppose list1 is [4, 2, 2, 4, 5, 2, 1, 0], Which of the following is correct syntax for slicing operation?",print(list1[2:]),print(list1[:2]),print(list1[:-2]),all of the mentioned,D,,medium,web:Examveda.com https://www.examveda.com/python-program/practice-mcq-question-on-lists-in-python/?page=8,
Python Programming,lists in python,"What will be the output of the following Python code? 
names1 = ['Amir', 'Bala', 'Chales']
 
if 'amir' in names1:
 print(1)
else:
 print(2)",None,1,2,Error,C,,medium,web:Examveda.com https://www.examveda.com/python-program/practice-mcq-question-on-lists-in-python/?page=8,
Python Programming,lists in python,"What will be the output of the following Python code? 
a=165
b=sum(list(map(int,str(a))))
print(b)",561,5,12,Syntax error,C,,medium,web:Examveda.com https://www.examveda.com/python-program/practice-mcq-question-on-lists-in-python/?page=8,
Python Programming,lists in python,"What will be the output of the following Python code? 
a=[[]]*3
a[1].append(7)
print(a)",Syntax error,"[[7], [7], [7]]","[[7], [], []]","[[],7, [], []]",B,,medium,web:Examveda.com https://www.examveda.com/python-program/practice-mcq-question-on-lists-in-python/?page=8,
Python Programming,lists in python,"What will be the output of the following Python code? 
def unpack(a,b,c,d):
 print(a+d)
x = [1,2,3,4]
unpack(*x)",Error,"[1,4]",[5],5,D,,medium,web:Examveda.com https://www.examveda.com/python-program/practice-mcq-question-on-lists-in-python/?page=8,
Python Programming,lists in python,"What will be the output of the following Python code snippet? 
print([if i%2==0: i; else: i+1; for i in range(4)])","[0, 2, 2, 4]","[1, 1, 3, 3]",error,none of the mentioned,C,,medium,web:Examveda.com https://www.examveda.com/python-program/practice-mcq-question-on-lists-in-python/?page=8,
Python Programming,lists in python,"Suppose list1 is [3, 4, 5, 20, 5, 25, 1, 3], what is list1.count(5)?",0,4,1,2,D,,medium,web:Examveda.com https://www.examveda.com/python-program/practice-mcq-question-on-lists-in-python/?page=9,
Python Programming,lists in python,"What will be the output of the following Python list comprehension? 
[j for i in range(2,8) for j in range(i*2, 50, i)]",A list of prime numbers up to 50,"A list of numbers divisible by 2, up to 50","A list of non prime numbers, up to 50",Error,C,,medium,web:Examveda.com https://www.examveda.com/python-program/practice-mcq-question-on-lists-in-python/?page=9,
Python Programming,lists in python,Write a list comprehension for producing a list of numbers between 1 and 1000 that are divisible by 3.,"[x in range(1, 1000) if x%3==0]",[x for x in range(1000) if x%3==0],"[x%3 for x in range(1, 1000)]","[x%3=0 for x in range(1, 1000)]",B,,medium,web:Examveda.com https://www.examveda.com/python-program/practice-mcq-question-on-lists-in-python/?page=9,
Python Programming,lists in python,"What will be the output of the following Python code? 
s=[""pune"", ""mumbai"", ""delhi""]
[(w.upper(), len(w)) for w in s]",Error,"['PUNE', 4, 'MUMBAI', 6, 'DELHI', 5]","[PUNE, 4, MUMBAI, 6, DELHI, 5]","[('PUNE', 4), ('MUMBAI', 6), ('DELHI', 5)]",D,,medium,web:Examveda.com https://www.examveda.com/python-program/practice-mcq-question-on-lists-in-python/?page=9,
Python Programming,lists in python,"What will be the output of the following Python code? 
A = [[1, 2, 3],
 [4, 5, 6],
 [7, 8, 9]]
[A[i][i] for i in range(len(A))]","[1, 5, 9]","[3, 5, 7]","[4, 5, 6]","[2, 5, 8]",A,,medium,web:Examveda.com https://www.examveda.com/python-program/practice-mcq-question-on-lists-in-python/?page=9,
Python Programming,lists in python,"Suppose list1 is [1, 5, 9], what is sum(list1)?",1,9,15,Error,C,,medium,web:Examveda.com https://www.examveda.com/python-program/practice-mcq-question-on-lists-in-python/?page=9,
Python Programming,lists in python,"What will be the output of the following Python code? 
lst=[3,4,6,1,2]
lst[1:2]=[7,8]
print(lst)","[3, 7, 8, 6, 1, 2]",Syntax error,"[3,[7,8],6,1,2]","[3,4,6,7,8]",A,,medium,web:Examveda.com https://www.examveda.com/python-program/practice-mcq-question-on-lists-in-python/?page=9,
Python Programming,lists in python,"What will be the output of the following Python code? 
def f(i, values = []):
 values.append(i)
 return values
 
f(1)
f(2)
v = f(3)
print(v)",[1] [2] [3],"[1] [1, 2] [1, 2, 3]","[1, 2, 3]",1 2 3,C,,medium,web:Examveda.com https://www.examveda.com/python-program/practice-mcq-question-on-lists-in-python/?page=9,
Python Programming,lists in python,"What will be the output of the following Python code? 
myList = [1, 5, 5, 5, 5, 1]
max = myList[0]
indexOfMax = 0
for i in range(1, len(myList)):
 if myList[i] > max:
 max = myList[i]
 indexOfMax = i
 
>>>print(indexOfMax)",1,2,3,4,A,,medium,web:Examveda.com https://www.examveda.com/python-program/practice-mcq-question-on-lists-in-python/?page=9,
Python Programming,lists in python,"Suppose list1 is [3, 4, 5, 20, 5], what is list1.index(5)?",0,1,4,2,D,,medium,web:Examveda.com https://www.examveda.com/python-program/practice-mcq-question-on-lists-in-python/?page=9,
Python Programming,lists in python,Which of the following is the correct expansion of list_1 = [expr(i) for i in list_0 if func(i)]?,"list_1 = []
for i in list_0:
 if func(i):
 list_1.append(i)","for i in list_0:
 if func(i):
 list_1.append(expr(i))","list_1 = []
for i in list_0:
 if func(i):
 list_1.append(expr(i))",none of the mentioned,C,,medium,web:Examveda.com https://www.examveda.com/python-program/practice-mcq-question-on-lists-in-python/?page=10,
Python Programming,lists in python,"What will be the output of the following Python code? 
r = [11, 12, 13, 14, 15, 16, 17, 18, 19]
A = [[0, 10, 20],
 [30, 40, 50],
 [60, 70, 80]]
for row in A:
 for col in row:
 r.append(col+10)
r","[11, 12, 13, 14, 15, 16, 17, 18, 19, 10, 20, 30, 40, 50, 60, 70, 80, 90]","[10, 20, 30, 40, 50, 60, 70, 80, 90]","[11, 12, 13, 14, 15, 16, 17, 18, 19]","[0, 10, 20, 30, 40, 50, 60, 70, 80]",A,,medium,web:Examveda.com https://www.examveda.com/python-program/practice-mcq-question-on-lists-in-python/?page=10,
Python Programming,lists in python,"What will be the output of the following Python code? 
places = ['Bangalore', 'Mumbai', 'Delhi']
places1 = places
places2 = places[:]
places1[1]=""Pune""
places2[2]=""Hyderabad""
print(places)","['Bangalore', 'Pune', 'Hyderabad']","['Bangalore', 'Pune', 'Delhi']","['Bangalore', 'Mumbai', 'Delhi']","['Bangalore', 'Mumbai', 'Hyderabad']",B,,medium,web:Examveda.com https://www.examveda.com/python-program/practice-mcq-question-on-lists-in-python/?page=10,
Python Programming,lists in python,"What will be the output of the following Python code? 
values = [[3, 4, 5, 1 ], [33, 6, 1, 2]]
 
for row in values:
 row.sort()
 for element in row:
 print(element, end = "" "")
 print()",The program prints two rows 3 4 5 1 followed by 33 6 1 2,The program prints on row 3 4 5 1 33 6 1 2,The program prints two rows 1 3 4 5 followed by 1 2 6 33,None of the above,C,,medium,web:Examveda.com https://www.examveda.com/python-program/practice-mcq-question-on-lists-in-python/?page=10,
Python Programming,lists in python,"Suppose listExample is ['h','e','l','l','o'], what is len(listExample)?",5,4,None,Error,A,,medium,web:Examveda.com https://www.examveda.com/python-program/practice-mcq-question-on-lists-in-python/?page=10,
Python Programming,lists in python,"Suppose list1 is [2445,133,12454,123], what is max(list1)?",2445,133,12454,123,C,,medium,web:Examveda.com https://www.examveda.com/python-program/practice-mcq-question-on-lists-in-python/?page=10,
Python Programming,lists in python,"What will be the output of the following Python code? 
l1=[1,2,3]
l2=[4,5,6]
l3=[7,8,9]
for x, y, z in zip(l1, l2, l3):
 print(x, y, z)","1 4 7 
2 5 8 
3 6 9","(1 4 7) 
(2 5 8) 
(3 6 9)","[(1, 4, 7), (2, 5, 8), (3, 6, 9)]",Error,A,,medium,web:Examveda.com https://www.examveda.com/python-program/practice-mcq-question-on-lists-in-python/?page=10,
Python Programming,lists in python,"What will be the output of the following Python code? 
def m(list):
 v = list[0]
 for e in list:
 if v",3 33,1 1,5 6,5 33,D,,medium,web:Examveda.com https://www.examveda.com/python-program/practice-mcq-question-on-lists-in-python/?page=10,
Python Programming,lists in python,"Suppose list1 is [2, 33, 222, 14, 25], What is list1[:-1]?","[2, 33, 222, 14]",Error,25,"[25, 14, 222, 33, 2]",A,,medium,web:Examveda.com https://www.examveda.com/python-program/practice-mcq-question-on-lists-in-python/?page=10,
Python Programming,lists in python,"What will be the output of the following Python code? 
lst=[[1,2],[3,4]]
print(sum(lst,[]))","[[3],[7]]","[1,2,3,4]",Error,[10],B,,medium,web:Examveda.com https://www.examveda.com/python-program/practice-mcq-question-on-lists-in-python/?page=10,
Python Programming,tuples in python,Which of the following data types in Python is mutable?,List,Tuple,String,Dictionary,A,,medium,web:Examveda.com https://www.examveda.com/python-program/practice-mcq-question-on-tuples-in-python/,
Python Programming,tuples in python,What method is used to insert an element at a specific index in a list or tuple?,insert(),add(),append(),push(),A,,medium,web:Examveda.com https://www.examveda.com/python-program/practice-mcq-question-on-tuples-in-python/,
Python Programming,tuples in python,What does the len() function do when applied to a list or tuple?,Returns the length of the list or tuple,Converts the list or tuple to lowercase,Converts the list or tuple to uppercase,Removes the last element,A,,medium,web:Examveda.com https://www.examveda.com/python-program/practice-mcq-question-on-tuples-in-python/,
Python Programming,tuples in python,How can you add an element at the end of a list or tuple in Python?,append(),add(),insert(),extend(),A,,medium,web:Examveda.com https://www.examveda.com/python-program/practice-mcq-question-on-tuples-in-python/,
Python Programming,tuples in python,What is the purpose of the remove() method for lists and tuples?,Removes the specified element,Adds an element to the list or tuple,Replaces an element in the list or tuple,Deletes the list or tuple,A,,medium,web:Examveda.com https://www.examveda.com/python-program/practice-mcq-question-on-tuples-in-python/,
Python Programming,tuples in python,Which method is used to count the occurrences of an element in a list or tuple?,count(),find(),search(),locate(),A,,medium,web:Examveda.com https://www.examveda.com/python-program/practice-mcq-question-on-tuples-in-python/,
Python Programming,tuples in python,Which method is used to remove the last element from a list or tuple?,pop(),remove(),delete(),last(),B,,medium,web:Examveda.com https://www.examveda.com/python-program/practice-mcq-question-on-tuples-in-python/,
Python Programming,tuples in python,"In Python, how can you check if an element exists in a list or tuple?",in keyword,exists(),contains(),check(),A,,medium,web:Examveda.com https://www.examveda.com/python-program/practice-mcq-question-on-tuples-in-python/,
Python Programming,tuples in python,"In Python, how can you copy the elements of one list or tuple into another?",copy(),clone(),duplicate(),replicate(),A,,medium,web:Examveda.com https://www.examveda.com/python-program/practice-mcq-question-on-tuples-in-python/,
Python Programming,tuples in python,What is the purpose of the clear() method for lists and tuples?,Removes all elements from the list or tuple,Adds an element to the list or tuple,Removes the last element,Deletes the list or tuple,A,,medium,web:Examveda.com https://www.examveda.com/python-program/practice-mcq-question-on-tuples-in-python/?page=2,
Python Programming,tuples in python,"In Python, how can you find the index of a specific element in a list or tuple?",index(),find(),locate(),position(),A,,medium,web:Examveda.com https://www.examveda.com/python-program/practice-mcq-question-on-tuples-in-python/?page=2,
Python Programming,tuples in python,Which method is used to sort the elements of a list or tuple in ascending order?,sort(),arrange(),order(),ascending(),A,,medium,web:Examveda.com https://www.examveda.com/python-program/practice-mcq-question-on-tuples-in-python/?page=2,
Python Programming,tuples in python,"In Python, how can you extend a list or tuple by adding elements from another iterable?",extend(),add(),append(),concat(),A,,medium,web:Examveda.com https://www.examveda.com/python-program/practice-mcq-question-on-tuples-in-python/?page=2,
Python Programming,tuples in python,Which method is used to remove the first occurrence of a specific element in a list or tuple?,remove(),delete(),erase(),discard(),A,,medium,web:Examveda.com https://www.examveda.com/python-program/practice-mcq-question-on-tuples-in-python/?page=2,
Python Programming,tuples in python,"In Python, how can you join two or more lists or tuples together?",+ operator,concat(),join(),merge(),A,,medium,web:Examveda.com https://www.examveda.com/python-program/practice-mcq-question-on-tuples-in-python/?page=2,
Python Programming,tuples in python,"In Python, how can you remove all occurrences of a specific element from a list or tuple?",Use a loop and remove() method,delete_all(),clear(),discard_all(),A,,medium,web:Examveda.com https://www.examveda.com/python-program/practice-mcq-question-on-tuples-in-python/?page=2,
Python Programming,tuples in python,What is the purpose of the reverse() method for lists and tuples?,Reverses the order of elements in the list or tuple,Removes the last element,Deletes the list or tuple,Adds an element to the list or tuple,A,,medium,web:Examveda.com https://www.examveda.com/python-program/practice-mcq-question-on-tuples-in-python/?page=2,
Python Programming,tuples in python,"What will be the output of the following code: my_tuple = (1, 2, 3) my_tuple[1] = 4 print(my_tuple)","(1, 2, 3)","(4, 2, 3)","(1, 4, 3)",None of these,D,"Tuples in Python are immutable, meaning their elements cannot be changed after creation.
 In the given code, my_tuple = (1, 2, 3) initializes a tuple with three elements.
 The line my_tuple[1] = 4 attempts to modify the second element of the tuple, which is not allowed.
 As a result, Python raises a TypeError stating that 'tuple' object does not support item assignment.
 Since the code causes an error and does not produce any valid tuple as output, the correct answer is ""None of these.""",medium,web:Examveda.com https://www.examveda.com/python-program/practice-mcq-question-on-tuples-in-python/?page=3,
Python Programming,tuples in python,What is the purpose of the count() method for lists and tuples?,Counts the occurrences of a specific element,Adds the elements of one list or tuple to another,Finds the index of a specific element,Reverses the list or tuple,A,,medium,web:Examveda.com https://www.examveda.com/python-program/practice-mcq-question-on-tuples-in-python/?page=3,
Python Programming,tuples in python,"What is the output of the following code: my_tuple = (1, 2, 3) print(my_tuple[1])",1,2,3,Error,B,,medium,web:Examveda.com https://www.examveda.com/python-program/practice-mcq-question-on-tuples-in-python/?page=3,
Python Programming,tuples in python,"What will the following code output: my_tuple = (1, 2, 3) new_tuple = my_tuple.copy() print(new_tuple)","(1, 2, 3)","(1, 2, 3, 1, 2, 3)","(1, 1, 2, 2, 3, 3)","(2, 1, 3)",A,,medium,web:Examveda.com https://www.examveda.com/python-program/practice-mcq-question-on-tuples-in-python/?page=3,
Python Programming,tuples in python,"What will be the output of the following Python code? 
>>>t1 = (1, 2, 4, 3)
>>>t2 = (1, 2, 3, 4)
>>>t1",True,False,Error,None,B,,medium,web:Examveda.com https://www.examveda.com/python-program/practice-mcq-question-on-tuples-in-python/?page=4,
Python Programming,tuples in python,What is the data type of (1)?,Tuple,Integer,List,Both tuple and integer,B,,medium,web:Examveda.com https://www.examveda.com/python-program/practice-mcq-question-on-tuples-in-python/?page=4,
Python Programming,tuples in python,"What will be the output of the following Python code? 
>>>t=(1,2,4,3)
>>>t[1:-1]","(1, 2)","(1, 2, 4)","(2, 4)","(2, 4, 3)",C,,medium,web:Examveda.com https://www.examveda.com/python-program/practice-mcq-question-on-tuples-in-python/?page=4,
Python Programming,tuples in python,"Is the following Python code valid? 
>>> a=(1,2,3)
>>> b=('A','B','C')
>>> c=tuple(zip(a,b))","Yes, c will be ((1, 'A'), (2, 'B'), (3, 'C'))","Yes, c will be ((1,2,3),('A','B','C'))",No because tuples are immutable,No because the syntax for zip function isn't valid,A,,medium,web:Examveda.com https://www.examveda.com/python-program/practice-mcq-question-on-tuples-in-python/?page=4,
Python Programming,tuples in python,"What will be the output of the following Python code? 
>>> a=(""Check"")*3
>>> a","('Check','Check','Check')",* Operator not valid for tuples,('CheckCheckCheck'),Syntax error,C,,medium,web:Examveda.com https://www.examveda.com/python-program/practice-mcq-question-on-tuples-in-python/?page=4,
Python Programming,tuples in python,"Is the following Python code valid? 
>>> a=(1,2,3,4)
>>> del a",No because tuple is immutable,"Yes, first element in the tuple is deleted","Yes, the entire tuple is deleted","No, invalid syntax for del method",C,,medium,web:Examveda.com https://www.examveda.com/python-program/practice-mcq-question-on-tuples-in-python/?page=4,
Python Programming,tuples in python,"Suppose t = (1, 2, 4, 3), which of the following is incorrect?",print(t[3]),t[3] = 45,print(max(t)),print(len(t)),B,,medium,web:Examveda.com https://www.examveda.com/python-program/practice-mcq-question-on-tuples-in-python/?page=4,
Python Programming,tuples in python,"What will be the output of the following Python code? 
>>> a=[(2,4),(1,2),(3,9)]
>>> a.sort()
>>> a","[(1, 2), (2, 4), (3, 9)]","[(2,4),(1,2),(3,9)]",Error because tuples are immutable,"Error, tuple has no sort attribute",A,,medium,web:Examveda.com https://www.examveda.com/python-program/practice-mcq-question-on-tuples-in-python/?page=4,
Python Programming,tuples in python,"What type of data is: a=[(1,1),(2,4),(3,9)]?",Array of tuples,List of tuples,Tuples of lists,Invalid type,B,,medium,web:Examveda.com https://www.examveda.com/python-program/practice-mcq-question-on-tuples-in-python/?page=4,
Python Programming,tuples in python,"What will be the output of the following Python code? 
>>> import collections
>>> a=collections.namedtuple('a',['i','j'])
>>> obj=a(i=4,j=7)
>>> obj","a(i=4, j=7)","obj(i=4, j=7)","(4,7)",An exception is thrown,A,,medium,web:Examveda.com https://www.examveda.com/python-program/practice-mcq-question-on-tuples-in-python/?page=4,
Python Programming,tuples in python,"What will be the output of the following Python code? 
>>> a=(0,1,2,3,4)
>>> b=slice(0,2)
>>> a[b]",Invalid syntax for slicing,"[0,2]","(0,1)","(0,2)",C,,medium,web:Examveda.com https://www.examveda.com/python-program/practice-mcq-question-on-tuples-in-python/?page=5,
Python Programming,tuples in python,"Is the following Python code valid? 
>>> a,b,c=1,2,3
>>> a,b,c","Yes, [1,2,3] is printed","No, invalid syntax","Yes, (1,2,3) is printed",1 is printed,C,,medium,web:Examveda.com https://www.examveda.com/python-program/practice-mcq-question-on-tuples-in-python/?page=5,
Python Programming,tuples in python,"What will be the output of the following Python code? 
>>>t = (1, 2)
>>>2 * t","(1, 2, 1, 2)","[1, 2, 1, 2]","(1, 1, 2, 2)","[1, 1, 2, 2]",A,,medium,web:Examveda.com https://www.examveda.com/python-program/practice-mcq-question-on-tuples-in-python/?page=5,
Python Programming,tuples in python,"What will be the output of the following Python code? 
>>> a,b=6,7
>>> a,b=b,a
>>> a,b","(6,7)",Invalid syntax,"(7,6)",Nothing is printed,C,,medium,web:Examveda.com https://www.examveda.com/python-program/practice-mcq-question-on-tuples-in-python/?page=5,
Python Programming,tuples in python,"If a=(1,2,3,4), a[1:-1] is . . . . . . . .","Error, tuple slicing doesn't exist","[2,3]","(2,3,4)","(2,3)",D,,medium,web:Examveda.com https://www.examveda.com/python-program/practice-mcq-question-on-tuples-in-python/?page=5,
Python Programming,tuples in python,"What will be the output of the following Python code? 
numberGames = {}
numberGames[(1,2,4)] = 8
numberGames[(4,2,1)] = 10
numberGames[(1,2)] = 12
sum = 0
for k in numberGames:
 sum += numberGames[k]
print(len(numberGames) + sum)",30,24,33,12,C,,medium,web:Examveda.com https://www.examveda.com/python-program/practice-mcq-question-on-tuples-in-python/?page=5,
Python Programming,tuples in python,"What will be the output of the following Python code? 
d = {""john"":40, ""peter"":45}
d[""john""]",40,45,"""john""","""peter""",A,,medium,web:Examveda.com https://www.examveda.com/python-program/practice-mcq-question-on-tuples-in-python/?page=5,
Python Programming,tuples in python,"What will be the output of the following Python code? 
>>> a=(2,3,4)
>>> sum(a,3)",Too many arguments for sum() method,The method sum() doesn't exist for tuples,12,9,C,,medium,web:Examveda.com https://www.examveda.com/python-program/practice-mcq-question-on-tuples-in-python/?page=5,
Python Programming,tuples in python,"What will be the output of the following Python code? 
>>> a=(2,3,1,5)
>>> a.sort()
>>> a","(1,2,3,5)","(2,3,1,5)",None,"Error, tuple has no attribute sort",D,,medium,web:Examveda.com https://www.examveda.com/python-program/practice-mcq-question-on-tuples-in-python/?page=5,
Python Programming,tuples in python,"What will be the output of the following Python code? 
a = ('check',)
n = 2
for i in range(int(n)):
 a = (a,)
 print(a)","Error, tuples are immutable","(('check',),) 
((('check',),),)","((‘check’,)’check’,)","(('check',)’check’,) 
((('check',)’check’,)’check’,)",B,,medium,web:Examveda.com https://www.examveda.com/python-program/practice-mcq-question-on-tuples-in-python/?page=6,
Python Programming,tuples in python,"What will be the output of the following Python code? 
>>>my_tuple = (1, 2, 3, 4)
>>>my_tuple.append( (5, 6, 7) )
>>>print len(my_tuple)",1,2,5,Error,D,,medium,web:Examveda.com https://www.examveda.com/python-program/practice-mcq-question-on-tuples-in-python/?page=6,
Python Programming,tuples in python,"What will be the output of the following Python code? 
>>> a=(1,2,3,4)
>>> del(a[2])","Now, a=(1,2,4)","Now, a=(1,3,4)","Now a=(3,4)",Error as tuple is immutable,D,,medium,web:Examveda.com https://www.examveda.com/python-program/practice-mcq-question-on-tuples-in-python/?page=6,
Python Programming,tuples in python,"What will be the output of the following Python code? 
>>>t = (1, 2, 4, 3, 8, 9)
>>>[t[i] for i in range(0, len(t), 2)]","[2, 3, 9]","[1, 2, 4, 3, 8, 9]","[1, 4, 8]","(1, 4, 8)",C,,medium,web:Examveda.com https://www.examveda.com/python-program/practice-mcq-question-on-tuples-in-python/?page=6,
Python Programming,tuples in python,"Is the following Python code valid? 
>>> a,b=1,2,3","Yes, this is an example of tuple unpacking. a=1 and b=2","Yes, this is an example of tuple unpacking. a=(1,2) and b=3","No, too many values to unpack","Yes, this is an example of tuple unpacking. a=1 and b=(2,3)",C,,medium,web:Examveda.com https://www.examveda.com/python-program/practice-mcq-question-on-tuples-in-python/?page=6,
Python Programming,tuples in python,"Is the following Python code valid? 
>>> a=2,3,4,5
>>> a","Yes, 2 is printed","Yes, [2,3,4,5] is printed","No, too many values to unpack","Yes, (2,3,4,5) is printed",D,,medium,web:Examveda.com https://www.examveda.com/python-program/practice-mcq-question-on-tuples-in-python/?page=6,
Python Programming,tuples in python,"What will be the output of the following Python code? 
>>> a=(1,2,(4,5))
>>> b=(1,2,(3,4))
>>> a<b",False,True,"Error, < operator is not valid for tuples","Error, < operator is valid for tuples but not if there are sub-tuples",A,,medium,web:Examveda.com https://www.examveda.com/python-program/practice-mcq-question-on-tuples-in-python/?page=6,
Python Programming,tuples in python,"Is the following Python code valid? 
>>> a=(1,2,3)
>>> b=a.update(4,)","Yes, a=(1,2,3,4) and b=(1,2,3,4)","Yes, a=(1,2,3) and b=(1,2,3,4)",No because tuples are immutable,No because wrong syntax for update() method,C,,medium,web:Examveda.com https://www.examveda.com/python-program/practice-mcq-question-on-tuples-in-python/?page=6,
Python Programming,tuples in python,"What will be the output of the following Python code? 
>>>t=(1,2,4,3)
>>>t[1:3]","(1, 2)","(1, 2, 4)","(2, 4)","(2, 4, 3)",C,,medium,web:Examveda.com https://www.examveda.com/python-program/practice-mcq-question-on-tuples-in-python/?page=6,
Python Programming,tuples in python,"What will be the output of the following Python code? 
>>> a=(1,2)
>>> b=(3,4)
>>> c=a+b
>>> c","(4,6)","(1,2,3,4)",Error as tuples are immutable,None,B,,medium,web:Examveda.com https://www.examveda.com/python-program/practice-mcq-question-on-tuples-in-python/?page=6,
Python Programming,sets in python,Which of the following data types in Python is mutable and does not allow duplicate elements?,Set,List,Tuple,Dictionary,A,,medium,web:Examveda.com https://www.examveda.com/python-program/practice-mcq-question-on-sets-in-python/,
Python Programming,sets in python,How can you add an element to a set in Python?,add(),insert(),append(),extend(),A,,medium,web:Examveda.com https://www.examveda.com/python-program/practice-mcq-question-on-sets-in-python/,
Python Programming,sets in python,Which method is used to remove an element from a set?,remove(),delete(),discard(),pop(),A,,medium,web:Examveda.com https://www.examveda.com/python-program/practice-mcq-question-on-sets-in-python/,
Python Programming,sets in python,What does the len() function do when applied to a set or tuple?,Returns the number of elements in the set or tuple,Converts the set or tuple to lowercase,Converts the set or tuple to uppercase,Removes the last element,A,,medium,web:Examveda.com https://www.examveda.com/python-program/practice-mcq-question-on-sets-in-python/,
Python Programming,sets in python,What is the purpose of the set() constructor in Python?,Creates a new set,Converts a list to a set,Converts a string to a set,Creates a tuple,A,,medium,web:Examveda.com https://www.examveda.com/python-program/practice-mcq-question-on-sets-in-python/,
Python Programming,sets in python,What is the purpose of the union() method for sets?,Returns a new set with elements from both sets,Combines elements of two sets,Returns the intersection of two sets,Returns the difference of two sets,A,,medium,web:Examveda.com https://www.examveda.com/python-program/practice-mcq-question-on-sets-in-python/,
Python Programming,sets in python,"In Python, how can you check if an element exists in a set?",in keyword,exists(),contains(),check(),A,,medium,web:Examveda.com https://www.examveda.com/python-program/practice-mcq-question-on-sets-in-python/,
Python Programming,sets in python,What method is used to remove an element from a set without raising an error if the element is not present?,discard(),delete(),remove(),pop(),A,,medium,web:Examveda.com https://www.examveda.com/python-program/practice-mcq-question-on-sets-in-python/,
Python Programming,sets in python,"What is the output of the following code: my_set = {1, 2, 3} print(my_set)","{1, 2, 3}","1, 2, 3","[1, 2, 3]",Error,A,,medium,web:Examveda.com https://www.examveda.com/python-program/practice-mcq-question-on-sets-in-python/,
Python Programming,sets in python,"What will be the output of the following code: my_set = {1, 2, 3} my_set.add(4) print(my_set)","{1, 2, 3}","{4, 1, 2, 3}","{1, 2, 3, 4}","{3, 2, 1}",B,,medium,web:Examveda.com https://www.examveda.com/python-program/practice-mcq-question-on-sets-in-python/,
Python Programming,sets in python,"What is the output of the following code: my_set = {1, 2, 3, 4, 5} my_set.pop() print(my_set)","{1, 2, 3, 4, 5}","{2, 3, 4, 5}","{1, 2, 3, 4}","{2, 3, 4}",D,,medium,web:Examveda.com https://www.examveda.com/python-program/practice-mcq-question-on-sets-in-python/?page=2,
Python Programming,sets in python,"What is the output of the following code: my_set = {1, 2, 3} my_set.remove(2) print(my_set)","{1, 2, 3}","{1, 3}","{1, 2}",{3},B,,medium,web:Examveda.com https://www.examveda.com/python-program/practice-mcq-question-on-sets-in-python/?page=2,
Python Programming,sets in python,Which method is used to find the intersection of two sets?,intersection(),common(),intersect(),integrate(),A,,medium,web:Examveda.com https://www.examveda.com/python-program/practice-mcq-question-on-sets-in-python/?page=2,
Python Programming,sets in python,"What is the output of the following code: set1 = {1, 2, 3} set2 = {1, 2} print(set1.issuperset(set2))",TRUE,FALSE,Error,None,A,,medium,web:Examveda.com https://www.examveda.com/python-program/practice-mcq-question-on-sets-in-python/?page=2,
Python Programming,sets in python,"What will be the output of the following Python code snippet? 
a=[1, 4, 3, 5, 2]
b=[3, 1, 5, 2, 4]
a==b
set(a)==set(b)","True 
False","False 
False","False 
True","True 
True",C,,medium,web:Examveda.com https://www.examveda.com/python-program/practice-mcq-question-on-sets-in-python/?page=2,
Python Programming,sets in python,"What will be the output of the following Python code snippet? 
s=set([1, 2, 3])
s.union([4, 5])
s|([4, 5])","{1, 2, 3, 4, 5} 
{1, 2, 3, 4, 5}","Error 
{1, 2, 3, 4, 5}","{1, 2, 3, 4, 5} 
Error","Error 
Error",C,,medium,web:Examveda.com https://www.examveda.com/python-program/practice-mcq-question-on-sets-in-python/?page=2,
Python Programming,sets in python,"What will be the output of the following Python code? 
>>> a={3,4,5}
>>> a.update([1,2,3])
>>> a","Error, no method called update for set data type","{1, 2, 3, 4, 5}","Error, list can't be added to set","Error, duplicate item present in list",B,,medium,web:Examveda.com https://www.examveda.com/python-program/practice-mcq-question-on-sets-in-python/?page=2,
Python Programming,sets in python,What is the purpose of the clear() method for sets?,Removes all elements from the set,Adds an element to the set,Removes the last element,Deletes the set,A,,medium,web:Examveda.com https://www.examveda.com/python-program/practice-mcq-question-on-sets-in-python/?page=2,
Python Programming,sets in python,"What will be the output of the following Python code? 
>>> a={5,6,7,8}
>>> b={7,8,9,10}
>>> len(a+b)",8,"Error, unsupported operand '+' for sets",6,Nothing is displayed,B,,medium,web:Examveda.com https://www.examveda.com/python-program/practice-mcq-question-on-sets-in-python/?page=2,
Python Programming,sets in python,"If a={5,6,7,8}, which of the following statements is false?",print(len(a)),print(min(a)),a.remove(5),a[2]=45,D,,medium,web:Examveda.com https://www.examveda.com/python-program/practice-mcq-question-on-sets-in-python/?page=2,
Python Programming,sets in python,"What will be the output of the following Python code? 
>>> s={5,6}
>>> s*3",Error as unsupported operand type for set data type,"{5,6,5,6,5,6}","{5,6}",Error as multiplication creates duplicate elements which isn't allowed,A,,medium,web:Examveda.com https://www.examveda.com/python-program/practice-mcq-question-on-sets-in-python/?page=3,
Python Programming,sets in python,"In Python, how can you check if two sets have no elements in common?",isdisjoint(),nocommon(),different(),disjoint(),A,,medium,web:Examveda.com https://www.examveda.com/python-program/practice-mcq-question-on-sets-in-python/?page=3,
Python Programming,sets in python,"What will be the output of the following Python code? 
s={4>3, 0, 3-3}
all(s)
any(s)","True 
False","False 
True","True 
True","False 
False",B,,medium,web:Examveda.com https://www.examveda.com/python-program/practice-mcq-question-on-sets-in-python/?page=3,
Python Programming,sets in python,"What will be the output of the following Python code snippet? 
z=set('abc')
z.add('xyz')
z.update(set(['p', 'q']))
z","{'abc', 'p', 'q', 'xyz'}","{'a', 'b', 'c', ['p', 'q'], 'xyz}","{'a', 'c', 'c', 'p', 'q', 'x', 'y', 'z'}","{'a', 'b', 'c', 'p', 'q', 'xyz'}",D,,medium,web:Examveda.com https://www.examveda.com/python-program/practice-mcq-question-on-sets-in-python/?page=3,
Python Programming,sets in python,"What will be the output of the following Python code? 
>>> a={5,6,7}
>>> sum(a,5)",5,23,18,"Invalid syntax for sum method, too many arguments",B,,medium,web:Examveda.com https://www.examveda.com/python-program/practice-mcq-question-on-sets-in-python/?page=3,
Python Programming,sets in python,"What will be the output of the following Python code? 
x=set('abcde')
y=set('xyzbd')
x.difference_update(y)
x
y","{‘a’, ‘b’, ‘c’, ‘d’, ‘e’} 
{‘x’, ‘y’, ‘z’}","{‘a’, ‘c’, ‘e’} 
{‘x’, ‘y’, ‘z’, ‘b’, ‘d’}","{‘b’, ‘d’} 
{‘b’, ‘d’}","{‘a’, ‘c’, ‘e’} 
{‘x’, ‘y’, ‘z’}",B,,medium,web:Examveda.com https://www.examveda.com/python-program/practice-mcq-question-on-sets-in-python/?page=3,
Python Programming,sets in python,"What will be the output of the following Python code? 
>>> a={1,2,3}
>>> b=frozenset([3,4,5])
>>> a-b","{1,2}",Error as difference between a set and frozenset can't be found out,Error as unsupported operand type for set data type,"frozenset({1,2})",A,,medium,web:Examveda.com https://www.examveda.com/python-program/practice-mcq-question-on-sets-in-python/?page=3,
Python Programming,sets in python,"What will be the output of the following Python code? 
>>> a={1,2,3}
>>> a.intersection_update({2,3,4,5})
>>> a","{2,3}","Error, duplicate item present in list","Error, no method called intersection_update for set data type","{1,4,5}",A,,medium,web:Examveda.com https://www.examveda.com/python-program/practice-mcq-question-on-sets-in-python/?page=3,
Python Programming,sets in python,"What will be the output of the following Python code snippet? 
l=[1, 2, 4, 5, 2, 'xy', 4]
set(l)
l","{1, 2, 4, 5, 2, ‘xy’, 4} 
[1, 2, 4, 5, 2, ‘xy’, 4]","{1, 2, 4, 5, ‘xy’} 
[1, 2, 4, 5, 2, ‘xy’, 4]","{1, 5, ‘xy’} 
[1, 5, ‘xy’]","{1, 2, 4, 5, ‘xy’} 
[1, 2, 4, 5, ‘xy’]",B,,medium,web:Examveda.com https://www.examveda.com/python-program/practice-mcq-question-on-sets-in-python/?page=3,
Python Programming,sets in python,What is the purpose of the issuperset() method for sets?,Checks if a set contains all elements of another set,Checks if a set is a subset of another set,Checks if a set has no elements in common with another set,Checks if a set is equal to another set,A,,medium,web:Examveda.com https://www.examveda.com/python-program/practice-mcq-question-on-sets-in-python/?page=4,
Python Programming,sets in python,"Is the following Python code valid? 
>>> a=frozenset([5,6,7])
>>> a
>>> a.add(5)","Yes, now a is {5,5,6,7}","No, frozen set is immutable","No, invalid syntax for add method","Yes, now a is {5,6,7}",B,,medium,web:Examveda.com https://www.examveda.com/python-program/practice-mcq-question-on-sets-in-python/?page=4,
Python Programming,sets in python,"What will be the output of the following Python code? 
s1={1, 2, 3, 8}
s2={3, 4, 5, 6}
s1|s2
s1.union(s2)","{3} 
{1, 2, 3, 4, 5, 6, 8}","{1, 2, 4, 5, 6, 8} 
{1, 2, 4, 5, 6, 8}","{3} 
{3}","{1, 2, 3, 4, 5, 6, 8} 
{1, 2, 3, 4, 5, 6, 8}",D,,medium,web:Examveda.com https://www.examveda.com/python-program/practice-mcq-question-on-sets-in-python/?page=4,
Python Programming,sets in python,Which of these about a set is not true?,Mutable data type,Does not allow duplicate values,Data type with unordered values,Immutable data type,D,,medium,web:Examveda.com https://www.examveda.com/python-program/practice-mcq-question-on-sets-in-python/?page=4,
Python Programming,sets in python,"What will be the output of the following Python code? 
a=set('abc')
b=set('def')
b.intersection_update(a)
a
b","set() 
(‘e’, ‘d’, ‘f’}","{} 
{}","{‘b’, ‘c’, ‘a’} 
set()","set() 
set()",C,,medium,web:Examveda.com https://www.examveda.com/python-program/practice-mcq-question-on-sets-in-python/?page=4,
Python Programming,sets in python,What is the purpose of the intersection() method for sets?,Returns a new set with elements common to both sets,Returns the union of two sets,Returns the difference of two sets,Returns the symmetric difference of two sets,A,,medium,web:Examveda.com https://www.examveda.com/python-program/practice-mcq-question-on-sets-in-python/?page=4,
Python Programming,sets in python,"What will be the output of the following Python code? 
>>> a={1,2,3}
>>> b=a
>>> b.remove(3)
>>> a","{1,2,3}","Error, copying of sets isn't allowed","{1,2}","Error, invalid syntax for remove",C,,medium,web:Examveda.com https://www.examveda.com/python-program/practice-mcq-question-on-sets-in-python/?page=4,
Python Programming,sets in python,The . . . . . . . . function removes the first element of a set and the last element of a list.,remove,pop,discard,dispose,B,,medium,web:Examveda.com https://www.examveda.com/python-program/practice-mcq-question-on-sets-in-python/?page=4,
Python Programming,sets in python,"What will be the output of the following Python code? 
>>> a={4,5,6}
>>> b={2,8,6}
>>> a+b","{4,5,6,2,8}","{4,5,6,2,8,6}",Error as unsupported operand type for sets,Error as the duplicate item 6 is present in both sets,C,,medium,web:Examveda.com https://www.examveda.com/python-program/practice-mcq-question-on-sets-in-python/?page=4,
Python Programming,sets in python,Which of the following lines of code will result in an error?,s={abs},"s={4, 'abc', (1,2)}","s={2, 2.2, 3, 'xyz'}",s={exa},D,,medium,web:Examveda.com https://www.examveda.com/python-program/practice-mcq-question-on-sets-in-python/?page=4,
Python Programming,sets in python,Which of the following functions cannot be used on heterogeneous sets?,pop,remove,update,sum,D,,medium,web:Examveda.com https://www.examveda.com/python-program/practice-mcq-question-on-sets-in-python/?page=5,
Python Programming,sets in python,Which of the following is not the correct syntax for creating a set?,"set([[1,2],[3,4]])","set([1,2,2,3,4])","set((1,2,3,4))","{1,2,3,4}",A,,medium,web:Examveda.com https://www.examveda.com/python-program/practice-mcq-question-on-sets-in-python/?page=5,
Python Programming,sets in python,"What is the output of the following code: set1 = {1, 2, 3} set2 = {2, 3, 4} print(set1.difference(set2))",{1},"{2, 3}","{1, 2, 3, 4}",{4},A,,medium,web:Examveda.com https://www.examveda.com/python-program/practice-mcq-question-on-sets-in-python/?page=5,
Python Programming,sets in python,"In Python, how can you check if a set is a subset of another set?",issubset(),subsetof(),sub(),checksubset(),A,,medium,web:Examveda.com https://www.examveda.com/python-program/practice-mcq-question-on-sets-in-python/?page=5,
Python Programming,sets in python,"What will be the output of the following Python code? 
s1={1, 2, 3}
s2={4, 5, 6}
s1.isdisjoint(s2)
s2.isdisjoint(s1)","True 
False","False 
True","True 
True","False 
False",C,,medium,web:Examveda.com https://www.examveda.com/python-program/practice-mcq-question-on-sets-in-python/?page=5,
Python Programming,sets in python,"What will be the output of the following Python code? 
>>> a={1,2,3}
>>> b=a.copy()
>>> b.add(4)
>>> a","{1,2,3}","Error, invalid syntax for add","{1,2,3,4}","Error, copying of sets isn't allowed",A,,medium,web:Examveda.com https://www.examveda.com/python-program/practice-mcq-question-on-sets-in-python/?page=5,
Python Programming,sets in python,"What will be the output of the following code: my_set = {1, 2, 3} new_set = my_set.copy() print(new_set)","{1, 2, 3}","{1, 2, 3, 1, 2, 3}","{1, 1, 2, 2, 3, 3}","{2, 1, 3}",A,,medium,web:Examveda.com https://www.examveda.com/python-program/practice-mcq-question-on-sets-in-python/?page=5,
Python Programming,sets in python,"Is the following Python code valid? 
a={3,4,{7,5}}
print(a[2][0])","Yes, 7 is printed","Error, elements of a set can't be printed","Error, subsets aren't allowed","Yes, {7,5} is printed",C,,medium,web:Examveda.com https://www.examveda.com/python-program/practice-mcq-question-on-sets-in-python/?page=6,
Python Programming,sets in python,What is the purpose of the copy() method for sets?,Creates a shallow copy of the set,Creates a deep copy of the set,Creates a new set with elements from the original set,Creates a reversed copy of the set,A,,medium,web:Examveda.com https://www.examveda.com/python-program/practice-mcq-question-on-sets-in-python/?page=6,
Python Programming,sets in python,"Write a list comprehension for number and its cube for: 
l=[1, 2, 3, 4, 5, 6, 7, 8, 9]",[x**3 for x in l],[x^3 for x in l],[x**3 in l],[x^3 in l],A,,medium,web:Examveda.com https://www.examveda.com/python-program/practice-mcq-question-on-sets-in-python/?page=6,
Python Programming,sets in python,"What is the output of the following code: set1 = {1, 2} set2 = {1, 2, 3, 4} print(set1.issubset(set2))",TRUE,FALSE,Error,None,A,,medium,web:Examveda.com https://www.examveda.com/python-program/practice-mcq-question-on-sets-in-python/?page=6,
Python Programming,sets in python,"If we have two sets, s1 and s2, and we want to check if all the elements of s1 are present in s2 or not, we can use the function:",s2.issubset(s1),s2.issuperset(s1),s1.issuperset(s2),s1.isset(s2),B,,medium,web:Examveda.com https://www.examveda.com/python-program/practice-mcq-question-on-sets-in-python/?page=6,
Python Programming,sets in python,"What will be the output of the following Python function? 
{x for x in 'abc'}
{x*3 for x in 'abc'}","{abc} 
aaa 
bbb 
ccc","abc 
abc abc abc","{‘a’, ‘b’, ‘c’} 
{‘aaa’, ‘bbb’, ‘ccc’}","{‘a’, ‘b’, ‘c’} 
abc 
abc 
abc",C,,medium,web:Examveda.com https://www.examveda.com/python-program/practice-mcq-question-on-sets-in-python/?page=6,
Python Programming,sets in python,"What is the syntax of the following Python code? 
>>> a=frozenset(set([5,6,7]))
>>> a","{5,6,7}","frozenset({5,6,7})","Error, not possible to convert set into frozenset",Syntax error,B,,medium,web:Examveda.com https://www.examveda.com/python-program/practice-mcq-question-on-sets-in-python/?page=6,
Python Programming,sets in python,"What method is used to find the elements that are present in either of the sets, but not in both sets?",symmetric_difference(),exclusive(),difference(),union(),A,,medium,web:Examveda.com https://www.examveda.com/python-program/practice-mcq-question-on-sets-in-python/?page=6,
Python Programming,sets in python,"What will be the output of the following Python code? 
>>> a={5,4}
>>> b={1,2,4,5}
>>> a<b","{1,2}",True,False,Invalid operation,B,,medium,web:Examveda.com https://www.examveda.com/python-program/practice-mcq-question-on-sets-in-python/?page=6,
Python Programming,sets in python,"What will be the output of the following Python code, if s1= {1, 2, 3}? 
s1.issubset(s1)",True,Error,No output,False,A,,medium,web:Examveda.com https://www.examveda.com/python-program/practice-mcq-question-on-sets-in-python/?page=7,
Python Programming,sets in python,"What will be the output of the following Python code snippet? 
{a**2 for a in range(4)}","{1, 4, 9, 16}","{0, 1, 4, 9, 16}",Error,"{0, 1, 4, 9}",D,,medium,web:Examveda.com https://www.examveda.com/python-program/practice-mcq-question-on-sets-in-python/?page=7,
Python Programming,sets in python,The difference between the functions discard and remove is that:,Discard removes the last element of the set whereas remove removes the first element of the set,Discard throws an error if the specified element is not present in the set whereas remove does not throw an error in case of absence of the specified element,Remove removes the last element of the set whereas discard removes the first element of the set,Remove throws an error if the specified element is not present in the set whereas discard does not throw an error in case of absence of the specified element,D,,medium,web:Examveda.com https://www.examveda.com/python-program/practice-mcq-question-on-sets-in-python/?page=7,
Python Programming,sets in python,"What will be the output of the following Python code? 
s1={3, 4}
s2={1, 2}
s3=set()
i=0
j=0
for i in s1:
 for j in s2:
 s3.add((i,j))
 i+=1
 j+=1
print(s3)","{(3, 4), (1, 2)}",Error,"{(4, 2), (3, 1), (4, 1), (5, 2)}","{(3, 1), (4, 2)}",C,,medium,web:Examveda.com https://www.examveda.com/python-program/practice-mcq-question-on-sets-in-python/?page=7,
Python Programming,sets in python,Which of these about a frozenset is not true?,Mutable data type,Allows duplicate values,Data type with unordered values,Immutable data type,A,,medium,web:Examveda.com https://www.examveda.com/python-program/practice-mcq-question-on-sets-in-python/?page=7,
Python Programming,sets in python,"What will be the output of the following Python code? 
>>> a={1,2,3}
>>> {x*2 for x in a|{4,5}}","{2,4,6}","Error, set comprehensions aren't allowed","{8, 2, 10, 4, 6}","{8,10}",C,,medium,web:Examveda.com https://www.examveda.com/python-program/practice-mcq-question-on-sets-in-python/?page=7,
Python Programming,sets in python,What is the purpose of the difference() method for sets?,Returns a new set with elements from the first set that are not in the second set,Returns the union of two sets,Returns the common elements of two sets,Returns the symmetric difference of two sets,A,,medium,web:Examveda.com https://www.examveda.com/python-program/practice-mcq-question-on-sets-in-python/?page=7,
Python Programming,sets in python,"What will be the output of the following Python code? 
>>> a={5,6,7,8}
>>> b={7,8,10,11}
>>> a^b","{5,6,7,8,10,11}","{7,8}",Error as unsupported operand type of set data type,"{5,6,10,11}",D,,medium,web:Examveda.com https://www.examveda.com/python-program/practice-mcq-question-on-sets-in-python/?page=7,
Python Programming,sets in python,"What will be the output of the following Python code? 
a = [5,5,6,7,7,7]
b = set(a)
def test(lst):
 if lst in b:
 return 1
 else:
 return 0
for i in filter(test, a):
 print(i,end="" "")",5 5 6,5 6 7,5 5 6 7 7 7,5 6 7 7 7,C,,medium,web:Examveda.com https://www.examveda.com/python-program/practice-mcq-question-on-sets-in-python/?page=8,
Python Programming,sets in python,"What will be the output of the following code: set1 = {1, 2, 3} set2 = {3, 4, 5} print(set1.intersection(set2))",{3},"{1, 2, 3}","{3, 4, 5}","{1, 4, 5}",A,,medium,web:Examveda.com https://www.examveda.com/python-program/practice-mcq-question-on-sets-in-python/?page=8,
Python Programming,sets in python,"Which of the following functions will return the symmetric difference between two sets, x and y?",x | y,x ^ y,x & y,x - y,B,,medium,web:Examveda.com https://www.examveda.com/python-program/practice-mcq-question-on-sets-in-python/?page=8,
Python Programming,sets in python,"What is the output of the following code: set1 = {1, 2, 3} set2 = {3, 4, 5} print(set1.union(set2))","{1, 2, 3, 4, 5}","{1, 2, 3}","{3, 4, 5}","{1, 4, 5}",A,,medium,web:Examveda.com https://www.examveda.com/python-program/practice-mcq-question-on-sets-in-python/?page=8,
Python Programming,sets in python,"In Python, how can you create an empty set?",set(),{},empty_set(),new_set(),A,,medium,web:Examveda.com https://www.examveda.com/python-program/practice-mcq-question-on-sets-in-python/?page=8,
Python Programming,sets in python,"What will be the output of the following Python code? 
s1={1, 2, 3}
s2={3, 4, 5, 6}
s1.difference(s2)
s2.difference(s1)","{1, 2} 
{4, 5, 6}","{1, 2} 
{1, 2}","{4, 5, 6} 
{1, 2}","{4, 5, 6} 
{4, 5, 6}",A,,medium,web:Examveda.com https://www.examveda.com/python-program/practice-mcq-question-on-sets-in-python/?page=8,
Python Programming,sets in python,"What will be the output of the following Python code? 
a={1,2,3}
b={1,2,3}
c=a.issubset(b)
print(c)",True,"Error, no method called issubset() exists",Syntax error for issubset() method,False,A,,medium,web:Examveda.com https://www.examveda.com/python-program/practice-mcq-question-on-sets-in-python/?page=8,
Python Programming,sets in python,"What will be the output of the following Python code? 
s={1, 2, 3}
s.update(4)
s","{1, 2, 3, 4}","{1, 2, 4, 3}","{4, 1, 2, 3}",Error,D,,medium,web:Examveda.com https://www.examveda.com/python-program/practice-mcq-question-on-sets-in-python/?page=8,
Python Programming,sets in python,"What will be the output of the following Python code? 
>>> a={1,2,3}
>>> b=a.add(4)
>>> b",0,"{1,2,3,4}","{1,2,3}",Nothing is printed,D,,medium,web:Examveda.com https://www.examveda.com/python-program/practice-mcq-question-on-sets-in-python/?page=8,
Python Programming,sets in python,"What will be the output of the following Python code? 
>>> a={4,5,6}
>>> b={2,8,6}
>>> a-b","{4,5}",{6},Error as unsupported operand type for set data type,Error as the duplicate item 6 is present in both sets,A,,medium,web:Examveda.com https://www.examveda.com/python-program/practice-mcq-question-on-sets-in-python/?page=9,
Python Programming,sets in python,Which of the following statements is used to create an empty set?,{ },set(),[ ],( ),B,,medium,web:Examveda.com https://www.examveda.com/python-program/practice-mcq-question-on-sets-in-python/?page=9,
Python Programming,sets in python,"If a={5,6,7}, what happens when a.add(5) is executed?","a={5,5,6,7}","a={5,6,7}",Error as there is no add function for set data type,Error as 5 already exists in the set,B,,medium,web:Examveda.com https://www.examveda.com/python-program/practice-mcq-question-on-sets-in-python/?page=9,
Python Programming,sets in python,"What will be the output of the following Python code snippet? 
for x in set('pqr'):
 print(x*2)","pp 
qq 
rr","pqr 
pqr",ppqqrr,pqrpqr,A,,medium,web:Examveda.com https://www.examveda.com/python-program/practice-mcq-question-on-sets-in-python/?page=9,
Python Programming,sets in python,"What will be the output of the following Python code? 
s={2, 5, 6, 6, 7}
s","{2, 5, 7}","{2, 5, 6, 7}","{2, 5, 6, 6, 7}",Error,B,,medium,web:Examveda.com https://www.examveda.com/python-program/practice-mcq-question-on-sets-in-python/?page=9,
Python Programming,sets in python,"What will be the output of the following Python code? 
nums = set([1,1,2,3,3,3,4,4])
print(len(nums))",7,"Error, invalid syntax for formation of set",4,8,C,,medium,web:Examveda.com https://www.examveda.com/python-program/practice-mcq-question-on-sets-in-python/?page=9,
Python Programming,sets in python,"Is the following Python code valid? 
a={1,2,3}
b={1,2,3,4}
c=a.issuperset(b)
print(c)",False,True,Syntax error for issuperset() method,"Error, no method called issuperset() exists",A,,medium,web:Examveda.com https://www.examveda.com/python-program/practice-mcq-question-on-sets-in-python/?page=9,
Python Programming,sets in python,Which method is used to find the symmetric difference between two sets?,symmetric_difference(),diff(),difference(),symdiff(),A,,medium,web:Examveda.com https://www.examveda.com/python-program/practice-mcq-question-on-sets-in-python/?page=9,
Python Programming,sets in python,"What will be the output of the following Python code? 
>>> a={3,4,5}
>>> b={5,6,7}
>>> a|b",Invalid operation,"{3, 4, 5, 6, 7}",{5},"{3,4,6,7}",B,,medium,web:Examveda.com https://www.examveda.com/python-program/practice-mcq-question-on-sets-in-python/?page=9,
Python Programming,sets in python,Set makes use of . . . . . . . . Dictionary makes use of . . . . . . . .,"keys, keys","key values, keys","keys, key values","key values, key values",C,,medium,web:Examveda.com https://www.examveda.com/python-program/practice-mcq-question-on-sets-in-python/?page=9,
Python Programming,dictionary in python,Which of the following data types in Python is used to store key-value pairs?,Dictionary,List,Tuple,Set,A,,medium,web:Examveda.com https://www.examveda.com/python-program/practice-mcq-question-on-dictionary-in-python/,
Python Programming,dictionary in python,"What method is used to check if a key exists in a dictionary, and if not, add it with a default value?",setdefault(),addkey(),insert(),newkey(),A,,medium,web:Examveda.com https://www.examveda.com/python-program/practice-mcq-question-on-dictionary-in-python/,
Python Programming,dictionary in python,What does the len() function do when applied to a dictionary?,Returns the number of key-value pairs in the dictionary,Returns the sum of all values,Returns the length of the longest key,Returns the length of the longest value,A,,medium,web:Examveda.com https://www.examveda.com/python-program/practice-mcq-question-on-dictionary-in-python/,
Python Programming,dictionary in python,"In Python, how can you get a list of all key-value pairs in a dictionary?",items(),get_items(),all_items(),list_items(),A,,medium,web:Examveda.com https://www.examveda.com/python-program/practice-mcq-question-on-dictionary-in-python/,
Python Programming,dictionary in python,What is the purpose of the dict() constructor in Python?,Creates a new dictionary,Converts a list to a dictionary,Converts a tuple to a dictionary,Converts a string to a dictionary,A,,medium,web:Examveda.com https://www.examveda.com/python-program/practice-mcq-question-on-dictionary-in-python/,
Python Programming,dictionary in python,Which method is used to remove a key-value pair from a dictionary?,pop(),remove(),delete(),discard(),A,,medium,web:Examveda.com https://www.examveda.com/python-program/practice-mcq-question-on-dictionary-in-python/,
Python Programming,dictionary in python,"In Python, how can you check if a key exists in a dictionary?",in keyword,exists(),contains(),check(),A,,medium,web:Examveda.com https://www.examveda.com/python-program/practice-mcq-question-on-dictionary-in-python/,
Python Programming,dictionary in python,What method is used to update the values of a dictionary with the values from another dictionary?,update(),set(),add(),merge(),A,,medium,web:Examveda.com https://www.examveda.com/python-program/practice-mcq-question-on-dictionary-in-python/,
Python Programming,dictionary in python,What is the purpose of the keys() method for dictionaries?,Returns a list of all keys in the dictionary,Returns a list of all values in the dictionary,Returns a list of all items in the dictionary,Returns a list of all keys and values in the dictionary,A,,medium,web:Examveda.com https://www.examveda.com/python-program/practice-mcq-question-on-dictionary-in-python/,
Python Programming,dictionary in python,Which method is used to get a list of all values in a dictionary?,values(),get_values(),all_values(),list_values(),A,,medium,web:Examveda.com https://www.examveda.com/python-program/practice-mcq-question-on-dictionary-in-python/,
Python Programming,dictionary in python,"In Python, how can you remove all key-value pairs from a dictionary?",clear(),remove_all(),delete_all(),discard_all(),A,,medium,web:Examveda.com https://www.examveda.com/python-program/practice-mcq-question-on-dictionary-in-python/?page=2,
Python Programming,dictionary in python,What is the purpose of the items() method for dictionaries?,Returns a list of key-value pairs in the dictionary,Returns a list of keys in the dictionary,Returns a list of values in the dictionary,Returns a list of items in the dictionary,A,,medium,web:Examveda.com https://www.examveda.com/python-program/practice-mcq-question-on-dictionary-in-python/?page=2,
Python Programming,dictionary in python,Which method is used to create a shallow copy of a dictionary?,copy(),clone(),duplicate(),replicate(),A,,medium,web:Examveda.com https://www.examveda.com/python-program/practice-mcq-question-on-dictionary-in-python/?page=2,
Python Programming,dictionary in python,What is the purpose of the clear() method for dictionaries?,Removes all key-value pairs from the dictionary,Adds a key-value pair to the dictionary,Removes the last key-value pair,Deletes the dictionary,A,,medium,web:Examveda.com https://www.examveda.com/python-program/practice-mcq-question-on-dictionary-in-python/?page=2,
Python Programming,dictionary in python,What is the purpose of the fromkeys() method for dictionaries?,Creates a new dictionary with specified keys and a default value,Adds new keys to the dictionary,Copies keys and values from another dictionary,Removes specified keys from the dictionary,A,,medium,web:Examveda.com https://www.examveda.com/python-program/practice-mcq-question-on-dictionary-in-python/?page=2,
Python Programming,dictionary in python,"In Python, how can you get a list of all keys in a dictionary?",keys(),get_keys(),all_keys(),list_keys(),A,,medium,web:Examveda.com https://www.examveda.com/python-program/practice-mcq-question-on-dictionary-in-python/?page=2,
Python Programming,dictionary in python,What is the purpose of the popitem() method for dictionaries?,Removes and returns the last key-value pair in the dictionary,Removes and returns a random key-value pair from the dictionary,Removes and returns the first key-value pair in the dictionary,Removes and returns the specified key-value pair from the dictionary,B,"Imagine a dictionary as a box filled with labeled items. Each label is a key, and the item is its value. 
 
The popitem() method acts like taking out one item from that box. 
 
But which item does it take? It's important to understand that unlike lists, dictionaries don't have a strict ""first"" or ""last"" item. 
 
Option A says it removes the last item. This is not entirely accurate because dictionaries aren't ordered like lists. 
 
Option B says it's random. This is also incorrect. While the order might seem random, it's actually determined by how Python stores the data internally; it's not truly random selection. 
 
Option C suggests it removes the first. Again, dictionaries don't have a defined ""first"" element. 
 
Option B is the closest, but not entirely precise. It removes and returns an arbitrary key-value pair. In Python versions before 3.7, the order might appear random. In Python ",medium,web:Examveda.com https://www.examveda.com/python-program/practice-mcq-question-on-dictionary-in-python/?page=2,
Python Programming,dictionary in python,"What is the output of the following code: my_dict = {'a': 1, 'b': 2} print(my_dict['a'])",1,a,{'a': 1},'a',A,,medium,web:Examveda.com https://www.examveda.com/python-program/practice-mcq-question-on-dictionary-in-python/?page=2,
Python Programming,dictionary in python,How can you add a new key-value pair to a dictionary in Python?,my_dict['new_key'] = new_value,"add('new_key', new_value)","insert('new_key', new_value)","append('new_key', new_value)",A,,medium,web:Examveda.com https://www.examveda.com/python-program/practice-mcq-question-on-dictionary-in-python/?page=2,
Python Programming,dictionary in python,"In Python, how can you create an empty dictionary?",dict(),{},empty_dict(),new_dict(),A,,medium,web:Examveda.com https://www.examveda.com/python-program/practice-mcq-question-on-dictionary-in-python/?page=2,
Python Programming,dictionary in python,What is the purpose of the values() method for dictionaries?,Returns a list of all values in the dictionary,Returns a list of all keys in the dictionary,Returns a list of key-value pairs in the dictionary,Returns a list of items in the dictionary,A,,medium,web:Examveda.com https://www.examveda.com/python-program/practice-mcq-question-on-dictionary-in-python/?page=3,
Python Programming,dictionary in python,"What will be the output of the following code: my_dict = {'a': 1, 'b': 2} my_dict['c'] = 3 print(my_dict)","{'a': 1, 'b': 2}","{'a': 1, 'b': 2, 'c': 3}",{'c': 3},None of the above,B,,medium,web:Examveda.com https://www.examveda.com/python-program/practice-mcq-question-on-dictionary-in-python/?page=3,
Python Programming,dictionary in python,"What is the output of the following code: my_dict = {'a': 1, 'b': 2, 'c': 3} my_dict.pop('b') print(my_dict)","{'a': 1, 'b': 2, 'c': 3}","{'a': 1, 'c': 3}","{'a': 1, 'b': 2}",{'c': 3},B,,medium,web:Examveda.com https://www.examveda.com/python-program/practice-mcq-question-on-dictionary-in-python/?page=3,
Python Programming,dictionary in python,"What is the output of the following code: my_dict = {'a': 1, 'b': 2, 'c': 3} print(my_dict.get('d', 0))",0,'d',3,'a',A,,medium,web:Examveda.com https://www.examveda.com/python-program/practice-mcq-question-on-dictionary-in-python/?page=3,
Python Programming,dictionary in python,"What is the output of the following code: my_dict = {'a': 1, 'b': 2, 'c': 3} my_dict.values() print(my_dict)","{'a': 1, 'b': 2, 'c': 3}","[1, 2, 3]","{1, 2, 3}","{'values': [1, 2, 3]}",A,,medium,web:Examveda.com https://www.examveda.com/python-program/practice-mcq-question-on-dictionary-in-python/?page=3,
Python Programming,dictionary in python,"What will be the output of the following code: my_dict = {'a': 1, 'b': 2, 'c': 3} my_dict.items() print(my_dict)","{'a': 1, 'b': 2, 'c': 3}","[('a', 1), ('b', 2), ('c', 3)]","{('a': 1), ('b': 2), ('c': 3)}","{'items': [('a', 1), ('b', 2), ('c', 3)]}",A,,medium,web:Examveda.com https://www.examveda.com/python-program/practice-mcq-question-on-dictionary-in-python/?page=3,
Python Programming,dictionary in python,"What is the output of the following code: my_dict = {'a': 1, 'b': 2} del my_dict['b'] print(my_dict)","{'a': 1, 'b': 2}",{'a': 1},{'b': 2},{},B,,medium,web:Examveda.com https://www.examveda.com/python-program/practice-mcq-question-on-dictionary-in-python/?page=3,
Python Programming,dictionary in python,"What is the output of the following code: my_dict = {'a': 1, 'b': 2} new_dict = my_dict.copy() print(new_dict)","{'a': 1, 'b': 2}","{'a': 1, 'b': 2, 'a': 1, 'b': 2}","{'a': 1, 'b': 2, 'a': 2, 'b': 1}","{'a': 2, 'b': 1}",A,,medium,web:Examveda.com https://www.examveda.com/python-program/practice-mcq-question-on-dictionary-in-python/?page=3,
Python Programming,dictionary in python,"What will be the output of the following code: keys = ['a', 'b', 'c'] values = 0 my_dict = dict.fromkeys(keys, values) print(my_dict)","{'a': 0, 'b': 0, 'c': 0}","{'a': [0], 'b': [0], 'c': [0]}","{0: ['a', 'b', 'c']}","{'a': 'b', 'b': 'c', 'c': 0}",A,,medium,web:Examveda.com https://www.examveda.com/python-program/practice-mcq-question-on-dictionary-in-python/?page=3,
Python Programming,dictionary in python,"What is the output of the following code: my_dict = {'a': 1, 'b': 2} my_dict.popitem() print(my_dict)","{'a': 1, 'b': 2}",{},{'b': 2},"{1: 'a', 2: 'b'}",C,"Code Analysis: 
my_dict = {'a': 1, 'b': 2} 
1. popitem() Method: The popitem() method removes and returns the last inserted key-value pair. In this case, the last inserted pair is 'b': 2. 
2. Updated Dictionary: After removing 'b': 2, the dictionary will contain only 'a': 1. 
print(my_dict) 
Output: The dictionary now contains {'a': 1}. 
Incorrect Options: 
A) {'a': 1, 'b': 2}: This would be the original dictionary, but popitem() modifies it. 
B) {}: This would be true if both key-value pairs were removed, but only one is removed. 
D) {1: 'a', 2: 'b'}: This is incorrect as keys and values are not swapped. 
Thus, the correct answer is Option C: {'a': 1}. 

 
 
 
 



 
 
 
 
 
 
 
 
 
 
 
 
 
1
2
3
4
5
6
7
8
9

 
 
 
 
 
 
 
 
 
 

 
 

 -->
 
 
 


 

-->
 
 
 Copyright © 2026 Examveda.com
 
 
 
 
 
 
 
 
 
 About Us |
 Terms & Condition |
 Privacy Policy |
 Contact Us",medium,web:Examveda.com https://www.examveda.com/python-program/practice-mcq-question-on-dictionary-in-python/?page=3,
Python Programming,dictionary in python,"What will be the output of the following Python code? 
>>> import collections
>>> a=collections.OrderedDict((str(x),x) for x in range(3))
>>> a","{'2':2, '0':0, '1':1}","OrderedDict([('0', 0), ('1', 1), ('2', 2)])",An exception is thrown,' ',B,,medium,web:Examveda.com https://www.examveda.com/python-program/practice-mcq-question-on-dictionary-in-python/?page=4,
Python Programming,dictionary in python,"What will be the output of the following Python code? 
>>> a={}
>>> a.fromkeys([1,2,3],""check"")",Syntax error,"{1:""check"",2:""check"",3:""check""}","""check""","{1:None,2:None,3:None}",B,,medium,web:Examveda.com https://www.examveda.com/python-program/practice-mcq-question-on-dictionary-in-python/?page=4,
Python Programming,dictionary in python,"What will be the output of the following Python code snippet? 
d1 = {""john"":40, ""peter"":45}
d2 = {""john"":466, ""peter"":45}
d1 == d2",True,False,None,Error,B,,medium,web:Examveda.com https://www.examveda.com/python-program/practice-mcq-question-on-dictionary-in-python/?page=4,
Python Programming,dictionary in python,"What will be the output of the following Python code snippet? 
d = {""john"":40, ""peter"":45}
print(list(d.keys()))","[""john"", ""peter""]","[""john"":40, ""peter"":45]","(""john"", ""peter"")","(""john"":40, ""peter"":45)",A,,medium,web:Examveda.com https://www.examveda.com/python-program/practice-mcq-question-on-dictionary-in-python/?page=4,
Python Programming,dictionary in python,"What will be the output of the following Python code snippet? 
test = {1:'A', 2:'B', 3:'C'}
test = {}
print(len(test))",0,None,3,An exception is thrown,A,,medium,web:Examveda.com https://www.examveda.com/python-program/practice-mcq-question-on-dictionary-in-python/?page=4,
Python Programming,dictionary in python,Which of the following statements create a dictionary?,d = {},"d = {""john"":40, ""peter"":45}","d = {40:""john"", 45:""peter""}",All of the mentioned,D,,medium,web:Examveda.com https://www.examveda.com/python-program/practice-mcq-question-on-dictionary-in-python/?page=4,
Python Programming,dictionary in python,"What will be the output of the following Python code snippet? 
a={1:""A"",2:""B"",3:""C""}
for i,j in a.items():
 print(i,j,end="" "")",1 A 2 B 3 C,1 2 3,A B C,"1:""A"" 2:""B"" 3:""C""",A,,medium,web:Examveda.com https://www.examveda.com/python-program/practice-mcq-question-on-dictionary-in-python/?page=4,
Python Programming,dictionary in python,"What will be the output of the following Python code snippet? 
test = {1:'A', 2:'B', 3:'C'}
del test[1]
test[1] = 'D'
del test[2]
print(len(test))",0,2,Error as the key-value pair of 1:'A' is already deleted,1,B,,medium,web:Examveda.com https://www.examveda.com/python-program/practice-mcq-question-on-dictionary-in-python/?page=4,
Python Programming,dictionary in python,"What will be the output of the following Python code? 
>>> a={1:""A"",2:""B"",3:""C""}
>>> a.items()",Syntax error,"dict_items([('A'), ('B'), ('C')])","dict_items([(1,2,3)])","dict_items([(1, 'A'), (2, 'B'), (3, 'C')])",D,,medium,web:Examveda.com https://www.examveda.com/python-program/practice-mcq-question-on-dictionary-in-python/?page=4,
Python Programming,dictionary in python,Which of the statements about dictionary values if false?,More than one key can have the same value,The values of the dictionary can be accessed as dict[key],Values of a dictionary must be unique,Values of a dictionary can be a mixture of letters and numbers,C,,medium,web:Examveda.com https://www.examveda.com/python-program/practice-mcq-question-on-dictionary-in-python/?page=4,
Python Programming,dictionary in python,"What will be the output of the following Python code? 
>>> a=dict()
>>> a[1]",An exception is thrown since the dictionary is empty,' ',1,0,A,,medium,web:Examveda.com https://www.examveda.com/python-program/practice-mcq-question-on-dictionary-in-python/?page=5,
Python Programming,dictionary in python,"What will be the output of the following Python code snippet? 
a={1:""A"",2:""B"",3:""C""}
a.setdefault(4,""D"")
print(a)","{1: 'A', 2: 'B', 3: 'C', 4: 'D'}",None,Error,"[1,3,6,10]",A,,medium,web:Examveda.com https://www.examveda.com/python-program/practice-mcq-question-on-dictionary-in-python/?page=5,
Python Programming,dictionary in python,"What will be the output of the following Python code? 
a={1:5,2:3,3:4}
print(a.pop(4,9))",9,3,Too many arguments for pop() method,4,A,,medium,web:Examveda.com https://www.examveda.com/python-program/practice-mcq-question-on-dictionary-in-python/?page=5,
Python Programming,dictionary in python,"What will be the output of the following Python code snippet? 
>>> import collections
>>> a=collections.Counter([3,3,4,5])
>>> b=collections.Counter([3,4,4,5,5,5])
>>> a&b","Counter({3: 12, 4: 1, 5: 1})","Counter({3: 1, 4: 1, 5: 1})",Counter({4: 2}),Counter({5: 1}),B,,medium,web:Examveda.com https://www.examveda.com/python-program/practice-mcq-question-on-dictionary-in-python/?page=5,
Python Programming,dictionary in python,"What will be the output of the following Python code snippet? 
d1 = {""john"":40, ""peter"":45}
d2 = {""john"":466, ""peter"":45}
d1 > d2",True,False,Error,None,C,,medium,web:Examveda.com https://www.examveda.com/python-program/practice-mcq-question-on-dictionary-in-python/?page=5,
Python Programming,dictionary in python,"What will be the output of the following Python code snippet? 
>>>import collections
>>> b=collections.Counter([2,2,3,4,4,4])
>>> b.most_common(1)","Counter({4: 3, 2: 2, 3: 1})",{3:1},{4:3},"[(4, 3)]",D,,medium,web:Examveda.com https://www.examveda.com/python-program/practice-mcq-question-on-dictionary-in-python/?page=5,
Python Programming,dictionary in python,"Suppose d = {""john"":40, ""peter"":45}. To obtain the number of entries in dictionary which command do we use?",d.size(),len(d),size(d),d.len(),B,,medium,web:Examveda.com https://www.examveda.com/python-program/practice-mcq-question-on-dictionary-in-python/?page=5,
Python Programming,dictionary in python,"What will be the output of the following Python code? 
a={}
a[2]=1
a[1]=[2,3,4]
print(a[1][1])","[2,3,4]",3,2,An exception is thrown,B,,medium,web:Examveda.com https://www.examveda.com/python-program/practice-mcq-question-on-dictionary-in-python/?page=5,
Python Programming,dictionary in python,"What will be the output of the following Python code? 
>>> import collections
>>> a=dict()
>>> a=collections.defaultdict(str)
>>> a['A']",An exception is thrown since the dictionary is empty,' ','A',0,B,,medium,web:Examveda.com https://www.examveda.com/python-program/practice-mcq-question-on-dictionary-in-python/?page=5,
Python Programming,dictionary in python,"What will be the output of the following Python code? 
count={}
count[(1,2,4)] = 5
count[(4,2,1)] = 7
count[(1,2)] = 6
count[(4,2,1)] = 2
tot = 0
for i in count:
 tot=tot+count[i]
print(len(count)+tot)",25,17,16,Tuples can't be made keys of a dictionary,C,,medium,web:Examveda.com https://www.examveda.com/python-program/practice-mcq-question-on-dictionary-in-python/?page=6,
Python Programming,dictionary in python,"What will be the output of the following Python code? 
a={1:""A"",2:""B"",3:""C""}
for i in a:
 print(i,end="" "")",1 2 3,A' 'B' 'C',1 'A' 2 'B' 3 'C',"Error, it should be: for i in a.items():",A,,medium,web:Examveda.com https://www.examveda.com/python-program/practice-mcq-question-on-dictionary-in-python/?page=6,
Python Programming,dictionary in python,Which of these about a dictionary is false?,The values of a dictionary can be accessed using keys,The keys of a dictionary can be accessed using values,Dictionaries aren't ordered,Dictionaries are mutable,B,,medium,web:Examveda.com https://www.examveda.com/python-program/practice-mcq-question-on-dictionary-in-python/?page=6,
Python Programming,dictionary in python,"What will be the output of the following Python code? 
a={1:""A"",2:""B"",3:""C""}
b=a.copy()
b[2]=""D""
print(a)","Error, copy() method doesn't exist for dictionaries","{1: 'A', 2: 'B', 3: 'C'}","{1: 'A', 2: 'D', 3: 'C'}","""None"" is printed",B,,medium,web:Examveda.com https://www.examveda.com/python-program/practice-mcq-question-on-dictionary-in-python/?page=6,
Python Programming,dictionary in python,"What will be the output of the following Python code? 
a={1:5,2:3,3:4}
a.pop(3)
print(a)",{1: 5},"{1: 5, 2: 3}","Error, syntax error for pop() method","{1: 5, 3: 4}",B,,medium,web:Examveda.com https://www.examveda.com/python-program/practice-mcq-question-on-dictionary-in-python/?page=6,
Python Programming,dictionary in python,"What will be the output of the following Python code? 
a={1:""A"",2:""B"",3:""C""}
b={4:""D"",5:""E""}
a.update(b)
print(a)","{1: 'A', 2: 'B', 3: 'C'}",Method update() doesn't exist for dictionaries,"{1: 'A', 2: 'B', 3: 'C', 4: 'D', 5: 'E'}","{4: 'D', 5: 'E'}",C,,medium,web:Examveda.com https://www.examveda.com/python-program/practice-mcq-question-on-dictionary-in-python/?page=6,
Python Programming,dictionary in python,"What will be the output of the following Python code snippet? 
>>>import collections
>>> a=collections.Counter([1,1,2,3,3,4,4,4])
>>> a","{1,2,3,4}","Counter({4, 1, 3, 2})","Counter({4: 3, 1: 2, 3: 2, 2: 1})","{4: 3, 1: 2, 3: 2, 2: 1}",C,,medium,web:Examveda.com https://www.examveda.com/python-program/practice-mcq-question-on-dictionary-in-python/?page=6,
Python Programming,dictionary in python,"If b is a dictionary, what does any(b) do?",Returns True if any key of the dictionary is true,Returns False if dictionary is empty,Returns True if all keys of the dictionary are true,Method any() doesn't exist for dictionary,A,,medium,web:Examveda.com https://www.examveda.com/python-program/practice-mcq-question-on-dictionary-in-python/?page=6,
Python Programming,dictionary in python,"What will be the output of the following Python code snippet? 
>>> a={1:""A"",2:""B"",3:""C""}
>>> del a",method del doesn't exist for the dictionary,del deletes the values in the dictionary,del deletes the entire dictionary,del deletes the keys in the dictionary,C,,medium,web:Examveda.com https://www.examveda.com/python-program/practice-mcq-question-on-dictionary-in-python/?page=6,
Python Programming,dictionary in python,"What will be the output of the following Python code? 
a={1:""A"",2:""B"",3:""C""}
a.clear()
print(a)",None,"{ None:None, None:None, None:None}","{1:None, 2:None, 3:None}",{ },D,,medium,web:Examveda.com https://www.examveda.com/python-program/practice-mcq-question-on-dictionary-in-python/?page=6,
Python Programming,dictionary in python,"What will be the output of the following Python code? 
>>> a={i: i*i for i in range(6)}
>>> a",Dictionary comprehension doesn't exist,"{0: 0, 1: 1, 2: 4, 3: 9, 4: 16, 5: 25, 6:36}","{0: 0, 1: 1, 4: 4, 9: 9, 16: 16, 25: 25}","{0: 0, 1: 1, 2: 4, 3: 9, 4: 16, 5: 25}",D,,medium,web:Examveda.com https://www.examveda.com/python-program/practice-mcq-question-on-dictionary-in-python/?page=7,
Python Programming,dictionary in python,"What will be the output of the following Python code snippet? 
a = {}
a[1] = 1
a['1'] = 2
a[1.0]=4
count = 0
for i in a:
 count += a[i]
print(count)",An exception is thrown,3,6,2,C,,medium,web:Examveda.com https://www.examveda.com/python-program/practice-mcq-question-on-dictionary-in-python/?page=7,
Python Programming,dictionary in python,Which of the following is not a declaration of the dictionary?,"{1: 'A', 2: 'B'}","dict([[1,""A""],[2,""B""]])","{1,""A"",2""B""}",{ },C,,medium,web:Examveda.com https://www.examveda.com/python-program/practice-mcq-question-on-dictionary-in-python/?page=7,
Python Programming,dictionary in python,"What will be the output of the following Python code snippet? 
d = {""john"":40, ""peter"":45}
""john"" in d",True,False,None,Error,A,,medium,web:Examveda.com https://www.examveda.com/python-program/practice-mcq-question-on-dictionary-in-python/?page=7,
Python Programming,dictionary in python,"What will be the output of the following Python code snippet? 
total={}
def insert(items):
 if items in total:
 total[items] += 1
 else:
 total[items] = 1
insert('Apple')
insert('Ball')
insert('Apple')
print (len(total))",3,1,2,0,C,,medium,web:Examveda.com https://www.examveda.com/python-program/practice-mcq-question-on-dictionary-in-python/?page=7,
Python Programming,dictionary in python,"If a is a dictionary with some key-value pairs, what does a.popitem() do?",Removes an arbitrary element,Removes all the key-value pairs,Removes the key-value pair for the key given as an argument,Invalid method for dictionary,A,,medium,web:Examveda.com https://www.examveda.com/python-program/practice-mcq-question-on-dictionary-in-python/?page=7,
Python Programming,dictionary in python,"What will be the output of the following Python code snippet? 
d = {""john"":40, ""peter"":45}
d[""john""]",40,45,"""john""","""peter""",A,,medium,web:Examveda.com https://www.examveda.com/python-program/practice-mcq-question-on-dictionary-in-python/?page=7,
Python Programming,dictionary in python,"What will be the output of the following Python code snippet? 
a={1:""A"",2:""B"",3:""C""}
print(a.get(5,4))","Error, invalid syntax",A,5,4,D,,medium,web:Examveda.com https://www.examveda.com/python-program/practice-mcq-question-on-dictionary-in-python/?page=7,
Python Programming,dictionary in python,"What will be the output of the following Python code snippet? 
a={1:""A"",2:""B"",3:""C""}
print(a.setdefault(3))","{1: 'A', 2: 'B', 3: 'C'}",C,"{1: 3, 2: 3, 3: 3}",No method called setdefault() exists for dictionary,B,,medium,web:Examveda.com https://www.examveda.com/python-program/practice-mcq-question-on-dictionary-in-python/?page=7,
Python Programming,dictionary in python,"Suppose d = {""john"":40, ""peter"":45}, to delete the entry for ""john"" what command do we use?","d.delete(""john"":40)","d.delete(""john"")","del d[""john""]","del d(""john"":40)",C,,medium,web:Examveda.com https://www.examveda.com/python-program/practice-mcq-question-on-dictionary-in-python/?page=7,
Python Programming,dictionary in python,"What will be the output of the following Python code snippet? 
a = {}
a[1] = 1
a['1'] = 2
a[1]=a[1]+1
count = 0
for i in a:
 count += a[i]
print(count)",1,2,4,"Error, the keys can't be a mixture of letters and numbers",C,,medium,web:Examveda.com https://www.examveda.com/python-program/practice-mcq-question-on-dictionary-in-python/?page=8,
Python Programming,dictionary in python,"What will be the output of the following Python code? 
>>> import collections
>>> a=dict()
>>> a=collections.defaultdict(int)
>>> a[1]",1,0,An exception is thrown,' ',B,,medium,web:Examveda.com https://www.examveda.com/python-program/practice-mcq-question-on-dictionary-in-python/?page=8,
Python Programming,dictionary in python,"Suppose d = {""john"":40, ""peter"":45}, what happens when we try to retrieve a value using the expression d[""susan""]?","Since ""susan"" is not a value in the set, Python raises a KeyError exception","It is executed fine and no exception is raised, and it returns None","Since ""susan"" is not a key in the set, Python raises a KeyError exception","Since ""susan"" is not a key in the set, Python raises a syntax error",C,,medium,web:Examveda.com https://www.examveda.com/python-program/practice-mcq-question-on-dictionary-in-python/?page=8,
Python Programming,dictionary in python,"What will be the output of the following Python code snippet? 
a={}
a['a']=1
a['b']=[2,3,4]
print(a)",Exception is thrown,"{'b': [2], 'a': 1}","{'b': [2], 'a': [3]}","{'b': [2, 3, 4], 'a': 1}",D,,medium,web:Examveda.com https://www.examveda.com/python-program/practice-mcq-question-on-dictionary-in-python/?page=8,
Python Programming,dictionary in python,"What will be the output of the following Python code? 
>>> a={'B':5,'A':9,'C':7}
>>> sorted(a)","['A','B','C']","['B','C','A']","[5,7,9]","[9,5,7]",A,,medium,web:Examveda.com https://www.examveda.com/python-program/practice-mcq-question-on-dictionary-in-python/?page=8,
Python Programming,dictionary in python,"What will be the output of the following Python code? 
>>> import collections
>>> b=dict()
>>> b=collections.defaultdict(lambda: 7)
>>> b[4]",4,0,An exception is thrown,7,D,,medium,web:Examveda.com https://www.examveda.com/python-program/practice-mcq-question-on-dictionary-in-python/?page=8,
Python Programming,dictionary in python,"What will be the output of the following Python code? 
>>> a={""a"":1,""b"":2,""c"":3}
>>> b=dict(zip(a.values(),a.keys()))
>>> b","{'a': 1, 'b': 2, 'c': 3}",An exception is thrown,{'a': 'b': 'c': },"{1: 'a', 2: 'b', 3: 'c'}",D,,medium,web:Examveda.com https://www.examveda.com/python-program/practice-mcq-question-on-dictionary-in-python/?page=8,
Python Programming,dictionary in python,Which of the following isn't true about dictionary keys?,More than one key isn't allowed,Keys must be immutable,Keys must be integers,"When duplicate keys encountered, the last assignment wins",C,,medium,web:Examveda.com https://www.examveda.com/python-program/practice-mcq-question-on-dictionary-in-python/?page=8,
Python Programming,dictionary in python,"What will be the output of the following Python code? 
>>> a={i: 'A' + str(i) for i in range(5)}
>>> a",An exception is thrown,"{0: 'A0', 1: 'A1', 2: 'A2', 3: 'A3', 4: 'A4'}","{0: 'A', 1: 'A', 2: 'A', 3: 'A', 4: 'A'}","{0: '0', 1: '1', 2: '2', 3: '3', 4: '4'}",B,,medium,web:Examveda.com https://www.examveda.com/python-program/practice-mcq-question-on-dictionary-in-python/?page=8,
Python Programming,dictionary in python,"What will be the output of the following Python code? 
>>> b={}
>>> all(b)",{ },False,True,An exception is thrown,C,,medium,web:Examveda.com https://www.examveda.com/python-program/practice-mcq-question-on-dictionary-in-python/?page=8,
Python Programming,dictionary in python,"What will be the output of the following Python code snippet? 
a={1:""A"",2:""B"",3:""C""}
print(a.get(1,4))",1,A,4,Invalid syntax for get method,B,,medium,web:Examveda.com https://www.examveda.com/python-program/practice-mcq-question-on-dictionary-in-python/?page=9,
Python Programming,dictionary in python,"What will be the output of the following Python code snippet? 
d = {""john"":40, ""peter"":45}","""john"", 40, 45, and ""peter""","""john"" and ""peter""",40 and 45,"d = (40:""john"", 45:""peter"")",B,,medium,web:Examveda.com https://www.examveda.com/python-program/practice-mcq-question-on-dictionary-in-python/?page=9,
Python Programming,dictionary in python,"What will be the output of the following Python code snippet? 
>>> import collections
>>> a=collections.Counter([2,2,3,3,3,4])
>>> b=collections.Counter([2,2,3,4,4])
>>> a|b","Counter({3: 3, 2: 2, 4: 2})","Counter({2: 2, 3: 1, 4: 1})",Counter({3: 2}),Counter({4: 1}),A,,medium,web:Examveda.com https://www.examveda.com/python-program/practice-mcq-question-on-dictionary-in-python/?page=9,
Python Programming,dictionary in python,"What will be the output of the following Python code snippet? 
numbers = {}
letters = {}
comb = {}
numbers[1] = 56
numbers[3] = 7
letters[4] = 'B'
comb['Numbers'] = numbers
comb['Letters'] = letters
print(comb)","Error, dictionary in a dictionary can't exist","Numbers': {1: 56, 3: 7}","{'Numbers': {1: 56}, 'Letters': {4: 'B'}}","{'Numbers': {1: 56, 3: 7}, 'Letters': {4: 'B'}}",D,,medium,web:Examveda.com https://www.examveda.com/python-program/practice-mcq-question-on-dictionary-in-python/?page=9,
Python Programming,python built in functions,Which built-in function is used to find the smallest item in an iterable?,min(),smallest(),minimum(),small(),A,"The correct answer is Option A: min(). 
The min() function is used to find the smallest item in an iterable, such as a list, tuple, or set. 
It takes an iterable as an argument and returns the smallest item. 
For example: 
numbers = [5, 2, 8, 1, 6]
smallest_number = min(numbers)
print(smallest_number) # Output: 1",medium,web:Examveda.com https://www.examveda.com/python-program/practice-mcq-question-on-python-built-in-functions/,
Python Programming,python built in functions,What does the built-in function round() do in Python?,Rounds a floating-point number to the nearest integer,Returns the square of a number,Returns the absolute value of a number,Converts a number to a string,A,"The correct answer is Option A: Rounds a floating-point number to the nearest integer. 
The round() function in Python is used to round a floating-point number to the nearest integer. 
It takes one or two arguments. If given one argument, it rounds the number to the nearest integer. 
If given two arguments, it rounds the first argument to the number of decimal places specified by the second argument. 
For example: 
num1 = 3.7
num2 = 9.2
rounded_num1 = round(num1)
rounded_num2 = round(num2)
print(rounded_num1) # Output: 4
print(rounded_num2) # Output: 9",medium,web:Examveda.com https://www.examveda.com/python-program/practice-mcq-question-on-python-built-in-functions/,
Python Programming,python built in functions,What does the built-in function max() do in Python?,Returns the largest item in an iterable,Converts a number to a string,Returns the square of a number,Returns the absolute value of a number,A,"The correct answer is Option A: Returns the largest item in an iterable. 
The max() function in Python is used to find the largest item in an iterable, such as a list, tuple, or set. 
It takes one or more arguments and returns the largest item. 
For example: 
numbers = [5, 2, 8, 1, 6]
largest_number = max(numbers)
print(largest_number) # Output: 8",medium,web:Examveda.com https://www.examveda.com/python-program/practice-mcq-question-on-python-built-in-functions/,
Python Programming,python built in functions,Which built-in function is used to check if all elements in an iterable are true?,all(),every(),true(),check(),A,"The correct answer is Option A: all(). 
The all() function in Python is used to check if all elements in an iterable are true. 
It takes an iterable as an argument and returns True if all elements in the iterable are true, otherwise False. 
For example: 
my_list = [True, True, True]
result = all(my_list)
print(result) # Output: True",medium,web:Examveda.com https://www.examveda.com/python-program/practice-mcq-question-on-python-built-in-functions/,
Python Programming,python built in functions,What does the built-in function enumerate() do in Python?,Returns an enumerate object that produces pairs of index and value,Converts a string to lowercase,Returns the square of a number,Returns the absolute value of a number,A,"The correct answer is Option A: Returns an enumerate object that produces pairs of index and value. 
The enumerate() function in Python is used to iterate over a sequence while keeping track of the index of each item. 
It takes an iterable as an argument and returns an enumerate object that produces tuples containing the index and value of each item in the iterable. 
For example: 
my_list = ['a', 'b', 'c']
for index, value in enumerate(my_list):
 print(index, value)
# Output:
# 0 a
# 1 b
# 2 c",medium,web:Examveda.com https://www.examveda.com/python-program/practice-mcq-question-on-python-built-in-functions/,
Python Programming,python built in functions,Which built-in function is used to convert a value to an integer?,int(),integer(),to_int(),convert_int(),A,"The correct answer is Option A: int(). 
The int() function in Python is used to convert a value to an integer. 
It can convert a string representing a number, a float, or even another integer to an integer data type. 
For example: 
num_str = ""10""
num_float = 3.14
converted_str = int(num_str)
converted_float = int(num_float)
print(converted_str) # Output: 10
print(converted_float) # Output: 3",medium,web:Examveda.com https://www.examveda.com/python-program/practice-mcq-question-on-python-built-in-functions/,
Python Programming,python built in functions,What does the built-in function bool() do in Python?,Converts a value to a boolean value,Converts a string to lowercase,Returns the square of a number,Returns the absolute value of a number,A,"The correct answer is Option A: Converts a value to a boolean value. 
The bool() function in Python is used to convert a value to a boolean value. 
It returns True if the value is true, and False if the value is false. 
For example: 
print(bool(0)) # Output: False
print(bool(10)) # Output: True
print(bool([])) # Output: False
print(bool([1,2])) # Output: True",medium,web:Examveda.com https://www.examveda.com/python-program/practice-mcq-question-on-python-built-in-functions/,
Python Programming,python built in functions,Which built-in function is used to calculate the absolute value of a number?,abs(),absolute(),val_abs(),calculate_abs(),A,"The correct answer is Option A: abs(). 
The abs() function in Python is used to calculate the absolute value of a number. 
It returns the magnitude of a numeric value without regard to its sign. 
For example: 
print(abs(-5)) # Output: 5
print(abs(3.14)) # Output: 3.14",medium,web:Examveda.com https://www.examveda.com/python-program/practice-mcq-question-on-python-built-in-functions/,
Python Programming,python built in functions,What is the purpose of the built-in function dir()?,Returns a list of attributes and methods of an object,Converts a string to lowercase,Returns the square of a number,Returns the absolute value of a number,A,"The correct answer is Option A: Returns a list of attributes and methods of an object. 
The dir() function in Python is used to return a list of attributes and methods of an object. 
When called without an argument, it returns the list of names in the current local scope. 
For example: 
my_list = [1, 2, 3]
print(dir(my_list)) # Output: ['__add__', '__class__', '__contains__', ...]",medium,web:Examveda.com https://www.examveda.com/python-program/practice-mcq-question-on-python-built-in-functions/,
Python Programming,python built in functions,"What will be the output of the following Python function? 
any([2>8, 4>2, 1>2])",Error,True,False,4>2,B,"The any() function in Python returns True if at least one element of the iterable is true, otherwise it returns False. 
In the provided code, the list [2>8, 4>2, 1>2] contains three boolean expressions: 

 2>8 evaluates to False. 
 4>2 evaluates to True. 
 1>2 evaluates to False. 
 Since at least one of the expressions (4>2) is true, the any() function returns True.",medium,web:Examveda.com https://www.examveda.com/python-program/practice-mcq-question-on-python-built-in-functions/?page=2,
Python Programming,python built in functions,"The function divmod(a,b), where both 'a' and 'b' are integers is evaluated as:","(a%b, a//b)","(a//b, a%b)","(a//b, a*b)","(a/b, a%b)",B,"The correct answer is Option B: (a//b, a%b). 
The divmod() function in Python returns a tuple containing the quotient and remainder when dividing 'a' by 'b', where both 'a' and 'b' are integers. 
So, when evaluated, it returns (a//b, a%b), where 'a//b' represents the quotient and 'a%b' represents the remainder.",medium,web:Examveda.com https://www.examveda.com/python-program/practice-mcq-question-on-python-built-in-functions/?page=2,
Python Programming,python built in functions,What does the built-in function hex() do in Python?,Converts an integer to a hexadecimal string,Converts a string to lowercase,Returns the square of a number,Returns the absolute value of a number,A,"The correct answer is Option A: Converts an integer to a hexadecimal string. 
The hex() function in Python is used to convert an integer to a lowercase hexadecimal string. 
For example: 
print(hex(15)) # Output: '0xf'
print(hex(255)) # Output: '0xff'",medium,web:Examveda.com https://www.examveda.com/python-program/practice-mcq-question-on-python-built-in-functions/?page=2,
Python Programming,python built in functions,"What is the output of the following code: my_list = [True, False, True] print(any(my_list))",TRUE,"[True, False, True]",FALSE,Error,A,"The any() function in Python returns True if at least one element of the iterable is true, otherwise it returns False. 
In the provided code, the list [True, False, True] contains at least one True value, so the any() function returns True.",medium,web:Examveda.com https://www.examveda.com/python-program/practice-mcq-question-on-python-built-in-functions/?page=2,
Python Programming,python built in functions,"What will be the output of the following Python expression? 
round(4.5676,2)?",4.5,4.6,4.57,4.56,C,"The correct answer is Option C: 4.57. 
The round() function in Python is used to round a floating-point number to a specified number of decimal places. 
When you call round(4.5676, 2), it rounds the number 4.5676 to 2 decimal places, resulting in 4.57.",medium,web:Examveda.com https://www.examveda.com/python-program/practice-mcq-question-on-python-built-in-functions/?page=2,
Python Programming,python built in functions,"What will be the output of the following Python function? 
float(‘-infinity’)
float(‘inf’)","-inf 
inf","-infinity 
inf","Error 
Error","Error 
Junk value",A,"The float() function in Python is used to convert a string or a number to a floating-point number. 
When you pass the string 'inf' to the float() function, it returns positive infinity. 
When you pass the string '-infinity' to the float() function, it returns negative infinity.",medium,web:Examveda.com https://www.examveda.com/python-program/practice-mcq-question-on-python-built-in-functions/?page=2,
Python Programming,python built in functions,"What will be the output of the following Python function? 
all(3,0,4.2)",True,False,Error,0,C,"The correct answer is Option C: Error. 
The all() function in Python expects a single iterable as its argument, but in the provided code, it is given multiple arguments (3, 0, and 4.2) instead of a single iterable. This will raise a TypeError.",medium,web:Examveda.com https://www.examveda.com/python-program/practice-mcq-question-on-python-built-in-functions/?page=2,
Python Programming,python built in functions,What is the output of the function complex()?,0j,0+0j,0,Error,B,"The correct answer is Option B: 0+0j. 
The complex() function in Python is used to create a complex number. 
When no arguments are passed, it returns 0 as the real and imaginary parts, resulting in the complex number 0+0j. 

 
 
 
 



 
 
 
 
 
 
 
 
 
 
 
 
 
1
2
3
4
5
6

 
 
 
 
 
 
 
 
 
 

 
 

 -->
 
 
 


 

-->
 
 
 Copyright © 2026 Examveda.com
 
 
 
 
 
 
 
 
 
 About Us |
 Terms & Condition |
 Privacy Policy |
 Contact Us",medium,web:Examveda.com https://www.examveda.com/python-program/practice-mcq-question-on-python-built-in-functions/?page=2,
Python Programming,python built in functions,"What will be the output of the following Python function? 
oct(7)
oct(‘7’)","Error 
07","07 
0o7","0o7 
Error",None of the above,C,"The oct() function in Python converts an integer to an octal string. When passed an integer argument, it returns the octal representation prefixed with '0o'. However, when passed a string argument, it tries to convert the string to an integer first, and if it fails, it raises a ValueError. Therefore, the first call to oct(7) returns '0o7', while the second call to oct('7') raises an error.",medium,web:Examveda.com https://www.examveda.com/python-program/practice-mcq-question-on-python-built-in-functions/?page=3,
Python Programming,python built in functions,"What is the output of the following code: my_list = [1, 2, 3, 4] print(sum(my_list))",10,"[1, 2, 3, 4]",24,6,A,"The correct answer is Option A: 10. 
The sum() function in Python is used to sum up all the values in an iterable, such as a list. When you pass the list [1, 2, 3, 4] to the sum() function, it adds up all the elements in the list and returns the total sum, which is 10.",medium,web:Examveda.com https://www.examveda.com/python-program/practice-mcq-question-on-python-built-in-functions/?page=3,
Python Programming,python built in functions,"What will be the output of the following Python functions? 
chr(‘97’)
chr(97)","a 
Error","‘a’ 
a","Error 
a","Error 
Error",C,"For the first call chr('97'), the function chr() expects an integer representing a Unicode code point, not a string. When it receives the string '97', it attempts to convert it to an integer, but it raises a TypeError because it cannot directly convert a string to an integer in this context. Hence, it results in an error. 

For the second call chr(97), the argument passed is an integer, which represents the Unicode code point for the character 'a'. Therefore, this call to chr() returns the character 'a'. 

So, the output is ""Error"" for the first call and ""a"" for the second call.",medium,web:Examveda.com https://www.examveda.com/python-program/practice-mcq-question-on-python-built-in-functions/?page=3,
Python Programming,python built in functions,"What is the output of the following code: my_list = [5, 8, 2, 6] print(max(my_list))",8,"[5, 8, 2, 6]",21,6,A,"The correct answer is Option A: 8. 
The max() function in Python is used to find the maximum value among the elements of an iterable, such as a list. When you pass the list [5, 8, 2, 6] to the max() function, it returns the maximum value from the list, which is 8.",medium,web:Examveda.com https://www.examveda.com/python-program/practice-mcq-question-on-python-built-in-functions/?page=3,
Python Programming,python built in functions,"What will be the output of the following code: my_string = "" Hello, World! "" print(my_string.strip())","""Hello, World!""",""" Hello, World! ""","""Hello""","""Hello, World! """,A,"The correct answer is Option A: ""Hello, World!"". 
The strip() function in Python is used to remove leading and trailing whitespace (spaces, tabs, and newline characters) from a string. When you call strip() on the string "" Hello, World! "", it removes the leading and trailing spaces and returns the modified string ""Hello, World!"".",medium,web:Examveda.com https://www.examveda.com/python-program/practice-mcq-question-on-python-built-in-functions/?page=3,
Python Programming,python built in functions,"What will be the output of the following Python function? 
complex(1+2j)",Error,1,2j,1+2j,D,"The correct answer is Option D: 1+2j. 
The complex() function in Python is used to create a complex number from real and imaginary parts. When you pass the expression 1+2j to the complex() function, it returns the complex number with real part 1 and imaginary part 2j.",medium,web:Examveda.com https://www.examveda.com/python-program/practice-mcq-question-on-python-built-in-functions/?page=3,
Python Programming,python built in functions,Which built-in function is used to convert a value to a string?,str(),string(),to_str(),convert_string(),A,"The correct answer is Option A: str(). 
The str() function in Python is used to convert a value to a string. 
It can convert various types of values, such as integers, floats, booleans, and even other data structures like lists and dictionaries, into their string representations. 
For example: 
x = 10
y = 3.14
z = True

str_x = str(x)
str_y = str(y)
str_z = str(z)

print(str_x) # Output: '10'
print(str_y) # Output: '3.14'
print(str_z) # Output: 'True'",medium,web:Examveda.com https://www.examveda.com/python-program/practice-mcq-question-on-python-built-in-functions/?page=3,
Python Programming,python built in functions,What does the built-in function type() do in Python?,Returns the type of an object,Converts a string to lowercase,Returns the square of a number,Returns the absolute value of a number,A,"The correct answer is Option A: Returns the type of an object. 
The type() function in Python is used to get the type of an object. It returns the type of the object passed as an argument. This can be useful for checking the type of variables or objects during runtime. 
For example: 
x = 10
y = ""Hello""
z = [1, 2, 3]

print(type(x)) # Output: 
print(type(y)) # Output: 
print(type(z)) # Output:",medium,web:Examveda.com https://www.examveda.com/python-program/practice-mcq-question-on-python-built-in-functions/?page=3,
Python Programming,python built in functions,"What will be the output of the following Python function? 
float(' -12345\n')
(Note that the number of blank spaces before the number is 5)",-12345.0 (5 blank spaces before the number),-12345.0,Error,-12345.000000000.... (infinite decimal places),B,"The correct answer is Option B: -12345.0. 
The float() function in Python is used to convert a string or a number to a floating-point number. When you pass the string ' -12345\n' (which includes leading and trailing whitespace characters) to the float() function, it strips the leading and trailing whitespace and converts the remaining characters to a floating-point number. In this case, it converts '-12345' to a float, resulting in -12345.0. 

 
 
 
 



 
 
 
 
 
 
 
 
 
 
 
 
 
1
2
3
4
5
6

 
 
 
 
 
 
 
 
 
 

 
 

 -->
 
 
 


 

-->
 
 
 Copyright © 2026 Examveda.com
 
 
 
 
 
 
 
 
 
 About Us |
 Terms & Condition |
 Privacy Policy |
 Contact Us",medium,web:Examveda.com https://www.examveda.com/python-program/practice-mcq-question-on-python-built-in-functions/?page=3,
Python Programming,python built in functions,Which of the following functions does not throw an error?,ord(),ord(' '),"ord("")","ord("""")",B,"The correct answer is Option B: ord(' '). 
The ord() function in Python is used to get the Unicode code point of a character. When you pass a single character as an argument to the ord() function, it returns the Unicode code point of that character. In this case, passing a space character (' ') to the ord() function will not throw an error, as it represents a valid Unicode character. It returns the Unicode code point for the space character, which is 32. 

The other options will result in errors: 

 Option A: ord() without any argument throws a TypeError because it requires exactly one argument. 
 Option C: ord("") throws a TypeError because it's missing the character argument. 
 Option D: ord("""") throws a TypeError because it's passing an empty string as an argument, which is invalid.",medium,web:Examveda.com https://www.examveda.com/python-program/practice-mcq-question-on-python-built-in-functions/?page=4,
Python Programming,python built in functions,"What is the output of the following code: my_list = [3, 1, 4, 1] print(sorted(my_list))","[1, 1, 3, 4]","[3, 1, 4, 1]","[4, 3, 1, 1]","[1, 3, 1, 4]",A,"The correct answer is Option A: [1, 1, 3, 4]. 
The sorted() function in Python is used to sort the elements of an iterable in ascending order. When you pass the list [3, 1, 4, 1] to the sorted() function, it sorts the elements and returns a new list with the elements sorted in ascending order. Therefore, the output will be [1, 1, 3, 4].",medium,web:Examveda.com https://www.examveda.com/python-program/practice-mcq-question-on-python-built-in-functions/?page=4,
Python Programming,python built in functions,Which of the following functions does not necessarily accept only iterables as arguments?,enumerate(),all(),chr(),max(),C,"The correct answer is Option C: chr(). 
The chr() function in Python converts a Unicode code point into its corresponding character. While it typically takes an integer representing a Unicode code point as its argument, it does not necessarily accept only iterables. Instead, it can accept a wide range of integer values representing Unicode code points as arguments. 

The other options: 

 Option A: enumerate() typically accepts iterables as arguments, as it is used to iterate over them while providing an index. 
 Option B: all() typically accepts iterables as arguments, as it checks if all elements in the iterable evaluate to True. 
 Option D: max() typically accepts iterables as arguments, as it returns the maximum element from the iterable.",medium,web:Examveda.com https://www.examveda.com/python-program/practice-mcq-question-on-python-built-in-functions/?page=4,
Python Programming,python built in functions,"What is the output of the following code: my_list = [1, 2, 3] print(list(reversed(my_list)))","[3, 2, 1]","[1, 2, 3]","['3', '2', '1']","[1, 3, 2]",A,"The correct answer is Option A: [3, 2, 1]. 
The reversed() function in Python is used to reverse the elements of an iterable. When you pass the list [1, 2, 3] to the reversed() function and then convert the result to a list using list(), it returns a new list with the elements reversed, resulting in [3, 2, 1].",medium,web:Examveda.com https://www.examveda.com/python-program/practice-mcq-question-on-python-built-in-functions/?page=4,
Python Programming,python built in functions,"What will be the output of the following Python functions? 
float('1e-003')
float('2e+003')","3.00 
300","0.001 
2000.0","0.001 
200","Error 
2003",B,"Option B: 0.001 2000.0 
When the strings '1e-003' and '2e+003' are passed to the float() function, they are interpreted as scientific notation representing floating-point numbers.
 
 '1e-003' represents 1×10−3 which is equal to 0.001. 
 '2e+003' represents 2×103 which is equal to 2000.0. 

Therefore, the output will be 0.001 and 2000.0.",medium,web:Examveda.com https://www.examveda.com/python-program/practice-mcq-question-on-python-built-in-functions/?page=4,
Python Programming,python built in functions,"What will be the output of the following Python function? 
ord(65)
ord(‘A’)","A 
65","Error 
65","A 
Error","Error 
Error",B,"Option B: Error 65 

When the argument '65' is passed to the ord() function, it's treated as an integer and not a valid Unicode character. Therefore, the function will not raise an error. Instead, it will return the Unicode code point of the character corresponding to the integer 65, which is 'A'. 

Hence, the correct answer is indeed Option B: Error 65.",medium,web:Examveda.com https://www.examveda.com/python-program/practice-mcq-question-on-python-built-in-functions/?page=4,
Python Programming,python built in functions,What does the built-in function chr() do in Python?,Returns a string representing a character whose Unicode code point is the integer,Converts a string to lowercase,Returns the square of a number,Returns the absolute value of a number,A,"The correct answer is Option A: Returns a string representing a character whose Unicode code point is the integer. 
The chr() function in Python is used to return a string representing a character whose Unicode code point is the integer passed as an argument. For example, chr(65) returns the string 'A' because the Unicode code point of the character 'A' is 65. Therefore, the function converts integer Unicode code points to their corresponding characters.",medium,web:Examveda.com https://www.examveda.com/python-program/practice-mcq-question-on-python-built-in-functions/?page=4,
Python Programming,python built in functions,"What will be the output of the following Python function? 
list(enumerate([2, 3]))",Error,"[(1, 2), (2, 3)]","[(0, 2), (1, 3)]","[(2, 3)]",C,"The correct answer is Option C: [(0, 2), (1, 3)]. 
The enumerate() function in Python is used to add a counter to an iterable and return it as an enumerate object. When the enumerate object is converted to a list using the list() function, it returns a list of tuples where each tuple contains the index and the corresponding element of the original iterable. In this case, the input list is [2,3][2,3], and its elements are indexed starting from 0. Therefore, the output will be [(0,2),(1,3)][(0,2),(1,3)].",medium,web:Examveda.com https://www.examveda.com/python-program/practice-mcq-question-on-python-built-in-functions/?page=4,
Python Programming,python built in functions,Which built-in function is used to calculate the length of a sequence like a list or string?,len(),length(),count(),size(),A,"The correct answer is Option A: len(). 
The len() function in Python is used to calculate the length of a sequence, such as a list or a string. It returns the number of items in the sequence. For example, len([1, 2, 3]) will return 3, as there are three elements in the list. Similarly, len(""hello"") will return 5, as there are five characters in the string ""hello"".
 

 
 
 
 



 
 
 
 
 
 
 
 
 
 
 
 
 
1
2
3
4
5
6

 
 
 
 
 
 
 
 
 
 

 
 

 -->
 
 
 


 

-->
 
 
 Copyright © 2026 Examveda.com
 
 
 
 
 
 
 
 
 
 About Us |
 Terms & Condition |
 Privacy Policy |
 Contact Us",medium,web:Examveda.com https://www.examveda.com/python-program/practice-mcq-question-on-python-built-in-functions/?page=4,
Python Programming,python built in functions,"What will be the output of the following Python function? 
all([2,4,0,6])",Error,True,False,0,C,"The correct answer is Option C: False. 
The all() function in Python returns True if all elements of the iterable are true, and False otherwise. In this case, the iterable is [2,4,0,6][2,4,0,6]. Since the element 0 evaluates to False in a Boolean context, the function will return False. Therefore, the output of the function call all([2, 4, 0, 6]) will be False.",medium,web:Examveda.com https://www.examveda.com/python-program/practice-mcq-question-on-python-built-in-functions/?page=5,
Python Programming,python built in functions,"What will be the output of the following Python functions? 
x=3
eval('x^2')",Error,1,9,6,B,"The eval() function in Python evaluates the specified expression, which is a string, and returns the result. In this case, the expression 'x^2' is evaluated. However, the ^ operator in Python represents bitwise XOR, not exponentiation. So, 'x^2' evaluates to 3⊕2=6 in bitwise XOR. Therefore, the output of the function call eval('x^2') will be 6.",medium,web:Examveda.com https://www.examveda.com/python-program/practice-mcq-question-on-python-built-in-functions/?page=5,
Python Programming,python built in functions,What is the purpose of the built-in function ord()?,Returns the Unicode code point of a character,Converts a number to a string,Returns the absolute value of a number,Returns the sum of two numbers,A,"The correct answer is Option A: Returns the Unicode code point of a character. 
The ord() function in Python is used to return the Unicode code point of a character. Unicode is a standard for encoding characters and assigning a unique number to each character. When you pass a character to the ord() function, it returns the Unicode code point of that character, which is essentially an integer representing the character in Unicode.",medium,web:Examveda.com https://www.examveda.com/python-program/practice-mcq-question-on-python-built-in-functions/?page=5,
Python Programming,python built in functions,Which built-in function is used to convert a value to a floating-point number?,float(),floating(),to_float(),convert_float(),A,"The correct answer is Option A: float(). Here's why: 

 The float() function is a built-in Python function used to convert a value to a floating-point number. 
 It can be used to convert integers, strings, or other numerical types to floating-point numbers. 
 For example, float(3) would return 3.0, float('3.14') would return 3.14, and float('hello') would raise a ValueError because it cannot convert the string 'hello' to a floating-point number. 

Therefore, the correct choice is Option A: float().",medium,web:Examveda.com https://www.examveda.com/python-program/practice-mcq-question-on-python-built-in-functions/?page=5,
Python Programming,python built in functions,"What will be the output of the following Python function? 
import math
abs(math.sqrt(25))",Error,-5,5,5.0,C,"The correct answer is Option C: 5. Here's why: 

 The math.sqrt() function returns the square root of a given number. 
 In this case, math.sqrt(25) returns the square root of 25, which is 5. 
 Then, the abs() function returns the absolute value of the result, which is 5. 
 Therefore, the output of the code abs(math.sqrt(25)) is 5. 

So, the correct choice is Option C: 5.",medium,web:Examveda.com https://www.examveda.com/python-program/practice-mcq-question-on-python-built-in-functions/?page=5,
Python Programming,python built in functions,"What is the output of the following code: my_string = ""Hello, World!"" print(my_string.split())","['Hello,', 'World!']","['Hello', 'World!']","['Hello', ',', 'World', '!']","""Hello, World!""",B,"The correct answer is Option B: ['Hello', 'World!']. Here's the explanation: 
When you use the split() method on a string without passing any arguments, it splits the string by whitespace characters (space, tab, newline, etc.) and returns a list of the resulting substrings. 
In the given code, my_string.split() will split the string ""Hello, World!"" by whitespace characters and return a list containing two elements: ""Hello"" and ""World!"". 
Therefore, the output will be ['Hello', 'World!'].",medium,web:Examveda.com https://www.examveda.com/python-program/practice-mcq-question-on-python-built-in-functions/?page=5,
Python Programming,python built in functions,"What will be the output of the following Python function? 
sum(2,4,6)
sum([1,2,3])","Error, 6","12, Error","12, 6","Error, Error",A,"For the call sum(2, 4, 6), the sum() function in Python expects an iterable (like a list, tuple, etc.) as its argument. When you pass individual values separated by commas, it will raise a TypeError because it doesn't accept multiple arguments like that. 

 For the call sum([1, 2, 3]), it calculates the sum of the elements in the list [1, 2, 3], which would be 6. 

Therefore, the first call will result in an error, and the second call will result in the sum of the elements of the list, which is 6. So, the correct output is Error, 6.",medium,web:Examveda.com https://www.examveda.com/python-program/practice-mcq-question-on-python-built-in-functions/?page=5,
Python Programming,python built in functions,Which built-in function is used to capitalize the first letter of a string?,capitalize(),upper(),title(),first_letter(),C,The title() function in Python is used to capitalize the first letter of each word in a string. It returns a copy of the string with the first letter of each word capitalized. This function is particularly useful when you want to capitalize the first letter of each word in a sentence or a string.,medium,web:Examveda.com https://www.examveda.com/python-program/practice-mcq-question-on-python-built-in-functions/?page=5,
Python Programming,python built in functions,Which of the following functions will not result in an error when no arguments are passed to it?,min(),divmod(),all(),float(),D,"Explanation: The float() function in Python can be called without any arguments, and it will return a floating-point number with a value of 0.0. It does not result in an error when called without arguments.
 

 
 
 
 



 
 
 
 
 
 
 
 
 
 
 
 
 
1
2
3
4
5
6

 
 
 
 
 
 
 
 
 
 

 
 

 -->
 
 
 


 

-->
 
 
 Copyright © 2026 Examveda.com
 
 
 
 
 
 
 
 
 
 About Us |
 Terms & Condition |
 Privacy Policy |
 Contact Us",medium,web:Examveda.com https://www.examveda.com/python-program/practice-mcq-question-on-python-built-in-functions/?page=5,
Python Programming,python built in functions,"The function pow(x,y,z) is evaluated as:",(x**y)**z,(x**y) / z,(x**y) % z,(x**y)*z,C,"The pow() function in Python is used to raise a number x to the power of y, optionally taking a modulo z. The expression pow(x, y, z) is equivalent to (x ** y) % z, which means x raised to the power of y, then the result is taken modulo z.",medium,web:Examveda.com https://www.examveda.com/python-program/practice-mcq-question-on-python-built-in-functions/?page=6,
Python Programming,python built in functions,What is the purpose of the built-in function abs()?,Returns the absolute value of a number,Converts a string to lowercase,Rounds a floating-point number to the nearest integer,Returns the sum of two numbers,A,"The abs() function in Python returns the absolute value of a number, which is the distance of the number from zero on the number line, regardless of its sign.",medium,web:Examveda.com https://www.examveda.com/python-program/practice-mcq-question-on-python-built-in-functions/?page=6,
Python Programming,python built in functions,What does the built-in function sorted() do in Python?,Returns a sorted list of the specified iterable,Converts a string to lowercase,Returns the square of a number,Returns the absolute value of a number,A,The sorted() function in Python takes an iterable as an argument and returns a new sorted list containing all items from the iterable in ascending order.,medium,web:Examveda.com https://www.examveda.com/python-program/practice-mcq-question-on-python-built-in-functions/?page=6,
Python Programming,python built in functions,"What will be the output of the following code: my_string = ""Hello, World!"" print(my_string.replace(""Hello"", ""Hi""))","""Hi, World!""","""Hello, Hi!""","""Hi, Hi!""","""Hi""",A,"The replace() function in Python replaces all occurrences of a specified substring with another substring in a given string. In this case, ""Hello"" is replaced with ""Hi"" in the string ""Hello, World!"", resulting in ""Hi, World!"".",medium,web:Examveda.com https://www.examveda.com/python-program/practice-mcq-question-on-python-built-in-functions/?page=6,
Python Programming,python built in functions,Which of the following functions accepts only integers as arguments?,ord(),min(),chr(),any(),B,"The min() function in Python is used to find the minimum value among its arguments. It can accept multiple arguments, and they can be integers, floats, or strings. However, it does not accept non-numeric types like lists or tuples as arguments.",medium,web:Examveda.com https://www.examveda.com/python-program/practice-mcq-question-on-python-built-in-functions/?page=6,
Python Programming,python built in functions,"What will be the output of the following Python function? 
divmod(10.5,5)
divmod(2.4,1.2)","(2.00, 0.50) 
(2.00, 0.00)","(2, 0.5) 
(2, 0)","(2.0, 0.5) 
(2.0, 0.0)","(2, 0.5) 
(2)",C,"The divmod() function in Python returns a tuple containing the quotient and remainder when dividing the first argument by the second. In the first case, divmod(10.5, 5) returns (2.0, 0.5) because 10.5 divided by 5 results in 2.0 with a remainder of 0.5. In the second case, divmod(2.4, 1.2) returns (2.0, 0.0) because 2.4 divided by 1.2 results in 2.0 with no remainder.",medium,web:Examveda.com https://www.examveda.com/python-program/practice-mcq-question-on-python-built-in-functions/?page=6,
Python Programming,python built in functions,"What will be the output of the following code: my_list = [1, 2, 3, 4] print(len(my_list))",4,"[1, 2, 3, 4]",10,6,A,"The len() function in Python is used to find the number of elements in an object. In this case, len(my_list) will return the length of the list my_list, which contains four elements [1, 2, 3, 4]. Therefore, the output will be 4.",medium,web:Examveda.com https://www.examveda.com/python-program/practice-mcq-question-on-python-built-in-functions/?page=6,
Python Programming,python built in functions,"Suppose there is a list such that: l=[2,3,4]. If we want to print this list in reverse order, which of the following methods should be used?",reverse(l),list(reverse[(l)]),reversed(l),list(reversed(l)),D,"To print a list in reverse order in Python, you can use the reversed() function, which returns an iterator that yields items in reverse order. However, to display it as a list, you need to convert the iterator back to a list using the list() function. Therefore, list(reversed(l)) is the correct method to print the list l in reverse order.
 

 
 
 
 



 
 
 
 
 
 
 
 
 
 
 
 
 
1
2
3
4
5
6
 
 
 
 
 
 
 
 
 
 

 
 

 -->
 
 
 


 

-->
 
 
 Copyright © 2026 Examveda.com
 
 
 
 
 
 
 
 
 
 About Us |
 Terms & Condition |
 Privacy Policy |
 Contact Us",medium,web:Examveda.com https://www.examveda.com/python-program/practice-mcq-question-on-python-built-in-functions/?page=6,
Python Programming,functions in python,What does the return statement in a function do?,It specifies the value to be returned from the function,It ends the execution of the function,It prints the result on the screen,It defines the function's name,B,,medium,web:Examveda.com https://www.examveda.com/python-program/practice-mcq-question-on-functions-in-python/,
Python Programming,functions in python,How can you make a parameter optional in a Python function?,By using the optional keyword,By providing a default value to the parameter,By making the parameter lowercase,By using a special keyword opt,B,"In Python, you can make a parameter optional by assigning it a default value in the function definition.
 
When a default value is specified, the parameter becomes optional, and the function can be called without explicitly passing a value for it.
 
For example:
 

def greet(name=""Guest""): 
 print(f""Hello, {name}!"") 

 
Here, the parameter name is optional because it has a default value of ""Guest"".
 
Note: If no value is provided when the function is called, the default value will be used.",medium,web:Examveda.com https://www.examveda.com/python-program/practice-mcq-question-on-functions-in-python/,
Python Programming,functions in python,Which of the following is NOT a valid function name in Python?,my_function,2nd_function,_function,function123,B,,medium,web:Examveda.com https://www.examveda.com/python-program/practice-mcq-question-on-functions-in-python/,
Python Programming,functions in python,What is the purpose of the def keyword in Python?,It is used to define a function,It is used to declare a variable,It is used to import a module,It is used to create a loop,A,,medium,web:Examveda.com https://www.examveda.com/python-program/practice-mcq-question-on-functions-in-python/,
Python Programming,functions in python,What is the purpose of the pass statement in a function?,It is a placeholder for future code,It returns a value from the function,It prints the result on the screen,It breaks the loop,A,,medium,web:Examveda.com https://www.examveda.com/python-program/practice-mcq-question-on-functions-in-python/,
Python Programming,functions in python,What does the lambda keyword do when used in a function?,It is used to create anonymous functions (lambda functions),It is used to define a named function,It is used to import a module,It is used to create classes,A,,medium,web:Examveda.com https://www.examveda.com/python-program/practice-mcq-question-on-functions-in-python/,
Python Programming,functions in python,What is the purpose of the global keyword do when used in a function?,It allows a variable to be modified outside the current scope,It defines a new variable,It defines a function,It imports a module,A,,medium,web:Examveda.com https://www.examveda.com/python-program/practice-mcq-question-on-functions-in-python/,
Python Programming,functions in python,How can you pass a variable number of keyword arguments to a function in Python?,By using the **kwargs syntax,By using the *args syntax,By using the * symbol,By using the ... symbol,A,"Correct Answer: A) By using the **kwargs syntax 
Keyword Arguments: In Python, keyword arguments are arguments passed to a function along with a name (the keyword) and a value. 
Example: my_function(name=""Alice"", age=30) 
Variable Number of Keyword Arguments: Sometimes, you don't know in advance how many keyword arguments a function might receive. That's where **kwargs comes in. 
kwargs Explained: 
* The **kwargs syntax allows a function to accept any number of keyword arguments. 
* kwargs is just a name (you could technically use another name), but ** is what's important. It tells Python to collect all the keyword arguments into a dictionary. 
* Inside the function, kwargs acts like a regular dictionary where the keys are the argument names (like ""name"" and ""age"") and the values are the corresponding argument values (like ""Alice"" and 30). 
Why the other options are incorrect: 
* Option ",medium,web:Examveda.com https://www.examveda.com/python-program/practice-mcq-question-on-functions-in-python/,
Python Programming,functions in python,What is the purpose of the return statement in a function?,It specifies the value to be returned from the function,It defines the function's name,It ends the execution of the function,It prints the result on the screen,C,,medium,web:Examveda.com https://www.examveda.com/python-program/practice-mcq-question-on-functions-in-python/,
Python Programming,functions in python,What does the *args syntax in a function definition mean?,It allows the function to accept a variable number of arguments as a tuple,It is a reserved keyword in Python,It specifies the return type of the function,It defines a keyword argument,B,,medium,web:Examveda.com https://www.examveda.com/python-program/practice-mcq-question-on-functions-in-python/?page=2,
Python Programming,functions in python,What is the purpose of using recursion in a function?,It allows a function to call itself,It simplifies the syntax of the function,It increases the performance of the function,It makes the function easier to understand,A,,medium,web:Examveda.com https://www.examveda.com/python-program/practice-mcq-question-on-functions-in-python/?page=2,
Python Programming,functions in python,"What is the output of the following code: def greet(name): print(f""Hello, {name}!"") greet(""Alice"")","Hello, Alice!","Hello, name!",name,"""Hello, {name}!""",A,,medium,web:Examveda.com https://www.examveda.com/python-program/practice-mcq-question-on-functions-in-python/?page=2,
Python Programming,functions in python,What is a variable defined outside a function referred to as?,A static variable,A global variable,A local variable,An automatic variable,B,,medium,web:Examveda.com https://www.examveda.com/python-program/practice-mcq-question-on-functions-in-python/?page=2,
Python Programming,functions in python,Where are the arguments received from the command line stored?,sys.argv,os.argv,argv,none of the mentioned,A,,medium,web:Examveda.com https://www.examveda.com/python-program/practice-mcq-question-on-functions-in-python/?page=2,
Python Programming,functions in python,What is the purpose of using the ** symbol in function argument unpacking?,It allows a dictionary of arguments to be passed,It defines a new variable,It specifies the return type of the function,It is used to create a loop,A,,medium,web:Examveda.com https://www.examveda.com/python-program/practice-mcq-question-on-functions-in-python/?page=2,
Python Programming,functions in python,"What will be the output of the following Python code? 
def sum(*args):
 '''Function returns the sum 
 of all values'''
 r = 0
 for i in args:
 r += i
 return r
print sum.__doc__
print sum(1, 2, 3)
print sum(1, 2, 3, 4, 5)","6 
15","6 
100","123 
12345",None of the mentioned,A,,medium,web:Examveda.com https://www.examveda.com/python-program/practice-mcq-question-on-functions-in-python/?page=2,
Python Programming,functions in python,"What will be the output of the following Python code? 
min = (lambda x, y: x if x",9997,9999,9996,None of the mentioned,C,,medium,web:Examveda.com https://www.examveda.com/python-program/practice-mcq-question-on-functions-in-python/?page=2,
Python Programming,functions in python,"What will be the output of the following Python code? 
x = [34, 56]
print((''.join(list(map(str, x))),))",3456,(3456),('3456'),"('3456',)",D,,medium,web:Examveda.com https://www.examveda.com/python-program/practice-mcq-question-on-functions-in-python/?page=3,
Python Programming,functions in python,"What will be the output of the following Python code? 
x = [[0], [1]]
print(len(' '.join(list(map(str, x)))))",2,3,7,8,C,,medium,web:Examveda.com https://www.examveda.com/python-program/practice-mcq-question-on-functions-in-python/?page=3,
Python Programming,functions in python,"What will be the output of the following Python code? 
x = ['ab', 'cd']
print(len(list(map(list, x))))))",2,4,error,none of the mentioned,C,,medium,web:Examveda.com https://www.examveda.com/python-program/practice-mcq-question-on-functions-in-python/?page=3,
Python Programming,functions in python,"What will be the output of the following Python code? 
l1=[1, 2, 3, [4]]
l2=list(l1)
id(l1)==id(l2)",True,False,Error,Address of l1,B,,medium,web:Examveda.com https://www.examveda.com/python-program/practice-mcq-question-on-functions-in-python/?page=3,
Python Programming,functions in python,"What will be the output of the following Python code? 
def display(b, n):
 while n > 0:
 print(b,end="""")
 n=n-1
display('z',3)",zzz,zz,An exception is executed,Infinite loop,A,,medium,web:Examveda.com https://www.examveda.com/python-program/practice-mcq-question-on-functions-in-python/?page=3,
Python Programming,functions in python,"What will be the output of the following Python code? 
def foo(fname, val):
 print(fname(val))
foo(max, [1, 2, 3])
foo(min, [1, 2, 3])",3 1,1 3,error,none of the mentioned,A,,medium,web:Examveda.com https://www.examveda.com/python-program/practice-mcq-question-on-functions-in-python/?page=3,
Python Programming,functions in python,"What will be the output of the following Python code? 
def cube(x):
 return x * x * x 
x = cube(3) 
print x",9,3,27,30,C,,medium,web:Examveda.com https://www.examveda.com/python-program/practice-mcq-question-on-functions-in-python/?page=3,
Python Programming,functions in python,What is the purpose of a docstring in a function?,It provides documentation for the function,It is a reserved keyword,It is used for debugging,It is used to define a default value,A,,medium,web:Examveda.com https://www.examveda.com/python-program/practice-mcq-question-on-functions-in-python/?page=3,
Python Programming,functions in python,"What will be the output of the following Python code? 
def f1():
 global x
 x+=1
 print(x)
x=12
print(""x"")",Error,13,"13 
x",x,D,,medium,web:Examveda.com https://www.examveda.com/python-program/practice-mcq-question-on-functions-in-python/?page=3,
Python Programming,functions in python,"What will be the output of the following Python code? 
l1=[10, 20, 30]
l2=l1
id(l1)==id(l2)
 
l2=l1.copy()
id(l1)==id(l2)","False, False","False, True","True, True","True, False",D,,medium,web:Examveda.com https://www.examveda.com/python-program/practice-mcq-question-on-functions-in-python/?page=3,
Python Programming,functions in python,How are keyword arguments specified in the function heading?,one-star followed by a valid identifier,one underscore followed by a valid identifier,two stars followed by a valid identifier,two underscores followed by a valid identifier,C,,medium,web:Examveda.com https://www.examveda.com/python-program/practice-mcq-question-on-functions-in-python/?page=4,
Python Programming,functions in python,"Fill in the line of the following Python code for calculating the factorial of a number. 
def fact(num):
 if num == 0: 
 return 1
 else:
 return _____________________",num*fact(num-1),(num-1)*(num-2),num*(num-1),fact(num)*fact(num-1),A,,medium,web:Examveda.com https://www.examveda.com/python-program/practice-mcq-question-on-functions-in-python/?page=4,
Python Programming,functions in python,"What will be the output of the following Python code? 
def fun(n):
 if (n > 100):
 return n - 5
 return fun(fun(n+11));
 
print(fun(45))",50,100,74,Infinite loop,B,,medium,web:Examveda.com https://www.examveda.com/python-program/practice-mcq-question-on-functions-in-python/?page=4,
Python Programming,functions in python,"What will be the output of the following Python code? 
list(map((lambda x:x**2), filter((lambda x:x%2==0), range(10))))","[0, 1, 2, 3, 4, 5, 6, 7, 8, 9]","[0, 4, 16, 36, 64]",Error,No output,B,,medium,web:Examveda.com https://www.examveda.com/python-program/practice-mcq-question-on-functions-in-python/?page=4,
Python Programming,functions in python,"What will be the output of the following code: def my_function(a, b): return a / b result = my_function(4, 2) print(result)",2,1,0.5,4,A,,medium,web:Examveda.com https://www.examveda.com/python-program/practice-mcq-question-on-functions-in-python/?page=4,
Python Programming,functions in python,"What will be the output of the following Python code? 
a = [1, 2, 3, 4, 5]
b = lambda x: (b (x[1:]) + x[:1] if x else []) 
print(b (a))",1 2 3 4 5,"[5,4,3,2,1]",[],"Error, lambda functions can't be called recursively",C,,medium,web:Examveda.com https://www.examveda.com/python-program/practice-mcq-question-on-functions-in-python/?page=4,
Python Programming,functions in python,Which of the following statements is false about recursion?,Every recursive function must have a base case,Infinite recursion can occur if the base case isn't properly mentioned,A recursive function makes the code easier to understand,Every recursive function must have a return value,D,,medium,web:Examveda.com https://www.examveda.com/python-program/practice-mcq-question-on-functions-in-python/?page=4,
Python Programming,functions in python,"What will be the output of the following Python code? 
x = ['ab', 'cd']
print(len(list(map(list, x))))",2,4,error,none of the mentioned,A,,medium,web:Examveda.com https://www.examveda.com/python-program/practice-mcq-question-on-functions-in-python/?page=4,
Python Programming,functions in python,Which of these is not true about recursion?,Making the code look clean,A complex task can be broken into sub-problems,Recursive calls take up less memory,Sequence generation is easier than a nested iteration,C,,medium,web:Examveda.com https://www.examveda.com/python-program/practice-mcq-question-on-functions-in-python/?page=4,
Python Programming,functions in python,"What will be the output of the following Python code? 
list(map((lambda x:x^2), range(10)))","[0, 1, 4, 9, 16, 25, 36, 49, 64, 81]",Error,"[2, 3, 0, 1, 6, 7, 4, 5, 10, 11]",No output,C,,medium,web:Examveda.com https://www.examveda.com/python-program/practice-mcq-question-on-functions-in-python/?page=4,
Python Programming,functions in python,Which of these is false about a package?,A package can have subfolders and modules,Each import package need not introduce a namespace,import folder.subfolder.mod1 imports packages,from folder.subfolder.mod1 import objects imports packages,B,,medium,web:Examveda.com https://www.examveda.com/python-program/practice-mcq-question-on-functions-in-python/?page=5,
Python Programming,functions in python,What happens if the base condition isn't defined in recursive programs?,Program gets into an infinite loop,Program runs once,Program runs n number of times where n is the argument given to the function,An exception is thrown,A,,medium,web:Examveda.com https://www.examveda.com/python-program/practice-mcq-question-on-functions-in-python/?page=5,
Python Programming,functions in python,"Observe the following Python code? 
def a(n):
 if n == 0:
 return 0
 else:
 return n*a(n - 1)
def b(n, tot):
 if n == 0:
 return tot
 else:
 return b(n-2, tot-2)",Both a() and b() aren't tail recursive,Both a() and b() are tail recursive,b() is tail recursive but a() isn't,a() is tail recursive but b() isn't,C,,medium,web:Examveda.com https://www.examveda.com/python-program/practice-mcq-question-on-functions-in-python/?page=5,
Python Programming,functions in python,"What will be the output of the following Python code? 
def a(n):
 if n == 0:
 return 0
 elif n == 1:
 return 1
 else:
 return a(n-1)+a(n-2)
for i in range(0,4):
 print(a(i),end="" "")",0 1 2 3,An exception is thrown,0 1 1 2 3,0 1 1 2,D,,medium,web:Examveda.com https://www.examveda.com/python-program/practice-mcq-question-on-functions-in-python/?page=5,
Python Programming,functions in python,"What will be the output of the following Python code? 
def printMax(a, b):
 if a > b:
 print(a, 'is maximum')
 elif a == b:
 print(a, 'is equal to', b)
 else:
 print(b, 'is maximum')
printMax(3, 4)",3,4,4 is maximum,None of the mentioned,C,,medium,web:Examveda.com https://www.examveda.com/python-program/practice-mcq-question-on-functions-in-python/?page=5,
Python Programming,functions in python,"What will be the output of the following Python code? 
def f(): x=4
x=1
f()
x",Error,4,Junk value,1,D,,medium,web:Examveda.com https://www.examveda.com/python-program/practice-mcq-question-on-functions-in-python/?page=5,
Python Programming,functions in python,"What will be the output of the following Python code? 
l=[1, -2, -3, 4, 5]
def f1(x):
 return x","[False, False, False, False, False]","[False, True, True, False, False]","[True, False, False, True, True]","[True, True, True, True, True]",B,,medium,web:Examveda.com https://www.examveda.com/python-program/practice-mcq-question-on-functions-in-python/?page=5,
Python Programming,functions in python,"What will be the output of the following Python code? 
a=10
b=20
def change():
 global b
 a=45
 b=56
change()
print(a)
print(b)","10 
56","45 
56","10 
20",Syntax Error,A,,medium,web:Examveda.com https://www.examveda.com/python-program/practice-mcq-question-on-functions-in-python/?page=5,
Python Programming,functions in python,"What will be the output of the following Python code? 
x = ['ab', 'cd']
print(map(len, x))","['ab', 'cd']","[2, 2]","['2', '2']",none of the mentioned,D,,medium,web:Examveda.com https://www.examveda.com/python-program/practice-mcq-question-on-functions-in-python/?page=6,
Python Programming,functions in python,How are required arguments specified in the function heading?,identifier followed by an equal to sign and the default value,"identifier followed by the default value within backticks ("")",identifier followed by the default value within square brackets ([]),identifier,D,,medium,web:Examveda.com https://www.examveda.com/python-program/practice-mcq-question-on-functions-in-python/?page=6,
Python Programming,functions in python,"What will be the output of the following Python code? 
def check(n):
 if n",False,True,1,An exception is thrown,A,,medium,web:Examveda.com https://www.examveda.com/python-program/practice-mcq-question-on-functions-in-python/?page=6,
Python Programming,functions in python,What is tail recursion?,A recursive function that has two base cases,A function where the recursive functions leads to an infinite loop,A recursive function where the function doesn't return anything and just prints the values,A function where the recursive call is the last thing executed by the function,D,,medium,web:Examveda.com https://www.examveda.com/python-program/practice-mcq-question-on-functions-in-python/?page=6,
Python Programming,functions in python,"What will be the output of the following Python code? 
x = ['ab', 'cd']
print(list(map(len, x)))","['ab', 'cd']","[2, 2]","['2', '2']",none of the mentioned,B,,medium,web:Examveda.com https://www.examveda.com/python-program/practice-mcq-question-on-functions-in-python/?page=6,
Python Programming,functions in python,"What will be the output of the following Python code? 
def f():
 global a
 print(a)
 a = ""hello""
 print(a) 
a = ""world"" 
f()
print(a)","hello 
hello 
world","world 
hello 
hello","hello 
world 
world","world 
hello 
world",B,,medium,web:Examveda.com https://www.examveda.com/python-program/practice-mcq-question-on-functions-in-python/?page=6,
Python Programming,functions in python,"What will be the output of the following Python code? 
x=12
def f1(a,b=x):
 print(a,b)
x=15
f1(4)",Error,12 4,4 12,4 15,C,,medium,web:Examveda.com https://www.examveda.com/python-program/practice-mcq-question-on-functions-in-python/?page=6,
Python Programming,functions in python,"What will be the output of the following Python code? 
elements = [0, 1, 2]
def incr(x):
 return x+1
print(list(map(elements, incr)))","[1, 2, 3]","[0, 1, 2]",error,none of the mentioned,C,,medium,web:Examveda.com https://www.examveda.com/python-program/practice-mcq-question-on-functions-in-python/?page=6,
Python Programming,functions in python,"What will be the output of the following Python code? 
def test(i,j):
 if(i==0):
 return j
 else:
 return test(i-1,i+j)
print(test(4,7))",13,7,Infinite loop,17,D,,medium,web:Examveda.com https://www.examveda.com/python-program/practice-mcq-question-on-functions-in-python/?page=6,
Python Programming,functions in python,"What will be the output of the following Python code? 
x = [12.1, 34.0]
print(len(' '.join(list(map(str, x)))))",6,8,9,error,C,,medium,web:Examveda.com https://www.examveda.com/python-program/practice-mcq-question-on-functions-in-python/?page=7,
Python Programming,functions in python,What is the base case in the Merge Sort algorithm when it is solved recursively?,n=0,n=1,A list of length one,An empty list,C,,medium,web:Examveda.com https://www.examveda.com/python-program/practice-mcq-question-on-functions-in-python/?page=7,
Python Programming,functions in python,"What will be the output of the following Python code? 
x=100
def f1():
 global x
 x=90
def f2():
 global x
 x=80
print(x)",100,90,80,Error,A,,medium,web:Examveda.com https://www.examveda.com/python-program/practice-mcq-question-on-functions-in-python/?page=7,
Python Programming,functions in python,. . . . . . . . returns a dictionary of the module namespace. . . . . . . . . returns a dictionary of the current namespace.,"locals() 
globals()","locals() 
locals()","globals() 
locals()","globals() 
globals()",C,,medium,web:Examveda.com https://www.examveda.com/python-program/practice-mcq-question-on-functions-in-python/?page=7,
Python Programming,functions in python,"What will be the output of the following Python code? 
x = [[0], [1]]
print((' '.join(list(map(str, x)))))","('[0] [1]',)","('01',)",[0] [1],01,C,,medium,web:Examveda.com https://www.examveda.com/python-program/practice-mcq-question-on-functions-in-python/?page=7,
Python Programming,functions in python,Which keyword is used for function?,Fun,Define,def,Function,C,,medium,web:Examveda.com https://www.examveda.com/python-program/practice-mcq-question-on-functions-in-python/?page=7,
Python Programming,functions in python,"What will be the output of the following Python code? 
x = ['ab', 'cd']
print(len(map(list, x)))","[2, 2]",2,4,none of the mentioned,D,,medium,web:Examveda.com https://www.examveda.com/python-program/practice-mcq-question-on-functions-in-python/?page=7,
Python Programming,functions in python,How can you define a function that accepts both positional and keyword arguments?,By using both *args and **kwargs,By using the * symbol,By using the ... symbol,By using the @args decorator,A,,medium,web:Examveda.com https://www.examveda.com/python-program/practice-mcq-question-on-functions-in-python/?page=7,
Python Programming,functions in python,"If a function doesn't have a return statement, which of the following does the function return?",int,null,None,An exception is thrown without the return statement,C,,medium,web:Examveda.com https://www.examveda.com/python-program/practice-mcq-question-on-functions-in-python/?page=7,
Python Programming,functions in python,What is the output of the following code: square = lambda x: x**2 result = square(5) print(result),25,5,10,15,A,,medium,web:Examveda.com https://www.examveda.com/python-program/practice-mcq-question-on-functions-in-python/?page=8,
Python Programming,functions in python,"What will be the output of the following Python code? 
lamb = lambda x: x ** 3
print(lamb(5))",15,555,125,None of the mentioned,C,,medium,web:Examveda.com https://www.examveda.com/python-program/practice-mcq-question-on-functions-in-python/?page=8,
Python Programming,functions in python,"What will be the output of the following Python code? 
x = [12, 34]
print(len(list(map(int, x))))",2,1,error,none of the mentioned,A,,medium,web:Examveda.com https://www.examveda.com/python-program/practice-mcq-question-on-functions-in-python/?page=8,
Python Programming,functions in python,"What will be the output of the following Python code? 
x = 'abcd'
print(list(map([], x)))","['a', 'b', 'c', 'd']",['abcd'],"[['a'], ['b'], ['c'], ['d']]",none of the mentioned,D,,medium,web:Examveda.com https://www.examveda.com/python-program/practice-mcq-question-on-functions-in-python/?page=8,
Python Programming,functions in python,"What will be the output of the following Python code? 
def f(x, y, z): return x + y + z
f(2, 30, 400)",432,24000,430,No output,A,,medium,web:Examveda.com https://www.examveda.com/python-program/practice-mcq-question-on-functions-in-python/?page=8,
Python Programming,functions in python,"What will be the output of the following Python code? 
x = 50
def func():
 global x
 print('x is', x)
 x = 2
 print('Changed global x to', x)
func()
print('Value of x is', x)","x is 50 
Changed global x to 2 
Value of x is 50","x is 50 
Changed global x to 2 
Value of x is 2","x is 50 
Changed global x to 50 
Value of x is 50",None of the mentioned,B,,medium,web:Examveda.com https://www.examveda.com/python-program/practice-mcq-question-on-functions-in-python/?page=8,
Python Programming,functions in python,How many keyword arguments can be passed to a function in a single function call?,zero,one,zero or more,one or more,C,,medium,web:Examveda.com https://www.examveda.com/python-program/practice-mcq-question-on-functions-in-python/?page=8,
Python Programming,functions in python,What is the purpose of the assert statement in Python?,"It checks if a given condition is true, and raises an exception if it's false",It defines a new variable,It specifies the return type of the function,It is used to create a loop,A,,medium,web:Examveda.com https://www.examveda.com/python-program/practice-mcq-question-on-functions-in-python/?page=8,
Python Programming,functions in python,What is a variable defined inside a function referred to as?,A global variable,A volatile variable,A local variable,An automatic variable,C,,medium,web:Examveda.com https://www.examveda.com/python-program/practice-mcq-question-on-functions-in-python/?page=9,
Python Programming,functions in python,"What will be the output of the following Python code? 
def foo(i, x=[]):
 x.append(x.append(i))
 return x
for i in range(3):
 y = foo(i)
print(y)","[[[0]], [[[0]], [1]], [[[0]], [[[0]], [1]], [2]]]","[[0], [[0], 1], [[0], [[0], 1], 2]]","[0, None, 1, None, 2, None]","[[[1]], [[[0]], [1]], [[[0]], [[[0]], [1]], [2]]]",C,,medium,web:Examveda.com https://www.examveda.com/python-program/practice-mcq-question-on-functions-in-python/?page=9,
Python Programming,functions in python,"What will be the output of the following Python code? 
def foo(k):
 k = [1]
q = [0]
foo(q)
print(q)",[0],[1],"[1, 0]","[0, 1]",A,,medium,web:Examveda.com https://www.examveda.com/python-program/practice-mcq-question-on-functions-in-python/?page=9,
Python Programming,functions in python,"What will be the output of the following Python code? 
x = [12, 34]
print(len(''.join(list(map(int, x)))))",4,2,error,none of the mentioned,C,,medium,web:Examveda.com https://www.examveda.com/python-program/practice-mcq-question-on-functions-in-python/?page=9,
Python Programming,functions in python,Which of the following data structures is returned by the functions globals() and locals()?,list,set,dictionary,tuple,C,,medium,web:Examveda.com https://www.examveda.com/python-program/practice-mcq-question-on-functions-in-python/?page=9,
Python Programming,functions in python,"What will be the output of the following Python code? 
def power(x, y=2):
 r = 1
 for i in range(y):
 r = r * x
 return r
print power(3)
print power(3, 3)","212 
32","9 
27","567 
98",None of the mentioned,B,,medium,web:Examveda.com https://www.examveda.com/python-program/practice-mcq-question-on-functions-in-python/?page=9,
Python Programming,functions in python,"What will be the output of the following Python code? 
l=[-2, 4]
m=map(lambda x:x*2, l)
print(m)","[-4, 16]",Address of m,Error,"-4 
 16",B,,medium,web:Examveda.com https://www.examveda.com/python-program/practice-mcq-question-on-functions-in-python/?page=9,
Python Programming,functions in python,"What will be the output of the following Python code? 
def f1(x):
 global x
 x+=1
 print(x)
f1(15)
print(""hello"")",error,hello,16,"16 
hello",A,,medium,web:Examveda.com https://www.examveda.com/python-program/practice-mcq-question-on-functions-in-python/?page=10,
Python Programming,functions in python,"What will be the output of the following Python code? 
def foo(x):
 x = ['def', 'abc']
 return id(x)
q = ['abc', 'def']
print(id(q) == foo(q))",True,False,None,Error,B,,medium,web:Examveda.com https://www.examveda.com/python-program/practice-mcq-question-on-functions-in-python/?page=10,
Python Programming,functions in python,What is the value stored in sys.argv[0]?,null,you cannot access it,the program's name,the first argument,C,,medium,web:Examveda.com https://www.examveda.com/python-program/practice-mcq-question-on-functions-in-python/?page=10,
Python Programming,functions in python,"What will be the output of the following Python code? 
def sayHello():
 print('Hello World!') 
sayHello() 
sayHello()","Hello World! 
Hello World!","'Hello World!' 
'Hello World!'","Hello 
Hello",None of the mentioned,A,,medium,web:Examveda.com https://www.examveda.com/python-program/practice-mcq-question-on-functions-in-python/?page=10,
Python Programming,functions in python,"What will be the output of the following Python code? 
l=[1, 2, 3, 4, 5]
m=map(lambda x:2**x, l)
print(list(m))","[1, 4, 9, 16, 25 ]","[2, 4, 8, 16, 32 ]","[1, 0, 1, 0, 1]",Error,B,,medium,web:Examveda.com https://www.examveda.com/python-program/practice-mcq-question-on-functions-in-python/?page=10,
Python Programming,functions in python,"What will be the output of the following Python code? 
import functools
l=[1,2,3,4]
print(functools.reduce(lambda x,y:x*y,l))",Error,10,24,No output,C,,medium,web:Examveda.com https://www.examveda.com/python-program/practice-mcq-question-on-functions-in-python/?page=10,
Python Programming,functions in python,"What will be the output of the following Python code? 
def foo():
 total += 1
 return total
total = 0
print(foo())",0,1,error,none of the mentioned,C,,medium,web:Examveda.com https://www.examveda.com/python-program/practice-mcq-question-on-functions-in-python/?page=10,
Python Programming,functions in python,What is the type of sys.argv?,set,list,tuple,string,B,,medium,web:Examveda.com https://www.examveda.com/python-program/practice-mcq-question-on-functions-in-python/?page=10,
Python Programming,functions in python,"What will be the output of the following Python code? 
m=reduce(lambda x: x-3 in range(4, 10))
print(list(m))","[1, 2, 3, 4, 5, 6, 7]",No output,"[1, 2, 3, 4, 5, 6]",Error,B,,medium,web:Examveda.com https://www.examveda.com/python-program/practice-mcq-question-on-functions-in-python/?page=10,
Python Programming,functions in python,"Read the following Python code carefully and point out the global variables? 
y, z = 1, 2
def f():
 global x
 x = y+z",x,y and z,"x, y and z","Neither x, nor y, nor z",C,,medium,web:Examveda.com https://www.examveda.com/python-program/practice-mcq-question-on-functions-in-python/?page=10,
Python Programming,module in python,What is a Python module?,A file containing Python code that can be reused,A keyword in Python,A built-in data type,A type of exception,A,,medium,web:Examveda.com https://www.examveda.com/python-program/practice-mcq-question-on-module-in-python/,
Python Programming,module in python,How can you use a module in Python?,By importing it using the import statement,By defining it with the module keyword,By including it as a string,By using the use_module function,B,,medium,web:Examveda.com https://www.examveda.com/python-program/practice-mcq-question-on-module-in-python/,
Python Programming,module in python,What is the purpose of the import statement in Python?,It allows you to use functions and objects defined in a module,It creates a new module,It imports a module from another programming language,It is used to define a new class,A,,medium,web:Examveda.com https://www.examveda.com/python-program/practice-mcq-question-on-module-in-python/,
Python Programming,module in python,What does the as keyword do when used with the import statement?,It renames the imported module or object,It imports a module as a string,It imports all modules in the current directory,It creates an alias for the import keyword,C,,medium,web:Examveda.com https://www.examveda.com/python-program/practice-mcq-question-on-module-in-python/,
Python Programming,module in python,What will be the output of the following code: import math print(math.pi),The value of π (pi),An error will occur,math,3.141592654,A,,medium,web:Examveda.com https://www.examveda.com/python-program/practice-mcq-question-on-module-in-python/,
Python Programming,module in python,What is the purpose of the from ... import ... statement in Python?,It allows you to import specific objects from a module,It creates a new module,It imports a module from another programming language,It is used to define a new class,A,,medium,web:Examveda.com https://www.examveda.com/python-program/practice-mcq-question-on-module-in-python/,
Python Programming,module in python,What is a namespace in Python?,A container for holding identifiers (names),A module in Python,A reserved keyword,A built-in function,A,,medium,web:Examveda.com https://www.examveda.com/python-program/practice-mcq-question-on-module-in-python/,
Python Programming,module in python,How can you access a function my_function from a module my_module in Python?,By using my_module.my_function(),By using my_module.function(),By using my_function.my_module(),By using function.my_module(),D,,medium,web:Examveda.com https://www.examveda.com/python-program/practice-mcq-question-on-module-in-python/,
Python Programming,module in python,What will be the output of the following code: from math import sqrt print(sqrt(16)),4,An error will occur,16,256,C,,medium,web:Examveda.com https://www.examveda.com/python-program/practice-mcq-question-on-module-in-python/,
Python Programming,module in python,How can you reload a module in Python?,By using the reload() function from the importlib module,By using the reload keyword,By using the refresh() function,By using the update keyword,B,,medium,web:Examveda.com https://www.examveda.com/python-program/practice-mcq-question-on-module-in-python/,
Python Programming,module in python,What is the purpose of the __init__.py file in a Python module?,It indicates that the directory should be treated as a Python package,It contains the main code of the module,It defines a new class,It imports all modules in the directory,A,,medium,web:Examveda.com https://www.examveda.com/python-program/practice-mcq-question-on-module-in-python/?page=2,
Python Programming,module in python,What is the purpose of the sys.path list in Python?,It contains a list of directories where Python looks for modules,It is used to store the code of the main module,It contains the documentation for modules,It is used to create aliases for modules,A,,medium,web:Examveda.com https://www.examveda.com/python-program/practice-mcq-question-on-module-in-python/?page=2,
Python Programming,module in python,What does os.link() do?,create a symbolic link,create a hard link,create a soft link,none of the mentioned,B,,medium,web:Examveda.com https://www.examveda.com/python-program/practice-mcq-question-on-module-in-python/?page=2,
Python Programming,module in python,"What will be the output of the following Python code? 
import turtle
t=turtle.Pen()
t.resizemode(“examveda”)
t.resizemode()",user,auto,nonresize,error,B,,medium,web:Examveda.com https://www.examveda.com/python-program/practice-mcq-question-on-module-in-python/?page=2,
Python Programming,module in python,"What will be the output if we try to extract only the year from the following Python code? 
(time.struct_time(tm_year=2017, tm_mon=6, tm_mday=25, tm_hour=18, tm_min=26, tm_sec=6, tm_wday=6, tm_yday=176, tm_isdst=0)) 
import time
t=time.localtime()
print(t)",t[1],tm_year,t[0],t_year,C,,medium,web:Examveda.com https://www.examveda.com/python-program/practice-mcq-question-on-module-in-python/?page=2,
Python Programming,module in python,Which of the following can be used to create a directory?,os.mkdir(),os.creat_dir(),os.create_dir(),os.make_dir(),A,,medium,web:Examveda.com https://www.examveda.com/python-program/practice-mcq-question-on-module-in-python/?page=2,
Python Programming,module in python,What is returned by math.isfinite(float('inf'))?,True,False,None,error,B,,medium,web:Examveda.com https://www.examveda.com/python-program/practice-mcq-question-on-module-in-python/?page=2,
Python Programming,module in python,"What will be the output of the following Python function, assuming that the random module has already been imported? 
random.uniform(3,4)",Error,Either 3 or 4,Any integer other than 3 and 4,Any decimal value between 3 and 4,D,,medium,web:Examveda.com https://www.examveda.com/python-program/practice-mcq-question-on-module-in-python/?page=2,
Python Programming,module in python,How can you determine the path of the currently executing script in Python?,By using the os.path module,By using the current_path() function,By using the script_path variable,By using the get_path() method,A,,medium,web:Examveda.com https://www.examveda.com/python-program/practice-mcq-question-on-module-in-python/?page=2,
Python Programming,module in python,"What will be the output of the following Python code? 
import time
t=(2010, 9, 20, 8, 45, 12, 6, 0, 0)
time.asctime(t)",'Sep 20 2010 08:45:12 Sun','Sun Sep 20 08:45:12 2010','20 Sep 08:45:12 Sun 2010','2010 20 Sep 08:45:12 Sun',B,,medium,web:Examveda.com https://www.examveda.com/python-program/practice-mcq-question-on-module-in-python/?page=2,
Python Programming,module in python,Lambda functions cannot be pickled because:,"Lambda functions only deal with binary values, that is, 0 and 1",Lambda functions cannot be called directly,Lambda functions cannot be identified by the functions of the pickle module,"All lambda functions have the same name, that is,",D,,medium,web:Examveda.com https://www.examveda.com/python-program/practice-mcq-question-on-module-in-python/?page=3,
Python Programming,module in python,"Which of the following will not be returned by random.choice(""1 ,"")?",1,(space),",",none of the mentioned,D,,medium,web:Examveda.com https://www.examveda.com/python-program/practice-mcq-question-on-module-in-python/?page=3,
Python Programming,module in python,"What will be the output of the following Python code if the system date is 18th June, 2017 (Sunday)? 
tday=datetime.date.today()
print(tday.weekday())",6,1,0,7,A,,medium,web:Examveda.com https://www.examveda.com/python-program/practice-mcq-question-on-module-in-python/?page=3,
Python Programming,module in python,"What will be the output of the following Python code? 
import time
time.asctime()",Current date only,UTC time,Current date and time,Current time only,C,,medium,web:Examveda.com https://www.examveda.com/python-program/practice-mcq-question-on-module-in-python/?page=3,
Python Programming,module in python,Which of the following is not an advantage of using modules?,Provides a means of reuse of program code,Provides a means of dividing up tasks,Provides a means of reducing the size of the program,Provides a means of testing individual parts of the program,C,,medium,web:Examveda.com https://www.examveda.com/python-program/practice-mcq-question-on-module-in-python/?page=3,
Python Programming,module in python,What is the purpose of the from ... import * statement in Python?,It imports all names defined in the module into the current namespace,It creates a new module,It imports a module from another programming language,It is used to define a new class,A,,medium,web:Examveda.com https://www.examveda.com/python-program/practice-mcq-question-on-module-in-python/?page=3,
Python Programming,module in python,The function used to alter the thickness of the pen to 'x' units:,turtle.width(x),turtle.span(x),turtle.girth(x),turtle.thickness(x),A,,medium,web:Examveda.com https://www.examveda.com/python-program/practice-mcq-question-on-module-in-python/?page=3,
Python Programming,module in python,"What will be the output of the following Python code? 
import turtle()
t=turtle.Pen()
t.goto(50,60)
t1=t.clone()
t1.ycor()",0.0,50.0,60.0,Error,C,,medium,web:Examveda.com https://www.examveda.com/python-program/practice-mcq-question-on-module-in-python/?page=3,
Python Programming,module in python,Which of the following functions raises an error when an unpicklable object is encountered by Pickler?,pickle.PickleError,pickle.PicklingError,pickle.UnpickleError,pickle.UnpicklingError,B,,medium,web:Examveda.com https://www.examveda.com/python-program/practice-mcq-question-on-module-in-python/?page=3,
Python Programming,module in python,"The number of lines drawn in each case, assuming that the turtle module has been imported: 
Case 1:
for i in range(0,10):
 turtle.forward(100)
 turtle.left(90)
Case 2:
for i in range(1,10):
 turtle.forward(100)
 turtle.left(90)","10, 9","9, 10","9, 9","10, 10",A,,medium,web:Examveda.com https://www.examveda.com/python-program/practice-mcq-question-on-module-in-python/?page=3,
Python Programming,module in python,What does os.getlogin() return?,name of the current user logged in,name of the superuser,gets a form to login as a different user,all of the mentioned,A,,medium,web:Examveda.com https://www.examveda.com/python-program/practice-mcq-question-on-module-in-python/?page=4,
Python Programming,module in python,Which of the following can be used to create a symbolic link?,os.symlink(),os.symb_link(),os.symblin(),os.ln(),A,,medium,web:Examveda.com https://www.examveda.com/python-program/practice-mcq-question-on-module-in-python/?page=4,
Python Programming,module in python,"What will be the output of the following Python code? 
import turtle
t=turtle.Pen()
t.color(0,1,0)
t.begin_fill()
for i in range(0,4):
 t.forward(100)
 t.right(90)",A square filled in with the colour green,A square outlined with the colour green,Blank canvas,Error,C,,medium,web:Examveda.com https://www.examveda.com/python-program/practice-mcq-question-on-module-in-python/?page=4,
Python Programming,module in python,The process of pickling in Python includes:,conversion of a list into a datatable,conversion of a byte stream into Python object hierarchy,conversion of a Python object hierarchy into byte stream,conversion of a datatable into a list,C,,medium,web:Examveda.com https://www.examveda.com/python-program/practice-mcq-question-on-module-in-python/?page=4,
Python Programming,module in python,What is the value returned by math.floor(3.4)?,3,4,4.0,3.0,A,,medium,web:Examveda.com https://www.examveda.com/python-program/practice-mcq-question-on-module-in-python/?page=4,
Python Programming,module in python,"To obtain a list of all the functions defined under sys module, which of the following functions can be used?",print(sys),print(dir.sys),print(dir[sys]),print(dir(sys)),D,,medium,web:Examveda.com https://www.examveda.com/python-program/practice-mcq-question-on-module-in-python/?page=4,
Python Programming,module in python,"What will be the output of the following Python function if the random module has already been imported? 
random.randint(3.5,7)",Error,"Any integer between 3.5 and 7, including 7","Any integer between 3.5 and 7, excluding 7",The integer closest to the mean of 3.5 and 7,A,,medium,web:Examveda.com https://www.examveda.com/python-program/practice-mcq-question-on-module-in-python/?page=4,
Python Programming,module in python,Is the output of the function abs() the same as that of the function math.fabs()?,sometimes,always,never,none of the mentioned,A,,medium,web:Examveda.com https://www.examveda.com/python-program/practice-mcq-question-on-module-in-python/?page=4,
Python Programming,module in python,What is the value returned by math.fact(6)?,720,6,"[1, 2, 3, 6]",error,D,,medium,web:Examveda.com https://www.examveda.com/python-program/practice-mcq-question-on-module-in-python/?page=4,
Python Programming,module in python,"What will be the output of the following Python code? 
print(math.isinf(float('-inf')))","error, the minus sign shouldn't have been inside the brackets","error, there is no function called isinf",True,False,C,,medium,web:Examveda.com https://www.examveda.com/python-program/practice-mcq-question-on-module-in-python/?page=5,
Python Programming,module in python,"What will be the output of the following Python code? 
random.randrange(0,91,5)",10,18,79,95,A,,medium,web:Examveda.com https://www.examveda.com/python-program/practice-mcq-question-on-module-in-python/?page=5,
Python Programming,module in python,"What will be the output of the following Python code? 
import sys
eval(sys.stdin.readline())
Computer",Error,'Computer\n',Computer8,Computer,A,,medium,web:Examveda.com https://www.examveda.com/python-program/practice-mcq-question-on-module-in-python/?page=5,
Python Programming,module in python,What does print(os.geteuid()) print?,the group id of the current process,the user id of the current process,both the group id and the user of the current process,none of the mentioned,B,,medium,web:Examveda.com https://www.examveda.com/python-program/practice-mcq-question-on-module-in-python/?page=5,
Python Programming,module in python,"What will be the output of the following Python code? 
import random
random.choice([10.4, 56.99, 76])",Error,"Either 10.4, 56.99 or 76","Any number other than 10.4, 56.99 and 76",56.99 only,B,,medium,web:Examveda.com https://www.examveda.com/python-program/practice-mcq-question-on-module-in-python/?page=5,
Python Programming,module in python,How can you prevent a module from executing code when imported?,"By using the if __name__ == ""__main__"": construct",By using the noexec keyword,By using the prevent_execute decorator,By using the not_executed function,A,,medium,web:Examveda.com https://www.examveda.com/python-program/practice-mcq-question-on-module-in-python/?page=5,
Python Programming,module in python,What the does random.seed(3) return?,True,None,3,1,B,,medium,web:Examveda.com https://www.examveda.com/python-program/practice-mcq-question-on-module-in-python/?page=5,
Python Programming,module in python,What will be the output of the following code: import datetime print(datetime.date.today()),The current date,An error will occur,datetime,26-08-23,A,,medium,web:Examveda.com https://www.examveda.com/python-program/practice-mcq-question-on-module-in-python/?page=5,
Python Programming,module in python,Which of the statements about modules is false?,"In the ""from-import"" form of import, identifiers beginning with two underscores are private and aren't imported",dir() built-in function monitors the items in the namespace of the main module,"In the ""from-import"" form of import, all identifiers regardless of whether they are private or public are imported","When a module is loaded, a compiled version of the module with file extension .pyc is automatically produced",C,,medium,web:Examveda.com https://www.examveda.com/python-program/practice-mcq-question-on-module-in-python/?page=5,
Python Programming,module in python,"What will be the output of the following Python code, if the sys module has already been imported? 
sys.stdout.write(""hello world"")",helloworld,hello world10,hello world11,error,C,,medium,web:Examveda.com https://www.examveda.com/python-program/practice-mcq-question-on-module-in-python/?page=5,
Python Programming,module in python,What is returned by math.modf(1.0)?,"(0.0, 1.0)","(1.0, 0.0)","(0.5, 1)","(0.5, 1.0)",A,,medium,web:Examveda.com https://www.examveda.com/python-program/practice-mcq-question-on-module-in-python/?page=6,
Python Programming,module in python,"What will be the output of the following Python code? 
import sys
eval(sys.stdin.readline())
""India""",India5,India,'India\n','India',D,,medium,web:Examveda.com https://www.examveda.com/python-program/practice-mcq-question-on-module-in-python/?page=6,
Python Programming,module in python,The output of the function len(sys.argv) is . . . . . . . .,Error,1,0,Junk value,B,,medium,web:Examveda.com https://www.examveda.com/python-program/practice-mcq-question-on-module-in-python/?page=6,
Python Programming,module in python,How can you check if a module is available and can be imported in Python?,By using a try...except block with an import statement,By using the check_module function,By using the module_exists keyword,By using the available_module function,A,,medium,web:Examveda.com https://www.examveda.com/python-program/practice-mcq-question-on-module-in-python/?page=6,
Python Programming,module in python,What is the output of print(math.trunc('3.1'))?,3,3.0,error,none of the mentioned,C,,medium,web:Examveda.com https://www.examveda.com/python-program/practice-mcq-question-on-module-in-python/?page=6,
Python Programming,module in python,. . . . . . . . is a string literal denoted by triple quotes for providing the specifications of certain program elements.,Interface,Modularity,Client,Docstring,D,,medium,web:Examveda.com https://www.examveda.com/python-program/practice-mcq-question-on-module-in-python/?page=6,
Python Programming,module in python,"What is the output of the following code: from random import randint print(randint(1, 10))",A random integer between 1 and 10,An error will occur,10,1,A,,medium,web:Examveda.com https://www.examveda.com/python-program/practice-mcq-question-on-module-in-python/?page=6,
Python Programming,module in python,"What will be the output of the following Python code if the system date is: 6/19/2017 
tday=datetime.date.today()
tdelta=datetime.timedelta(days=10)
print(tday+tdelta)",2017-16-19,2017-06-9,2017-06-29,Error,C,,medium,web:Examveda.com https://www.examveda.com/python-program/practice-mcq-question-on-module-in-python/?page=6,
Python Programming,module in python,"Which of the following is equivalent to random.randint(3, 6)?","random.choice([3, 6])","random.randrange(3, 6)",3 + random.randrange(3),3 + random.randrange(4),D,,medium,web:Examveda.com https://www.examveda.com/python-program/practice-mcq-question-on-module-in-python/?page=6,
Python Programming,module in python,"What is the interval of the value generated by the function random.random(), assuming that the random module has already been imported?","(0,1)","(0,1]","[0,1]","[0,1)",D,,medium,web:Examveda.com https://www.examveda.com/python-program/practice-mcq-question-on-module-in-python/?page=6,
Python Programming,module in python,What will be the output of the following code: import os print(os.getcwd()),The current working directory,An error will occur,os,C:UsersuserDocuments,A,,medium,web:Examveda.com https://www.examveda.com/python-program/practice-mcq-question-on-module-in-python/?page=7,
Python Programming,module in python,"To include the use of functions which are present in the random library, we must use the option:",import random,random.h,import.random,random.random,A,,medium,web:Examveda.com https://www.examveda.com/python-program/practice-mcq-question-on-module-in-python/?page=7,
Python Programming,module in python,"Which of the following is false about ""from-import"" form of import?",The syntax is: from modulename import identifier,This form of import prevents name clash,The namespace of imported module becomes part of importing module,The identifiers in module are accessed directly as: identifier,B,,medium,web:Examveda.com https://www.examveda.com/python-program/practice-mcq-question-on-module-in-python/?page=7,
Python Programming,module in python,"What will be the output of the following Python code? 
import datetime
d=datetime.date(2017,06,18)
print(d)",Error,2017-06-18,18-06-2017,06-18-2017,A,,medium,web:Examveda.com https://www.examveda.com/python-program/practice-mcq-question-on-module-in-python/?page=7,
Python Programming,module in python,Which of the following functions can accept more than one positional argument?,pickle.dumps,pickle.loads,pickle.dump,pickle.load,A,,medium,web:Examveda.com https://www.examveda.com/python-program/practice-mcq-question-on-module-in-python/?page=7,
Python Programming,module in python,The pickle module defines . . . . . . . . exceptions and exports . . . . . . . . classes.,"2, 3","3, 4","3, 2","4, 3",C,,medium,web:Examveda.com https://www.examveda.com/python-program/practice-mcq-question-on-module-in-python/?page=7,
Python Programming,module in python,The module . . . . . . . . is a comparatively faster implementation of the pickle module.,cPickle,nPickle,gPickle,tPickle,A,,medium,web:Examveda.com https://www.examveda.com/python-program/practice-mcq-question-on-module-in-python/?page=7,
Python Programming,module in python,"What is returned by int(math.pow(3, 2))?",6,9,"error, third argument required","error, too many arguments",B,,medium,web:Examveda.com https://www.examveda.com/python-program/practice-mcq-question-on-module-in-python/?page=7,
Python Programming,module in python,"What will be the output of the following Python code? 
random.randrange(1,100,10)",32,67,91,80,C,,medium,web:Examveda.com https://www.examveda.com/python-program/practice-mcq-question-on-module-in-python/?page=8,
Python Programming,module in python,What is returned by math.isfinite(float('nan'))?,True,False,None,error,B,,medium,web:Examveda.com https://www.examveda.com/python-program/practice-mcq-question-on-module-in-python/?page=8,
Python Programming,module in python,The command used to set only the x coordinate of the turtle at 45 units is:,reset(45),setx(45),xset(45),xreset(45),B,,medium,web:Examveda.com https://www.examveda.com/python-program/practice-mcq-question-on-module-in-python/?page=8,
Python Programming,module in python,Which of the following functions helps us to randomize the items of a list?,seed,randomise,shuffle,uniform,C,,medium,web:Examveda.com https://www.examveda.com/python-program/practice-mcq-question-on-module-in-python/?page=8,
Python Programming,module in python,"Which of the following is false about ""import modulename"" form of import?",The namespace of imported module becomes part of importing module,This form of import prevents name clash,The namespace of imported module becomes available to importing module,The identifiers in module are accessed as: modulename.identifier,A,,medium,web:Examveda.com https://www.examveda.com/python-program/practice-mcq-question-on-module-in-python/?page=8,
Python Programming,module in python,"Which of the following Python codes will result in an error? 
object = ‘a’",>>> pickle.dumps(object),">>> pickle.dumps(object, 3)",">>> pickle.dumps(object, 3, True)",">>> pickle.dumps('a', 2)",C,,medium,web:Examveda.com https://www.examveda.com/python-program/practice-mcq-question-on-module-in-python/?page=8,
Python Programming,module in python,What does the function math.frexp(x) return?,a tuple containing the mantissa and the exponent of x,a list containing the mantissa and the exponent of x,a tuple containing the mantissa of x,a list containing the exponent of x,A,,medium,web:Examveda.com https://www.examveda.com/python-program/practice-mcq-question-on-module-in-python/?page=8,
Python Programming,module in python,What is the range of values that random.random() can return?,"[0.0, 1.0]","(0.0, 1.0]","(0.0, 1.0)","[0.0, 1.0)",D,,medium,web:Examveda.com https://www.examveda.com/python-program/practice-mcq-question-on-module-in-python/?page=8,
Python Programming,module in python,"Which of the following functions returns a value in degrees, counterclockwise from the horizontal right?",heading(),degrees(),position(),window_height(),A,,medium,web:Examveda.com https://www.examveda.com/python-program/practice-mcq-question-on-module-in-python/?page=8,
Python Programming,module in python,Program code making use of a given module is called a . . . . . . . . of the module.,Client,Docstring,Interface,Modularity,A,,medium,web:Examveda.com https://www.examveda.com/python-program/practice-mcq-question-on-module-in-python/?page=9,
Python Programming,module in python,Pick the correct statement regarding pickle and marshal modules.,The pickle module supports primarily .pyc files whereas marshal module is used to sterilize Python objects,The pickle module keeps track of the objects that have already been sterilized whereas the marshal module does not do this,The pickle module cannot be used to sterilize user defined classes and their instances whereas marshal module can be used to perform this task,The format of sterilization of the pickle module is not guaranteed to be supported across all versions of Python. The marshal module sterilization is compatible across all the versions of Python,B,,medium,web:Examveda.com https://www.examveda.com/python-program/practice-mcq-question-on-module-in-python/?page=9,
Python Programming,module in python,How can you access a variable my_variable from a module my_module in Python?,By using my_module.my_variable,By using my_variable.my_module,By using my_module[my_variable],By using my_module.get_variable(),A,,medium,web:Examveda.com https://www.examveda.com/python-program/practice-mcq-question-on-module-in-python/?page=9,
Python Programming,module in python,"What will be the output of the following Python code, if the time module has already been imported? 
def num(m):
 t1 = time.time()
 for i in range(0,m):
 print(i)
 t2 = time.time()
 print(str(t2-t1))
 
 num(3)","1 
2 
3 
The time taken for the execution of the code","3 
The time taken for the execution of the code","1 
2 
3 
UTC time","3 
UTC time",A,,medium,web:Examveda.com https://www.examveda.com/python-program/practice-mcq-question-on-module-in-python/?page=9,
Python Programming,module in python,"What does os.fchmod(fd, mode) do?",change permission bits of the file,change permission bits of the directory,change permission bits of either the file or the directory,none of the mentioned,A,,medium,web:Examveda.com https://www.examveda.com/python-program/practice-mcq-question-on-module-in-python/?page=9,
Python Programming,module in python,"What will be the output of the following Python code? 
>>> -float('inf') + float('inf')",inf,nan,0,0.0,B,,medium,web:Examveda.com https://www.examveda.com/python-program/practice-mcq-question-on-module-in-python/?page=9,
Python Programming,module in python,"What will be the output shape of the following Python code? 
import turtle
t=turtle.Pen()
for i in range(1,4):
 t.forward(60)
 t.left(90)",Rectangle,Trapezium,Triangle,Square,D,,medium,web:Examveda.com https://www.examveda.com/python-program/practice-mcq-question-on-module-in-python/?page=9,
Python Programming,module in python,"The value returned when we use the function isoweekday() is . . . . . . . . and that for the function weekday() is . . . . . . . . if the system date is 19th June, 2017 (Monday).","0,0","0,1","1,0","1,1",C,,medium,web:Examveda.com https://www.examveda.com/python-program/practice-mcq-question-on-module-in-python/?page=9,
Python Programming,module in python,"What will be the output of print(math.copysign(3, -1))?",1,1.0,-3,-3.0,D,,medium,web:Examveda.com https://www.examveda.com/python-program/practice-mcq-question-on-module-in-python/?page=9,
Python Programming,module in python,"What will be the output of the following Python code? 
import turtle
t=turtle.Pen()
for i in range(0,5):
 t.left(144)
 t.forward(100)",Trapezium,Parallelepiped,Tetrahedron,Star,D,,medium,web:Examveda.com https://www.examveda.com/python-program/practice-mcq-question-on-module-in-python/?page=10,
Python Programming,module in python,"To sterilize an object hierarchy, the . . . . . . . . function must be called. To desterilize a data stream, the . . . . . . . . function must be called.","dumps(), undumps()","loads(), unloads()","loads(), dumps()","dumps(), loads()",D,,medium,web:Examveda.com https://www.examveda.com/python-program/practice-mcq-question-on-module-in-python/?page=10,
Python Programming,module in python,"What will be the output shape of the following Python code? 
import turtle
t=turtle.Pen()
for i in range(0,6):
 t.forward(100)
 t.left(60)",Hexagon,Octagon,Pentagon,Heptagon,A,,medium,web:Examveda.com https://www.examveda.com/python-program/practice-mcq-question-on-module-in-python/?page=10,
Python Programming,module in python,What is the purpose of the __doc__ attribute in a Python module?,It stores the docstring of the module,It contains the main code of the module,It defines a new variable,It is used to import modules,A,,medium,web:Examveda.com https://www.examveda.com/python-program/practice-mcq-question-on-module-in-python/?page=10,
Python Programming,module in python,"What will be the output of the following Python code? 
import turtle
t=turtle.Pen()
t.color(1,1,1)
t.begin_fill()
for i in range(0,3):
 t.forward(100)
 t.right(120)
 t.end_fill()",Blank page,A triangle filled in with the colour yellow,A triangle which is not filled in with any colour,Error,A,,medium,web:Examveda.com https://www.examveda.com/python-program/practice-mcq-question-on-module-in-python/?page=10,
Python Programming,module in python,"What will be the output of the following Python code? 
import turtle
t=turtle.Pen
t.tilt(75)
t.forward(100)",A straight line of 100 units tiled at 75 degrees from the horizontal,A straight line of 100 units tilted at 15 degrees from the horizontal,A straight line of 100 units lying along the horizontal,Error,C,,medium,web:Examveda.com https://www.examveda.com/python-program/practice-mcq-question-on-module-in-python/?page=10,
Python Programming,module in python,What is the purpose of the __name__ variable in a Python module?,It indicates whether the module is being run as the main program or imported,It stores the code of the module,It defines a new variable,It is used to create aliases for modules,A,,medium,web:Examveda.com https://www.examveda.com/python-program/practice-mcq-question-on-module-in-python/?page=10,
Python Programming,module in python,"What will be the output of the following Python code? 
pickle.HIGHEST_PROTOCOL",4,5,3,6,A,,medium,web:Examveda.com https://www.examveda.com/python-program/practice-mcq-question-on-module-in-python/?page=10,
Python Programming,regular expressions in python,What is a regular expression in Python?,A sequence of characters that defines a search pattern,A built-in function,A mathematical expression,A special data type,A,,medium,web:Examveda.com https://www.examveda.com/python-program/practice-mcq-question-on-regular-expressions-in-python/,
Python Programming,regular expressions in python,What is the purpose of the re.compile() function in Python?,It compiles a regular expression pattern into a regular expression object,It converts strings to regular expressions,It defines a new class,It imports the re module,A,,medium,web:Examveda.com https://www.examveda.com/python-program/practice-mcq-question-on-regular-expressions-in-python/,
Python Programming,regular expressions in python,Which module in Python supports regular expressions?,re,regex,pyregex,none of the mentioned,A,,medium,web:Examveda.com https://www.examveda.com/python-program/practice-mcq-question-on-regular-expressions-in-python/,
Python Programming,regular expressions in python,How can you use regular expressions in Python?,By using the re module,By using the regex keyword,By including it as a string,By using the regx function,A,,medium,web:Examveda.com https://www.examveda.com/python-program/practice-mcq-question-on-regular-expressions-in-python/,
Python Programming,regular expressions in python,What does the match() function in the re module do?,It searches for a match only at the beginning of the string,It converts strings to regular expressions,It searches for a match anywhere in the string,It checks if a string contains a specific character,A,,medium,web:Examveda.com https://www.examveda.com/python-program/practice-mcq-question-on-regular-expressions-in-python/,
Python Programming,regular expressions in python,What does the findall() function in the re module do?,It finds all occurrences of a pattern in a string and returns them as a list,It converts strings to regular expressions,It searches for a match anywhere in the string,It checks if a string contains a specific character,A,,medium,web:Examveda.com https://www.examveda.com/python-program/practice-mcq-question-on-regular-expressions-in-python/,
Python Programming,regular expressions in python,What is the purpose of the re.IGNORECASE flag in Python?,It makes the pattern matching case-insensitive,It compiles a regular expression,It specifies a starting position,It ignores invalid characters,B,,medium,web:Examveda.com https://www.examveda.com/python-program/practice-mcq-question-on-regular-expressions-in-python/,
Python Programming,regular expressions in python,"What is the output of the following code: import re result = re.sub(r'd+', 'number', 'There are 5 apples and 3 oranges.') print(result)",There are number apples and number oranges.,An error will occur,There are 5 apples and 3 oranges.,There are number apples and 3 oranges.,A,,medium,web:Examveda.com https://www.examveda.com/python-program/practice-mcq-question-on-regular-expressions-in-python/,
Python Programming,regular expressions in python,How can you search for a specific pattern in a string using regular expressions in Python?,By using the search() function from the re module,By using the find() function,By using the locate() function,By using the match() function,A,,medium,web:Examveda.com https://www.examveda.com/python-program/practice-mcq-question-on-regular-expressions-in-python/,
Python Programming,regular expressions in python,Which of the following creates a pattern object?,re.create(str),re.regex(str),re.compile(str),re.assemble(str),C,,medium,web:Examveda.com https://www.examveda.com/python-program/practice-mcq-question-on-regular-expressions-in-python/,
Python Programming,regular expressions in python,What does the function re.match do?,matches a pattern at the start of the string,matches a pattern at any position in the string,such a function does not exist,none of the mentioned,A,,medium,web:Examveda.com https://www.examveda.com/python-program/practice-mcq-question-on-regular-expressions-in-python/?page=2,
Python Programming,regular expressions in python,"What is the output of the following code: import re result = re.findall(r'bw+b', 'Hello, world!') print(result)","['Hello', 'world']",An error will occur,"['Hello,', 'world!']","['H', 'w']",B,,medium,web:Examveda.com https://www.examveda.com/python-program/practice-mcq-question-on-regular-expressions-in-python/?page=2,
Python Programming,regular expressions in python,What does the function re.search do?,matches a pattern at the start of the string,matches a pattern at any position in the string,such a function does not exist,none of the mentioned,B,,medium,web:Examveda.com https://www.examveda.com/python-program/practice-mcq-question-on-regular-expressions-in-python/?page=2,
Python Programming,regular expressions in python,"What is the output of the following code: import re result = re.search(r'hello', 'Hello, world!', re.IGNORECASE) print(result.group())",Hello,An error will occur,world,"Hello, world!",C,,medium,web:Examveda.com https://www.examveda.com/python-program/practice-mcq-question-on-regular-expressions-in-python/?page=2,
Python Programming,regular expressions in python,How can you extract a group from a matched regular expression in Python?,By using the group() method on the match object,By using the extract() function,By using the re.extract() method,By using the group keyword,A,,medium,web:Examveda.com https://www.examveda.com/python-program/practice-mcq-question-on-regular-expressions-in-python/?page=2,
Python Programming,regular expressions in python,What is the purpose of the re.DOTALL flag in Python?,"It makes the . character match any character, including newline",It defines a new flag,It converts strings to regular expressions,It specifies a starting position,A,,medium,web:Examveda.com https://www.examveda.com/python-program/practice-mcq-question-on-regular-expressions-in-python/?page=2,
Python Programming,regular expressions in python,What will be the output of the following code: import re pattern = re.compile(r'd+') result = pattern.search('There are 5 apples and 3 oranges.') print(result.group()),5,An error will occur,3,"['5', '3']",D,,medium,web:Examveda.com https://www.examveda.com/python-program/practice-mcq-question-on-regular-expressions-in-python/?page=2,
Python Programming,regular expressions in python,The function of re.search is . . . . . . . .,Matches a pattern at the start of the string,Matches a pattern at the end of the string,Matches a pattern from any part of a string,Such a function does not exist,C,,medium,web:Examveda.com https://www.examveda.com/python-program/practice-mcq-question-on-regular-expressions-in-python/?page=2,
Python Programming,regular expressions in python,How can you match the beginning of a string using regular expressions?,By using the ^ symbol,By using the start keyword,By using the first keyword,By using the initial keyword,A,,medium,web:Examveda.com https://www.examveda.com/python-program/practice-mcq-question-on-regular-expressions-in-python/?page=2,
Python Programming,regular expressions in python,"What will be the output of the following Python code? 
re.split('\W+', 'Hello, hello, hello.')","['Hello', 'hello', 'hello.']","['Hello, 'hello', 'hello']","['Hello', 'hello', 'hello', '.']","['Hello', 'hello', 'hello', ""]",D,,medium,web:Examveda.com https://www.examveda.com/python-program/practice-mcq-question-on-regular-expressions-in-python/?page=3,
Python Programming,regular expressions in python,". . . . . . . . matches the start of the string. 
. . . . . . . . matches the end of the string.","'^', '$'","'$', '^'","'$', '?'","'?', '^'",A,,medium,web:Examveda.com https://www.examveda.com/python-program/practice-mcq-question-on-regular-expressions-in-python/?page=3,
Python Programming,regular expressions in python,"What is the output of the following code: import re result = re.search(r'd{2}', 'There are 25 apples and 3 oranges.') print(result.group())",25,An error will occur,2,5,A,,medium,web:Examveda.com https://www.examveda.com/python-program/practice-mcq-question-on-regular-expressions-in-python/?page=3,
Python Programming,regular expressions in python,"What will be the output of the following Python code? 
re.compile('hello', re.X)","['h', 'e', 'l', 'l', 'o']","re.compile('hello', re.VERBOSE)",Error,Junk value,B,,medium,web:Examveda.com https://www.examveda.com/python-program/practice-mcq-question-on-regular-expressions-in-python/?page=3,
Python Programming,regular expressions in python,"What will be the output of the following Python code? 
re.subn('A', 'X', 'AAAAAA', count=4)","'XXXXAA, 4'","('AAAAAA', 4)","('XXXXAA', 4)","'AAAAAA, 4'",C,,medium,web:Examveda.com https://www.examveda.com/python-program/practice-mcq-question-on-regular-expressions-in-python/?page=3,
Python Programming,regular expressions in python,What is the purpose of the re.findall() function in Python?,It finds all occurrences of a pattern in a string and returns them as a list,It converts strings to regular expressions,It searches for a match anywhere in the string,It checks if a string contains a specific character,A,,medium,web:Examveda.com https://www.examveda.com/python-program/practice-mcq-question-on-regular-expressions-in-python/?page=3,
Python Programming,regular expressions in python,Which of the following functions clears the regular expression cache?,re.sub(),re.pos(),re.purge(),re.subn(),C,,medium,web:Examveda.com https://www.examveda.com/python-program/practice-mcq-question-on-regular-expressions-in-python/?page=3,
Python Programming,regular expressions in python,"What will be the output of the following Python code? 
re.split(r'\s+', 'Chrome is better than explorer', maxspilt=3)","['Chrome', 'is', 'better', 'than', 'explorer']","['Chrome', 'is', 'better', 'than explorer']","('Chrome', 'is', 'better', 'than explorer')",'Chrome is better' 'than explorer',B,,medium,web:Examveda.com https://www.examveda.com/python-program/practice-mcq-question-on-regular-expressions-in-python/?page=3,
Python Programming,regular expressions in python,"What will be the output of the following Python code? 
import re
re.ASCII",8,32,64,256,D,,medium,web:Examveda.com https://www.examveda.com/python-program/practice-mcq-question-on-regular-expressions-in-python/?page=3,
Python Programming,regular expressions in python,"What will be the output of the following Python code? 
re.escape('new**world')",'new world','new\\*\\*world','**',"'new', '*', '*', 'world'",B,,medium,web:Examveda.com https://www.examveda.com/python-program/practice-mcq-question-on-regular-expressions-in-python/?page=4,
Python Programming,regular expressions in python,Which of the following functions results in case insensitive matching?,re.A,re.U,re.I,re.X,C,,medium,web:Examveda.com https://www.examveda.com/python-program/practice-mcq-question-on-regular-expressions-in-python/?page=4,
Python Programming,regular expressions in python,Which of the following will result in an error?,">>> p = re.compile(""d"") 
>>> p.search(""door"")",>>> p = re.escape(‘hello’),>>> p = re.subn(),>>> p = re.purge(),C,,medium,web:Examveda.com https://www.examveda.com/python-program/practice-mcq-question-on-regular-expressions-in-python/?page=4,
Python Programming,regular expressions in python,The expression a{5} will match . . . . . . . . characters with the previous regular expression.,5 or less,exactly 5,5 or more,exactly 4,B,,medium,web:Examveda.com https://www.examveda.com/python-program/practice-mcq-question-on-regular-expressions-in-python/?page=4,
Python Programming,regular expressions in python,What is the purpose of the re.VERBOSE flag in Python?,It allows you to write more readable and organized regular expressions,It compiles a regular expression,It converts strings to regular expressions,It specifies a starting position,A,,medium,web:Examveda.com https://www.examveda.com/python-program/practice-mcq-question-on-regular-expressions-in-python/?page=4,
Python Programming,regular expressions in python,"What will be the output of the following Python code? 
m = re.search('a', 'The blue umbrella')
m.re.pattern",{},'The blue umbrella','a',No output,C,,medium,web:Examveda.com https://www.examveda.com/python-program/practice-mcq-question-on-regular-expressions-in-python/?page=4,
Python Programming,regular expressions in python,"What will be the output of the following Python code? 
sentence = 'horses are fast'
regex = re.compile('(?P<animal>\w+) (?P<verb>\w+) (?P<adjective>\w+)')
matched = re.search(regex, sentence)
print(matched.groupdict())","{'animal': 'horses', 'verb': 'are', 'adjective': 'fast'}","('horses', 'are', 'fast')",'horses are fast','are',A,,medium,web:Examveda.com https://www.examveda.com/python-program/practice-mcq-question-on-regular-expressions-in-python/?page=4,
Python Programming,regular expressions in python,How can you specify a range of characters in a character class in regular expressions?,By using a hyphen - between the characters,"By using a comma , between the characters",By using a colon : between the characters,By using a tilde ~ between the characters,A,,medium,web:Examveda.com https://www.examveda.com/python-program/practice-mcq-question-on-regular-expressions-in-python/?page=4,
Python Programming,regular expressions in python,"What will be the output of the following Python function? 
re.findall(""hello world"", ""hello"", 1)","[""hello""]",[ ],hello,hello world,B,,medium,web:Examveda.com https://www.examveda.com/python-program/practice-mcq-question-on-regular-expressions-in-python/?page=4,
Python Programming,regular expressions in python,"In the functions re.search.start(group) and re.search.end(group), if the argument groups not specified, it defaults to . . . . . . . .",Zero,None,One,Error,A,,medium,web:Examveda.com https://www.examveda.com/python-program/practice-mcq-question-on-regular-expressions-in-python/?page=5,
Python Programming,regular expressions in python,What is a character class in regular expressions?,A set of characters enclosed in square brackets that matches any character in the set,A built-in function,A specific character,A special data type,A,,medium,web:Examveda.com https://www.examveda.com/python-program/practice-mcq-question-on-regular-expressions-in-python/?page=5,
Python Programming,regular expressions in python,"What will be the output of the following Python code? 
re.split(r'(a)(t)', 'Maths is a difficult subject')",['M a t h s i s a d i f f i c u l t s u b j e c t'],"['Maths', 'is', 'a', 'difficult', 'subject']",Maths is a difficult subject',"['M', 'a', 't', 'hs is a difficult subject']",D,,medium,web:Examveda.com https://www.examveda.com/python-program/practice-mcq-question-on-regular-expressions-in-python/?page=5,
Python Programming,regular expressions in python,"What will be the output of the following code: import re pattern = re.compile(r'b[A-Z]+b') result = pattern.findall('Hello, WORLD!') print(result)","['Hello', 'WORLD']",An error will occur,"['Hello,', 'WORLD!']","['H', 'W']",A,,medium,web:Examveda.com https://www.examveda.com/python-program/practice-mcq-question-on-regular-expressions-in-python/?page=5,
Python Programming,regular expressions in python,"What will be the output of the following Python code? 
n = re.sub(r'\w+', 'Hello', 'Cats and dogs')","Hello 
Hello 
Hello",‘Hello Hello Hello’,"[‘Hello’, ‘Hello’, ‘Hello’]","(‘Hello’, ‘Hello’, ‘Hello’)",B,,medium,web:Examveda.com https://www.examveda.com/python-program/practice-mcq-question-on-regular-expressions-in-python/?page=5,
Python Programming,regular expressions in python,What is the purpose of the re.sub() function in Python?,It replaces occurrences of a pattern with a specified string,It converts strings to regular expressions,It searches for a match anywhere in the string,It checks if a string contains a specific character,A,,medium,web:Examveda.com https://www.examveda.com/python-program/practice-mcq-question-on-regular-expressions-in-python/?page=5,
Python Programming,regular expressions in python,What is the purpose of the re.MULTILINE flag in Python?,It makes the ^ and $ characters match the beginning and end of each line,It compiles a regular expression,It converts strings to regular expressions,It specifies a starting position,A,,medium,web:Examveda.com https://www.examveda.com/python-program/practice-mcq-question-on-regular-expressions-in-python/?page=5,
Python Programming,regular expressions in python,The difference between the functions re.sub and re.subn is that re.sub returns a . . . . . . . . whereas re.subn returns a . . . . . . . .,"string, list","list, tuple","string, tuple","tuple, list",C,,medium,web:Examveda.com https://www.examveda.com/python-program/practice-mcq-question-on-regular-expressions-in-python/?page=5,
Python Programming,regular expressions in python,"What will be the output of the following Python code? 
re.split('mum', 'mumbai*', 1)",Error,"["", 'bai*']","["", 'bai']",['bai*'],B,,medium,web:Examveda.com https://www.examveda.com/python-program/practice-mcq-question-on-regular-expressions-in-python/?page=5,
Python Programming,regular expressions in python,"The special character B matches the empty string, but only when it is . . . . . . . .",at the beginning or end of a word,not at the beginning or end of a word,at the beginning of the word,at the end of the word,B,,medium,web:Examveda.com https://www.examveda.com/python-program/practice-mcq-question-on-regular-expressions-in-python/?page=5,
Python Programming,regular expressions in python,Which of the following functions returns a dictionary mapping group names to group numbers?,re.compile.group,re.compile.groupindex,re.compile.index,re.compile.indexgroup,B,,medium,web:Examveda.com https://www.examveda.com/python-program/practice-mcq-question-on-regular-expressions-in-python/?page=6,
Python Programming,regular expressions in python,"What will be the output of the following Python code? 
re.split('[a-c]', '0a3B6', re.I)",Error,"['a', 'B']","['0', '3B6']",['a'],C,,medium,web:Examveda.com https://www.examveda.com/python-program/practice-mcq-question-on-regular-expressions-in-python/?page=6,
Python Programming,regular expressions in python,"What will be the output of the following Python code? 
import re
s = 'abc123 xyz666 lmn-11 def77'
re.sub(r'\b([a-z]+)(\d+)', r'\2\1:', s)",'123abc: 666xyz: lmn-11 77def:','77def: lmn-11: 666xyz: 123abc',"'abc123:', 'xyz666:', 'lmn-11:', 'def77:'",'abc123: xyz666: lmn-11: def77',A,,medium,web:Examveda.com https://www.examveda.com/python-program/practice-mcq-question-on-regular-expressions-in-python/?page=6,
Python Programming,regular expressions in python,Which of the following statements regarding the output of the function re.match is incorrect?,'pq*' will match 'pq','pq?' matches 'p',"'p{4}, q' does not match 'pppq'",'pq+' matches 'p',D,,medium,web:Examveda.com https://www.examveda.com/python-program/practice-mcq-question-on-regular-expressions-in-python/?page=6,
Python Programming,regular expressions in python,How can you replace a matched pattern with a new string using regular expressions in Python?,By using the sub() function from the re module,By using the replace() function,By using the new() function,By using the replace keyword,A,,medium,web:Examveda.com https://www.examveda.com/python-program/practice-mcq-question-on-regular-expressions-in-python/?page=6,
Python Programming,regular expressions in python,Which of the following pattern matching modifiers permits whitespace and comments inside the regular expression?,re.L,re.S,re.U,re.X,D,,medium,web:Examveda.com https://www.examveda.com/python-program/practice-mcq-question-on-regular-expressions-in-python/?page=6,
Python Programming,regular expressions in python,How can you match zero or more occurrences of a pattern in regular expressions?,By using the * symbol after the pattern,By using the ? symbol after the pattern,By using the + symbol after the pattern,By using the # symbol after the pattern,A,,medium,web:Examveda.com https://www.examveda.com/python-program/practice-mcq-question-on-regular-expressions-in-python/?page=6,
Python Programming,regular expressions in python,"What will be the output of the following Python code? 
re.split(r'(n\d)=', 'n1=3.1, n2=5, n3=4.565')",Error,"["", 'n1', '3.1, ', 'n2', '5, ', 'n3', '4.565']","['n1', '3.1, ', 'n2', '5, ', 'n3', '4.565']","['3.1, ', '5, ', '4.565']",B,,medium,web:Examveda.com https://www.examveda.com/python-program/practice-mcq-question-on-regular-expressions-in-python/?page=6,
Python Programming,regular expressions in python,Choose the option wherein the two choices do not refer to the same option.,"re.I 
re.IGNORECASE","re.M 
re.MULTILINE","re.X 
re.VERBOSE","re.L 
re.LOWERCASE",D,,medium,web:Examveda.com https://www.examveda.com/python-program/practice-mcq-question-on-regular-expressions-in-python/?page=6,
Python Programming,regular expressions in python,"What will be the output of the following code: import re result = re.findall(r'd{1,3}', 'There are 25 apples and 300 oranges.') print(result)","['25', '300']",An error will occur,"['25', '0']","['2', '3']",A,,medium,web:Examveda.com https://www.examveda.com/python-program/practice-mcq-question-on-regular-expressions-in-python/?page=6,
Python Programming,regular expressions in python,"What is the output of the following code: import re result = re.sub(r's', '-', 'This is a test.') print(result)",This-is-a-test.,An error will occur,This--is--a--test.,This- is a test.,A,,medium,web:Examveda.com https://www.examveda.com/python-program/practice-mcq-question-on-regular-expressions-in-python/?page=7,
Python Programming,regular expressions in python,"What will be the output of the following Python code? 
sentence = 'we are humans'
matched = re.match(r'(.*) (.*?) (.*)', sentence)
print(matched.group())","('we', 'are', 'humans')","(we, are, humans)","('we', 'humans')",'we are humans',D,,medium,web:Examveda.com https://www.examveda.com/python-program/practice-mcq-question-on-regular-expressions-in-python/?page=7,
Python Programming,regular expressions in python,Which of the following functions does not accept any argument?,re.purge,re.compile,re.findall,re.match,A,,medium,web:Examveda.com https://www.examveda.com/python-program/practice-mcq-question-on-regular-expressions-in-python/?page=7,
Python Programming,regular expressions in python,How can you match either of two patterns in regular expressions using the | operator?,By using `pattern1,pattern2`,"By using pattern1,pattern2",By using pattern1/pattern2,A,,medium,web:Examveda.com https://www.examveda.com/python-program/practice-mcq-question-on-regular-expressions-in-python/?page=7,
Python Programming,regular expressions in python,What is the purpose of the re.search() function in Python?,It searches for a match anywhere in the string,It converts strings to regular expressions,It finds all occurrences of a pattern in a string,It checks if a string contains a specific character,A,,medium,web:Examveda.com https://www.examveda.com/python-program/practice-mcq-question-on-regular-expressions-in-python/?page=7,
Python Programming,regular expressions in python,"What will be the output of the following Python code? 
re.findall('good', 'good is good')
re.findall('good', 'bad is good')","[‘good’, ‘good’] 
[‘good’]","(‘good’, ‘good’) 
(good)","(‘good’) 
(‘good’)","[‘good’] 
[‘good’]",A,,medium,web:Examveda.com https://www.examveda.com/python-program/practice-mcq-question-on-regular-expressions-in-python/?page=7,
Python Programming,regular expressions in python,How can you match the end of a string using regular expressions?,By using the $ symbol,By using the end keyword,By using the last keyword,By using the terminate keyword,A,,medium,web:Examveda.com https://www.examveda.com/python-program/practice-mcq-question-on-regular-expressions-in-python/?page=7,
Python Programming,regular expressions in python,"What will be the output of the following Python code? 
a=re.compile('[0-9]+')
a.findall('7 apples and 3 mangoes')",['apples' 'and' 'mangoes'],"(7, 4)","['7', '4']",Error,C,,medium,web:Examveda.com https://www.examveda.com/python-program/practice-mcq-question-on-regular-expressions-in-python/?page=7,
Python Programming,regular expressions in python,The function of re.match is . . . . . . . .,Error,Matches a pattern anywhere in the string,Matches a pattern at the end of the string,Matches a pattern at the start of the string,D,,medium,web:Examveda.com https://www.examveda.com/python-program/practice-mcq-question-on-regular-expressions-in-python/?page=7,
Python Programming,regular expressions in python,"What will be the output of the following Python code? 
import re
s = ""A new day""
m = re.match(r'(.*)(.*?)', s)
print(m.group(2))
 
print(m.group(0))","No output 
A new day","No output 
No output","[‘A’, ‘new’, ‘day’] 
(‘A’, ‘new’, ‘day’)","Error 
[‘A’, ‘new’, ‘day’]",A,,medium,web:Examveda.com https://www.examveda.com/python-program/practice-mcq-question-on-regular-expressions-in-python/?page=8,
Python Programming,regular expressions in python,"What will be the output of the following Python code? 
s = 'welcome home'
m = re.match(r'(.*)(.*?)', s)
print(m.group())","('welcome', 'home')","['welcome', 'home']",welcome home,['welcome' // 'home' ],C,,medium,web:Examveda.com https://www.examveda.com/python-program/practice-mcq-question-on-regular-expressions-in-python/?page=8,
Python Programming,regular expressions in python,What is the output of the following code: import re pattern = re.compile(r'(d+)s(w+)') result = pattern.findall('There are 5 apples and 3 oranges.') print(result),"[('5', 'apples'), ('3', 'oranges')]",An error will occur,"[('5', 'and'), ('3', 'and')]","[('5', '3'), ('apples', 'oranges')]",A,,medium,web:Examveda.com https://www.examveda.com/python-program/practice-mcq-question-on-regular-expressions-in-python/?page=8,
Python Programming,regular expressions in python,"What will be the output of the following Python code? 
a = re.compile('0-9')
a.findall('3 trees')",[],['3'],Error,['trees'],C,,medium,web:Examveda.com https://www.examveda.com/python-program/practice-mcq-question-on-regular-expressions-in-python/?page=8,
Python Programming,regular expressions in python,Which of the following functions creates a Python object?,re.compile(str),re.assemble(str),re.regex(str),re.create(str),A,,medium,web:Examveda.com https://www.examveda.com/python-program/practice-mcq-question-on-regular-expressions-in-python/?page=8,
Python Programming,regular expressions in python,"Which of the following special characters represents a comment (that is, the contents of the parenthesis are simply ignores)?",(?:...),(?=...),(?!...),(?#...),D,,medium,web:Examveda.com https://www.examveda.com/python-program/practice-mcq-question-on-regular-expressions-in-python/?page=8,
Python Programming,regular expressions in python,"What will be the output of the following Python code? 
sentence = 'we are humans'
matched = re.match(r'(.*) (.*?) (.*)', sentence)
print(matched.groups())","('we', 'are', 'humans')","(we, are, humans)","('we', 'humans')",'we are humans',A,,medium,web:Examveda.com https://www.examveda.com/python-program/practice-mcq-question-on-regular-expressions-in-python/?page=8,
Python Programming,regular expressions in python,Which of the following special characters matches a pattern only at the end of the string?,B,X,Z,A,C,,medium,web:Examveda.com https://www.examveda.com/python-program/practice-mcq-question-on-regular-expressions-in-python/?page=8,
Python Programming,regular expressions in python,"What will be the output of the following Python code? 
re.sub('Y', 'X', 'AAAAAA', count=2)",'YXAAAA',('YXAAAA'),('AAAAAA'),'AAAAAA',D,,medium,web:Examveda.com https://www.examveda.com/python-program/practice-mcq-question-on-regular-expressions-in-python/?page=9,
Python Programming,regular expressions in python,"What will be the output of the following Python code? 
sentence = 'horses are fast'
regex = re.compile('(?P<animal>\w+) (?P<verb>\w+) (?P<adjective>\w+)')
matched = re.search(regex, sentence)
print(matched.group(2))","{'animal': 'horses', 'verb': 'are', 'adjective': 'fast'}","('horses', 'are', 'fast')",'horses are fast','are',D,,medium,web:Examveda.com https://www.examveda.com/python-program/practice-mcq-question-on-regular-expressions-in-python/?page=9,
Python Programming,regular expressions in python,"What will be the output of the following Python code? 
sentence = 'we are humans'
matched = re.match(r'(.*) (.*?) (.*)', sentence)
print(matched.group(2))",'are','we','humans','we are humans',C,,medium,web:Examveda.com https://www.examveda.com/python-program/practice-mcq-question-on-regular-expressions-in-python/?page=9,
Python Programming,regular expressions in python,Which of the following lines of code will not show a match?,">>> re.match('ab*', 'a')",">>> re.match('ab*', 'ab')",">>> re.match('ab*', 'abb')",">>> re.match('ab*', 'ba')",D,,medium,web:Examveda.com https://www.examveda.com/python-program/practice-mcq-question-on-regular-expressions-in-python/?page=9,
Python Programming,regular expressions in python,"The character Dot (that is, '.') in the default mode, matches any character other than . . . . . . . .",caret,ampersand,percentage symbol,newline,D,,medium,web:Examveda.com https://www.examveda.com/python-program/practice-mcq-question-on-regular-expressions-in-python/?page=9,
Python Programming,regular expressions in python,"What will be the output of the following Python code? 
re.sub('morning', 'evening', 'good morning')",'good evening','good','morning','evening',A,,medium,web:Examveda.com https://www.examveda.com/python-program/practice-mcq-question-on-regular-expressions-in-python/?page=9,
Python Programming,regular expressions in python,"What will be the output of the following Python code? 
sentence = 'horses are fast'
regex = re.compile('(?P<animal>\w+) (?P<verb>\w+) (?P<adjective>\w+)')
matched = re.search(regex, sentence)
print(matched.groups())","{'animal': 'horses', 'verb': 'are', 'adjective': 'fast'}","('horses', 'are', 'fast')",'horses are fast','are',B,,medium,web:Examveda.com https://www.examveda.com/python-program/practice-mcq-question-on-regular-expressions-in-python/?page=9,
Python Programming,regular expressions in python,Choose the function whose output can be: .,">>> re.search('aaaa', ""alohaaaa"", 0)",">>> re.match('aaaa', ""alohaaaa"", 0)",">>> re.match('aaa', ""alohaaa"", 0)",">>> re.search('aaa', ""alohaaa"", 0)",A,,medium,web:Examveda.com https://www.examveda.com/python-program/practice-mcq-question-on-regular-expressions-in-python/?page=9,
Python Programming,regular expressions in python,"What will be the output of the following Python code? 
w = re.compile('[A-Za-z]+')
w.findall('It will rain today')",'It will rain today',('It will rain today'),['It will rain today'],"['It', 'will', 'rain', 'today']",D,,medium,web:Examveda.com https://www.examveda.com/python-program/practice-mcq-question-on-regular-expressions-in-python/?page=9,
Python Programming,files handling in python,How do you open a file named data.txt in read mode in Python?,"file = open('data.txt', 'r')","file = open('data.txt', 'read')","file = open('data.txt', 'read mode')",file = open('data.txt'),A,,medium,web:Examveda.com https://www.examveda.com/python-program/practice-mcq-question-on-files-handling-in-python/,
Python Programming,files handling in python,What is the purpose of the with statement in file handling?,It ensures that the file is properly closed after usage,It creates a new file,It reads the file contents,It deletes the file,A,,medium,web:Examveda.com https://www.examveda.com/python-program/practice-mcq-question-on-files-handling-in-python/,
Python Programming,files handling in python,How can you write data to a file in Python?,By using the write() method on a file object,By using the save() function,By using the put() function,By using the append() method,A,,medium,web:Examveda.com https://www.examveda.com/python-program/practice-mcq-question-on-files-handling-in-python/,
Python Programming,files handling in python,What does the read() method of a file object do?,It reads the entire contents of the file,It writes data to the file,It closes the file,It deletes the file,A,,medium,web:Examveda.com https://www.examveda.com/python-program/practice-mcq-question-on-files-handling-in-python/,
Python Programming,files handling in python,How can you read a single line from a file in Python?,By using the readline() method on a file object,By using the line() function,By using the get_line() method,By using the read() method,A,,medium,web:Examveda.com https://www.examveda.com/python-program/practice-mcq-question-on-files-handling-in-python/,
Python Programming,files handling in python,What is the purpose of the seek() method in file handling?,It changes the file position to a specified offset,It searches for a string in the file,It appends data to the end of the file,It reads a specific line,A,,medium,web:Examveda.com https://www.examveda.com/python-program/practice-mcq-question-on-files-handling-in-python/,
Python Programming,files handling in python,How can you read the entire contents of a file line by line in Python?,By using a for loop with the file object,By using the readlines() method on a file object,By using the readline() method on a file object,By using the line() function,B,,medium,web:Examveda.com https://www.examveda.com/python-program/practice-mcq-question-on-files-handling-in-python/,
Python Programming,files handling in python,"What is the output of the following code: with open('data.txt', 'a') as file: file.write('Appended line.') with open('data.txt', 'r') as file: content = file.read() print(content)",Contents of data.txt with the appended line,An error will occur,Appended line.,file object,D,,medium,web:Examveda.com https://www.examveda.com/python-program/practice-mcq-question-on-files-handling-in-python/,
Python Programming,files handling in python,How can you create a new file in Python if it doesn't exist?,By using the 'x' mode when opening the file,By using the 'create' keyword,By using the new() function,By using the 'c' mode when opening the file,A,,medium,web:Examveda.com https://www.examveda.com/python-program/practice-mcq-question-on-files-handling-in-python/,
Python Programming,files handling in python,"To open a file c:\scores.txt for reading, we use . . . . . . . .","infile = open(“c:\scores.txt”, “r”)","infile = open(“c:\\scores.txt”, “r”)","infile = open(file = “c:\scores.txt”, “r”)","infile = open(file = “c:\\scores.txt”, “r”)",B,,medium,web:Examveda.com https://www.examveda.com/python-program/practice-mcq-question-on-files-handling-in-python/,
Python Programming,files handling in python,"To open a file c:\scores.txt for appending data, we use . . . . . . . .","outfile = open(“c:\\scores.txt”, “a”)","outfile = open(“c:\\scores.txt”, “rw”)","outfile = open(file = “c:\scores.txt”, “w”)","outfile = open(file = “c:\\scores.txt”, “w”)",A,,medium,web:Examveda.com https://www.examveda.com/python-program/practice-mcq-question-on-files-handling-in-python/?page=2,
Python Programming,files handling in python,How can you close a file in Python?,By using the close() method on a file object,By using the end() function,By using the exit() method,By using the terminate() method,A,,medium,web:Examveda.com https://www.examveda.com/python-program/practice-mcq-question-on-files-handling-in-python/?page=2,
Python Programming,files handling in python,What is the purpose of the tell() method in file handling?,It returns the current file position,It reads the file contents,It closes the file,It appends data to the file,A,,medium,web:Examveda.com https://www.examveda.com/python-program/practice-mcq-question-on-files-handling-in-python/?page=2,
Python Programming,files handling in python,"To open a file c:\scores.txt for writing, we use . . . . . . . .","outfile = open(“c:\scores.txt”, “w”)","outfile = open(“c:\\scores.txt”, “w”)","outfile = open(file = “c:\scores.txt”, “w”)","outfile = open(file = “c:\\scores.txt”, “w”)",B,,medium,web:Examveda.com https://www.examveda.com/python-program/practice-mcq-question-on-files-handling-in-python/?page=2,
Python Programming,files handling in python,Which of the following statements are true?,"When you open a file for reading, if the file does not exist, an error occurs","When you open a file for writing, if the file does not exist, a new file is created","When you open a file for writing, if the file exists, the existing file is overwritten with the new file",All of the mentioned,D,,medium,web:Examveda.com https://www.examveda.com/python-program/practice-mcq-question-on-files-handling-in-python/?page=2,
Python Programming,files handling in python,What is the purpose of the write() method in file handling?,It writes data to the file,It reads the file contents,It creates a new file,It closes the file,A,,medium,web:Examveda.com https://www.examveda.com/python-program/practice-mcq-question-on-files-handling-in-python/?page=2,
Python Programming,files handling in python,"To read two characters from a file object infile, we use . . . . . . . .",infile.read(2),infile.read(),infile.readline(),infile.readlines(),A,,medium,web:Examveda.com https://www.examveda.com/python-program/practice-mcq-question-on-files-handling-in-python/?page=2,
Python Programming,files handling in python,"What is the output of the following code: file = open('data.txt', 'r') content = file.read() print(content)",Contents of data.txt,An error will occur,file object,r,B,,medium,web:Examveda.com https://www.examveda.com/python-program/practice-mcq-question-on-files-handling-in-python/?page=2,
Python Programming,files handling in python,"What is the output of the following code: with open('data.txt', 'w') as file: file.write('Hello, world!')","The file data.txt will contain Hello, world!",An error will occur,The file data.txt will be empty,"Hello, world!",C,,medium,web:Examveda.com https://www.examveda.com/python-program/practice-mcq-question-on-files-handling-in-python/?page=2,
Python Programming,files handling in python,"What will be the output of the following code: with open('data.txt', 'r') as file: lines = file.readlines() print(len(lines))",The number of lines in data.txt,An error will occur,The content of data.txt,The file object file,A,,medium,web:Examveda.com https://www.examveda.com/python-program/practice-mcq-question-on-files-handling-in-python/?page=2,
Python Programming,files handling in python,Correct syntax of file.writelines() is?,file.writelines(sequence),fileObject.writelines(),fileObject.writelines(sequence),none of the mentioned,C,,medium,web:Examveda.com https://www.examveda.com/python-program/practice-mcq-question-on-files-handling-in-python/?page=3,
Python Programming,files handling in python,Which is/are the basic I/O connections in file?,Standard Input,Standard Output,Standard Errors,All of the mentioned,D,,medium,web:Examveda.com https://www.examveda.com/python-program/practice-mcq-question-on-files-handling-in-python/?page=3,
Python Programming,files handling in python,"What is the use of ""a"" in file handling?",Read,Write,Append,None of the mentioned,C,,medium,web:Examveda.com https://www.examveda.com/python-program/practice-mcq-question-on-files-handling-in-python/?page=3,
Python Programming,files handling in python,"Which are the two built-in functions to read a line of text from standard input, which by default comes from the keyboard?",Raw_input & Input,Input & Scan,Scan & Scanner,Scanner,A,,medium,web:Examveda.com https://www.examveda.com/python-program/practice-mcq-question-on-files-handling-in-python/?page=3,
Python Programming,files handling in python,How can you check the current position in a file in Python?,By using the tell() method on a file object,By using the position() method,By using the current_position() method,By using the get_position() method,A,,medium,web:Examveda.com https://www.examveda.com/python-program/practice-mcq-question-on-files-handling-in-python/?page=3,
Python Programming,files handling in python,How can you check if a file exists in Python before opening it?,By using the os.path.exists() function,By using the file.exists() method,By using the file.is_existing() method,By using the file.exist() method,A,,medium,web:Examveda.com https://www.examveda.com/python-program/practice-mcq-question-on-files-handling-in-python/?page=3,
Python Programming,files handling in python,Which function is used to read single line from file?,Readline(),Readlines(),Readstatement(),Readfullline(),B,,medium,web:Examveda.com https://www.examveda.com/python-program/practice-mcq-question-on-files-handling-in-python/?page=3,
Python Programming,files handling in python,Which of the following are the modes of both writing and reading in binary format in file?,wb+,w,wb,w+,A,,medium,web:Examveda.com https://www.examveda.com/python-program/practice-mcq-question-on-files-handling-in-python/?page=3,
Python Programming,files handling in python,"To read the entire remaining contents of the file as a string from a file object infile, we use . . . . . . . .",infile.read(2),infile.read(),infile.readline(),infile.readlines(),B,,medium,web:Examveda.com https://www.examveda.com/python-program/practice-mcq-question-on-files-handling-in-python/?page=3,
Python Programming,files handling in python,Which function is used to read all the characters?,Read(),Readcharacters(),Readall(),Readchar(),A,,medium,web:Examveda.com https://www.examveda.com/python-program/practice-mcq-question-on-files-handling-in-python/?page=3,
Python Programming,files handling in python,What is the current syntax of remove() a file?,remove(file_name),"remove(new_file_name, current_file_name,)","remove(() , file_name))",none of the mentioned,A,,medium,web:Examveda.com https://www.examveda.com/python-program/practice-mcq-question-on-files-handling-in-python/?page=4,
Python Programming,files handling in python,Which function is used to write all the characters?,write(),writecharacters(),writeall(),writechar(),A,,medium,web:Examveda.com https://www.examveda.com/python-program/practice-mcq-question-on-files-handling-in-python/?page=4,
Python Programming,files handling in python,"What will be the output of the following Python code? (If entered name is examveda) 
import sys
print 'Enter your name: ',
name = ''
while True:
 c = sys.stdin.read(1)
 if c == '\n':
 break
 name = name + c
 
print 'Your name is:', name",examveda,"examveda, examveda",Exa,None of the mentioned,A,,medium,web:Examveda.com https://www.examveda.com/python-program/practice-mcq-question-on-files-handling-in-python/?page=4,
Python Programming,files handling in python,What happens if no arguments are passed to the seek function?,file position is set to the start of file,file position is set to the end of file,file position remains unchanged,error,D,,medium,web:Examveda.com https://www.examveda.com/python-program/practice-mcq-question-on-files-handling-in-python/?page=4,
Python Programming,files handling in python,Correct syntax of file.readlines() is?,fileObject.readlines( sizehint );,fileObject.readlines();,fileObject.readlines(sequence),none of the mentioned,A,,medium,web:Examveda.com https://www.examveda.com/python-program/practice-mcq-question-on-files-handling-in-python/?page=4,
Python Programming,files handling in python,Which of the following mode will refer to binary data?,r,w,+,b,A,,medium,web:Examveda.com https://www.examveda.com/python-program/practice-mcq-question-on-files-handling-in-python/?page=4,
Python Programming,files handling in python,How do you get the name of a file from a file object (fp)?,fp.name,fp.file(name),self.__name__(fp),fp.__name__(),A,,medium,web:Examveda.com https://www.examveda.com/python-program/practice-mcq-question-on-files-handling-in-python/?page=4,
Python Programming,files handling in python,"In file handling, what does this terms means ""r, a""?","read, append","append, read","write, append",none of the mentioned,A,,medium,web:Examveda.com https://www.examveda.com/python-program/practice-mcq-question-on-files-handling-in-python/?page=4,
Python Programming,files handling in python,What is the use of tell() method in python?,tells you the current position within the file,tells you the end position within the file,tells you the file is opened or not,none of the mentioned,A,,medium,web:Examveda.com https://www.examveda.com/python-program/practice-mcq-question-on-files-handling-in-python/?page=4,
Python Programming,files handling in python,Which function is used to write a list of string in a file?,writeline(),writelines(),writestatement(),writefullline(),A,,medium,web:Examveda.com https://www.examveda.com/python-program/practice-mcq-question-on-files-handling-in-python/?page=4,
Python Programming,files handling in python,What does the w mode indicate when opening a file in Python?,Write mode,With mode,Wrong mode,Wide mode,A,,medium,web:Examveda.com https://www.examveda.com/python-program/practice-mcq-question-on-files-handling-in-python/?page=5,
Python Programming,files handling in python,Which of the following is not a valid mode to open a file?,ab,rw,r+,w+,B,,medium,web:Examveda.com https://www.examveda.com/python-program/practice-mcq-question-on-files-handling-in-python/?page=5,
Python Programming,files handling in python,How can you copy the contents of one file to another in Python?,By reading from one file and writing to another,By using the copy() method,By using the duplicate() method,By using the transfer() method,A,,medium,web:Examveda.com https://www.examveda.com/python-program/practice-mcq-question-on-files-handling-in-python/?page=5,
Python Programming,files handling in python,Which one of the following is not attributes of file?,closed,softspace,rename,mode,C,,medium,web:Examveda.com https://www.examveda.com/python-program/practice-mcq-question-on-files-handling-in-python/?page=5,
Python Programming,files handling in python,"What is the use of ""w"" in file handling?",Read,Write,Append,None of the mentioned,B,,medium,web:Examveda.com https://www.examveda.com/python-program/practice-mcq-question-on-files-handling-in-python/?page=5,
Python Programming,files handling in python,"What will be the output of the following Python code? 
str = raw_input(""Enter your input: "");
print ""Received input is : "", str","Enter your input: Hello Python 
Received input is : Hello Python","Enter your input: Hello Python 
Received input is : Hello","Enter your input: Hello Python 
Received input is : Python",None of the mentioned,A,,medium,web:Examveda.com https://www.examveda.com/python-program/practice-mcq-question-on-files-handling-in-python/?page=5,
Python Programming,files handling in python,"What will be the output of the following Python code? 
fo = open(""foo.txt"", ""rw+"")
print ""Name of the file: "", fo.name
 
# Assuming file has following 5 lines
# This is 1st line
# This is 2nd line
# This is 3rd line
# This is 4th line
# This is 5th line
 
for index in range(5):
 line = fo.next()
 print ""Line No %d - %s"" % (index, line)
 
# Close opened file
fo.close()",Compilation Error,Syntax Error,Displays Output,None of the mentioned,C,,medium,web:Examveda.com https://www.examveda.com/python-program/practice-mcq-question-on-files-handling-in-python/?page=5,
Python Programming,files handling in python,"What will be the output of the following Python code? 
f = None
for i in range (5):
 with open(""data.txt"", ""w"") as f:
 if i > 2:
 break
print(f.closed)",True,False,None,Error,A,,medium,web:Examveda.com https://www.examveda.com/python-program/practice-mcq-question-on-files-handling-in-python/?page=5,
Python Programming,files handling in python,How do you rename a file?,fp.name = 'new_name.txt',"os.rename(existing_name, new_name)","os.rename(fp, new_name)","os.set_name(existing_name, new_name)",B,,medium,web:Examveda.com https://www.examveda.com/python-program/practice-mcq-question-on-files-handling-in-python/?page=5,
Python Programming,files handling in python,How can you read the entire contents of a binary file in Python?,By using the read() method on a file object,By using the readlines() method on a file object,By using the readall() method on a file object,By using the readbinary() method,A,,medium,web:Examveda.com https://www.examveda.com/python-program/practice-mcq-question-on-files-handling-in-python/?page=5,
Python Programming,files handling in python,"What will be the output of the following Python code? 
str = input(""Enter your input: "");
print ""Received input is : "", str","Enter your input: [x*5 for x in range(2,10,2)] 
Received input is : [x*5 for x in range(2,10,2)]","Enter your input: [x*5 for x in range(2,10,2)] 
Received input is : [10, 30, 20, 40]","Enter your input: [x*5 for x in range(2,10,2)] 
Received input is : [10, 10, 30, 40]",None of the mentioned,A,,medium,web:Examveda.com https://www.examveda.com/python-program/practice-mcq-question-on-files-handling-in-python/?page=6,
Python Programming,files handling in python,What is unpickling?,It is used for object serialization,It is used for object deserialization,None of the mentioned,All of the mentioned,B,,medium,web:Examveda.com https://www.examveda.com/python-program/practice-mcq-question-on-files-handling-in-python/?page=6,
Python Programming,files handling in python,The readlines() method returns . . . . . . . .,str,a list of lines,a list of single characters,a list of integers,B,,medium,web:Examveda.com https://www.examveda.com/python-program/practice-mcq-question-on-files-handling-in-python/?page=6,
Python Programming,files handling in python,"What is the output of the following code: with open('data.txt', 'r') as file: lines = file.readlines() print(len(lines))",The number of lines in data.txt,An error will occur,The content of data.txt,The file object file,B,,medium,web:Examveda.com https://www.examveda.com/python-program/practice-mcq-question-on-files-handling-in-python/?page=6,
Python Programming,files handling in python,"To read the next line of the file from a file object infile, we use . . . . . . . .",infile.read(2),infile.read(),infile.readline(),infile.readlines(),C,,medium,web:Examveda.com https://www.examveda.com/python-program/practice-mcq-question-on-files-handling-in-python/?page=6,
Python Programming,files handling in python,How can you rename a file in Python?,By using the os.rename() function,By using the file.rename() method,By using the file.rename_to() method,By using the rename() method,A,,medium,web:Examveda.com https://www.examveda.com/python-program/practice-mcq-question-on-files-handling-in-python/?page=6,
Python Programming,files handling in python,What is the pickling?,It is used for object serialization,It is used for object deserialization,None of the mentioned,All of the mentioned,A,,medium,web:Examveda.com https://www.examveda.com/python-program/practice-mcq-question-on-files-handling-in-python/?page=6,
Python Programming,files handling in python,"What is the output of the following code: with open('data.txt', 'r') as file: content = file.read(10) print(content)",The first 10 characters of data.txt,An error will occur,The content of data.txt,The file object file,A,,medium,web:Examveda.com https://www.examveda.com/python-program/practice-mcq-question-on-files-handling-in-python/?page=6,
Python Programming,files handling in python,How do you close a file object (fp)?,close(fp),fclose(fp),fp.close(),fp.__close__(),C,,medium,web:Examveda.com https://www.examveda.com/python-program/practice-mcq-question-on-files-handling-in-python/?page=6,
Python Programming,files handling in python,What is the use of seek() method in files?,sets the file's current position at the offset,sets the file's previous position at the offset,sets the file's current position within the file,none of the mentioned,A,,medium,web:Examveda.com https://www.examveda.com/python-program/practice-mcq-question-on-files-handling-in-python/?page=6,
Python Programming,files handling in python,What is the purpose of the truncate() method in file handling?,It resizes the file to the specified size,It writes data to the file,It closes the file,It deletes the file,A,,medium,web:Examveda.com https://www.examveda.com/python-program/practice-mcq-question-on-files-handling-in-python/?page=7,
Python Programming,files handling in python,"To read the remaining lines of the file from a file object infile, we use . . . . . . . .",infile.read(2),infile.read(),infile.readline(),infile.readlines(),D,,medium,web:Examveda.com https://www.examveda.com/python-program/practice-mcq-question-on-files-handling-in-python/?page=7,
Python Programming,files handling in python,What is the purpose of the a mode when opening a file in Python?,Append mode,Add mode,After mode,Alter mode,A,,medium,web:Examveda.com https://www.examveda.com/python-program/practice-mcq-question-on-files-handling-in-python/?page=7,
Python Programming,files handling in python,Which function is used to close a file in python?,Close(),Stop(),End(),Closefile(),A,,medium,web:Examveda.com https://www.examveda.com/python-program/practice-mcq-question-on-files-handling-in-python/?page=7,
Python Programming,files handling in python,How do you get the current position within the file?,fp.seek(),fp.tell(),fp.loc,fp.pos,B,,medium,web:Examveda.com https://www.examveda.com/python-program/practice-mcq-question-on-files-handling-in-python/?page=7,
Python Programming,files handling in python,"What will be the output of the following Python code? 
import sys
sys.stdout.write(' Hello\n')
sys.stdout.write('Python\n')",Compilation Error,Runtime Error,Hello Python,"Hello 
Python",D,,medium,web:Examveda.com https://www.examveda.com/python-program/practice-mcq-question-on-files-handling-in-python/?page=7,
Python Programming,files handling in python,How do you delete a file?,del(fp),fp.delete(),os.remove('file'),os.delete('file'),C,,medium,web:Examveda.com https://www.examveda.com/python-program/practice-mcq-question-on-files-handling-in-python/?page=7,
Python Programming,files handling in python,How can you remove a file in Python?,By using the os.remove() function,By using the file.remove() method,By using the file.delete() method,By using the remove() method,A,,medium,web:Examveda.com https://www.examveda.com/python-program/practice-mcq-question-on-files-handling-in-python/?page=7,
Python Programming,files handling in python,Which of the following is not a valid attribute of a file object (fp)?,fp.name,fp.closed,fp.mode,fp.size,D,,medium,web:Examveda.com https://www.examveda.com/python-program/practice-mcq-question-on-files-handling-in-python/?page=7,
Python Programming,files handling in python,What is the use of truncate() method in file?,truncates the file size,deletes the content of the file,deletes the file size,none of the mentioned,A,,medium,web:Examveda.com https://www.examveda.com/python-program/practice-mcq-question-on-files-handling-in-python/?page=7,
Python Programming,files handling in python,How do you change the file position to an offset value from the start?,"fp.seek(offset, 0)","fp.seek(offset, 1)","fp.seek(offset, 2)",none of the mentioned,A,,medium,web:Examveda.com https://www.examveda.com/python-program/practice-mcq-question-on-files-handling-in-python/?page=8,
Python Programming,files handling in python,How can you open a file for both reading and writing in Python?,By using the r+ mode,By using the rw mode,By using the readwrite mode,By using the rw+ mode,A,,medium,web:Examveda.com https://www.examveda.com/python-program/practice-mcq-question-on-files-handling-in-python/?page=8,
Python Programming,files handling in python,What is the difference between r+ and w+ modes?,no difference,in r+ the pointer is initially placed at the beginning of the file and the pointer is at the end for w+,in w+ the pointer is initially placed at the beginning of the file and the pointer is at the end for r+,depends on the operating system,B,,medium,web:Examveda.com https://www.examveda.com/python-program/practice-mcq-question-on-files-handling-in-python/?page=8,
Python Programming,files handling in python,What is the purpose of the b mode when opening a file in Python?,Binary mode,Byte mode,Base mode,Bit mode,A,,medium,web:Examveda.com https://www.examveda.com/python-program/practice-mcq-question-on-files-handling-in-python/?page=8,
Python Programming,files handling in python,"What is the output of the following code: with open('data.txt', 'r') as file: lines = file.read().splitlines() print(len(lines))",The number of lines in data.txt,An error will occur,The content of data.txt,The file object file,A,,medium,web:Examveda.com https://www.examveda.com/python-program/practice-mcq-question-on-files-handling-in-python/?page=8,
Python Programming,files handling in python,What is the current syntax of rename() a file?,"rename(current_file_name, new_file_name)","rename(new_file_name, current_file_name,)","rename(()(current_file_name, new_file_name))",none of the mentioned,A,,medium,web:Examveda.com https://www.examveda.com/python-program/practice-mcq-question-on-files-handling-in-python/?page=8,
Python Programming,files handling in python,"What will be the output of the following Python code? 
fo = open(""foo.txt"", ""wb"")
print ""Name of the file: "", fo.name
fo.flush()
fo.close()",Compilation Error,Runtime Error,No Output,Flushes the file when closing them,D,,medium,web:Examveda.com https://www.examveda.com/python-program/practice-mcq-question-on-files-handling-in-python/?page=8,
Python Programming,files handling in python,What is the correct syntax of open() function?,"file = open(file_name [, access_mode][, buffering])","file object = open(file_name [, access_mode][, buffering])",file object = open(file_name),none of the mentioned,B,,medium,web:Examveda.com https://www.examveda.com/python-program/practice-mcq-question-on-files-handling-in-python/?page=8,
Python Programming,files handling in python,What is the purpose of the readlines() method in file handling?,It reads all lines of a file into a list,It writes lines to the file,It appends lines to the file,It closes the file,A,,medium,web:Examveda.com https://www.examveda.com/python-program/practice-mcq-question-on-files-handling-in-python/?page=8,
Python Programming,files handling in python,Is it possible to create a text file in python?,Yes,No,Machine dependent,All of the mentioned,A,,medium,web:Examveda.com https://www.examveda.com/python-program/practice-mcq-question-on-files-handling-in-python/?page=8,
Python Programming,classes and objects in python,What is a class in Python?,A blueprint for creating objects,A built-in function,A specific data type,A variable in Python,A,,medium,web:Examveda.com https://www.examveda.com/python-program/practice-mcq-question-on-classes-and-objects-in-python/,
Python Programming,classes and objects in python,How do you define a class in Python?,Using the class keyword,Using the define keyword,Using the classdef keyword,Using the class method,A,,medium,web:Examveda.com https://www.examveda.com/python-program/practice-mcq-question-on-classes-and-objects-in-python/,
Python Programming,classes and objects in python,What are objects in Python?,Instances of a class,Built-in functions,Special data types,Global variables,A,,medium,web:Examveda.com https://www.examveda.com/python-program/practice-mcq-question-on-classes-and-objects-in-python/,
Python Programming,classes and objects in python,How do you create an object of a class in Python?,Using the class name and parentheses,Using the create() method,Using the new keyword,Using the object() method,A,,medium,web:Examveda.com https://www.examveda.com/python-program/practice-mcq-question-on-classes-and-objects-in-python/,
Python Programming,classes and objects in python,What is the purpose of the self parameter in Python methods?,It refers to the instance of the object,It refers to the class,It refers to the method,It refers to the attribute,A,,medium,web:Examveda.com https://www.examveda.com/python-program/practice-mcq-question-on-classes-and-objects-in-python/,
Python Programming,classes and objects in python,How can you define a method in a Python class?,By defining a function within the class,By using the method keyword,By using the define keyword,By using the def keyword,A,,medium,web:Examveda.com https://www.examveda.com/python-program/practice-mcq-question-on-classes-and-objects-in-python/,
Python Programming,classes and objects in python,How can you delete an attribute of an object in Python?,By using the del keyword,By using the remove() method,By using the delete() method,By using the erase() method,A,,medium,web:Examveda.com https://www.examveda.com/python-program/practice-mcq-question-on-classes-and-objects-in-python/,
Python Programming,classes and objects in python,What is encapsulation in Python classes?,The concept of bundling data and methods that operate on the data into a single unit,A built-in function,A special data type,A variable in Python,A,,medium,web:Examveda.com https://www.examveda.com/python-program/practice-mcq-question-on-classes-and-objects-in-python/,
Python Programming,classes and objects in python,What is the purpose of the @staticmethod decorator in Python classes?,It defines a method that belongs to the class rather than an instance,It defines a static attribute,It defines a global function,It defines a constructor,A,,medium,web:Examveda.com https://www.examveda.com/python-program/practice-mcq-question-on-classes-and-objects-in-python/,
Python Programming,classes and objects in python,What is the __init__ method used for in Python classes?,It initializes the attributes of an object,It defines a method,It is a constructor,It is a destructor,A,,medium,web:Examveda.com https://www.examveda.com/python-program/practice-mcq-question-on-classes-and-objects-in-python/,
Python Programming,classes and objects in python,How can you access the attributes of an object in Python?,Using dot notation,Using parentheses,Using square brackets,Using curly braces,A,,medium,web:Examveda.com https://www.examveda.com/python-program/practice-mcq-question-on-classes-and-objects-in-python/?page=2,
Python Programming,classes and objects in python,How can you inherit a class in Python?,By creating a new class that is based on an existing class,By using the inherits keyword,By using the extends keyword,By using the inherit method,A,,medium,web:Examveda.com https://www.examveda.com/python-program/practice-mcq-question-on-classes-and-objects-in-python/?page=2,
Python Programming,classes and objects in python,What is method overriding in Python classes?,It allows a subclass to provide a specific implementation of a method that is already defined in its superclass,A built-in function,A specific data type,A special variable,A,,medium,web:Examveda.com https://www.examveda.com/python-program/practice-mcq-question-on-classes-and-objects-in-python/?page=2,
Python Programming,classes and objects in python,What is the purpose of the __str__ method in Python classes?,It returns a string representation of an object,It converts an object to a string,It defines a string attribute,It removes an attribute,A,,medium,web:Examveda.com https://www.examveda.com/python-program/practice-mcq-question-on-classes-and-objects-in-python/?page=2,
Python Programming,classes and objects in python,What is the purpose of the __del__ method in Python classes?,It is called when an object is about to be destroyed,It deletes an object,It defines a destructor,It is a constructor,A,,medium,web:Examveda.com https://www.examveda.com/python-program/practice-mcq-question-on-classes-and-objects-in-python/?page=2,
Python Programming,classes and objects in python,"Which function is called when the following Python code is executed? 
f = foo()
format(f)",format(),__format__(),str(),__str__(),D,,medium,web:Examveda.com https://www.examveda.com/python-program/practice-mcq-question-on-classes-and-objects-in-python/?page=2,
Python Programming,classes and objects in python,Which operator is overloaded by __invert__()?,!,~,^,-,B,,medium,web:Examveda.com https://www.examveda.com/python-program/practice-mcq-question-on-classes-and-objects-in-python/?page=2,
Python Programming,classes and objects in python,Which operator is overloaded by __lg__()?,<,>,!=,none of the mentioned,D,,medium,web:Examveda.com https://www.examveda.com/python-program/practice-mcq-question-on-classes-and-objects-in-python/?page=2,
Python Programming,classes and objects in python,Which operator is overloaded by the __or__() function?,||,|,//,/,B,,medium,web:Examveda.com https://www.examveda.com/python-program/practice-mcq-question-on-classes-and-objects-in-python/?page=2,
Python Programming,classes and objects in python,What is Instantiation in terms of OOP terminology?,Deleting an instance of class,Modifying an instance of class,Copying an instance of class,Creating an instance of class,D,,medium,web:Examveda.com https://www.examveda.com/python-program/practice-mcq-question-on-classes-and-objects-in-python/?page=2,
Python Programming,classes and objects in python,The assignment of more than one function to a particular operator is . . . . . . . .,Operator over-assignment,Operator overriding,Operator overloading,Operator instance,C,,medium,web:Examveda.com https://www.examveda.com/python-program/practice-mcq-question-on-classes-and-objects-in-python/?page=3,
Python Programming,classes and objects in python,What is the difference between a class variable and an instance variable in Python?,"A class variable is shared among all instances of a class, while an instance variable is unique to each instance",They are the same,An instance variable is shared among all instances,A class variable is unique to each instance,A,,medium,web:Examveda.com https://www.examveda.com/python-program/practice-mcq-question-on-classes-and-objects-in-python/?page=3,
Python Programming,classes and objects in python,How can you access a class variable in Python?,Using the class name and dot notation,Using the self keyword,Using the cls keyword,Using the object keyword,A,,medium,web:Examveda.com https://www.examveda.com/python-program/practice-mcq-question-on-classes-and-objects-in-python/?page=3,
Python Programming,classes and objects in python,. . . . . . . . represents an entity in the real world with its identity and behaviour.,A method,An object,A class,An operator,B,,medium,web:Examveda.com https://www.examveda.com/python-program/practice-mcq-question-on-classes-and-objects-in-python/?page=3,
Python Programming,classes and objects in python,. . . . . . . . is used to create an object.,class,constructor,User-defined functions,In-built functions,B,,medium,web:Examveda.com https://www.examveda.com/python-program/practice-mcq-question-on-classes-and-objects-in-python/?page=3,
Python Programming,classes and objects in python,What are the methods which begin and end with two underscore characters called?,Special methods,In-built methods,User-defined methods,Additional methods,A,,medium,web:Examveda.com https://www.examveda.com/python-program/practice-mcq-question-on-classes-and-objects-in-python/?page=3,
Python Programming,classes and objects in python,What is setattr() used for?,To access the attribute of the object,To set an attribute,To check if an attribute exists or not,To delete an attribute,B,,medium,web:Examveda.com https://www.examveda.com/python-program/practice-mcq-question-on-classes-and-objects-in-python/?page=3,
Python Programming,classes and objects in python,What is getattr() used for?,To access the attribute of the object,To delete an attribute,To check if an attribute exists or not,To set an attribute,A,,medium,web:Examveda.com https://www.examveda.com/python-program/practice-mcq-question-on-classes-and-objects-in-python/?page=3,
Python Programming,classes and objects in python,What is the output of the following code: class MyClass: x = 5 obj = MyClass() print(obj.x),5,An error will occur,obj,MyClass,C,,medium,web:Examveda.com https://www.examveda.com/python-program/practice-mcq-question-on-classes-and-objects-in-python/?page=3,
Python Programming,classes and objects in python,What is the output of the following code: class Parent: def show(self): print('Parent method') class Child(Parent): pass obj = Child() obj.show(),Parent method,An error will occur,Child method,obj,A,"The correct answer is A: Parent method 
 
Here's why: 
 
We have a class called `Parent` that has a method named `show`. This method prints ""Parent method"". 
 
Then, we create another class called `Child` that inherits from the `Parent` class. This means the `Child` class automatically gets all the methods and attributes of the `Parent` class. 
 
Importantly, the `Child` class doesn't define its own `show` method. It inherits the `show` method directly from `Parent`. 
 
We create an object of the `Child` class called `obj`. 
 
When we call `obj.show()`, Python looks for a `show` method in the `Child` class. Since it doesn't find one there, it looks in the `Parent` class (because `Child` inherits from `Parent`). 
 
It finds the `show` method in the `Parent` class and executes it. Therefore, it prints ""Parent method"".
 

 
 
 
 



 
 
 
 
 
 
 
 
 
 
 
 
 
1
2
3
4
5
6
7

 
 
 
 
 
 
 
 
 ",medium,web:Examveda.com https://www.examveda.com/python-program/practice-mcq-question-on-classes-and-objects-in-python/?page=3,
Python Programming,classes and objects in python,"Is the following Python code valid? 
class B(object):
 def first(self):
 print(""First method called"")
 def second():
 print(""Second method called"")
ob = B()
B.first(ob)",It isn't as the object declaration isn't right,It isn't as there isn't any __init__ method for initializing class members,"Yes, this method of calling is called unbounded method call","Yes, this method of calling is called bounded method call",C,,medium,web:Examveda.com https://www.examveda.com/python-program/practice-mcq-question-on-classes-and-objects-in-python/?page=4,
Python Programming,classes and objects in python,Which function overloads the == operator?,__eq__(),__equ__(),__isequal__(),none of the mentioned,A,,medium,web:Examveda.com https://www.examveda.com/python-program/practice-mcq-question-on-classes-and-objects-in-python/?page=4,
Python Programming,classes and objects in python,"What will be the output of the following Python code? 
class stud:
 def __init__(self, roll_no, grade):
 self.roll_no = roll_no
 self.grade = grade
 def display (self):
 print(""Roll no : "", self.roll_no, "", Grade: "", self.grade)
stud1 = stud(34, 'S')
stud1.age=7
print(hasattr(stud1, 'age'))",Error as age isn't defined,True,False,7,B,,medium,web:Examveda.com https://www.examveda.com/python-program/practice-mcq-question-on-classes-and-objects-in-python/?page=4,
Python Programming,classes and objects in python,What does print(Test.__name__) display (assuming Test is the name of the class)?,(),Exception is thrown,Test,__main__,C,,medium,web:Examveda.com https://www.examveda.com/python-program/practice-mcq-question-on-classes-and-objects-in-python/?page=4,
Python Programming,classes and objects in python,What is a constructor in Python classes?,A special method that is automatically called when an object is created,A built-in function,A method that creates an object,A method that destroys an object,A,,medium,web:Examveda.com https://www.examveda.com/python-program/practice-mcq-question-on-classes-and-objects-in-python/?page=4,
Python Programming,classes and objects in python,Which function overloads the + operator?,__add__(),__plus__(),__sum__(),none of the mentioned,A,,medium,web:Examveda.com https://www.examveda.com/python-program/practice-mcq-question-on-classes-and-objects-in-python/?page=4,
Python Programming,classes and objects in python,What is the purpose of the @classmethod decorator in Python classes?,It defines a method that belongs to the class and not the instance,It defines a static method,It defines a constructor,It defines a destructor,A,,medium,web:Examveda.com https://www.examveda.com/python-program/practice-mcq-question-on-classes-and-objects-in-python/?page=4,
Python Programming,classes and objects in python,What is the output of the following code: class Parent: def init(self): print('Parent constructor') class Child(Parent): def init(self): print('Child constructor') obj = Child(),Child constructor,Parent constructor,An error will occur,Child Parent,A,,medium,web:Examveda.com https://www.examveda.com/python-program/practice-mcq-question-on-classes-and-objects-in-python/?page=4,
Python Programming,classes and objects in python,How can you create a private attribute in a Python class?,By prefixing the attribute name with an underscore (_),By using the private keyword,By using the hidden keyword,By using the secure keyword,A,,medium,web:Examveda.com https://www.examveda.com/python-program/practice-mcq-question-on-classes-and-objects-in-python/?page=5,
Python Programming,classes and objects in python,"What will be the output of the following Python code? 
def add(c,k):
 c.test=c.test+1
 k=k+1
class A:
 def __init__(self):
 self.test = 0
def main():
 Count=A()
 k=0
 
 for i in range(0,25):
 add(Count,k)
 print(""Count.test="", Count.test)
 print(""k ="", k)
main()",Exception is thrown,"Count.test=25 
k=25","Count.test=25 
k=0","Count.test=0 
k=0",C,,medium,web:Examveda.com https://www.examveda.com/python-program/practice-mcq-question-on-classes-and-objects-in-python/?page=5,
Python Programming,classes and objects in python,Which function overloads the // operator?,__div__(),__ceildiv__(),__floordiv__(),__truediv__(),C,,medium,web:Examveda.com https://www.examveda.com/python-program/practice-mcq-question-on-classes-and-objects-in-python/?page=5,
Python Programming,classes and objects in python,"What will be the output of the following Python code? 
class test:
 def __init__(self,a):
 self.a=a
 
 def display(self):
 print(self.a)
obj=test()
obj.display()","Runs normally, doesn't display anything","Displays 0, which is the automatic default value",Error as one argument is required while creating the object,Error as display function requires additional argument,C,,medium,web:Examveda.com https://www.examveda.com/python-program/practice-mcq-question-on-classes-and-objects-in-python/?page=5,
Python Programming,classes and objects in python,"What will be the output of the following Python code? 
class Demo:
 def __init__(self):
 pass
 
 def test(self):
 print(__name__)
 
obj = Demo()
obj.test()",Exception is thrown,__main__,Demo,test,B,,medium,web:Examveda.com https://www.examveda.com/python-program/practice-mcq-question-on-classes-and-objects-in-python/?page=5,
Python Programming,classes and objects in python,Which of the following is not a class method?,Non-static,Static,Bounded,Unbounded,A,,medium,web:Examveda.com https://www.examveda.com/python-program/practice-mcq-question-on-classes-and-objects-in-python/?page=5,
Python Programming,classes and objects in python,What is the purpose of the super() function in Python classes?,It is used to call a method from the parent class,It is used to create an object,It is used to delete an object,It is used to inherit a class,A,,medium,web:Examveda.com https://www.examveda.com/python-program/practice-mcq-question-on-classes-and-objects-in-python/?page=5,
Python Programming,classes and objects in python,"What will be the output of the following Python code? 
class change:
 def __init__(self, x, y, z):
 self.a = x + y + z
 
x = change(1,2,3)
y = getattr(x, 'a')
setattr(x, 'a', y+1)
print(x.a)",6,7,Error,0,B,,medium,web:Examveda.com https://www.examveda.com/python-program/practice-mcq-question-on-classes-and-objects-in-python/?page=5,
Python Programming,classes and objects in python,Which of the following Python code creates an empty class?,"class A:
 return","class A:
 pass",class A:,It is not possible to create an empty class,B,,medium,web:Examveda.com https://www.examveda.com/python-program/practice-mcq-question-on-classes-and-objects-in-python/?page=5,
Python Programming,classes and objects in python,"What will be the output of the following Python code? 
class test:
 def __init__(self):
 self.variable = 'Old'
 self.Change(self.variable)
 def Change(self, var):
 var = 'New'
obj=test()
print(obj.variable)",Error because function change can't be called in the __init__ function,'New' is printed,'Old' is printed,Nothing is printed,C,,medium,web:Examveda.com https://www.examveda.com/python-program/practice-mcq-question-on-classes-and-objects-in-python/?page=6,
Python Programming,classes and objects in python,Let A and B be objects of class Foo. Which functions are called when print(A + B) is executed?,"__add__(), __str__()","__str__(), __add__()","__sum__(), __str__()","__str__(), __sum__()",A,,medium,web:Examveda.com https://www.examveda.com/python-program/practice-mcq-question-on-classes-and-objects-in-python/?page=6,
Python Programming,classes and objects in python,"What will be the output of the following Python code? 
class fruits:
 def __init__(self, price):
 self.price = price
obj=fruits(50)
 
obj.quantity=10
obj.bags=2
 
print(obj.quantity+len(obj.__dict__))",12,52,13,60,C,,medium,web:Examveda.com https://www.examveda.com/python-program/practice-mcq-question-on-classes-and-objects-in-python/?page=6,
Python Programming,classes and objects in python,"What is hasattr(obj,name) used for?",To access the attribute of the object,To delete an attribute,To check if an attribute exists or not,To set an attribute,C,,medium,web:Examveda.com https://www.examveda.com/python-program/practice-mcq-question-on-classes-and-objects-in-python/?page=6,
Python Programming,classes and objects in python,"What will be the output of the following Python code? 
class stud:
 ‘Base class for all students’
 def __init__(self, roll_no, grade):
 self.roll_no = roll_no
 self.grade = grade
 def display (self):
 print(""Roll no : "", self.roll_no, "", Grade: "", self.grade)
print(student.__doc__)",Exception is thrown,__main__,Nothing is displayed,Base class for all students,D,,medium,web:Examveda.com https://www.examveda.com/python-program/practice-mcq-question-on-classes-and-objects-in-python/?page=6,
Python Programming,classes and objects in python,What is the output of the following code: class Parent: x = 10 class Child(Parent): pass obj = Child() print(obj.x),10,An error will occur,obj,Child,A,,medium,web:Examveda.com https://www.examveda.com/python-program/practice-mcq-question-on-classes-and-objects-in-python/?page=6,
Python Programming,classes and objects in python,How can you check if an object belongs to a specific class in Python?,By using the isinstance() function,By using the belongsto() method,By using the classof() method,By using the typeof() function,A,,medium,web:Examveda.com https://www.examveda.com/python-program/practice-mcq-question-on-classes-and-objects-in-python/?page=6,
Python Programming,classes and objects in python,Which function overloads the >> operator?,__more__(),__gt__(),__ge__(),none of the mentioned,D,,medium,web:Examveda.com https://www.examveda.com/python-program/practice-mcq-question-on-classes-and-objects-in-python/?page=6,
Python Programming,classes and objects in python,How can you create a static variable in a Python class?,By defining a variable within the class but outside any method,By using the static keyword,By using the class keyword,By using the variable keyword,A,,medium,web:Examveda.com https://www.examveda.com/python-program/practice-mcq-question-on-classes-and-objects-in-python/?page=7,
Python Programming,classes and objects in python,"What will be the output of the following Python code? 
>>> class demo():
 def __repr__(self):
 return '__repr__ built-in function called'
 def __str__(self):
 return '__str__ built-in function called'
>>> s=demo()
>>> print(s)",Error,Nothing is printed,__str__ called,__repr__ called,C,,medium,web:Examveda.com https://www.examveda.com/python-program/practice-mcq-question-on-classes-and-objects-in-python/?page=7,
Python Programming,classes and objects in python,What is the purpose of the @property decorator in Python classes?,It allows you to define a method that can be accessed like an attribute,It defines a property,It defines a method,It defines a constructor,A,,medium,web:Examveda.com https://www.examveda.com/python-program/practice-mcq-question-on-classes-and-objects-in-python/?page=7,
Python Programming,classes and objects in python,What is the output of the following code: class MyClass: count = 0 def init(self): MyClass.count += 1 obj1 = MyClass() obj2 = MyClass() print(obj1.count),2,1,An error will occur,0,D,"Let's break down this Python code step-by-step: 
 
First, we have a class called `MyClass`: 
This is like a blueprint for creating objects. 
 
Inside the class, we have `count = 0`: 
This is a class variable called `count`. 
It's shared by all instances (objects) of the `MyClass`. 
Initially, it's set to 0. 
 
Next, we have `def __init__(self):`: 
This is the constructor (initializer) of the class. 
It's automatically called when you create a new object of the class. 
 
Inside the constructor, we have `MyClass.count += 1`: 
This line increments the `count` class variable by 1 every time a new object is created. 
`MyClass.count` ensures we're updating the class variable, not an instance variable. 
 
Now, let's look at the object creation: 
`obj1 = MyClass()` 
This creates the first object of the class. The `__init__` method is called, and `MyClass.count` becomes 1. 
 
`obj2 = MyClass()` 
",medium,web:Examveda.com https://www.examveda.com/python-program/practice-mcq-question-on-classes-and-objects-in-python/?page=7,
Python Programming,classes and objects in python,"What will be the output of the following Python code? 
class test:
 def __init__(self,a=""Hello World""):
 self.a=a
 
 def display(self):
 print(self.a)
obj=test()
obj.display()",The program has an error because constructor can't have default arguments,Nothing is displayed,"""Hello World"" is displayed",The program has an error display function doesn't have parameters,C,,medium,web:Examveda.com https://www.examveda.com/python-program/practice-mcq-question-on-classes-and-objects-in-python/?page=7,
Python Programming,classes and objects in python,"What is delattr(obj,name) used for?",To print deleted attribute,To delete an attribute,To check if an attribute is deleted or not,To set an attribute,B,,medium,web:Examveda.com https://www.examveda.com/python-program/practice-mcq-question-on-classes-and-objects-in-python/?page=7,
Python Programming,concept of object oriented programs in python,What is the main goal of object-oriented programming (OOP)?,To model real-world entities and their interactions,To maximize efficiency,To use fewer lines of code,To create simple programs,A,,medium,web:Examveda.com https://www.examveda.com/python-program/practice-mcq-question-on-concept-of-object-oriented-programs-in-python/,
Python Programming,concept of object oriented programs in python,What is an object in the context of object-oriented programming?,A specific data type,A built-in function,An instance of a class,A variable in Python,C,,medium,web:Examveda.com https://www.examveda.com/python-program/practice-mcq-question-on-concept-of-object-oriented-programs-in-python/,
Python Programming,concept of object oriented programs in python,What is a class in the context of object-oriented programming?,A blueprint for creating objects,A built-in function,A variable in Python,A specific data type,A,,medium,web:Examveda.com https://www.examveda.com/python-program/practice-mcq-question-on-concept-of-object-oriented-programs-in-python/,
Python Programming,concept of object oriented programs in python,Which principle of OOP promotes the reusability of code and allows a class to inherit properties and methods from another class?,Polymorphism,Abstraction,Inheritance,Encapsulation,C,,medium,web:Examveda.com https://www.examveda.com/python-program/practice-mcq-question-on-concept-of-object-oriented-programs-in-python/,
Python Programming,concept of object oriented programs in python,What is the purpose of abstraction in object-oriented programming?,It hides complex implementation details and only exposes essential features,It defines a new class,It creates abstract objects,It abstracts the data,A,,medium,web:Examveda.com https://www.examveda.com/python-program/practice-mcq-question-on-concept-of-object-oriented-programs-in-python/,
Python Programming,concept of object oriented programs in python,What does built-in function type do in context of classes?,Determines the object name of any value,Determines the class name of any value,Determines class description of any value,Determines the file name of any value,B,,medium,web:Examveda.com https://www.examveda.com/python-program/practice-mcq-question-on-concept-of-object-oriented-programs-in-python/,
Python Programming,concept of object oriented programs in python,What does single-level inheritance mean?,A subclass derives from a class which in turn derives from another class,A single superclass inherits from multiple subclasses,A single subclass derives from a single superclass,Multiple base classes inherit a single derived class,C,,medium,web:Examveda.com https://www.examveda.com/python-program/practice-mcq-question-on-concept-of-object-oriented-programs-in-python/,
Python Programming,concept of object oriented programs in python,Which of the following best describes polymorphism?,Ability of a class to derive members of another class as a part of its own definition,Means of bundling instance variables and methods in order to restrict access to certain class members,Focuses on variables and passing of variables to functions,Allows for objects of different types and behaviour to be treated as the same general type,D,,medium,web:Examveda.com https://www.examveda.com/python-program/practice-mcq-question-on-concept-of-object-oriented-programs-in-python/,
Python Programming,concept of object oriented programs in python,What does encapsulation refer to in object-oriented programming?,It defines a new class,It creates abstract objects,It hides complex implementation details and only exposes essential features,It abstracts the data,C,,medium,web:Examveda.com https://www.examveda.com/python-program/practice-mcq-question-on-concept-of-object-oriented-programs-in-python/,
Python Programming,concept of object oriented programs in python,What is the benefit of using inheritance in object-oriented programming?,It promotes code reusability and allows the creation of a new class based on an existing class,It simplifies syntax,It reduces code size,It makes programs run faster,A,,medium,web:Examveda.com https://www.examveda.com/python-program/practice-mcq-question-on-concept-of-object-oriented-programs-in-python/,
Python Programming,concept of object oriented programs in python,Which principle of OOP emphasizes the bundling of data and methods that operate on the data into a single unit?,Encapsulation,Inheritance,Abstraction,Polymorphism,A,,medium,web:Examveda.com https://www.examveda.com/python-program/practice-mcq-question-on-concept-of-object-oriented-programs-in-python/?page=2,
Python Programming,concept of object oriented programs in python,Which of the following best describes inheritance?,Ability of a class to derive members of another class as a part of its own definition,Means of bundling instance variables and methods in order to restrict access to certain class members,Focuses on variables and passing of variables to functions,Allows for implementation of elegant software that is well designed and easily modified,A,,medium,web:Examveda.com https://www.examveda.com/python-program/practice-mcq-question-on-concept-of-object-oriented-programs-in-python/?page=2,
Python Programming,concept of object oriented programs in python,Which of the following statements is wrong about inheritance?,Protected members of a class can be inherited,The inheriting class is called a subclass,Private members of a class can be inherited and accessed,Inheritance is one of the features of OOP,C,,medium,web:Examveda.com https://www.examveda.com/python-program/practice-mcq-question-on-concept-of-object-oriented-programs-in-python/?page=2,
Python Programming,concept of object oriented programs in python,What does built-in function help do in context of classes?,Determines the object name of any value,Determines the class identifiers of any value,Determines class description of any built-in type,Determines class description of any user-defined built-in type,C,,medium,web:Examveda.com https://www.examveda.com/python-program/practice-mcq-question-on-concept-of-object-oriented-programs-in-python/?page=2,
Python Programming,concept of object oriented programs in python,Which of the following statements isn't true?,A non-private method in a superclass can be overridden,A derived class is a subset of superclass,The value of a private variable in the superclass can be changed in the subclass,"When invoking the constructor from a subclass, the constructor of superclass is automatically invoked",C,,medium,web:Examveda.com https://www.examveda.com/python-program/practice-mcq-question-on-concept-of-object-oriented-programs-in-python/?page=2,
Python Programming,concept of object oriented programs in python,What is polymorphism in object-oriented programming?,It allows objects of different classes to be treated as objects of the same class,It creates polygons,It makes code more complex,It defines methods,A,,medium,web:Examveda.com https://www.examveda.com/python-program/practice-mcq-question-on-concept-of-object-oriented-programs-in-python/?page=2,
Python Programming,concept of object oriented programs in python,What is the difference between a class and an object in object-oriented programming?,"A class is a blueprint for creating objects, while an object is an instance of a class",A class is an object,They are the same,An object is a class,A,,medium,web:Examveda.com https://www.examveda.com/python-program/practice-mcq-question-on-concept-of-object-oriented-programs-in-python/?page=2,
Python Programming,concept of object oriented programs in python,What is a class variable in object-oriented programming?,A variable shared among all instances of a class,A variable within a method,A built-in variable,A specific data type,A,,medium,web:Examveda.com https://www.examveda.com/python-program/practice-mcq-question-on-concept-of-object-oriented-programs-in-python/?page=2,
Python Programming,concept of object oriented programs in python,What is the biggest reason for the use of polymorphism?,It allows the programmer to think at a more abstract level,There is less program code to write,The program will have a more elegant design and will be easier to maintain and update,Program code takes up less space,C,,medium,web:Examveda.com https://www.examveda.com/python-program/practice-mcq-question-on-concept-of-object-oriented-programs-in-python/?page=2,
Python Programming,concept of object oriented programs in python,What is the use of duck typing?,More restriction on the type values that can be passed to a given method,No restriction on the type values that can be passed to a given method,Less restriction on the type values that can be passed to a given method,Makes the program code smaller,C,,medium,web:Examveda.com https://www.examveda.com/python-program/practice-mcq-question-on-concept-of-object-oriented-programs-in-python/?page=3,
Python Programming,concept of object oriented programs in python,What is the purpose of the constructor (__init__ method) in a class in Python?,It initializes the attributes of an object,It defines a method,It is a destructor,It is a constructor,A,,medium,web:Examveda.com https://www.examveda.com/python-program/practice-mcq-question-on-concept-of-object-oriented-programs-in-python/?page=3,
Python Programming,concept of object oriented programs in python,"What will be the output of the following Python code? 
>>> class A:
 pass
>>> class B(A):
 pass
>>> obj=B()
>>> isinstance(obj,A)",True,False,Wrong syntax for isinstance() method,Invalid method for classes,A,,medium,web:Examveda.com https://www.examveda.com/python-program/practice-mcq-question-on-concept-of-object-oriented-programs-in-python/?page=3,
Python Programming,concept of object oriented programs in python,"What will be the output of the following Python code? 
class Demo:
 def __init__(self):
 self.x = 1
 def change(self):
 self.x = 10
class Demo_derived(Demo):
 def change(self):
 self.x=self.x+1
 return self.x
def main():
 obj = Demo_derived()
 print(obj.change())
 
main()",11,2,1,An exception is thrown,B,,medium,web:Examveda.com https://www.examveda.com/python-program/practice-mcq-question-on-concept-of-object-oriented-programs-in-python/?page=3,
Python Programming,concept of object oriented programs in python,What is the purpose of using abstraction in object-oriented programming?,To hide complex implementation details and focus on the essential features,To define new classes,To create abstract objects,To simplify code,A,,medium,web:Examveda.com https://www.examveda.com/python-program/practice-mcq-question-on-concept-of-object-oriented-programs-in-python/?page=3,
Python Programming,concept of object oriented programs in python,"What will be the output of the following Python code? 
class A:
 def __str__(self):
 return '1'
class B(A):
 def __init__(self):
 super().__init__()
class C(B):
 def __init__(self):
 super().__init__()
def main():
 obj1 = B()
 obj2 = A()
 obj3 = C()
 print(obj1, obj2,obj3)
main()",1 1 1,1 2 3,'1' '1' '1',An exception is thrown,A,,medium,web:Examveda.com https://www.examveda.com/python-program/practice-mcq-question-on-concept-of-object-oriented-programs-in-python/?page=3,
Python Programming,concept of object oriented programs in python,"What will be the output of the following Python code? 
class Demo:
 def __init__(self):
 self.a = 1
 self.__b = 1
 
 def display(self):
 return self.__b
obj = Demo()
print(obj.a)",The program has an error because there isn't any function to return self.a,The program has an error because b is private and display(self) is returning a private member,The program runs fine and 1 is printed,The program has an error as you can't name a class member using __b,C,,medium,web:Examveda.com https://www.examveda.com/python-program/practice-mcq-question-on-concept-of-object-oriented-programs-in-python/?page=3,
Python Programming,concept of object oriented programs in python,How does inheritance promote code reusability in object-oriented programming?,It allows a subclass to inherit attributes and methods from a parent class,It makes code run faster,It reduces code size,It simplifies syntax,A,,medium,web:Examveda.com https://www.examveda.com/python-program/practice-mcq-question-on-concept-of-object-oriented-programs-in-python/?page=3,
Python Programming,concept of object oriented programs in python,What is the main advantage of using abstraction in object-oriented programming?,It hides complex implementation details and focuses on the essential features,It reduces code size,It makes code run faster,It simplifies syntax,A,,medium,web:Examveda.com https://www.examveda.com/python-program/practice-mcq-question-on-concept-of-object-oriented-programs-in-python/?page=3,
Python Programming,concept of object oriented programs in python,Which principle of OOP is related to creating new classes by extending existing classes?,Inheritance,Polymorphism,Encapsulation,Abstraction,A,,medium,web:Examveda.com https://www.examveda.com/python-program/practice-mcq-question-on-concept-of-object-oriented-programs-in-python/?page=4,
Python Programming,concept of object oriented programs in python,"What will be the output of the following Python code? 
class A:
 def test(self):
 print(""test of A called"")
class B(A):
 def test(self):
 print(""test of B called"")
 super().test() 
class C(A):
 def test(self):
 print(""test of C called"")
 super().test()
class D(B,C):
 def test2(self):
 print(""test of D called"") 
obj=D()
obj.test()","test of B called 
test of C called 
test of A called","test of C called 
test of B called","test of B called 
test of C called","Error, all the three classes from which D derives has same method test()",A,,medium,web:Examveda.com https://www.examveda.com/python-program/practice-mcq-question-on-concept-of-object-oriented-programs-in-python/?page=4,
Python Programming,concept of object oriented programs in python,"What will be the output of the following Python code? 
class A:
 def one(self):
 return self.two()
 
 def two(self):
 return 'A'
 
class B(A):
 def two(self):
 return 'B'
obj1=A()
obj2=B()
print(obj1.two(),obj2.two())",A A,A B,B B,An exception is thrown,B,,medium,web:Examveda.com https://www.examveda.com/python-program/practice-mcq-question-on-concept-of-object-oriented-programs-in-python/?page=4,
Python Programming,concept of object oriented programs in python,"What type of inheritance is illustrated in the following Python code? 
class A():
 pass
class B():
 pass
class C(A,B):
 pass",Multi-level inheritance,Multiple inheritance,Hierarchical inheritance,Single-level inheritance,B,,medium,web:Examveda.com https://www.examveda.com/python-program/practice-mcq-question-on-concept-of-object-oriented-programs-in-python/?page=4,
Python Programming,concept of object oriented programs in python,"What will be the output of the following Python code? 
class A:
 def __init__(self):
 self._x = 5 
class B(A):
 def display(self):
 print(self._x)
def main():
 obj = B()
 obj.display()
main()","Error, invalid syntax for object declaration",Nothing is printed,5,"Error, private class member can't be accessed in a subclass",C,,medium,web:Examveda.com https://www.examveda.com/python-program/practice-mcq-question-on-concept-of-object-oriented-programs-in-python/?page=4,
Python Programming,concept of object oriented programs in python,"What will be the output of the following Python code? 
class objects:
 def __init__(self):
 self.colour = None
 self._shape = ""Circle"" 
 
 def display(self, s):
 self._shape = s
obj=objects()
print(obj._objects_shape)",The program runs fine because name mangling has been properly implemented,Error because the member shape is a protected member,Error because the proper syntax for name mangling hasn't been implemented,Error because the member shape is a private member,B,,medium,web:Examveda.com https://www.examveda.com/python-program/practice-mcq-question-on-concept-of-object-oriented-programs-in-python/?page=4,
Python Programming,concept of object oriented programs in python,"What will be the output of the following Python code? 
class A:
 def __init__(self):
 self.__x = 1
class B(A):
 def display(self):
 print(self.__x)
def main():
 obj = B()
 obj.display()
main()",1,0,"Error, invalid syntax for object declaration","Error, private class member can't be accessed in a subclass",D,,medium,web:Examveda.com https://www.examveda.com/python-program/practice-mcq-question-on-concept-of-object-oriented-programs-in-python/?page=4,
Python Programming,concept of object oriented programs in python,"What will be the output of the following Python code? 
class A:
 def __init__(self,x):
 self.x = x
 def count(self,x):
 self.x = self.x+1
class B(A):
 def __init__(self, y=0):
 A.__init__(self, 3)
 self.y = y
 def count(self):
 self.y += 1 
def main():
 obj = B()
 obj.count()
 print(obj.x, obj.y)
main()",3 0,3 1,0 1,An exception in thrown,B,,medium,web:Examveda.com https://www.examveda.com/python-program/practice-mcq-question-on-concept-of-object-oriented-programs-in-python/?page=4,
Python Programming,concept of object oriented programs in python,Which of the following is the most suitable definition for encapsulation?,Ability of a class to derive members of another class as a part of its own definition,Means of bundling instance variables and methods in order to restrict access to certain class members,Focuses on variables and passing of variables to functions,Allows for implementation of elegant software that is well designed and easily modified,B,,medium,web:Examveda.com https://www.examveda.com/python-program/practice-mcq-question-on-concept-of-object-oriented-programs-in-python/?page=5,
Python Programming,concept of object oriented programs in python,What is the purpose of the super() function in object-oriented programming?,It is used to call a method from the parent class,It creates a new class,It destroys an object,It inherits a class,A,,medium,web:Examveda.com https://www.examveda.com/python-program/practice-mcq-question-on-concept-of-object-oriented-programs-in-python/?page=5,
Python Programming,concept of object oriented programs in python,"Which of these is a private data field? 
def Demo:
def __init__(self):
 __a = 1
 self.__b = 1
 self.__c__ = 1
 __d__= 1",__a,__b,__c__,__d__,B,,medium,web:Examveda.com https://www.examveda.com/python-program/practice-mcq-question-on-concept-of-object-oriented-programs-in-python/?page=5,
Python Programming,concept of object oriented programs in python,"What will be the output of the following Python code? 
class A:
 def __init__(self,x=3):
 self._x = x 
class B(A):
 def __init__(self):
 super().__init__(5)
 def display(self):
 print(self._x)
def main():
 obj = B()
 obj.display()
 
main()",5,"Error, class member x has two values",3,"Error, protected class member can't be accessed in a subclass",A,,medium,web:Examveda.com https://www.examveda.com/python-program/practice-mcq-question-on-concept-of-object-oriented-programs-in-python/?page=5,
Python Programming,concept of object oriented programs in python,What is the purpose of the @property decorator in object-oriented programming?,It allows you to define a method that can be accessed like an attribute,It defines a property,It defines a method,It defines a constructor,A,,medium,web:Examveda.com https://www.examveda.com/python-program/practice-mcq-question-on-concept-of-object-oriented-programs-in-python/?page=5,
Python Programming,concept of object oriented programs in python,What is the purpose of using encapsulation in object-oriented programming?,To hide the internal details of an object and provide a controlled way to access and modify its attributes,To simplify syntax,To create complex objects,To promote code reusability,A,,medium,web:Examveda.com https://www.examveda.com/python-program/practice-mcq-question-on-concept-of-object-oriented-programs-in-python/?page=5,
Python Programming,concept of object oriented programs in python,How is polymorphism implemented in object-oriented programming?,By defining methods in a subclass that have the same name but different implementations as those in the parent class,By using built-in functions,By creating abstract classes,By defining class variables,A,,medium,web:Examveda.com https://www.examveda.com/python-program/practice-mcq-question-on-concept-of-object-oriented-programs-in-python/?page=5,
Python Programming,concept of object oriented programs in python,What is the primary purpose of a constructor in object-oriented programming?,To initialize the attributes of an object when it is created,To define a method,To destroy an object,To define a class,A,,medium,web:Examveda.com https://www.examveda.com/python-program/practice-mcq-question-on-concept-of-object-oriented-programs-in-python/?page=6,
Python Programming,concept of object oriented programs in python,"What will be the output of the following Python code? 
class A:
 def __init__(self, x= 1):
 self.x = x
class der(A):
 def __init__(self,y = 2):
 super().__init__()
 self.y = y
def main():
 obj = der()
 print(obj.x, obj.y)
main()","Error, the syntax of the invoking method is wrong",The program runs fine but nothing is printed,1 0,1 2,D,,medium,web:Examveda.com https://www.examveda.com/python-program/practice-mcq-question-on-concept-of-object-oriented-programs-in-python/?page=6,
Python Programming,concept of object oriented programs in python,"What will be the output of the following Python code? 
class Demo:
 def __check(self):
 return "" Demo's check ""
 def display(self):
 print(self.check())
class Demo_Derived(Demo):
 def __check(self):
 return "" Derived's check ""
Demo().display()
Demo_Derived().display()",Demo's check Derived's check,Demo's check Demo's check,Derived's check Demo's check,Syntax error,B,,medium,web:Examveda.com https://www.examveda.com/python-program/practice-mcq-question-on-concept-of-object-oriented-programs-in-python/?page=6,
Python Programming,concept of object oriented programs in python,Which of the following is false about protected class members?,They begin with one underscore,They can be accessed by subclasses,They can be accessed by name mangling method,They can be accessed within a class,C,,medium,web:Examveda.com https://www.examveda.com/python-program/practice-mcq-question-on-concept-of-object-oriented-programs-in-python/?page=6,
Python Programming,concept of object oriented programs in python,Which of these is not a fundamental features of OOP?,Encapsulation,Inheritance,Instantiation,Polymorphism,C,,medium,web:Examveda.com https://www.examveda.com/python-program/practice-mcq-question-on-concept-of-object-oriented-programs-in-python/?page=6,
Python Programming,concept of object oriented programs in python,What is the main advantage of using encapsulation in object-oriented programming?,To hide the internal details of an object and provide a controlled way to access and modify its attributes,To simplify syntax,To create complex objects,To promote code reusability,A,,medium,web:Examveda.com https://www.examveda.com/python-program/practice-mcq-question-on-concept-of-object-oriented-programs-in-python/?page=6,
Python Programming,concept of object oriented programs in python,"What will be the output of the following Python code? 
class A:
 def __init__(self, x, y):
 self.x = x
 self.y = y
 def __str__(self):
 return 1
 def __eq__(self, other):
 return self.x * self.y == other.x * other.y
obj1 = A(5, 2)
obj2 = A(2, 5)
print(obj1 == obj2)",False,1,True,An exception is thrown,C,,medium,web:Examveda.com https://www.examveda.com/python-program/practice-mcq-question-on-concept-of-object-oriented-programs-in-python/?page=6,
Python Programming,concept of object oriented programs in python,"What will be the output of the following Python code? 
class Test:
 def __init__(self):
 self.x = 0
class Derived_Test(Test):
 def __init__(self):
 Test.__init__(self)
 self.y = 1
def main():
 b = Derived_Test()
 print(b.x,b.y)
main()",Error because class B inherits A but variable x isn't inherited,0 0,0 1,"Error, the syntax of the invoking method is wrong",C,,medium,web:Examveda.com https://www.examveda.com/python-program/practice-mcq-question-on-concept-of-object-oriented-programs-in-python/?page=6,
Python Programming,concept of object oriented programs in python,Which principle of OOP allows a class to provide a specific implementation of a method that is already defined in its parent class?,Overriding,Polymorphism,Encapsulation,Inheritance,A,,medium,web:Examveda.com https://www.examveda.com/python-program/practice-mcq-question-on-concept-of-object-oriented-programs-in-python/?page=6,
Python Programming,concept of object oriented programs in python,"What will be the output of the following Python code? 
class Demo:
 def __init__(self):
 self.a = 1
 self.__b = 1
 def get(self):
 return self.__b
obj = Demo()
obj.a=45
print(obj.a)",The program runs properly and prints 45,The program has an error because the value of members of a class can't be changed from outside the class,The program runs properly and prints 1,The program has an error because the value of members outside a class can only be changed as self.a=45,A,,medium,web:Examveda.com https://www.examveda.com/python-program/practice-mcq-question-on-concept-of-object-oriented-programs-in-python/?page=7,
Python Programming,concept of object oriented programs in python,"What will be the output of the following Python code? 
class fruits:
 def __init__(self):
 self.price = 100
 self.__bags = 5
 def display(self):
 print(self.__bags)
obj=fruits()
obj.display()",The program has an error because display() is trying to print a private class member,The program runs fine but nothing is printed,The program runs fine and 5 is printed,The program has an error because display() can't be accessed,C,,medium,web:Examveda.com https://www.examveda.com/python-program/practice-mcq-question-on-concept-of-object-oriented-programs-in-python/?page=7,
Python Programming,concept of object oriented programs in python,"What will be the output of the following Python code? 
class Demo:
 def __init__(self):
 self.a = 1
 self.__b = 1
 
 def get(self):
 return self.__b
 
obj = Demo()
print(obj.get())",The program has an error because there isn't any function to return self.a,The program has an error because b is private and display(self) is returning a private member,The program has an error because b is private and hence can't be printed,The program runs fine and 1 is printed,D,,medium,web:Examveda.com https://www.examveda.com/python-program/practice-mcq-question-on-concept-of-object-oriented-programs-in-python/?page=7,
Python Programming,concept of object oriented programs in python,"What will be the output of the following Python code? 
class A:
 def __init__(self):
 self.multiply(15)
 print(self.i)
 
 def multiply(self, i):
 self.i = 4 * i;
class B(A):
 def __init__(self):
 super().__init__()
 
 def multiply(self, i):
 self.i = 2 * i;
obj = B()",15,60,An exception is thrown,30,D,,medium,web:Examveda.com https://www.examveda.com/python-program/practice-mcq-question-on-concept-of-object-oriented-programs-in-python/?page=7,
Python Programming,concept of object oriented programs in python,Methods of a class that provide access to private members of the class are called as . . . . . . . . and . . . . . . . .,getters/setters,__repr__/__str__,user-defined functions/in-built functions,__init__/__del__,A,,medium,web:Examveda.com https://www.examveda.com/python-program/practice-mcq-question-on-concept-of-object-oriented-programs-in-python/?page=7,
Python Programming,concept of object oriented programs in python,"Which principle of OOP is associated with the concept of ""IS-A"" relationship?",Inheritance,Encapsulation,Abstraction,Polymorphism,A,,medium,web:Examveda.com https://www.examveda.com/python-program/practice-mcq-question-on-concept-of-object-oriented-programs-in-python/?page=7,
Python Programming,concept of object oriented programs in python,"What will be the output of the following Python code? 
class A:
 def __init__(self):
 self.multiply(15)
 def multiply(self, i):
 self.i = 4 * i;
class B(A):
 def __init__(self):
 super().__init__()
 print(self.i)
 
 def multiply(self, i):
 self.i = 2 * i;
obj = B()",15,30,An exception is thrown,60,B,,medium,web:Examveda.com https://www.examveda.com/python-program/practice-mcq-question-on-concept-of-object-oriented-programs-in-python/?page=7,
Python Programming,concept of object oriented programs in python,"What will be the output of the following Python code? 
class A():
 def disp(self):
 print(""A disp()"")
class B(A):
 pass
obj = B()
obj.disp()",Invalid syntax for inheritance,"Error because when object is created, argument must be passed",Nothing is printed,A disp(),D,,medium,web:Examveda.com https://www.examveda.com/python-program/practice-mcq-question-on-concept-of-object-oriented-programs-in-python/?page=7,
Python Programming,concept of object oriented programs in python,"Suppose B is a subclass of A, to invoke the __init__ method in A from B, what is the line of code you should write?",A.__init__(self),B.__init__(self),A.__init__(B),B.__init__(A),A,,medium,web:Examveda.com https://www.examveda.com/python-program/practice-mcq-question-on-concept-of-object-oriented-programs-in-python/?page=8,
Python Programming,concept of object oriented programs in python,"What will be the output of the following Python code? 
class Test:
 def __init__(self):
 self.x = 0
class Derived_Test(Test):
 def __init__(self):
 self.y = 1
def main():
 b = Derived_Test()
 print(b.x,b.y)
main()",0 1,0 0,Error because class B inherits A but variable x isn't inherited,"Error because when object is created, argument must be passed like Derived_Test(1)",C,,medium,web:Examveda.com https://www.examveda.com/python-program/practice-mcq-question-on-concept-of-object-oriented-programs-in-python/?page=8,
Python Programming,concept of object oriented programs in python,"What will be the output of the following Python code? 
class Demo:
 def __new__(self):
 self.__init__(self)
 print(""Demo's __new__() invoked"")
 def __init__(self):
 print(""Demo's __init__() invoked"")
class Derived_Demo(Demo):
 def __new__(self):
 print(""Derived_Demo's __new__() invoked"")
 def __init__(self):
 print(""Derived_Demo's __init__() invoked"")
def main():
 obj1 = Derived_Demo()
 obj2 = Demo()
main()","Derived_Demo’s __init__() invoked 
Derived_Demo's __new__() invoked 
Demo's __init__() invoked 
Demo's __new__() invoked","Derived_Demo's __new__() invoked 
Demo's __init__() invoked 
Demo's __new__() invoked","Derived_Demo's __new__() invoked 
Demo's __new__() invoked","Derived_Demo’s __init__() invoked 
Demo's __init__() invoked",B,,medium,web:Examveda.com https://www.examveda.com/python-program/practice-mcq-question-on-concept-of-object-oriented-programs-in-python/?page=8,
Python Programming,concept of object oriented programs in python,What is the main advantage of using polymorphism in object-oriented programming?,It allows objects of different classes to be treated uniformly,It simplifies syntax,It reduces code size,It makes code run faster,A,,medium,web:Examveda.com https://www.examveda.com/python-program/practice-mcq-question-on-concept-of-object-oriented-programs-in-python/?page=8,
Python Programming,concept of object oriented programs in python,What is the benefit of using polymorphism in object-oriented programming?,It allows objects of different classes to be treated uniformly,It makes code run faster,It reduces code size,It simplifies syntax,A,,medium,web:Examveda.com https://www.examveda.com/python-program/practice-mcq-question-on-concept-of-object-oriented-programs-in-python/?page=8,
Python Programming,concept of object oriented programs in python,"What will be the output of the following Python code? 
class A:
 def one(self):
 return self.two() 
 def two(self):
 return 'A' 
class B(A):
 def two(self):
 return 'B'
obj2=B()
print(obj2.two())",A,An exception is thrown,A B,B,D,,medium,web:Examveda.com https://www.examveda.com/python-program/practice-mcq-question-on-concept-of-object-oriented-programs-in-python/?page=8,
Python Programming,concept of object oriented programs in python,"What will be the output of the following Python code? 
class student:
 def __init__(self):
 self.marks = 97
 self.__cgpa = 8.7
 def display(self):
 print(self.marks)
obj=student()
print(obj._student__cgpa)",The program runs fine and 8.7 is printed,Error because private class members can't be accessed,Error because the proper syntax for name mangling hasn't been implemented,The program runs fine but nothing is printed,A,,medium,web:Examveda.com https://www.examveda.com/python-program/practice-mcq-question-on-concept-of-object-oriented-programs-in-python/?page=8,
Python Programming,concept of object oriented programs in python,"What will be the output of the following Python code? 
class A:
 def test1(self):
 print("" test of A called "")
class B(A):
 def test(self):
 print("" test of B called "")
class C(A):
 def test(self):
 print("" test of C called "")
class D(B,C):
 def test2(self):
 print("" test of D called "") 
obj=D()
obj.test()","test of B called 
test of C called","test of C called 
test of B called",test of B called,"Error, both the classes from which D derives has same method test()",C,,medium,web:Examveda.com https://www.examveda.com/python-program/practice-mcq-question-on-concept-of-object-oriented-programs-in-python/?page=8,
Python Programming,concept of object oriented programs in python,"What will be the output of the following Python code? 
class A:
 def __init__(self):
 self.__i = 1
 self.j = 5
 
 def display(self):
 print(self.__i, self.j)
class B(A):
 def __init__(self):
 super().__init__()
 self.__i = 2
 self.j = 7 
c = B()
c.display()",2 7,1 5,1 7,2 5,C,,medium,web:Examveda.com https://www.examveda.com/python-program/practice-mcq-question-on-concept-of-object-oriented-programs-in-python/?page=9,
Python Programming,concept of object oriented programs in python,"What will be the output of the following Python code? 
class Demo:
 def check(self):
 return "" Demo's check "" 
 def display(self):
 print(self.check())
class Demo_Derived(Demo):
 def check(self):
 return "" Derived's check ""
Demo().display()
Demo_Derived().display()",Demo's check Derived's check,Demo's check Demo's check,Derived's check Demo's check,Syntax error,A,,medium,web:Examveda.com https://www.examveda.com/python-program/practice-mcq-question-on-concept-of-object-oriented-programs-in-python/?page=9,
Python Programming,concept of object oriented programs in python,"What will be the output of the following Python code? 
class A:
 def __repr__(self):
 return ""1""
class B(A):
 def __repr__(self):
 return ""2""
class C(B):
 def __repr__(self):
 return ""3""
o1 = A()
o2 = B()
o3 = C()
print(obj1, obj2, obj3)",1 1 1,1 2 3,'1' '1' '1',An exception is thrown,B,,medium,web:Examveda.com https://www.examveda.com/python-program/practice-mcq-question-on-concept-of-object-oriented-programs-in-python/?page=9,
Python Programming,concept of object oriented programs in python,How is the concept of abstraction achieved in object-oriented programming?,By exposing essential features and hiding complex implementation details,By making methods private,By using complex objects,By using only integers,A,,medium,web:Examveda.com https://www.examveda.com/python-program/practice-mcq-question-on-concept-of-object-oriented-programs-in-python/?page=9,
Python Programming,concept of object oriented programs in python,"What type of inheritance is illustrated in the following Python code? 
class A():
 pass
class B(A):
 pass
class C(B):
 pass",Multi-level inheritance,Multiple inheritance,Hierarchical inheritance,Single-level inheritance,A,,medium,web:Examveda.com https://www.examveda.com/python-program/practice-mcq-question-on-concept-of-object-oriented-programs-in-python/?page=9,
Python Programming,concept of object oriented programs in python,"What will be the output of the following Python code? 
class Demo:
 def __init__(self):
 self.a = 1
 self.__b = 1
 
 def display(self):
 return self.__b
 
obj = Demo()
print(obj.__b)",The program has an error because there isn't any function to return self.a,The program has an error because b is private and display(self) is returning a private member,The program has an error because b is private and hence can't be printed,The program runs fine and 1 is printed,C,,medium,web:Examveda.com https://www.examveda.com/python-program/practice-mcq-question-on-concept-of-object-oriented-programs-in-python/?page=9,
Python Programming,exception handling in python,What is the purpose of exception handling in Python?,To handle runtime errors and prevent the program from crashing,To print error messages,To ignore errors,To enhance program speed,A,,medium,web:Examveda.com https://www.examveda.com/python-program/practice-mcq-question-on-exception-handling-in-python/,
Python Programming,exception handling in python,When is the finally block executed?,when there is no exception,when there is an exception,only if some condition that has been specified is satisfied,always,D,,medium,web:Examveda.com https://www.examveda.com/python-program/practice-mcq-question-on-exception-handling-in-python/,
Python Programming,exception handling in python,What is an exception in Python?,An error that occurs during the execution of a program,A built-in function,A keyword,A specific data type,A,,medium,web:Examveda.com https://www.examveda.com/python-program/practice-mcq-question-on-exception-handling-in-python/,
Python Programming,exception handling in python,How many except statements can a try-except block have?,zero,one,more than one,more than zero,D,,medium,web:Examveda.com https://www.examveda.com/python-program/practice-mcq-question-on-exception-handling-in-python/,
Python Programming,exception handling in python,What will happen if an exception is raised in a try block and is not handled in any of the except blocks?,The program will terminate with an error message,The program will continue running,The program will go into an infinite loop,The program will pause,A,,medium,web:Examveda.com https://www.examveda.com/python-program/practice-mcq-question-on-exception-handling-in-python/,
Python Programming,exception handling in python,Which built-in Python function can be used to retrieve the error message associated with an exception?,str(),error(),message(),exc_info(),D,,medium,web:Examveda.com https://www.examveda.com/python-program/practice-mcq-question-on-exception-handling-in-python/,
Python Programming,exception handling in python,When will the else part of try-except-else be executed?,always,when an exception occurs,when no exception occurs,when an exception occurs in to except block,C,,medium,web:Examveda.com https://www.examveda.com/python-program/practice-mcq-question-on-exception-handling-in-python/,
Python Programming,exception handling in python,Can one block of except statements handle multiple exception?,"yes, like except TypeError, SyntaxError [,...]","yes, like except [TypeError, SyntaxError]",no,none of the mentioned,A,,medium,web:Examveda.com https://www.examveda.com/python-program/practice-mcq-question-on-exception-handling-in-python/,
Python Programming,exception handling in python,Which keyword is used to handle exceptions in Python?,try,catch,handle,exception,A,,medium,web:Examveda.com https://www.examveda.com/python-program/practice-mcq-question-on-exception-handling-in-python/,
Python Programming,exception handling in python,Which of the following statements is true regarding the order of except clauses?,The except clauses should be ordered from more specific exceptions to more general ones,The order does not matter,The most general exception should come first,The most specific exception should come first,A,,medium,web:Examveda.com https://www.examveda.com/python-program/practice-mcq-question-on-exception-handling-in-python/,
Python Programming,exception handling in python,What is the purpose of the except clause in a try block?,To define the block of code that will be executed if an exception is raised,To handle the exception,To raise an exception,To create a function,A,,medium,web:Examveda.com https://www.examveda.com/python-program/practice-mcq-question-on-exception-handling-in-python/?page=2,
Python Programming,exception handling in python,"What is the output of the following code: try: x = 10 / 0 except ZeroDivisionError: print(""Error!"") finally: print(""Finally!"")",Error! Finally!,Finally!,Error!,An error will occur,A,,medium,web:Examveda.com https://www.examveda.com/python-program/practice-mcq-question-on-exception-handling-in-python/?page=2,
Python Programming,exception handling in python,Which of the following is not an exception handling keyword in Python?,try,except,accept,finally,C,,medium,web:Examveda.com https://www.examveda.com/python-program/practice-mcq-question-on-exception-handling-in-python/?page=2,
Python Programming,exception handling in python,What is the purpose of the else clause in a try block?,To define the block of code that will be executed if no exception is raised,To raise an exception,To handle the exception,To create a function,A,,medium,web:Examveda.com https://www.examveda.com/python-program/practice-mcq-question-on-exception-handling-in-python/?page=2,
Python Programming,exception handling in python,What is the purpose of the finally clause in a try block?,"To define the block of code that will always be executed, whether an exception is raised or not",To handle the exception,To raise an exception,To create a function,A,,medium,web:Examveda.com https://www.examveda.com/python-program/practice-mcq-question-on-exception-handling-in-python/?page=2,
Python Programming,exception handling in python,How can you create a custom exception class in Python?,By inheriting from the Exception class,By using the throw keyword,By using the custom keyword,By creating a new class,A,,medium,web:Examveda.com https://www.examveda.com/python-program/practice-mcq-question-on-exception-handling-in-python/?page=2,
Python Programming,exception handling in python,What is the syntax to raise an exception manually in Python?,"raise Exception(""Message"")","throw Exception(""Message"")","throw(""Message"", Exception)","exception(""Message"")",A,,medium,web:Examveda.com https://www.examveda.com/python-program/practice-mcq-question-on-exception-handling-in-python/?page=2,
Python Programming,exception handling in python,"What will be the output of the following Python code? 
def getMonth(m):
 if m12:
 raise ValueError(""Invalid"")
 print(m)
getMonth(6)",ValueError,Invalid,6,"ValueError(""Invalid"")",C,,medium,web:Examveda.com https://www.examveda.com/python-program/practice-mcq-question-on-exception-handling-in-python/?page=2,
Python Programming,exception handling in python,"What will be the output of the following Python code? 
def f(x):
 yield x+1
 print(""test"")
 yield x+2
g=f(9)",Error,test,"test 
10 
12",No output,D,,medium,web:Examveda.com https://www.examveda.com/python-program/practice-mcq-question-on-exception-handling-in-python/?page=3,
Python Programming,exception handling in python,What happens when '1' == 1 is executed?,we get a True,we get a False,an TypeError occurs,a ValueError occurs,B,,medium,web:Examveda.com https://www.examveda.com/python-program/practice-mcq-question-on-exception-handling-in-python/?page=3,
Python Programming,exception handling in python,Which of the following is not a standard exception in Python?,NameError,IOError,AssignmentError,ValueError,C,,medium,web:Examveda.com https://www.examveda.com/python-program/practice-mcq-question-on-exception-handling-in-python/?page=3,
Python Programming,exception handling in python,"Is the following Python code valid? 
try:
 # Do something
except:
 # Do something
finally:
 # Do something","no, there is no such thing as finally","no, finally cannot be used with except","no, finally must come before except",yes,D,,medium,web:Examveda.com https://www.examveda.com/python-program/practice-mcq-question-on-exception-handling-in-python/?page=3,
Python Programming,exception handling in python,What is the purpose of the except clause without specifying an exception type in a try block?,To catch any exception that occurs within the try block,To catch only specific exceptions,To handle syntax errors,To define a block,A,,medium,web:Examveda.com https://www.examveda.com/python-program/practice-mcq-question-on-exception-handling-in-python/?page=3,
Python Programming,exception handling in python,"Identify the type of error in the following Python codes? 
Print(“Good Morning”)
print(“Good night)","Syntax, Syntax","Semantic, Syntax","Semantic, Semantic","Syntax, Semantic",B,,medium,web:Examveda.com https://www.examveda.com/python-program/practice-mcq-question-on-exception-handling-in-python/?page=3,
Python Programming,exception handling in python,Which of the following is not a standard Python exception?,Error,ValueError,TypeError,IndexError,A,,medium,web:Examveda.com https://www.examveda.com/python-program/practice-mcq-question-on-exception-handling-in-python/?page=3,
Python Programming,exception handling in python,What is the purpose of the sys.exc_info() function in Python?,It returns information about the currently handled exception,It prints error messages,It raises an exception,It creates a function,A,,medium,web:Examveda.com https://www.examveda.com/python-program/practice-mcq-question-on-exception-handling-in-python/?page=3,
Python Programming,exception handling in python,How can you catch and handle multiple exceptions in a single except block in Python?,By enclosing the exceptions in parentheses and separating them with commas,By using the multiple keyword,By using separate except blocks,By using the all keyword,A,,medium,web:Examveda.com https://www.examveda.com/python-program/practice-mcq-question-on-exception-handling-in-python/?page=4,
Python Programming,exception handling in python,"What will be the output of the following Python code? 
def foo():
 try:
 print(1)
 finally:
 print(2)
foo()",1 2,1,2,none of the mentioned,A,,medium,web:Examveda.com https://www.examveda.com/python-program/practice-mcq-question-on-exception-handling-in-python/?page=4,
Python Programming,exception handling in python,"What will be the output of the following Python code? 
int('65.43')",ImportError,ValueError,TypeError,NameError,B,,medium,web:Examveda.com https://www.examveda.com/python-program/practice-mcq-question-on-exception-handling-in-python/?page=4,
Python Programming,exception handling in python,An exception is . . . . . . . .,an object,a special function,a standard module,a module,A,,medium,web:Examveda.com https://www.examveda.com/python-program/practice-mcq-question-on-exception-handling-in-python/?page=4,
Python Programming,exception handling in python,"What will be the output of the following Python code? 
def f(x):
 yield x+1
 print(""test"")
 yield x+2
g=f(10)
print(next(g))
print(next(g))",No output,"11 
12","11 
test",11,B,,medium,web:Examveda.com https://www.examveda.com/python-program/practice-mcq-question-on-exception-handling-in-python/?page=4,
Python Programming,exception handling in python,"Compare the following two Python codes shown below and state the output if the input entered in each case is -6? 
CODE 1
import math
num=int(input(""Enter a number of whose factorial you want to find""))
print(math.factorial(num))
 
CODE 2
num=int(input(""Enter a number of whose factorial you want to find""))
print(math.factorial(num))","ValueError, NameError","AttributeError, ValueError","NameError, TypeError","TypeError, ValueError",A,,medium,web:Examveda.com https://www.examveda.com/python-program/practice-mcq-question-on-exception-handling-in-python/?page=4,
Python Programming,exception handling in python,"What will be the output of the following Python code? 
lst = [1, 2, 3]
lst[3]",NameError,ValueError,IndexError,TypeError,C,,medium,web:Examveda.com https://www.examveda.com/python-program/practice-mcq-question-on-exception-handling-in-python/?page=5,
Python Programming,exception handling in python,"What will be the output of the following Python code? 
def a():
 try:
 f(x, 4)
 finally:
 print('after f')
 print('after f?')
a()",No output,after f?,error,after f,C,,medium,web:Examveda.com https://www.examveda.com/python-program/practice-mcq-question-on-exception-handling-in-python/?page=5,
Python Programming,exception handling in python,"What will be the output of the following Python code? 
x=10
y=8
assert x>y, 'X too small'",Assertion Error,10 8,No output,108,C,,medium,web:Examveda.com https://www.examveda.com/python-program/practice-mcq-question-on-exception-handling-in-python/?page=5,
Python Programming,exception handling in python,"What will be the output of the following Python code? 
#generator
def f(x):
 yield x+1
g=f(8)
print(next(g))",8,9,7,Error,B,,medium,web:Examveda.com https://www.examveda.com/python-program/practice-mcq-question-on-exception-handling-in-python/?page=5,
Python Programming,exception handling in python,"What will be the output of the following Python code if the input entered is 6? 
valid = False
while not valid:
 try:
 n=int(input(""Enter a number""))
 while n%2==0:
 print(""Bye"")
 valid = True
 except ValueError:
 print(""Invalid"")",Bye (printed once),No output,Invalid (printed once),Bye (printed infinite number of times),D,,medium,web:Examveda.com https://www.examveda.com/python-program/practice-mcq-question-on-exception-handling-in-python/?page=5,
Python Programming,exception handling in python,"The error displayed in the following Python code is? 
import itertools
l1=(1, 2, 3)
l2=[4, 5, 6]
l=itertools.chain(l1, l2)
print(next(l1))",'list' object is not iterator,'tuple' object is not iterator,'list' object is iterator,'tuple' object is iterator,B,,medium,web:Examveda.com https://www.examveda.com/python-program/practice-mcq-question-on-exception-handling-in-python/?page=6,
Python Programming,exception handling in python,"What will be the output of the following Python code? 
def f(x):
 for i in range(5):
 yield i
g=f(8)
print(list(g))","[0, 1, 2, 3, 4]","[1, 2, 3, 4, 5, 6, 7, 8]","[1, 2, 3, 4, 5]","[0, 1, 2, 3, 4, 5, 6, 7]",A,,medium,web:Examveda.com https://www.examveda.com/python-program/practice-mcq-question-on-exception-handling-in-python/?page=6,
Python Programming,exception handling in python,"What will be the output of the following Python code? 
try:
 if '1' != 1:
 raise ""someError""
 else:
 print(""someError has not occurred"")
except ""someError"":
 print (""someError has occurred"")",someError has occurred,someError has not occurred,invalid code,none of the mentioned,C,,medium,web:Examveda.com https://www.examveda.com/python-program/practice-mcq-question-on-exception-handling-in-python/?page=6,
Python Programming,exception handling in python,"Is the following Python code valid? 
try:
 # Do something
except:
 # Do something
else:
 # Do something","no, there is no such thing as else","no, else cannot be used with except","no, else must come before except",yes,D,,medium,web:Examveda.com https://www.examveda.com/python-program/practice-mcq-question-on-exception-handling-in-python/?page=6,
Python Programming,exception handling in python,"What will be the output of the following Python code, if the time module has already been imported? 
4 + '3'",NameError,IndexError,ValueError,TypeError,D,,medium,web:Examveda.com https://www.examveda.com/python-program/practice-mcq-question-on-exception-handling-in-python/?page=6,
Python Programming,exception handling in python,Which of the following blocks will be executed whether an exception is thrown or not?,except,else,finally,assert,C,,medium,web:Examveda.com https://www.examveda.com/python-program/practice-mcq-question-on-exception-handling-in-python/?page=7,
Python Programming,exception handling in python,. . . . . . . . exceptions are raised as a result of an error in opening a particular file.,ValueError,TypeError,ImportError,IOError,D,,medium,web:Examveda.com https://www.examveda.com/python-program/practice-mcq-question-on-exception-handling-in-python/?page=7,
Python Programming,exception handling in python,"What will be the output of the following Python code? 
t[5]",IndexError,NameError,TypeError,ValeError,B,,medium,web:Examveda.com https://www.examveda.com/python-program/practice-mcq-question-on-exception-handling-in-python/?page=7,
Python Programming,exception handling in python,"What happens if the file is not found in the following Python code? 
a=False
while not a:
 try:
 f_n = input(""Enter file name"")
 i_f = open(f_n, 'r')
 except:
 print(""Input file not found"")",No error,Assertion error,Input output error,Name error,A,,medium,web:Examveda.com https://www.examveda.com/python-program/practice-mcq-question-on-exception-handling-in-python/?page=7,
Python Programming,exception handling in python,Which of the following is true about the finally clause in exception handling?,"The code in the finally block always executes, regardless of whether an exception is raised or not",The finally block should always come before the try block,The finally block is optional,The code in the finally block executes only if an exception is caught,A,,medium,web:Examveda.com https://www.examveda.com/python-program/practice-mcq-question-on-exception-handling-in-python/?page=7,
Python Programming,generators and iterators,What is a generator in Python?,A function that generates random numbers,A special type of list,A way to define classes,A function that yields values one at a time,D,"The correct answer is Option D: A function that yields values one at a time. 
Generators in Python are functions defined using the yield statement. They generate values lazily, one at a time, allowing for efficient memory usage, especially with large datasets. When called, a generator function returns an iterator object but does not start execution immediately. Instead, it suspends its state and resumes execution when the next() method is called on the iterator object. This makes generators a powerful tool for handling large datasets or infinite sequences efficiently.",medium,web:Examveda.com https://www.examveda.com/python-program/practice-mcq-question-on-generators-and-iterators/,
Python Programming,generators and iterators,How is a generator different from a regular function?,A generator uses the return keyword,A generator can yield multiple values,A generator uses the break statement,A generator uses the continue statement,B,"The correct answer is Option B: A generator can yield multiple values. 
Generators and regular functions in Python are different in how they operate. Regular functions use the return keyword to return a single result and terminate execution. In contrast, generators use the yield keyword to produce a sequence of values lazily. Generators can yield multiple values over successive calls to the next() function or through iteration, whereas regular functions return only once. This feature of generators enables them to efficiently handle large datasets or infinite sequences without consuming excessive memory.",medium,web:Examveda.com https://www.examveda.com/python-program/practice-mcq-question-on-generators-and-iterators/,
Python Programming,generators and iterators,What is an advantage of using generators for large datasets?,They use more memory,They are slower than loops,They are easier to implement,They use less memory,D,"The correct answer is Option D: They use less memory. 
Generators offer a significant advantage for handling large datasets because they use memory more efficiently. Unlike storing the entire dataset in memory at once, generators produce values lazily, one at a time, as needed. This means that only a small portion of the dataset needs to be in memory at any given time, reducing memory usage significantly. As a result, generators are particularly useful when working with datasets that are too large to fit into memory all at once, enabling more efficient and scalable processing.",medium,web:Examveda.com https://www.examveda.com/python-program/practice-mcq-question-on-generators-and-iterators/,
Python Programming,generators and iterators,How do you define a generator function in Python?,Using the generator keyword,Using the def keyword and yield statement,Using the gen keyword,Using the function keyword,B,"The correct answer is Option B: Using the def keyword and yield statement. 
To define a generator function in Python, you use the def keyword like a regular function, but instead of returning a value using the return keyword, you use the yield statement to yield a value. The yield statement suspends the function's execution and returns the yielded value to the caller. Subsequent calls to the generator function continue execution from where it was previously suspended. This allows generator functions to generate values lazily and efficiently, one at a time, as needed.",medium,web:Examveda.com https://www.examveda.com/python-program/practice-mcq-question-on-generators-and-iterators/,
Python Programming,generators and iterators,What happens when you call a generator function?,It immediately produces all values,It returns a list of values,It sets up a generator object,It creates a tuple of values,C,"The correct answer is Option C: It sets up a generator object. 
When you call a generator function in Python, it doesn't immediately produce all values or return a list of values. Instead, it sets up and returns a generator object. This generator object can then be used to iterate over the values produced by the generator function. The generator object maintains the state of the generator function, allowing it to yield values lazily, one at a time, as needed. This lazy evaluation mechanism enables efficient handling of large datasets or infinite sequences without loading all values into memory at once.",medium,web:Examveda.com https://www.examveda.com/python-program/practice-mcq-question-on-generators-and-iterators/,
Python Programming,generators and iterators,How are values produced in a generator function?,Using the yield keyword,Using the return keyword,Using the print() function,Using the generate keyword,A,"The correct answer is Option A: Using the yield keyword. 
Values are produced in a generator function using the yield keyword. When a generator function encounters a yield statement, it temporarily suspends its execution and returns the yielded value. Subsequent calls to the generator function continue execution from where it was previously suspended, allowing it to generate values lazily, one at a time, as needed. This mechanism enables generators to efficiently handle large datasets or infinite sequences without loading all values into memory at once.",medium,web:Examveda.com https://www.examveda.com/python-program/practice-mcq-question-on-generators-and-iterators/,
Python Programming,generators and iterators,How is a generator object iterated in a for loop?,Using the yield keyword,By using the next() function,By using the for keyword,By using the get() method,C,"The correct answer is Option C: By using the for keyword. 
A generator object is iterated in a for loop by using the for keyword. When you use a for loop to iterate over a generator object, Python automatically calls the next() function on the generator object to retrieve each value yielded by the generator function. This process continues until the generator function is exhausted, at which point the loop terminates. This convenient syntax allows you to easily iterate over the values produced by a generator without explicitly calling next() or managing the loop termination condition.",medium,web:Examveda.com https://www.examveda.com/python-program/practice-mcq-question-on-generators-and-iterators/,
Python Programming,generators and iterators,What does the StopIteration exception indicate in generators?,Generator reached its end,Generator is paused,Generator encountered an error,Generator is still producing values,A,"The correct answer is Option A: Generator reached its end. 
The StopIteration exception indicates that a generator has reached its end. In Python, when a generator function exhausts all the values it can yield, it automatically raises a StopIteration exception to signal the end of iteration. This exception is commonly used internally by Python to manage iteration over generator objects. When you iterate over a generator using a for loop or manually using the next() function, Python handles this exception behind the scenes, terminating the iteration gracefully. This mechanism allows for seamless handling of generator exhaustion without the need for explicit termination conditions.",medium,web:Examveda.com https://www.examveda.com/python-program/practice-mcq-question-on-generators-and-iterators/,
Python Programming,generators and iterators,Which of the following is NOT a benefit of using generators?,Improved memory efficiency,Faster execution than loops,Easier debugging,Lazy evaluation,C,"Option A: Improved memory efficiency. 
This option is a well-known benefit of using generators. Generators produce values lazily, meaning they only generate values when requested, rather than storing all values in memory at once. This lazy evaluation mechanism results in improved memory efficiency, especially when dealing with large datasets or infinite sequences. 

Option B: Faster execution than loops. 
This option is not correct because generators do not inherently execute faster than loops. In fact, due to the additional functionality they provide, such as suspending and resuming execution with each yield statement, generators might introduce a slight overhead. While generators offer other benefits like improved memory efficiency and lazy evaluation, faster execution compared to loops is not one of them. 

Option C: Easier debugging. 
This option is incorrect. Debugging generator fun",medium,web:Examveda.com https://www.examveda.com/python-program/practice-mcq-question-on-generators-and-iterators/,
Python Programming,generators and iterators,What is the main purpose of a generator expression in Python?,To create new generators,To generate random numbers,To produce sequences of values lazily,To define classes,C,"The correct answer is Option C: To produce sequences of values lazily. 
Generator expressions in Python are used to produce sequences of values lazily, meaning they generate values on-demand as they are requested, rather than eagerly generating all values upfront. This lazy evaluation mechanism allows for efficient memory usage, especially when dealing with large datasets or infinite sequences. Generator expressions are concise and readable, making them a convenient way to define generators without the need for writing a separate generator function. They are often used in scenarios where a one-time sequence of values needs to be generated for processing or iteration. 

 
 
 
 



 
 
 
 
 
 
 
 
 
 
 
 
 1
2
3

 
 
 
 
 
 
 
 
 
 

 
 

 -->
 
 
 


 

-->
 
 
 Copyright © 2026 Examveda.com
 
 
 
 
 
 
 
 
 
 About Us |
 Terms & Condition |
 Privacy Policy |
 Contact Us",medium,web:Examveda.com https://www.examveda.com/python-program/practice-mcq-question-on-generators-and-iterators/,
Python Programming,generators and iterators,How is a generator expression defined in Python?,Using square brackets [...],Using parentheses (...),Using curly braces {...},Using angle brackets,B,"The correct answer is Option B: Using parentheses (...). 
A generator expression in Python is defined using parentheses (...) syntax. Inside the parentheses, you write an expression that generates values, similar to a list comprehension but with parentheses instead of square brackets. The expression can be a simple expression or a more complex one involving conditionals or nested expressions. When iterated over, a generator expression produces values lazily, one at a time, without storing the entire sequence in memory at once. This lazy evaluation mechanism makes generator expressions efficient for handling large datasets or infinite sequences.",medium,web:Examveda.com https://www.examveda.com/python-program/practice-mcq-question-on-generators-and-iterators/?page=2,
Python Programming,generators and iterators,What is the primary purpose of the itertools module in Python?,To generate random numbers,To manipulate strings,To work with iterators and generators,To perform mathematical calculations,C,"The correct answer is Option C: To work with iterators and generators. 
The primary purpose of the itertools module in Python is to work with iterators and generators. This module provides a collection of functions for creating and manipulating iterators for efficient looping. It offers various iterator-building blocks that can be combined to form complex iterators or generators. Some commonly used functions in itertools include count(), cycle(), repeat(), chain(), zip_longest(), and many more. These functions enable developers to write efficient and concise code when working with iterators and generators, making itertools an essential tool for tasks involving iteration and data processing.",medium,web:Examveda.com https://www.examveda.com/python-program/practice-mcq-question-on-generators-and-iterators/?page=2,
Python Programming,generators and iterators,What is an iterator in Python?,A list of values,A function that returns values,An object that produces values one at a time,A variable used in for loops,C,"The correct answer is Option C: An object that produces values one at a time. 
An iterator in Python is an object that produces values one at a time. It implements two methods, iter() and next(), which enable it to be iterated over using a for loop or by calling the next() function. When iterating over an iterator, it produces values lazily, generating the next value only when requested. This lazy evaluation mechanism allows iterators to efficiently handle large datasets or infinite sequences without loading all values into memory at once.",medium,web:Examveda.com https://www.examveda.com/python-program/practice-mcq-question-on-generators-and-iterators/?page=2,
Python Programming,generators and iterators,Which built-in Python function is used to create an iterator from an iterable?,next(),iter(),yield(),generate(),B,"The correct answer is Option B: iter(). 
The iter() function is used to create an iterator from an iterable object in Python. When called with an iterable object as its argument, such as a list, tuple, or string, iter() returns an iterator object that can be iterated over using a for loop or by calling the next() function. This allows for easy iteration over the elements of the iterable, one at a time, using the iterator protocol.",medium,web:Examveda.com https://www.examveda.com/python-program/practice-mcq-question-on-generators-and-iterators/?page=2,
Python Programming,generators and iterators,What is the role of the __iter__() and __next__() methods in iterators?,They define the class constructor,They define the class destructor,They define iteration behavior,They define the yield keyword,C,"The correct answer is Option C: They define iteration behavior. 
The iter() and next() methods in iterators are used to define the iteration behavior of an object. 

 iter() method returns the iterator object itself and is called when the iterator is initialized. It sets up the iterator for iteration. 
 next() method returns the next item in the sequence and is called each time the next item is requested during iteration. It raises a StopIteration exception when there are no more items to return. 

These methods together define the iterator protocol, allowing objects to be iterated over using a for loop or by calling the next() function.",medium,web:Examveda.com https://www.examveda.com/python-program/practice-mcq-question-on-generators-and-iterators/?page=2,
Python Programming,generators and iterators,What is the purpose of using the yield from statement in generators?,To yield values directly,To yield values from another generator,To stop the generator,To skip a value,B,"The correct answer is Option B: To yield values from another generator. 
The yield from statement in generators is used to delegate the generation of values to another generator. When a generator encounters yield from, it delegates the generation of values to another iterable (which could be another generator), and yields values from it one by one. This simplifies the syntax for delegating to sub-generators, making the code more readable and concise. Additionally, it allows for the propagation of exceptions raised by the sub-generator back to the main generator.",medium,web:Examveda.com https://www.examveda.com/python-program/practice-mcq-question-on-generators-and-iterators/?page=2,
Python Programming,generators and iterators,What is the advantage of using generator expressions over list comprehensions?,Generator expressions are faster,List comprehensions consume less memory,Generator expressions return lists,List comprehensions are more readable,B,"The correct answer is Option B: List comprehensions consume less memory. 
List comprehensions and generator expressions both offer a concise syntax for creating sequences in Python. However, one advantage of using generator expressions over list comprehensions is that generator expressions consume less memory. While list comprehensions eagerly generate all values and store them in memory as a list, generator expressions produce values lazily, one at a time, as they are requested. This lazy evaluation mechanism allows generator expressions to save memory, especially when dealing with large datasets or infinite sequences. Therefore, generator expressions are more memory-efficient compared to list comprehensions.",medium,web:Examveda.com https://www.examveda.com/python-program/practice-mcq-question-on-generators-and-iterators/?page=2,
Python Programming,generators and iterators,How do you manually create an iterator in Python?,Using a generator function,Using a list comprehension,Using a for loop,Using a class with __next__() method,D,"The correct answer is Option D: Using a class with next() method. 
To manually create an iterator in Python, you can define a class that implements the iterator protocol by including the iter() and next() methods. The iter() method returns the iterator object itself, and the next() method returns the next item in the sequence or raises a StopIteration exception when there are no more items to return. By using this approach, you have full control over the iteration behavior and can define custom logic for generating the sequence of values.",medium,web:Examveda.com https://www.examveda.com/python-program/practice-mcq-question-on-generators-and-iterators/?page=2,
Python Programming,generators and iterators,What is the purpose of the itertools.chain() function?,To create chain mail armor,To merge multiple iterators into one,To filter elements from an iterator,To sort elements in an iterator,B,"The correct answer is Option B: To merge multiple iterators into one. 
The purpose of the itertools.chain() function is to merge multiple iterators into one single iterator. When called with multiple iterable arguments, chain() returns an iterator that yields values from each iterable consecutively, effectively chaining them together into a single sequence. This is useful when you need to iterate over multiple sequences as if they were one continuous sequence, without creating a new combined data structure like a list.",medium,web:Examveda.com https://www.examveda.com/python-program/practice-mcq-question-on-generators-and-iterators/?page=2,
Python Programming,generators and iterators,How can you create an infinite generator in Python?,By using a for loop,By using the iter() function,By using the while loop,By using the infinity() function,C,"The correct answer is Option C: By using the while loop. 
You can create an infinite generator in Python by using a while loop. Inside the while loop, you can use the yield statement to yield values infinitely. Since a while loop can continue indefinitely as long as its condition remains true, you can use it to create a generator that produces an infinite sequence of values. This allows you to generate values lazily, one at a time, without having to predefine the length of the sequence. 

 
 
 
 



 
 
 
 
 
 
 
 
 
 
 
 
 
1
2
3

 
 
 
 
 
 
 
 
 
 

 
 

 -->
 
 
 


 

-->
 
 
 Copyright © 2026 Examveda.com
 
 
 
 
 
 
 
 
 
 About Us |
 Terms & Condition |
 Privacy Policy |
 Contact Us",medium,web:Examveda.com https://www.examveda.com/python-program/practice-mcq-question-on-generators-and-iterators/?page=2,
Python Programming,generators and iterators,What is the purpose of the itertools.count() function?,To count the number of elements in an iterator,To generate an increasing sequence of numbers,To calculate the average of elements,To calculate the sum of elements,B,"The correct answer is Option B: To generate an increasing sequence of numbers. 
The purpose of the itertools.count() function is to generate an infinite sequence of numbers starting from a specified start value (default is 0) and incrementing by a specified step value (default is 1). This function returns an iterator that produces an unending sequence of numbers, allowing you to create iterators for counting purposes or for generating sequences of increasing numbers. It is commonly used in scenarios where you need to generate an infinite sequence of numbers or to create an index for iterating over another iterable.",medium,web:Examveda.com https://www.examveda.com/python-program/practice-mcq-question-on-generators-and-iterators/?page=3,
Python Programming,generators and iterators,What is a coroutine in Python?,A specialized class for iteration,A generator with two yield statements,A function that can yield control and later resume,A function that only returns values,C,"The correct answer is Option C: A function that can yield control and later resume. 
A coroutine in Python is a function that can yield control back to the caller and later resume execution from the point it left off. Unlike regular functions, which execute to completion and return a single value, coroutines can yield values using the yield statement, allowing for cooperative multitasking and asynchronous programming. Coroutines are commonly used in asynchronous frameworks like asyncio to handle concurrent execution and manage asynchronous tasks efficiently.",medium,web:Examveda.com https://www.examveda.com/python-program/practice-mcq-question-on-generators-and-iterators/?page=3,
Python Programming,generators and iterators,How is a coroutine defined in Python using the async keyword?,coroutine def,def coroutine,async def,def async,C,"The correct answer is Option C: async def. 
In Python, a coroutine is defined using the async def syntax. This keyword combination indicates to the interpreter that the function is a coroutine, allowing it to use asynchronous features such as await expressions and yield statements within the function body. The async def syntax is specifically designed for defining coroutines, providing a clear and concise way to declare asynchronous functions in Python.",medium,web:Examveda.com https://www.examveda.com/python-program/practice-mcq-question-on-generators-and-iterators/?page=3,
Python Programming,generators and iterators,What is the purpose of the await keyword in asynchronous programming?,To create new coroutines,To pause a coroutine's execution,To terminate a coroutine,To run a coroutine synchronously,B,"The correct answer is Option B: To pause a coroutine's execution. 
In asynchronous programming in Python, the await keyword is used to pause the execution of a coroutine until a certain condition is met or until another coroutine completes its execution. When the await keyword is encountered within an asynchronous function or coroutine, it suspends the execution of that coroutine and allows other tasks to run concurrently. This non-blocking behavior enables asynchronous code to perform I/O-bound operations efficiently without blocking the event loop, improving overall performance and responsiveness of the application.",medium,web:Examveda.com https://www.examveda.com/python-program/practice-mcq-question-on-generators-and-iterators/?page=3,
Python Programming,generators and iterators,How is an asynchronous generator defined in Python?,Using the async yield keyword,Using the async generator keyword,Using the async def keyword with yield,Using the async keyword with a regular generator,D,"The correct answer is Option D: Using the async keyword with a regular generator. 
In Python, an asynchronous generator is defined by using the async keyword with a regular generator function. This means that you define a generator function using the def keyword, and then decorate it with the async keyword. This combination indicates to the interpreter that the generator function is asynchronous and can be used with asynchronous programming constructs such as await expressions. By using this syntax, you can create asynchronous generators that yield values lazily, allowing for efficient handling of asynchronous data streams. 

 
 
 
 



 
 
 
 
 
 
 
 
 
 
 
 
 
1
2
3
 
 
 
 
 
 
 
 
 
 

 
 

 -->
 
 
 


 

-->
 
 
 Copyright © 2026 Examveda.com
 
 
 
 
 
 
 
 
 
 About Us |
 Terms & Condition |
 Privacy Policy |
 Contact Us",medium,web:Examveda.com https://www.examveda.com/python-program/practice-mcq-question-on-generators-and-iterators/?page=3,
Python Programming,decorators in depth,What are decorators in Python?,Design patterns,Functions that add functionality to other functions,Programming languages,Built-in Python modules,B,Decorators are functions that enhance or modify the behavior of other functions.,medium,web:Examveda.com https://www.examveda.com/python-program/practice-mcq-question-on-decorators-in-depth/,
Python Programming,decorators in depth,How is a decorator defined in Python?,Using the @decorator syntax,By calling the decorator() function,Using the def keyword,Using the modify() keyword,A,Decorators are defined using the @decorator_name syntax above a function definition.,medium,web:Examveda.com https://www.examveda.com/python-program/practice-mcq-question-on-decorators-in-depth/,
Python Programming,decorators in depth,What is the primary purpose of using decorators?,To reduce code complexity,To replace existing functions,To add functionalities to functions,To remove functionalities from functions,C,Decorators are used to add or modify functionalities of functions without changing their code.,medium,web:Examveda.com https://www.examveda.com/python-program/practice-mcq-question-on-decorators-in-depth/,
Python Programming,decorators in depth,How can you pass arguments to a decorator in Python?,By modifying the decorator's code,By using the @decorator syntax,By defining arguments within the function,By using the args keyword,B,Arguments can be passed to decorators using the @decorator(arg) syntax.,medium,web:Examveda.com https://www.examveda.com/python-program/practice-mcq-question-on-decorators-in-depth/,
Python Programming,decorators in depth,What is a common use case of decorators?,Replacing built-in functions,Adding logging or authentication to functions,Removing error handling from functions,Changing the function's name,B,"Decorators are often used to add features like logging, authentication, or authorization to functions.",medium,web:Examveda.com https://www.examveda.com/python-program/practice-mcq-question-on-decorators-in-depth/,
Python Programming,decorators in depth,How does the order of applying multiple decorators matter?,It doesn't matter,It depends on the number of decorators,It affects the order of execution,It changes the function's return value,C,The order of applying decorators can affect the order in which their functionalities are executed.,medium,web:Examveda.com https://www.examveda.com/python-program/practice-mcq-question-on-decorators-in-depth/,
Python Programming,decorators in depth,What is a higher-order function in the context of decorators?,A function that returns a function,A function that takes a function as an argument,A function that only contains decorators,A function with multiple return statements,B,Higher-order functions accept functions as arguments and/or return functions as results.,medium,web:Examveda.com https://www.examveda.com/python-program/practice-mcq-question-on-decorators-in-depth/,
Python Programming,decorators in depth,How do you create a decorator that takes arguments?,Using the @decorator syntax,By using the @decorator(arg) syntax,By using the @decorator() syntax,By using the decorator(arg) function,B,A decorator that takes arguments is applied using the @decorator(arg) syntax.,medium,web:Examveda.com https://www.examveda.com/python-program/practice-mcq-question-on-decorators-in-depth/,
Python Programming,decorators in depth,What is the purpose of the functools.wraps() function in decorators?,To create a new function,To modify the decorator's behavior,To preserve the original function's metadata,To remove a decorator,C,functools.wraps() preserves the original function's metadata when using decorators.,medium,web:Examveda.com https://www.examveda.com/python-program/practice-mcq-question-on-decorators-in-depth/,
Python Programming,decorators in depth,What is the difference between a class-based decorator and a function-based decorator?,Class-based decorators use fewer resources,Class-based decorators can't accept arguments,Function-based decorators are more flexible,Function-based decorators are slower,C,"Function-based decorators are generally more flexible and can accept arguments more easily than class-based decorators. 

 
 
 
 



 
 
 
 
 
 
 
 
 
 
 
 
 1
2
3

 
 
 
 
 
 
 
 
 
 

 
 

 -->
 
 
 


 

-->
 
 
 Copyright © 2026 Examveda.com
 
 
 
 
 
 
 
 
 
 About Us |
 Terms & Condition |
 Privacy Policy |
 Contact Us",medium,web:Examveda.com https://www.examveda.com/python-program/practice-mcq-question-on-decorators-in-depth/,
Python Programming,decorators in depth,How is a decorator applied to a class method in Python?,By using the @decorator syntax above the class,By using the @decorator syntax above the method,By applying the decorator within the method,By using the apply_decorator() function,B,A decorator is applied to a class method using the @decorator syntax above the method definition.,medium,web:Examveda.com https://www.examveda.com/python-program/practice-mcq-question-on-decorators-in-depth/?page=2,
Python Programming,decorators in depth,What is the purpose of the property decorator in Python?,To add properties to classes,To remove properties from classes,To define a getter method for a class attribute,To define a setter method for a class attribute,C,The property decorator is used to define a getter method for a class attribute.,medium,web:Examveda.com https://www.examveda.com/python-program/practice-mcq-question-on-decorators-in-depth/?page=2,
Python Programming,decorators in depth,What is the role of the @staticmethod decorator in Python?,To define static variables,To make a method callable without an instance,To add static typing to variables,To prevent method overriding,B,The @staticmethod decorator allows a method to be called without creating an instance of the class.,medium,web:Examveda.com https://www.examveda.com/python-program/practice-mcq-question-on-decorators-in-depth/?page=2,
Python Programming,decorators in depth,How does the @classmethod decorator differ from @staticmethod?,@classmethod can't access class attributes,@staticmethod can't access instance attributes,@classmethod can access class attributes,@staticmethod can access instance attributes,C,"The @classmethod decorator can access class attributes, while @staticmethod cannot.",medium,web:Examveda.com https://www.examveda.com/python-program/practice-mcq-question-on-decorators-in-depth/?page=2,
Python Programming,decorators in depth,What is the purpose of the @property decorator in Python?,To define a setter method for a class attribute,To define a getter method for a class attribute,To add properties to classes,To define methods for instance attributes,B,"The @property decorator is used to define a getter method for a class attribute, allowing access as a property.",medium,web:Examveda.com https://www.examveda.com/python-program/practice-mcq-question-on-decorators-in-depth/?page=2,
Python Programming,decorators in depth,What is the purpose of the @classmethod decorator in Python?,To define a class method,To define an instance method,To define a static method,To define a constructor method,A,The @classmethod decorator is used to define a method that operates on the class and not just instances.,medium,web:Examveda.com https://www.examveda.com/python-program/practice-mcq-question-on-decorators-in-depth/?page=2,
Python Programming,decorators in depth,How is the @classmethod decorator applied to a method in a class?,Using the @classmethod syntax above the class,Using the @classmethod syntax above the method,Using the @classmethod decorator within the method,By using the apply_classmethod() function,B,The @classmethod decorator is applied above the method definition using the @classmethod syntax.,medium,web:Examveda.com https://www.examveda.com/python-program/practice-mcq-question-on-decorators-in-depth/?page=2,
Python Programming,decorators in depth,What is the purpose of the @abstractmethod decorator in Python?,To create abstract classes,To prevent method overriding,To indicate that a method must be overridden in subclasses,To define a method as static,C,The @abstractmethod decorator indicates that a method must be overridden in subclasses.,medium,web:Examveda.com https://www.examveda.com/python-program/practice-mcq-question-on-decorators-in-depth/?page=2,
Python Programming,decorators in depth,How do you create a custom decorator in Python?,By modifying the built-in decorators,By using the @custom_decorator syntax,By importing decorators from external libraries,By defining a function and using the @ symbol,D,You create a custom decorator by defining a function and using the @decorator_name syntax.,medium,web:Examveda.com https://www.examveda.com/python-program/practice-mcq-question-on-decorators-in-depth/?page=2,
Python Programming,decorators in depth,What is the purpose of the functools.partial function in decorators?,To create a partial function,To replace built-in functions,To preserve the original function's metadata,To modify the decorator's behavior,A,"The functools.partial function is used to create a new function with some arguments pre-filled. 

 
 
 
 



 
 
 
 
 
 
 
 
 
 
 
 
 
1
2
3

 
 
 
 
 
 
 
 
 
 

 
 

 -->
 
 
 


 

-->
 
 
 Copyright © 2026 Examveda.com
 
 
 
 
 
 
 
 
 
 About Us |
 Terms & Condition |
 Privacy Policy |
 Contact Us",medium,web:Examveda.com https://www.examveda.com/python-program/practice-mcq-question-on-decorators-in-depth/?page=2,
Python Programming,decorators in depth,How can you remove a decorator from a function in Python?,By deleting the decorator's code,By using the @remove_decorator syntax,By using the @decorator syntax again,By calling the remove_decorator() function,C,You can remove a decorator by removing the @decorator syntax from the function.,medium,web:Examveda.com https://www.examveda.com/python-program/practice-mcq-question-on-decorators-in-depth/?page=3,
Python Programming,decorators in depth,What is a memoization decorator used for?,To add logging to functions,To modify function behavior,To cache function results,To validate function inputs,C,A memoization decorator is used to cache the results of a function to improve performance.,medium,web:Examveda.com https://www.examveda.com/python-program/practice-mcq-question-on-decorators-in-depth/?page=3,
Python Programming,decorators in depth,What is the purpose of the @lru_cache decorator in Python?,To limit the number of decorator applications,To cache the last used decorator,To cache function results with a limited size,To cache only class methods,C,The @lru_cache decorator is used to cache function results with a limited size using the Least Recently Used strategy.,medium,web:Examveda.com https://www.examveda.com/python-program/practice-mcq-question-on-decorators-in-depth/?page=3,
Python Programming,decorators in depth,How does the @contextmanager decorator facilitate context management?,By creating context managers automatically,By adding new context to existing managers,By wrapping functions with context management behavior,By removing context from code,C,The @contextmanager decorator allows a function to act as a context manager with the with statement.,medium,web:Examveda.com https://www.examveda.com/python-program/practice-mcq-question-on-decorators-in-depth/?page=3,
Python Programming,decorators in depth,What is the purpose of the @dataclass decorator in Python?,To create data visualization,To add metadata to classes,To create a class for data manipulation,To simplify the creation of classes for storing data,D,"The @dataclass decorator simplifies the creation of classes for storing and manipulating data. 

 
 
 
 



 
 
 
 
 
 
 
 
 
 
 
 
 
1
2
3
 
 
 
 
 
 
 
 
 
 

 
 

 -->
 
 
 


 

-->
 
 
 Copyright © 2026 Examveda.com
 
 
 
 
 
 
 
 
 
 About Us |
 Terms & Condition |
 Privacy Policy |
 Contact Us",medium,web:Examveda.com https://www.examveda.com/python-program/practice-mcq-question-on-decorators-in-depth/?page=3,
Python Programming,advanced oop concepts,What is encapsulation in object-oriented programming (OOP)?,Exposing internal details of an object,Grouping data and methods into a single unit,Hiding data and methods within an object,Inheriting from multiple classes,C,Encapsulation involves hiding the internal implementation details of an object and exposing a controlled interface.,medium,web:Examveda.com https://www.examveda.com/python-program/practice-mcq-question-on-advanced-oop-concepts/,
Python Programming,advanced oop concepts,What is the main benefit of encapsulation?,Improved code readability,Faster execution,Enhanced security,Better memory management,C,Encapsulation enhances security by controlling access to data and methods of an object.,medium,web:Examveda.com https://www.examveda.com/python-program/practice-mcq-question-on-advanced-oop-concepts/,
Python Programming,advanced oop concepts,What is inheritance in OOP?,Creating new objects from existing ones,Allowing objects to share attributes and methods,Restricting access to object attributes,Converting classes into objects,B,Inheritance allows objects to inherit attributes and methods from a parent class.,medium,web:Examveda.com https://www.examveda.com/python-program/practice-mcq-question-on-advanced-oop-concepts/,
Python Programming,advanced oop concepts,What is an abstract class in OOP?,A class that cannot be instantiated,A class with no attributes,A class with only attributes,A class that cannot have methods,A,An abstract class cannot be instantiated and often serves as a blueprint for other classes.,medium,web:Examveda.com https://www.examveda.com/python-program/practice-mcq-question-on-advanced-oop-concepts/,
Python Programming,advanced oop concepts,What is a method resolution order (MRO) in Python?,The order of methods in a class,The order in which classes are defined,The order in which methods are executed,The order in which base classes are searched,D,The method resolution order (MRO) determines the order in which base classes are searched for a method or attribute.,medium,web:Examveda.com https://www.examveda.com/python-program/practice-mcq-question-on-advanced-oop-concepts/,
Python Programming,advanced oop concepts,What is multiple inheritance in OOP?,Inheriting attributes from multiple classes,Creating multiple instances of a class,Inheriting from multiple subclasses,Inheriting from multiple base classes,D,Multiple inheritance involves inheriting attributes and methods from multiple base classes.,medium,web:Examveda.com https://www.examveda.com/python-program/practice-mcq-question-on-advanced-oop-concepts/,
Python Programming,advanced oop concepts,How is the super() function used in Python inheritance?,To create new instances of a class,To call the base class constructor,To create subclass methods,To override base class methods,B,The super() function is used to call the constructor of the base class in a subclass.,medium,web:Examveda.com https://www.examveda.com/python-program/practice-mcq-question-on-advanced-oop-concepts/,
Python Programming,advanced oop concepts,What is method overloading in Python?,Using multiple methods with the same name but different parameters,Using methods with different names but the same parameters,Using methods with the same name and parameters,Using methods with different names and different parameters,A,Method overloading involves defining multiple methods with the same name but different parameters.,medium,web:Examveda.com https://www.examveda.com/python-program/practice-mcq-question-on-advanced-oop-concepts/,
Python Programming,advanced oop concepts,What is method overriding in Python?,Replacing a method with a new method,Defining a method in a subclass with the same name as in the base class,Calling a method from a different class,Creating a new method in a subclass,B,Method overriding involves defining a method in a subclass with the same name as in the base class to modify its behavior.,medium,web:Examveda.com https://www.examveda.com/python-program/practice-mcq-question-on-advanced-oop-concepts/,
Python Programming,advanced oop concepts,What is a metaclass in Python?,A class with multiple methods,A class that inherits from all other classes,A class that defines the structure of other classes,A class that cannot be instantiated,C,"A metaclass is a class that defines the structure of other classes, serving as a class template. 

 
 
 
 



 
 
 
 
 
 
 
 
 
 
 
 
 1
2
3

 
 
 
 
 
 
 
 
 
 

 
 

 -->
 
 
 


 

-->
 
 
 Copyright © 2026 Examveda.com
 
 
 
 
 
 
 
 
 
 About Us |
 Terms & Condition |
 Privacy Policy |
 Contact Us",medium,web:Examveda.com https://www.examveda.com/python-program/practice-mcq-question-on-advanced-oop-concepts/,
Python Programming,advanced oop concepts,What is a decorator used for in advanced OOP?,Adding new attributes to classes,Defining new classes,Modifying methods or functions behavior,Creating abstract classes,C,Decorators are often used to modify the behavior of methods or functions in advanced OOP.,medium,web:Examveda.com https://www.examveda.com/python-program/practice-mcq-question-on-advanced-oop-concepts/?page=2,
Python Programming,advanced oop concepts,What is the purpose of the __slots__ attribute in Python classes?,To define a class as a singleton,To restrict the attributes that can be added to instances,To define class methods,To define class attributes,B,"The __slots__ attribute restricts the attributes that can be added to instances, optimizing memory usage.",medium,web:Examveda.com https://www.examveda.com/python-program/practice-mcq-question-on-advanced-oop-concepts/?page=2,
Python Programming,advanced oop concepts,What is dynamic binding in OOP?,Binding of methods during runtime,Binding of methods during compilation,Binding of attributes during runtime,Binding of attributes during compilation,A,Dynamic binding involves determining the method to call during runtime based on the object's type.,medium,web:Examveda.com https://www.examveda.com/python-program/practice-mcq-question-on-advanced-oop-concepts/?page=2,
Python Programming,advanced oop concepts,What is the purpose of the @staticmethod decorator in advanced OOP?,To define methods that operate on instances,To define methods that operate on classes,To define methods that can be overridden,To define methods that require arguments,B,"The @staticmethod decorator is used to define methods that operate on classes, not instances.",medium,web:Examveda.com https://www.examveda.com/python-program/practice-mcq-question-on-advanced-oop-concepts/?page=2,
Python Programming,advanced oop concepts,What is the difference between a shallow copy and a deep copy in Python?,Shallow copies copy nested objects,Deep copies copy only the outer object,Shallow copies copy references to nested objects,Deep copies copy nested objects,C,"Shallow copies copy references to nested objects, while deep copies create entirely new objects.",medium,web:Examveda.com https://www.examveda.com/python-program/practice-mcq-question-on-advanced-oop-concepts/?page=2,
Python Programming,advanced oop concepts,What is the purpose of the @property decorator in advanced OOP?,To define a setter method for a class attribute,To define a getter method for a class attribute,To add properties to classes,To define methods for instance attributes,B,"The @property decorator is used to define a getter method for a class attribute, allowing access as a property.",medium,web:Examveda.com https://www.examveda.com/python-program/practice-mcq-question-on-advanced-oop-concepts/?page=2,
Python Programming,advanced oop concepts,How does operator overloading work in Python classes?,By creating new operators,By using built-in operators on class objects,By adding new methods to built-in operators,By modifying built-in operators,C,Operator overloading involves defining methods that specify behavior for built-in operators on class objects.,medium,web:Examveda.com https://www.examveda.com/python-program/practice-mcq-question-on-advanced-oop-concepts/?page=2,
Python Programming,advanced oop concepts,What is the purpose of the __str__() method in Python classes?,To convert an object to a string,To define the string representation of an object,To create a copy of an object,To initialize object attributes,B,"The __str__() method defines the string representation of an object, often used with the str() function.",medium,web:Examveda.com https://www.examveda.com/python-program/practice-mcq-question-on-advanced-oop-concepts/?page=2,
Python Programming,advanced oop concepts,How is polymorphism achieved in Python?,By using only class inheritance,By using only class composition,By using both class inheritance and composition,By using multiple inheritance only,C,Polymorphism is achieved in Python through both class inheritance and composition.,medium,web:Examveda.com https://www.examveda.com/python-program/practice-mcq-question-on-advanced-oop-concepts/?page=2,
Python Programming,advanced oop concepts,What is the difference between class composition and class inheritance?,Composition allows creating new classes,Inheritance allows creating new classes,Composition involves using existing classes,Inheritance involves using existing classes,C,"Class composition involves using existing classes to build more complex ones, while inheritance involves creating new classes based on existing ones. 

 
 
 
 



 
 
 
 
 
 
 
 
 
 
 
 
 
1
2
3

 
 
 
 
 
 
 
 
 
 

 
 

 -->
 
 
 


 

-->
 
 
 Copyright © 2026 Examveda.com
 
 
 
 
 
 
 
 
 
 About Us |
 Terms & Condition |
 Privacy Policy |
 Contact Us",medium,web:Examveda.com https://www.examveda.com/python-program/practice-mcq-question-on-advanced-oop-concepts/?page=2,
Python Programming,advanced oop concepts,What is the purpose of the __eq__() method in Python classes?,To create an instance of a class,To compare two instances for equality,To modify object attributes,To convert an object to a string,B,The __eq__() method defines how instances of a class are compared for equality using the == operator.,medium,web:Examveda.com https://www.examveda.com/python-program/practice-mcq-question-on-advanced-oop-concepts/?page=3,
Python Programming,advanced oop concepts,What is the diamond problem in multiple inheritance?,A problem with defining diamond shapes,A problem with multiple inheritance in shapes,A problem with ambiguous method resolution,A problem with creating classes in diamond shapes,C,The diamond problem refers to the ambiguity that arises when a class inherits from two classes that have a common ancestor.,medium,web:Examveda.com https://www.examveda.com/python-program/practice-mcq-question-on-advanced-oop-concepts/?page=3,
Python Programming,advanced oop concepts,What is the role of the @abstractmethod decorator in advanced OOP?,To create abstract classes,To prevent method overriding,To indicate that a method must be overridden in subclasses,To define a method as static,C,The @abstractmethod decorator indicates that a method must be overridden in subclasses.,medium,web:Examveda.com https://www.examveda.com/python-program/practice-mcq-question-on-advanced-oop-concepts/?page=3,
Python Programming,advanced oop concepts,How can you implement method overloading in Python?,By defining multiple methods with the same name but different parameters,By using the @overload decorator,By using the @methodoverload decorator,By defining methods with different names,A,Method overloading is achieved by defining multiple methods with the same name but different parameters.,medium,web:Examveda.com https://www.examveda.com/python-program/practice-mcq-question-on-advanced-oop-concepts/?page=3,
Python Programming,advanced oop concepts,What is the purpose of the super() function in advanced OOP?,To call the base class constructor,To create a new instance of a class,To override base class methods,To define class attributes,A,"The super() function is used to call the constructor of the base class in a subclass. 

 
 
 
 



 
 
 
 
 
 
 
 
 
 
 
 
 
1
2
3
 
 
 
 
 
 
 
 
 
 

 
 

 -->
 
 
 


 

-->
 
 
 Copyright © 2026 Examveda.com
 
 
 
 
 
 
 
 
 
 About Us |
 Terms & Condition |
 Privacy Policy |
 Contact Us",medium,web:Examveda.com https://www.examveda.com/python-program/practice-mcq-question-on-advanced-oop-concepts/?page=3,
Python Programming,database connectivity with python,What is database connectivity in Python?,Connecting to internet databases,Establishing a connection between Python and databases,Creating new databases using Python,Sending emails from Python to databases,B,Database connectivity refers to establishing a connection between Python and databases to perform operations.,medium,web:Examveda.com https://www.examveda.com/python-program/practice-mcq-question-on-database-connectivity-with-python/,
Python Programming,database connectivity with python,Which module is commonly used for database connectivity in Python?,dbconnect,pydb,sqlite3,dbconnector,C,"The sqlite3 module is widely used for database connectivity in Python, especially for SQLite databases.",medium,web:Examveda.com https://www.examveda.com/python-program/practice-mcq-question-on-database-connectivity-with-python/,
Python Programming,database connectivity with python,What is SQLite?,A type of programming language,A relational database management system,A Python module for web scraping,A version control system,B,"SQLite is a lightweight, self-contained, serverless, and file-based relational database management system.",medium,web:Examveda.com https://www.examveda.com/python-program/practice-mcq-question-on-database-connectivity-with-python/,
Python Programming,database connectivity with python,How can you create a new SQLite database using the sqlite3 module?,Using the create_database() function,By writing SQL queries,By calling the new_database() method,By executing the sqlite3.create() command,B,New SQLite databases are created by executing SQL queries to define tables and data structures.,medium,web:Examveda.com https://www.examveda.com/python-program/practice-mcq-question-on-database-connectivity-with-python/,
Python Programming,database connectivity with python,What is a cursor in the context of database connectivity?,A pointer to a specific table,A tool for creating graphs,An object used to interact with the database,A graphical user interface element,C,A cursor is an object that allows you to interact with a database by executing SQL commands and fetching results.,medium,web:Examveda.com https://www.examveda.com/python-program/practice-mcq-question-on-database-connectivity-with-python/,
Python Programming,database connectivity with python,How do you establish a connection to an SQLite database using sqlite3?,"connect(""database.db"")","create_connection(""database.db"")","sqlite_connect(""database.db"")","open_connection(""database.db"")",A,The connect() function is used to establish a connection to an SQLite database.,medium,web:Examveda.com https://www.examveda.com/python-program/practice-mcq-question-on-database-connectivity-with-python/,
Python Programming,database connectivity with python,What is the purpose of the execute() method in the sqlite3 module?,To print messages to the console,To fetch data from a database,To execute SQL queries on a database,To create new tables in a database,C,The execute() method is used to execute SQL queries on an SQLite database.,medium,web:Examveda.com https://www.examveda.com/python-program/practice-mcq-question-on-database-connectivity-with-python/,
Python Programming,database connectivity with python,What is SQL injection?,A type of data visualization technique,A way to add colors to SQL databases,A technique to manipulate SQL databases,A security vulnerability when input is not properly sanitized,D,SQL injection is a security vulnerability where malicious code is inserted into SQL statements.,medium,web:Examveda.com https://www.examveda.com/python-program/practice-mcq-question-on-database-connectivity-with-python/,
Python Programming,database connectivity with python,How do parameterized queries help prevent SQL injection?,By encrypting database queries,By removing SQL keywords,By sanitizing user input,By executing multiple queries at once,C,"Parameterized queries separate user input from SQL code, reducing the risk of SQL injection.",medium,web:Examveda.com https://www.examveda.com/python-program/practice-mcq-question-on-database-connectivity-with-python/,
Python Programming,database connectivity with python,Which of the following is NOT a common SQL database management system?,MySQL,PostgreSQL,MongoDB,SQLite,C,"MongoDB is a NoSQL database management system, while the others are relational databases. 

 
 
 
 



 
 
 
 
 
 
 
 
 
 
 
 
 1
2
3

 
 
 
 
 
 
 
 
 
 

 
 

 -->
 
 
 


 

-->
 
 
 Copyright © 2026 Examveda.com
 
 
 
 
 
 
 
 
 
 About Us |
 Terms & Condition |
 Privacy Policy |
 Contact Us",medium,web:Examveda.com https://www.examveda.com/python-program/practice-mcq-question-on-database-connectivity-with-python/,
Python Programming,database connectivity with python,How can you fetch data from a result set obtained through an execute() command?,Using the get() method,By calling fetch(),By iterating through the result set,By using the fetch_data() function,C,Data from a result set is typically fetched by iterating through the result set using loops.,medium,web:Examveda.com https://www.examveda.com/python-program/practice-mcq-question-on-database-connectivity-with-python/?page=2,
Python Programming,database connectivity with python,What does the commit() method do in the context of database transactions?,It creates a new database,It inserts new records into the database,It saves changes made during a transaction,It cancels a transaction,C,The commit() method saves the changes made during a database transaction.,medium,web:Examveda.com https://www.examveda.com/python-program/practice-mcq-question-on-database-connectivity-with-python/?page=2,
Python Programming,database connectivity with python,What is an ORM (Object-Relational Mapping) in database connectivity?,A way to create images from databases,A programming language for databases,A technique to map database tables to object-oriented classes,A tool for compressing database files,C,"ORM is a technique that maps database tables to object-oriented programming classes, simplifying database interactions.",medium,web:Examveda.com https://www.examveda.com/python-program/practice-mcq-question-on-database-connectivity-with-python/?page=2,
Python Programming,database connectivity with python,Which ORM library is popular for Python database connectivity?,SQLLink,ORMpy,SQLAlchemy,PyORM,C,"SQLAlchemy is a widely used ORM library for Python, supporting various database management systems.",medium,web:Examveda.com https://www.examveda.com/python-program/practice-mcq-question-on-database-connectivity-with-python/?page=2,
Python Programming,database connectivity with python,How do you define a class that maps to a database table using SQLAlchemy?,By subclassing the Database class,By using the @database_table decorator,By inheriting from the Base class and defining attributes,By using the map_table() function,C,"In SQLAlchemy, you inherit from the Base class and define attributes to map a class to a database table.",medium,web:Examveda.com https://www.examveda.com/python-program/practice-mcq-question-on-database-connectivity-with-python/?page=2,
Python Programming,database connectivity with python,What is a primary key in a database table?,A key used to access the database,A unique identifier for each row,A password for the database,A column used for calculations,B,A primary key is a unique identifier for each row in a database table.,medium,web:Examveda.com https://www.examveda.com/python-program/practice-mcq-question-on-database-connectivity-with-python/?page=2,
Python Programming,database connectivity with python,What is the role of a foreign key in a relational database?,To prevent unauthorized access,To ensure data integrity and relationships,To index the database table,To encrypt data,B,"A foreign key is used to establish relationships between tables, ensuring data integrity and referential integrity.",medium,web:Examveda.com https://www.examveda.com/python-program/practice-mcq-question-on-database-connectivity-with-python/?page=2,
Python Programming,database connectivity with python,"What does the term ""CRUD"" stand for in the context of databases?","Create, Read, Update, Delete","Control, Remove, Update, Deliver","Copy, Read, Upload, Delete","Create, Retrieve, Upload, Deliver",A,,medium,web:Examveda.com https://www.examveda.com/python-program/practice-mcq-question-on-database-connectivity-with-python/?page=2,
Python Programming,database connectivity with python,How can you update data in a database table using SQL?,Using the UPDATE statement,Using the MODIFY statement,Using the ALTER statement,Using the EDIT statement,A,The UPDATE statement is used to modify data in a database table.,medium,web:Examveda.com https://www.examveda.com/python-program/practice-mcq-question-on-database-connectivity-with-python/?page=2,
Python Programming,database connectivity with python,What is the purpose of a stored procedure in a database?,To store data backups,To define data types,To encapsulate SQL code for reuse,To generate random data,C,"A stored procedure is a precompiled collection of SQL statements that can be reused and executed in a database. 

 
 
 
 



 
 
 
 
 
 
 
 
 
 
 
 
 
1
2
3

 
 
 
 
 
 
 
 
 
 

 
 

 -->
 
 
 


 

-->
 
 
 Copyright © 2026 Examveda.com
 
 
 
 
 
 
 
 
 
 About Us |
 Terms & Condition |
 Privacy Policy |
 Contact Us",medium,web:Examveda.com https://www.examveda.com/python-program/practice-mcq-question-on-database-connectivity-with-python/?page=2,
Python Programming,database connectivity with python,How do you execute a stored procedure from Python using the sqlite3 module?,Using the execute() method,Using the call() function,Using the run() method,Using the exec_procedure() function,A,You can execute a stored procedure using the execute() method from the sqlite3 module.,medium,web:Examveda.com https://www.examveda.com/python-program/practice-mcq-question-on-database-connectivity-with-python/?page=3,
Python Programming,database connectivity with python,What is the purpose of database transactions?,To improve database performance,To create new databases,To manage data integrity and consistency,To encrypt database files,C,"Database transactions ensure data integrity, consistency, and the ACID properties (Atomicity, Consistency, Isolation, Durability).",medium,web:Examveda.com https://www.examveda.com/python-program/practice-mcq-question-on-database-connectivity-with-python/?page=3,
Python Programming,database connectivity with python,Which of the following is NOT an isolation level for database transactions?,READ UNCOMMITTED,READ COMMITTED,REPEATABLE READ,DATA UNCHANGED,D,"""DATA UNCHANGED"" is not an isolation level; the correct option is typically ""SERIALIZABLE"".",medium,web:Examveda.com https://www.examveda.com/python-program/practice-mcq-question-on-database-connectivity-with-python/?page=3,
Python Programming,database connectivity with python,How can you rollback a transaction in the sqlite3 module?,Using the commit() method,Using the rollback() method,By closing the connection,By re-executing the transaction,B,The rollback() method is used to undo changes made during a transaction in the sqlite3 module.,medium,web:Examveda.com https://www.examveda.com/python-program/practice-mcq-question-on-database-connectivity-with-python/?page=3,
Python Programming,database connectivity with python,What is the purpose of database normalization?,To reduce database size,To increase database speed,To organize data and eliminate redundancy,To enforce strict typing,C,"Database normalization organizes data to eliminate redundancy, improve data integrity, and minimize anomalies. 

 
 
 
 



 
 
 
 
 
 
 
 
 
 
 
 
 
1
2
3
 
 
 
 
 
 
 
 
 
 

 
 

 -->
 
 
 


 

-->
 
 
 Copyright © 2026 Examveda.com
 
 
 
 
 
 
 
 
 
 About Us |
 Terms & Condition |
 Privacy Policy |
 Contact Us",medium,web:Examveda.com https://www.examveda.com/python-program/practice-mcq-question-on-database-connectivity-with-python/?page=3,
Python Programming,web scraping with python,What is web scraping?,Creating websites,Extracting data from websites,Designing web templates,Analyzing website performance,B,Web scraping involves extracting data from websites programmatically.,medium,web:Examveda.com https://www.examveda.com/python-program/practice-mcq-question-on-web-scraping-with-python/,
Python Programming,web scraping with python,Which Python library is commonly used for web scraping?,PyData,WebTool,DataScraper,BeautifulSoup,D,BeautifulSoup is a popular Python library used for web scraping.,medium,web:Examveda.com https://www.examveda.com/python-program/practice-mcq-question-on-web-scraping-with-python/,
Python Programming,web scraping with python,What is the purpose of the requests library in web scraping?,To render web pages in a browser,To handle HTTP requests and responses,To create visualizations of scraped data,To automate form submissions,B,The requests library is used to handle HTTP requests and responses in web scraping.,medium,web:Examveda.com https://www.examveda.com/python-program/practice-mcq-question-on-web-scraping-with-python/,
Python Programming,web scraping with python,What is the role of a user agent in web scraping?,A way to hide scraping activities,A legal document for scraping,A unique identifier for web browsers,A strategy for rendering JavaScript,C,A user agent is a string that identifies the web browser or scraper being used.,medium,web:Examveda.com https://www.examveda.com/python-program/practice-mcq-question-on-web-scraping-with-python/,
Python Programming,web scraping with python,Which HTTP method is used for retrieving data in web scraping?,POST,PUT,GET,DELETE,C,The GET method is commonly used to retrieve data in web scraping.,medium,web:Examveda.com https://www.examveda.com/python-program/practice-mcq-question-on-web-scraping-with-python/,
Python Programming,web scraping with python,What is the purpose of using XPath in web scraping?,To create HTML forms,To manipulate CSS styles,To locate elements in XML or HTML documents,To generate JavaScript code,C,XPath is used to locate elements in XML or HTML documents for scraping.,medium,web:Examveda.com https://www.examveda.com/python-program/practice-mcq-question-on-web-scraping-with-python/,
Python Programming,web scraping with python,How can you handle dynamic content loaded by JavaScript in web scraping?,By using the requests library,By manually entering the data,By using a headless browser,By disabling JavaScript in the browser,C,Handling dynamic content often requires using a headless browser like Selenium.,medium,web:Examveda.com https://www.examveda.com/python-program/practice-mcq-question-on-web-scraping-with-python/,
Python Programming,web scraping with python,What is the robots.txt file used for?,Blocking all web scraping activities,Allowing all web scraping activities,Providing guidelines for web scraping,Controlling browser rendering,C,"The robots.txt file provides guidelines for web crawlers, including what can be scraped.",medium,web:Examveda.com https://www.examveda.com/python-program/practice-mcq-question-on-web-scraping-with-python/,
Python Programming,web scraping with python,How can you avoid being blocked while web scraping?,By scraping large amounts of data quickly,By using multiple IP addresses,By ignoring the robots.txt file,By scraping data from a single website,B,Using multiple IP addresses can help avoid being blocked while scraping.,medium,web:Examveda.com https://www.examveda.com/python-program/practice-mcq-question-on-web-scraping-with-python/,
Python Programming,web scraping with python,What is a common method to store scraped data?,Printing data to the console,Sending data via email,Storing data in CSV or JSON files,Uploading data to social media,C,"Storing data in CSV or JSON files is a common method in web scraping. 

 
 
 
 



 
 
 
 
 
 
 
 
 
 
 
 
 1
2
3
4

 
 
 
 
 
 
 
 
 
 

 
 

 -->
 
 
 


 

-->
 
 
 Copyright © 2026 Examveda.com
 
 
 
 
 
 
 
 
 
 About Us |
 Terms & Condition |
 Privacy Policy |
 Contact Us",medium,web:Examveda.com https://www.examveda.com/python-program/practice-mcq-question-on-web-scraping-with-python/,
Python Programming,web scraping with python,What is the purpose of using regular expressions in web scraping?,To generate HTML code,To scrape data from databases,To extract patterns from text,To render JavaScript code,C,Regular expressions are used to extract specific patterns from text data.,medium,web:Examveda.com https://www.examveda.com/python-program/practice-mcq-question-on-web-scraping-with-python/?page=2,
Python Programming,web scraping with python,What is the BeautifulSoup library used for in web scraping?,Sending HTTP requests,Rendering JavaScript,Extracting data from HTML and XML,Creating web forms,C,BeautifulSoup is used for extracting data from HTML and XML documents.,medium,web:Examveda.com https://www.examveda.com/python-program/practice-mcq-question-on-web-scraping-with-python/?page=2,
Python Programming,web scraping with python,What is the disadvantage of using web scraping for data extraction?,It's faster than API requests,It's legally prohibited,It's limited to simple websites,It's fragile and may break due to website changes,D,"Web scraping can break if the website structure changes, making it fragile.",medium,web:Examveda.com https://www.examveda.com/python-program/practice-mcq-question-on-web-scraping-with-python/?page=2,
Python Programming,web scraping with python,What is the Selenium library used for in web scraping?,Handling HTTP requests,Creating APIs,Scraping static websites,Automating browser actions,D,Selenium is used for automating browser actions in web scraping.,medium,web:Examveda.com https://www.examveda.com/python-program/practice-mcq-question-on-web-scraping-with-python/?page=2,
Python Programming,web scraping with python,What ethical considerations should be taken into account in web scraping?,Scraping any website without permission,Avoiding robots.txt guidelines,Scraping personal or sensitive data,Scraping freely accessible public data,C,Ethical considerations include not scraping personal or sensitive data without permission.,medium,web:Examveda.com https://www.examveda.com/python-program/practice-mcq-question-on-web-scraping-with-python/?page=2,
Python Programming,web scraping with python,What is the purpose of the scrapy framework in web scraping?,Creating web forms,Automating browser actions,Handling HTTP requests,Structured and efficient web scraping,D,"Scrapy is a framework for structured and efficient web scraping, often used for large-scale projects.",medium,web:Examveda.com https://www.examveda.com/python-program/practice-mcq-question-on-web-scraping-with-python/?page=2,
Python Programming,web scraping with python,What is the role of the robots.txt file in relation to web scraping?,It blocks all web scraping activities,It allows all web scraping activities,It provides guidelines for web scraping,It allows scraping any content,C,The robots.txt file provides guidelines on which parts of a website can be scraped.,medium,web:Examveda.com https://www.examveda.com/python-program/practice-mcq-question-on-web-scraping-with-python/?page=2,
Python Programming,web scraping with python,How does the headless browser mode in Selenium work?,It runs a browser with a visible user interface,It runs a browser without a visible user interface,It runs a browser with extra features,It runs a browser with a virtual environment,B,The headless mode in Selenium runs a browser without a visible user interface.,medium,web:Examveda.com https://www.examveda.com/python-program/practice-mcq-question-on-web-scraping-with-python/?page=2,
Python Programming,web scraping with python,What is rate limiting in the context of web scraping?,Automatically blocking scraping activities,Sending requests at a controlled rate,Scraping only during specific hours,Scraping data without any limits,B,Rate limiting involves sending requests at a controlled rate to avoid overloading the server.,medium,web:Examveda.com https://www.examveda.com/python-program/practice-mcq-question-on-web-scraping-with-python/?page=2,
Python Programming,web scraping with python,How can you handle CAPTCHAs in web scraping?,By solving CAPTCHAs manually,By ignoring CAPTCHAs,By using APIs to bypass CAPTCHAs,By using CAPTCHA-solving services,D,"CAPTCHA-solving services can be used to automate solving CAPTCHAs in web scraping. 

 
 
 
 



 
 
 
 
 
 
 
 
 
 
 
 
 
1
2
3
4

 
 
 
 
 
 
 
 
 
 

 
 

 -->
 
 
 


 

-->
 
 
 Copyright © 2026 Examveda.com
 
 
 
 
 
 
 
 
 
 About Us |
 Terms & Condition |
 Privacy Policy |
 Contact Us",medium,web:Examveda.com https://www.examveda.com/python-program/practice-mcq-question-on-web-scraping-with-python/?page=2,
Python Programming,web scraping with python,What is a common method for parsing and extracting data from JSON responses in web scraping?,Using regular expressions,Using the requests library,Using the json library,Using the scrapy framework,C,The json library is commonly used to parse and extract data from JSON responses.,medium,web:Examveda.com https://www.examveda.com/python-program/practice-mcq-question-on-web-scraping-with-python/?page=3,
Python Programming,web scraping with python,What is the purpose of using CSS selectors in web scraping?,To control browser rendering,To style scraped data,To locate elements in HTML documents,To convert data to CSS format,C,CSS selectors are used to locate elements in HTML documents for scraping.,medium,web:Examveda.com https://www.examveda.com/python-program/practice-mcq-question-on-web-scraping-with-python/?page=3,
Python Programming,web scraping with python,How can you handle pagination in web scraping?,By avoiding pagination,By scraping only the first page,By iterating through multiple pages,By using an API for pagination,C,Pagination can be handled by iterating through multiple pages and scraping each one.,medium,web:Examveda.com https://www.examveda.com/python-program/practice-mcq-question-on-web-scraping-with-python/?page=3,
Python Programming,web scraping with python,What is the purpose of the scrapy shell in the scrapy framework?,To create APIs,To automate browser actions,To test XPath expressions and selectors,To generate HTML templates,C,The scrapy shell is used to test XPath expressions and selectors before implementing them in the code.,medium,web:Examveda.com https://www.examveda.com/python-program/practice-mcq-question-on-web-scraping-with-python/?page=3,
Python Programming,web scraping with python,What are some ethical considerations for web scraping?,Scraping any data without permission,Ignoring robots.txt guidelines,Scraping personal or sensitive data,Scraping freely accessible public data,C,Ethical considerations include not scraping personal or sensitive data without proper permission.,medium,web:Examveda.com https://www.examveda.com/python-program/practice-mcq-question-on-web-scraping-with-python/?page=3,
Python Programming,web scraping with python,What is the purpose of the pandas library in web scraping?,Handling HTTP requests,Rendering JavaScript,Extracting data from HTML and XML,Manipulating and analyzing data,D,"The pandas library is used for data manipulation and analysis, often used after scraping data.",medium,web:Examveda.com https://www.examveda.com/python-program/practice-mcq-question-on-web-scraping-with-python/?page=3,
Python Programming,web scraping with python,What is asynchronous web scraping?,Scraping websites that require authorization,Scraping multiple websites simultaneously,Scraping websites with dynamic content,Scraping websites with large datasets,B,Asynchronous web scraping involves scraping multiple websites simultaneously to improve efficiency.,medium,web:Examveda.com https://www.examveda.com/python-program/practice-mcq-question-on-web-scraping-with-python/?page=3,
Python Programming,web scraping with python,How can you handle websites that require user authentication in web scraping?,By avoiding such websites,By using a single set of credentials for all websites,By storing credentials in plain text,By using session management and cookies,D,Session management and cookies are used to handle user authentication in web scraping.,medium,web:Examveda.com https://www.examveda.com/python-program/practice-mcq-question-on-web-scraping-with-python/?page=3,
Python Programming,web scraping with python,What is the purpose of the RoboBrowser library in web scraping?,Rendering JavaScript,Handling HTTP requests,Automating browser actions,Extracting data from HTML and XML,B,The RoboBrowser library is used for handling HTTP requests and extracting data from HTML.,medium,web:Examveda.com https://www.examveda.com/python-program/practice-mcq-question-on-web-scraping-with-python/?page=3,
Python Programming,web scraping with python,What is the role of the re module in web scraping?,Handling HTTP requests,Parsing JSON responses,Working with regular expressions,Creating web forms,C,"The re module is used to work with regular expressions for pattern matching and text manipulation. 

 
 
 
 



 
 
 
 
 
 
 
 
 
 
 
 
 
1
2
3
4

 
 
 
 
 
 
 
 
 
 

 
 

 -->
 
 
 


 

-->
 
 
 Copyright © 2026 Examveda.com
 
 
 
 
 
 
 
 
 
 About Us |
 Terms & Condition |
 Privacy Policy |
 Contact Us",medium,web:Examveda.com https://www.examveda.com/python-program/practice-mcq-question-on-web-scraping-with-python/?page=3,
Python Programming,web scraping with python,What are the potential legal considerations in web scraping?,Ignoring robots.txt guidelines,Scraping personal or sensitive data without permission,Using multiple IP addresses,Scraping freely accessible public data,B,Legal considerations include not scraping personal or sensitive data without proper permission.,medium,web:Examveda.com https://www.examveda.com/python-program/practice-mcq-question-on-web-scraping-with-python/?page=4,
Python Programming,web scraping with python,What is the purpose of using proxies in web scraping?,To slow down scraping activities,To scrape data only from specific websites,To bypass robots.txt guidelines,To hide the IP address and avoid blocking,D,Proxies are used to hide the IP address and avoid getting blocked while scraping.,medium,web:Examveda.com https://www.examveda.com/python-program/practice-mcq-question-on-web-scraping-with-python/?page=4,
Python Programming,web scraping with python,What is the role of the scrapy.Spider class in the scrapy framework?,Handling HTTP requests,Rendering JavaScript,Defining scraping rules and logic,Creating web forms,C,The scrapy.Spider class is used to define scraping rules and logic in the scrapy framework.,medium,web:Examveda.com https://www.examveda.com/python-program/practice-mcq-question-on-web-scraping-with-python/?page=4,
Python Programming,web scraping with python,How can you handle websites that load data through JavaScript in web scraping?,By scraping only static content,By using a headless browser,By ignoring dynamic content,By avoiding such websites,B,Handling JavaScript-loaded content often requires using a headless browser like Selenium.,medium,web:Examveda.com https://www.examveda.com/python-program/practice-mcq-question-on-web-scraping-with-python/?page=4,
Python Programming,web scraping with python,What is the purpose of the scrapy.Item class in the scrapy framework?,Handling HTTP requests,Creating web forms,Defining scraped data structure,Parsing JSON responses,C,"The scrapy.Item class is used to define the structure of the data to be scraped in the scrapy framework. 

 
 
 
 



 
 
 
 
 
 
 
 
 
 
 
 
 
1
2
3
4
 
 
 
 
 
 
 
 
 
 

 
 

 -->
 
 
 


 

-->
 
 
 Copyright © 2026 Examveda.com
 
 
 
 
 
 
 
 
 
 About Us |
 Terms & Condition |
 Privacy Policy |
 Contact Us",medium,web:Examveda.com https://www.examveda.com/python-program/practice-mcq-question-on-web-scraping-with-python/?page=4,
Python Programming,gui programming with python,What does GUI stand for in programming?,General User Interface,Graphic User Interaction,Graphical User Interface,General User Interaction,C,"GUI stands for Graphical User Interface, which provides visual elements for user interaction.",medium,web:Examveda.com https://www.examveda.com/python-program/practice-mcq-question-on-gui-programming-with-python/,
Python Programming,gui programming with python,Which Python library is commonly used for creating GUI applications?,PyUI,UIlib,Tkinter,PyGUI,C,Tkinter is a widely used Python library for creating GUI applications.,medium,web:Examveda.com https://www.examveda.com/python-program/practice-mcq-question-on-gui-programming-with-python/,
Python Programming,gui programming with python,What is the purpose of an event in GUI programming?,Creating graphical elements,Handling user interactions,Designing user interfaces,Displaying images,B,Events are used to handle user interactions like clicks and input in GUI applications.,medium,web:Examveda.com https://www.examveda.com/python-program/practice-mcq-question-on-gui-programming-with-python/,
Python Programming,gui programming with python,What is the main window in a Tkinter application called?,WindowFrame,MainFrame,RootWindow,BaseWindow,C,The main window in Tkinter is referred to as the RootWindow.,medium,web:Examveda.com https://www.examveda.com/python-program/practice-mcq-question-on-gui-programming-with-python/,
Python Programming,gui programming with python,How do you create a label widget in Tkinter?,Label(),LabelWidget(),CreateLabel(),WidgetLabel(),A,The Label() function is used to create a label widget in Tkinter.,medium,web:Examveda.com https://www.examveda.com/python-program/practice-mcq-question-on-gui-programming-with-python/,
Python Programming,gui programming with python,Which widget is commonly used for user input in Tkinter?,Text,Input,Entry,UserInput,C,The Entry widget is commonly used for user input in Tkinter applications.,medium,web:Examveda.com https://www.examveda.com/python-program/practice-mcq-question-on-gui-programming-with-python/,
Python Programming,gui programming with python,How do you create a button widget in Tkinter?,Button(),CreateButton(),ButtonWidget(),MakeButton(),A,The Button() function is used to create a button widget in Tkinter.,medium,web:Examveda.com https://www.examveda.com/python-program/practice-mcq-question-on-gui-programming-with-python/,
Python Programming,gui programming with python,What is the purpose of the pack() method in Tkinter?,To close the window,To arrange widgets vertically,To apply styles to widgets,To handle user input,B,The pack() method arranges widgets vertically within their container.,medium,web:Examveda.com https://www.examveda.com/python-program/practice-mcq-question-on-gui-programming-with-python/,
Python Programming,gui programming with python,How do you bind an event to a widget in Tkinter?,"bind(event, function)","event.bind(widget, function)","widget.bind(event, function)","widget(event, function)",C,"The widget.bind(event, function) syntax is used to bind an event to a widget in Tkinter.",medium,web:Examveda.com https://www.examveda.com/python-program/practice-mcq-question-on-gui-programming-with-python/,
Python Programming,gui programming with python,Which geometry manager is used to organize widgets in a table-like structure in Tkinter?,Grid,Pack,Place,Table,A,"The Grid geometry manager is used to organize widgets in a table-like structure in Tkinter. 

 
 
 
 



 
 
 
 
 
 
 
 
 
 
 
 
 1
2
3
4

 
 
 
 
 
 
 
 
 
 

 
 

 -->
 
 
 


 

-->
 
 
 Copyright © 2026 Examveda.com
 
 
 
 
 
 
 
 
 
 About Us |
 Terms & Condition |
 Privacy Policy |
 Contact Us",medium,web:Examveda.com https://www.examveda.com/python-program/practice-mcq-question-on-gui-programming-with-python/,
Python Programming,gui programming with python,What is the purpose of the Canvas widget in Tkinter?,Displaying images,Drawing graphics and shapes,Playing audio,Handling user input,B,"The Canvas widget is used for drawing graphics, shapes, and images in Tkinter.",medium,web:Examveda.com https://www.examveda.com/python-program/practice-mcq-question-on-gui-programming-with-python/?page=2,
Python Programming,gui programming with python,How do you create a dropdown menu in Tkinter?,DropdownMenu(),CreateMenu(),OptionMenu(),MenuDropdown(),C,The OptionMenu() function is used to create a dropdown menu in Tkinter.,medium,web:Examveda.com https://www.examveda.com/python-program/practice-mcq-question-on-gui-programming-with-python/?page=2,
Python Programming,gui programming with python,What is the role of the Checkbutton widget in Tkinter?,Displaying images,Handling mouse clicks,Selecting multiple options,Drawing shapes,C,The Checkbutton widget allows the user to select multiple options from a list.,medium,web:Examveda.com https://www.examveda.com/python-program/practice-mcq-question-on-gui-programming-with-python/?page=2,
Python Programming,gui programming with python,What is the purpose of the Radiobutton widget in Tkinter?,Playing audio,Drawing shapes,Selecting a single option from a list,Handling mouse clicks,C,The Radiobutton widget allows the user to select a single option from a list.,medium,web:Examveda.com https://www.examveda.com/python-program/practice-mcq-question-on-gui-programming-with-python/?page=2,
Python Programming,gui programming with python,How do you create a message box in Tkinter to display alerts or messages?,messagebox.create(),dialog_box.show(),tkMessageBox.alert(),messagebox.showinfo(),D,The messagebox.showinfo() function is used to create a message box in Tkinter.,medium,web:Examveda.com https://www.examveda.com/python-program/practice-mcq-question-on-gui-programming-with-python/?page=2,
Python Programming,gui programming with python,What is the purpose of the LabelFrame widget in Tkinter?,Displaying images,Grouping related widgets,Handling user input,Drawing graphics,B,The LabelFrame widget is used to group related widgets together in Tkinter.,medium,web:Examveda.com https://www.examveda.com/python-program/practice-mcq-question-on-gui-programming-with-python/?page=2,
Python Programming,gui programming with python,How do you set the title of a Tkinter window?,"title.set(""New Title"")","window.title(""New Title"")","window.set_title(""New Title"")","set_window_title(""New Title"")",B,"The window.title(""New Title"") method is used to set the title of a Tkinter window.",medium,web:Examveda.com https://www.examveda.com/python-program/practice-mcq-question-on-gui-programming-with-python/?page=2,
Python Programming,gui programming with python,What is the purpose of the Menu widget in Tkinter?,Handling user input,Drawing graphics,Creating message boxes,Creating dropdown menus,D,The Menu widget is used to create dropdown menus and submenus in Tkinter.,medium,web:Examveda.com https://www.examveda.com/python-program/practice-mcq-question-on-gui-programming-with-python/?page=2,
Python Programming,gui programming with python,How do you create a slider widget in Tkinter for selecting a value from a range?,Scale(),Slider(),RangeSlider(),ValueSlider(),A,The Scale() function is used to create a slider widget in Tkinter.,medium,web:Examveda.com https://www.examveda.com/python-program/practice-mcq-question-on-gui-programming-with-python/?page=2,
Python Programming,gui programming with python,Which method is used to set the size of a widget in Tkinter?,set_size(),resize(),size(),config(),D,"The config() method is used to configure the properties of a widget, including its size. 

 
 
 
 



 
 
 
 
 
 
 
 
 
 
 
 
 
1
2
3
4

 
 
 
 
 
 
 
 
 
 

 
 

 -->
 
 
 


 

-->
 
 
 Copyright © 2026 Examveda.com
 
 
 
 
 
 
 
 
 
 About Us |
 Terms & Condition |
 Privacy Policy |
 Contact Us",medium,web:Examveda.com https://www.examveda.com/python-program/practice-mcq-question-on-gui-programming-with-python/?page=2,
Python Programming,gui programming with python,What is the purpose of the PanedWindow widget in Tkinter?,Displaying images,Arranging widgets horizontally,Arranging widgets in a grid,Creating dialogs,B,The PanedWindow widget is used to arrange widgets horizontally with resizable panes.,medium,web:Examveda.com https://www.examveda.com/python-program/practice-mcq-question-on-gui-programming-with-python/?page=3,
Python Programming,gui programming with python,How do you add an image to a Tkinter application?,add_image(),image.insert(),Label(image=...),ImageWidget(image=...),C,The Label(image=...) syntax is used to add an image to a Tkinter application.,medium,web:Examveda.com https://www.examveda.com/python-program/practice-mcq-question-on-gui-programming-with-python/?page=3,
Python Programming,gui programming with python,What is the purpose of the Text widget in Tkinter?,Handling user input,Displaying text,Drawing graphics,Creating message boxes,B,The Text widget is used for displaying and editing multiline text in Tkinter.,medium,web:Examveda.com https://www.examveda.com/python-program/practice-mcq-question-on-gui-programming-with-python/?page=3,
Python Programming,gui programming with python,How do you create a scrollbar for a widget with scrolling content?,CreateScrollbar(),Scrollbar(),scrollbar.create(),widget.add_scrollbar(),B,The Scrollbar() function is used to create a scrollbar for widgets with scrolling content.,medium,web:Examveda.com https://www.examveda.com/python-program/practice-mcq-question-on-gui-programming-with-python/?page=3,
Python Programming,gui programming with python,What is the purpose of the place() method in Tkinter?,To set the position of a widget using absolute coordinates,To arrange widgets horizontally,To handle user input,To create message boxes,A,The place() method is used to set the position of a widget using absolute coordinates in Tkinter.,medium,web:Examveda.com https://www.examveda.com/python-program/practice-mcq-question-on-gui-programming-with-python/?page=3,
Python Programming,gui programming with python,What is the role of the Spinbox widget in Tkinter?,Displaying images,Displaying a list of options,Selecting a value from a range,Drawing graphics,C,The Spinbox widget is used for selecting a value from a range in Tkinter.,medium,web:Examveda.com https://www.examveda.com/python-program/practice-mcq-question-on-gui-programming-with-python/?page=3,
Python Programming,gui programming with python,How do you create a message box for displaying alerts in Tkinter?,dialog_box.show_alert(),messagebox.alert(),message_box.show(),tkMessageBox.showinfo(),D,The tkMessageBox.showinfo() function is used to create a message box for displaying alerts in Tkinter.,medium,web:Examveda.com https://www.examveda.com/python-program/practice-mcq-question-on-gui-programming-with-python/?page=3,
Python Programming,gui programming with python,What is the purpose of the Scale widget in Tkinter?,Displaying images,Creating message boxes,Handling user input,Selecting values from a range,D,The Scale widget is used for selecting values from a range in Tkinter.,medium,web:Examveda.com https://www.examveda.com/python-program/practice-mcq-question-on-gui-programming-with-python/?page=3,
Python Programming,gui programming with python,How do you change the font of a widget's text in Tkinter?,"font.set(""NewFont"")","widget.font(""NewFont"")","widget.configure(font=""NewFont"")","widget.set_font(""NewFont"")",C,"The widget.configure(font=""NewFont"") method is used to change the font of a widget's text in Tkinter.",medium,web:Examveda.com https://www.examveda.com/python-program/practice-mcq-question-on-gui-programming-with-python/?page=3,
Python Programming,gui programming with python,What is the purpose of the Toplevel widget in Tkinter?,Handling user input,Displaying images,Creating dialogs or new windows,Drawing graphics,C,"The Toplevel widget is used to create additional dialogs or new windows in Tkinter. 

 
 
 
 



 
 
 
 
 
 
 
 
 
 
 
 
 
1
2
3
4

 
 
 
 
 
 
 
 
 
 

 
 

 -->
 
 
 


 

-->
 
 
 Copyright © 2026 Examveda.com
 
 
 
 
 
 
 
 
 
 About Us |
 Terms & Condition |
 Privacy Policy |
 Contact Us",medium,web:Examveda.com https://www.examveda.com/python-program/practice-mcq-question-on-gui-programming-with-python/?page=3,
Python Programming,gui programming with python,How do you add a tooltip to a widget in Tkinter?,"widget.add_tooltip(""Tooltip text"")","Tooltip(widget, text=""Tooltip text"")","widget.tooltip(""Tooltip text"")","add_tooltip(widget, ""Tooltip text"")",B,"The Tooltip(widget, text=""Tooltip text"") method is used to add a tooltip to a widget in Tkinter.",medium,web:Examveda.com https://www.examveda.com/python-program/practice-mcq-question-on-gui-programming-with-python/?page=4,
Python Programming,gui programming with python,How do you change the background color of a widget in Tkinter?,"background_color.set(""NewColor"")","widget.bg_color(""NewColor"")","widget.configure(bg=""NewColor"")","widget.set_bg(""NewColor"")",C,"The widget.configure(bg=""NewColor"") method is used to change the background color of a widget in Tkinter.",medium,web:Examveda.com https://www.examveda.com/python-program/practice-mcq-question-on-gui-programming-with-python/?page=4,
Python Programming,gui programming with python,What is the purpose of the PhotoImage class in Tkinter?,Handling user input,Displaying images,Drawing graphics,Creating message boxes,B,The PhotoImage class is used for displaying images in Tkinter.,medium,web:Examveda.com https://www.examveda.com/python-program/practice-mcq-question-on-gui-programming-with-python/?page=4,
Python Programming,gui programming with python,How do you create a tooltip for a widget using the Label widget in Tkinter?,"Label(text=""Tooltip text"")","TooltipLabel(text=""Tooltip text"")","Label(tooltip=""Tooltip text"")","Label(widget, text=""Tooltip text"")",D,"You can create a tooltip for a widget using the Label(widget, text=""Tooltip text"") syntax in Tkinter. 

 
 
 
 



 
 
 
 
 
 
 
 
 
 
 
 
 
1
2
3
4
 
 
 
 
 
 
 
 
 
 

 
 

 -->
 
 
 


 

-->
 
 
 Copyright © 2026 Examveda.com
 
 
 
 
 
 
 
 
 
 About Us |
 Terms & Condition |
 Privacy Policy |
 Contact Us",medium,web:Examveda.com https://www.examveda.com/python-program/practice-mcq-question-on-gui-programming-with-python/?page=4,
